Date,Open,High,Low,Close,Volume,SMA_10,EMA_10,RSI,MACD,Returns,Volatility,Pair
2015-02-05,10.545000076293945,10.569999694824219,10.513799667358398,10.545999526977539,0,10.537099933624267,10.549160426425848,39.442800280083134,-0.02599112919003055,-0.001420352571439576,0.002183763144564937,EURMAD
2015-02-06,10.562999725341797,10.586000442504883,10.51099967956543,10.562000274658203,0,10.539400005340577,10.551494944286276,44.89101631912726,-0.023316231336476534,0.0015172338705053967,0.0016077185646097194,EURMAD
2015-02-09,10.513999938964844,10.552000045776367,10.501999855041504,10.513999938964844,0,10.539000034332275,10.544677670591469,34.78158752280598,-0.024783888214939154,-0.004544625491870957,0.002119054309264036,EURMAD
2015-02-10,10.534000396728516,10.54699993133545,10.480199813842773,10.534000396728516,0,10.540500068664551,10.542736348070932,40.767214907933024,-0.02405584625292967,0.0019022691534884562,0.0022067239714989983,EURMAD
2015-02-11,10.529999732971191,10.54800033569336,10.469799995422363,10.519000053405762,0,10.537400054931641,10.53842065813181,37.95375849550375,-0.024407910892451312,-0.001423993047068084,0.002014493942276972,EURMAD
2015-02-12,10.515999794006348,10.557999610900879,10.496000289916992,10.515999794006348,0,10.535200023651123,10.534344137381726,37.397831380769475,-0.024644929113199154,-0.00028522287139287616,0.001992680764140078,EURMAD
2015-02-13,10.562999725341797,10.567999839782715,10.509300231933594,10.53499984741211,0,10.535799980163574,10.534463357387251,43.083504868933126,-0.02303409948041235,0.0018067757491391223,0.0020727487293656457,EURMAD
2015-02-16,10.527999877929688,10.567000389099121,10.503999710083008,10.527999877929688,0,10.535499954223633,10.533288179304058,41.58500967964651,-0.02206795873559564,-0.0006644489400862152,0.002084323907220264,EURMAD
2015-02-17,10.550000190734863,10.567000389099121,10.508999824523926,10.529000282287598,0,10.53439998626709,10.532508561664702,41.89604815165396,-0.020979719813121633,9.502321138965542e-05,0.002062369992701738,EURMAD
2015-02-18,10.562999725341797,10.564000129699707,10.503999710083008,10.543000221252441,0,10.532600021362304,10.5344161361352,46.212311482441656,-0.01877122159674549,0.0013296551039507776,0.0019971889101030693,EURMAD
2015-02-19,10.538999557495117,10.569000244140625,10.484199523925781,10.538999557495117,0,10.531900024414062,10.535249485473365,45.17946927007529,-0.017146140939521715,-0.0003794616023301556,0.0019513088357354033,EURMAD
2015-02-20,10.52299976348877,10.555000305175781,10.503999710083008,10.52299976348877,0,10.527999973297119,10.533022263294347,41.212388063199114,-0.016953868824659324,-0.0015181511223205657,0.0019136129085466469,EURMAD
2015-02-23,10.53600025177002,10.548999786376953,10.477700233459473,10.53600025177002,0,10.530200004577637,10.533563715744469,45.40704568960629,-0.01557294580824653,0.0012354355766839298,0.0012800018996881287,EURMAD
2015-02-24,10.52299976348877,10.54800033569336,10.477499961853027,10.52299976348877,0,10.529099941253662,10.531642997152524,42.16688254494254,-0.015350632586390134,-0.0012339111589396712,0.0012010114552195833,EURMAD
2015-02-25,10.54699993133545,10.54699993133545,10.481800079345703,10.54699993133545,0,10.53189992904663,10.534435167003965,49.35216456950898,-0.013086976272820294,0.0022807344280242337,0.0013145625570708053,EURMAD
2015-02-26,10.515999794006348,10.515999794006348,10.482199668884277,10.515999794006348,0,10.53189992904663,10.531083281004397,42.07981052908949,-0.013637262466245303,-0.002939237463821298,0.0016607028581520859,EURMAD
2015-02-27,10.491000175476074,10.491000175476074,10.456999778747559,10.491000175476074,0,10.527499961853028,10.523795443635612,37.30564172570769,-0.015907259537968343,-0.0023772935545817164,0.001682202138580309,EURMAD
2015-03-02,10.493000030517578,10.529999732971191,10.458200454711914,10.493000030517578,0,10.523999977111817,10.51819627761415,37.91248714293075,-0.017344935365343872,0.00019062577524109336,0.0016899501065058336,EURMAD
2015-03-03,10.48900032043457,10.52400016784668,10.444600105285645,10.48799991607666,0,10.519899940490722,10.51270603006188,36.9494917817159,-0.01867252600754732,-0.0004765190533094765,0.0016835690918296793,EURMAD
2015-03-04,10.489999771118164,10.519000053405762,10.45300006866455,10.48900032043457,0,10.514499950408936,10.508395901038732,37.29268636843876,-0.019420064470661913,9.538561841293536e-05,0.0015860019354938778,EURMAD
2015-03-05,10.467000007629395,10.49899959564209,10.420999526977539,10.496999740600586,0,10.510299968719483,10.506323871868158,40.100341741663385,-0.019146301094098206,0.0007626484814220458,0.0016369309544655784,EURMAD
2015-03-06,10.45199966430664,10.48799991607666,10.398699760437012,10.461000442504883,0,10.504100036621093,10.498083248347562,32.950345903579375,-0.021585361532126868,-0.0034294845179869693,0.0018763326783358928,EURMAD
2015-03-09,10.395999908447266,10.460000038146973,10.381699562072754,10.395999908447266,0,10.490100002288818,10.479522641092963,24.46730695677131,-0.02843554708182161,-0.006213605898868768,0.0024594944375931622,EURMAD
2015-03-10,10.420999526977539,10.420999526977539,10.355899810791016,10.420999526977539,0,10.479899978637695,10.468882074890159,31.745505183489087,-0.031484178190059,0.0024047343930775344,0.0027302144259742454,EURMAD
2015-03-11,10.390999794006348,10.390999794006348,10.315600395202637,10.390999794006348,0,10.464299964904786,10.45472166018401,28.23013866235773,-0.035907053874383976,-0.002878776924759352,0.0025275957091461625,EURMAD
2015-03-12,10.347999572753906,10.371999740600586,10.33489990234375,10.347999572753906,0,10.44749994277954,10.435317644287627,24.109094622165145,-0.0423932897511925,-0.004138217890952589,0.0026305238300504043,EURMAD
2015-03-13,10.364999771118164,10.364999771118164,10.321000099182129,10.364999771118164,0,10.43489990234375,10.422532576438634,28.549932030514853,-0.045635842893412715,0.0016428487694393201,0.002801215522261809,EURMAD
2015-03-16,10.340999603271484,10.390000343322754,10.336000442504883,10.340999603271484,0,10.41969985961914,10.407708399499151,26.217488202754282,-0.04957078147530325,-0.002315501049363844,0.002774556639583482,EURMAD
2015-03-17,10.32800006866455,10.395999908447266,10.319999694824219,10.361000061035156,0,10.406999874114991,10.399215974323878,31.257610549147174,-0.050493323260873524,0.0019340932725058213,0.0029670263977690505,EURMAD
2015-03-18,10.369999885559082,10.394000053405762,10.306599617004395,10.369999885559082,0,10.39509983062744,10.393903958184824,33.46027053859116,-0.049922755201952995,0.000868625081643648,0.0030146239788503676,EURMAD
2015-03-19,10.413999557495117,10.413999557495117,10.347700119018555,10.413999557495117,0,10.386799812316895,10.397557703513968,43.06532373849239,-0.04539686331813719,0.004242977089836675,0.0034304310449316732,EURMAD
2015-03-20,10.373000144958496,10.432999610900879,10.351900100708008,10.373000144958496,0,10.377999782562256,10.393092692867517,37.61642056950427,-0.04460420186429914,-0.003936951630376551,0.0034772783705566894,EURMAD
2015-03-23,10.434000015258789,10.434000015258789,10.389599800109863,10.434000015258789,0,10.381799793243408,10.400530387847748,48.13167042792731,-0.03860877429828591,0.005880639106125907,0.0035033749437292454,EURMAD
2015-03-24,10.430000305175781,10.46500015258789,10.400699615478516,10.430000305175781,0,10.382699871063233,10.405888554634663,47.56552772920468,-0.033790581148650745,-0.0003833342991335087,0.0034337419244622937,EURMAD
2015-03-25,10.442999839782715,10.446999549865723,10.416999816894531,10.42199993133545,0,10.385799884796143,10.408817895852987,46.39012427120862,-0.030268772108149378,-0.0007670540370321444,0.0032928085475457283,EURMAD
2015-03-26,10.442999839782715,10.48799991607666,10.409000396728516,10.442999839782715,0,10.395299911499023,10.415032794749301,49.890438628619975,-0.025489370367141717,0.0020149595649223695,0.0029250988826226417,EURMAD
2015-03-27,10.41100025177002,10.446999549865723,10.38640022277832,10.41100025177002,0,10.399899959564209,10.414299605116705,45.0622242779078,-0.024007021376002413,-0.0030642141629451114,0.00316445601099318,EURMAD
2015-03-30,10.425000190734863,10.444999694824219,10.39799976348877,10.425000190734863,0,10.408300018310547,10.416245166138188,47.45797942179233,-0.021455248301691654,0.0013447256388705586,0.0030176463759056978,EURMAD
2015-03-31,10.435999870300293,10.435999870300293,10.37600040435791,10.401000022888184,0,10.41230001449585,10.413473321910914,43.92187524428021,-0.021126034942900773,-0.0023021743316617993,0.0031378045232603223,EURMAD
2015-04-01,10.395999908447266,10.430999755859375,10.37600040435791,10.37600040435791,0,10.412900066375732,10.406660064174003,40.533916146311775,-0.022621623277398584,-0.0024035783554715584,0.003250904870149645,EURMAD
2015-04-02,10.402999877929688,10.428999900817871,10.371299743652344,10.402999877929688,0,10.411800098419189,10.405994575765945,45.429679188230985,-0.021381780083288504,0.002602107991479752,0.003051770771589553,EURMAD
2015-04-03,10.42300033569336,10.42300033569336,10.42300033569336,10.42300033569336,0,10.416800117492675,10.409086532116383,48.7928649208344,-0.018571247843699012,0.0019225663749264932,0.0027843283028126955,EURMAD
2015-04-06,10.42300033569336,10.42300033569336,10.42300033569336,10.42300033569336,0,10.415700149536132,10.411616314584922,48.7928649208344,-0.016157625743236537,0.0,0.002039340006174358,EURMAD
2015-04-07,10.42300033569336,10.458999633789062,10.407999992370605,10.42300033569336,0,10.41500015258789,10.413686136604639,48.7928649208344,-0.014082478789958941,0.0,0.0020370991295997373,EURMAD
2015-04-08,10.411999702453613,10.423999786376953,10.380000114440918,10.411999702453613,0,10.414000129699707,10.413379512213544,46.81099994259883,-0.013173710708484165,-0.001055419062213292,0.002050136496737825,EURMAD
2015-04-09,10.378999710083008,10.406999588012695,10.354000091552734,10.404000282287598,0,10.410100173950195,10.411674197681553,45.367914432966884,-0.012949715550105267,-0.0007682885511541837,0.001916573133385747,EURMAD
2015-04-10,10.378999710083008,10.383000373840332,10.317500114440918,10.378999710083008,0,10.406900119781493,10.405733381754544,41.10314706858147,-0.014620993302166596,-0.002402976886414776,0.001822481976961995,EURMAD
2015-04-13,10.368000030517578,10.368000030517578,10.286999702453613,10.368000030517578,0,10.401200103759766,10.398872772438732,39.35043399570979,-0.016641245257838833,-0.0010598015100379277,0.001737068120929549,EURMAD
2015-04-14,10.345999717712402,10.383999824523926,10.30519962310791,10.345999717712402,0,10.395700073242187,10.389259489761217,36.04021567811122,-0.01978943062912819,-0.0021219437442533406,0.001717657502753701,EURMAD
2015-04-15,10.36400032043457,10.394000053405762,10.310400009155273,10.36400032043457,0,10.394500064849854,10.384666913520007,40.453919301832734,-0.020594491536158444,0.0017398611263588215,0.0017148953289096735,EURMAD
2015-04-16,10.378000259399414,10.418000221252441,10.352399826049805,10.378000259399414,0,10.392000102996827,10.38345479458899,43.70756309616113,-0.019873737952892156,0.0013508238645303372,0.001530385371679504,EURMAD
2015-04-17,10.402999877929688,10.460000038146973,10.402999877929688,10.428999900817871,0,10.392600059509277,10.391735722994241,53.64433465930041,-0.015014216166775896,0.004914206990143999,0.002162046216511275,EURMAD
2015-04-20,10.423999786376953,10.444999694824219,10.356800079345703,10.420999526977539,0,10.392399978637695,10.397056414627567,52.09092789579549,-0.011674002809741069,-0.0007671276168776942,0.002177948663124197,EURMAD
2015-04-21,10.407999992370605,10.420999526977539,10.34689998626709,10.407999992370605,0,10.39089994430542,10.399046156035393,49.578702000857305,-0.009960989375468188,-0.001247436445350636,0.0022123153402924998,EURMAD
2015-04-22,10.39900016784668,10.444999694824219,10.365400314331055,10.39900016784668,0,10.389599990844726,10.399037794546535,47.857860794200676,-0.009223304004365218,-0.0008647025874829462,0.002204372106397018,EURMAD
2015-04-23,10.378999710083008,10.446000099182129,10.347399711608887,10.378999710083008,0,10.387099933624267,10.395394506462257,44.187290122676224,-0.010135714614941449,-0.0019233058410280668,0.0022712015604791514,EURMAD
2015-04-24,10.428000450134277,10.484000205993652,10.376999855041504,10.428000450134277,0,10.392000007629395,10.401322859857169,53.58075412684323,-0.006826168569395108,0.0047211428287898816,0.002608943945880351,EURMAD
2015-04-27,10.449000358581543,10.487000465393066,10.392499923706055,10.449000358581543,0,10.400100040435792,10.409991495988873,56.92656664824958,-0.0024802219217416877,0.0020138001093963354,0.002589122024361191,EURMAD
2015-04-28,10.454999923706055,10.519000053405762,10.434000015258789,10.454999923706055,0,10.411000061035157,10.418174846482906,57.861055718677946,0.0014315844579684267,0.0005741759899151599,0.0023855559654381926,EURMAD
2015-04-29,10.484000205993652,10.590999603271484,10.454899787902832,10.484000205993652,0,10.423000049591064,10.430143093666677,62.13713143430271,0.006793488505380196,0.0027738194642967784,0.0024404978589508573,EURMAD
2015-04-30,10.536999702453613,10.621999740600586,10.531999588012695,10.536999702453613,0,10.438899993896484,10.449571567991573,68.44017759632706,0.015144871866905163,0.005055274267322218,0.0027367697055146844,EURMAD
2015-05-01,10.586000442504883,10.586000442504883,10.586000442504883,10.586000442504883,0,10.454600048065185,10.474376817903082,72.9274436445296,0.02542427830105609,0.0046503503307360194,0.002701507734533713,EURMAD
2015-05-04,10.586000442504883,10.593999862670898,10.508500099182129,10.586000442504883,0,10.47110013961792,10.494672022376136,72.9274436445296,0.03318820894546448,0.0,0.002640217366122116,EURMAD
2015-05-05,10.557999610900879,10.60099983215332,10.503999710083008,10.557999610900879,0,10.486100101470948,10.506186129380634,66.64732763553567,0.03665916281018866,-0.002645081280327033,0.0028359830489094453,EURMAD
2015-05-06,10.569000244140625,10.657999992370605,10.567999839782715,10.569000244140625,0,10.503100109100341,10.517606877518814,67.81978499378751,0.039838346263953994,0.0010419240050347778,0.00272611783052326,EURMAD
2015-05-07,10.628000259399414,10.668999671936035,10.572999954223633,10.628000259399414,0,10.528000164031983,10.537678401497104,73.2509594197179,0.04658171518696186,0.005582364830722497,0.0026729936429585707,EURMAD
2015-05-08,10.579999923706055,10.618000030517578,10.555000305175781,10.579999923706055,0,10.54320011138916,10.545373223716911,63.8146526151853,0.047505049072050554,-0.004516403323466922,0.0032963062507285566,EURMAD
2015-05-11,10.588000297546387,10.58899974822998,10.507699966430664,10.588000297546387,0,10.557100105285645,10.553123600776814,64.63244757794705,0.04832529719068113,0.0007561790073746799,0.0032965246376078744,EURMAD
2015-05-12,10.564000129699707,10.62399959564209,10.529999732971191,10.562999725341797,0,10.567900085449219,10.55491925978863,60.064179468540495,0.04642287845031845,-0.0023612175578029415,0.0034957077132742632,EURMAD
2015-05-13,10.579999923706055,10.65999984741211,10.53380012512207,10.579999923706055,0,10.577500057220458,10.559479380500889,62.0295113169289,0.04575948496541393,0.001609410092425989,0.0034504048399720587,EURMAD
2015-05-14,10.628000259399414,10.6850004196167,10.605999946594238,10.626999855041504,0,10.586500072479248,10.571755830417365,66.88200748960642,0.04846753889470712,0.004442337587369893,0.0033733120451147733,EURMAD
2015-05-15,10.625,10.689000129699707,10.583399772644043,10.64900016784668,0,10.592800045013428,10.585800255404513,68.88641224215746,0.05179190765117703,0.002070228014046549,0.003141559930389337,EURMAD
2015-05-18,10.656000137329102,10.682000160217285,10.604999542236328,10.656000137329102,0,10.59980001449585,10.598563870299891,69.51854612888991,0.05436465102135557,0.0006573358411203767,0.0031345269157125304,EURMAD
2015-05-19,10.630999565124512,10.630999565124512,10.520000457763672,10.619999885559082,0,10.60600004196167,10.602461327619743,62.48711790525526,0.052888978010395604,-0.0033784019619056416,0.0032277291807781914,EURMAD
2015-05-20,10.534000396728516,10.579999923706055,10.50100040435791,10.545999526977539,0,10.603699970245362,10.592195545684795,51.055700653832844,0.04522693803792066,-0.006968018773914286,0.004003798655364454,EURMAD
2015-05-21,10.531000137329102,10.592000007629395,10.510000228881836,10.51099967956543,0,10.591999912261963,10.57743266093582,46.70380148308859,0.03591649794640617,-0.0033187795355553718,0.0035347890537344817,EURMAD
2015-05-22,10.531999588012695,10.604000091552734,10.472999572753906,10.531999588012695,0,10.587199878692626,10.569172102222524,49.48596455884476,0.029887895153162702,0.0019978983053430266,0.0034342022091743726,EURMAD
2015-05-25,10.515000343322754,10.555999755859375,10.4399995803833,10.515000343322754,0,10.579899883270263,10.559322691513474,47.33200209020124,0.023467962959221822,-0.0016140567180888965,0.0034235356385950346,EURMAD
2015-05-26,10.47599983215332,10.49899959564209,10.41510009765625,10.47599983215332,0,10.571199893951416,10.544173080720718,42.73604679586741,0.015059508492228701,-0.0037090356534510427,0.003521918916766796,EURMAD
2015-05-27,10.444000244140625,10.496999740600586,10.41100025177002,10.444000244140625,0,10.557599925994873,10.525959837706154,39.3590954712774,0.005747396022862006,-0.003054561714909587,0.0034727646221759403,EURMAD
2015-05-28,10.45199966430664,10.503000259399414,10.413999557495117,10.45199966430664,0,10.540099906921387,10.512512533451696,40.62224006897099,-0.0009757855968484108,0.0007659345058426137,0.002954746980445367,EURMAD
2015-05-29,10.470000267028809,10.520000457763672,10.45359992980957,10.470000267028809,0,10.5221999168396,10.504783030465717,43.47547505872579,-0.004796170003722011,0.0017222161596157637,0.0029076684056383436,EURMAD
2015-06-01,10.503999710083008,10.515000343322754,10.414999961853027,10.503999710083008,0,10.50699987411499,10.504640608577951,48.5083905440591,-0.005022485178530545,0.003247320170684853,0.003236714525476436,EURMAD
2015-06-02,10.461000442504883,10.57699966430664,10.451000213623047,10.461000442504883,0,10.49109992980957,10.496706032928302,43.26197164755054,-0.008572702342478422,-0.0040936089837140255,0.0032919585862246797,EURMAD
2015-06-03,10.538000106811523,10.630000114440918,10.508000373840332,10.538000106811523,0,10.49029998779297,10.504214046361614,53.053710602027195,-0.005114093539429376,0.007360640574469057,0.0037369678371107803,EURMAD
2015-06-04,10.607000350952148,10.663000106811523,10.560999870300293,10.605999946594238,0,10.49980001449585,10.522720573676636,59.672657953657776,0.003078411614167109,0.006452822081370213,0.004056829963226911,EURMAD
2015-06-05,10.569999694824219,10.630000114440918,10.489999771118164,10.548999786376953,0,10.501500034332276,10.52749861234942,52.93535116422892,0.004914938066299612,-0.005374331558014811,0.004484034947027209,EURMAD
2015-06-08,10.532999992370605,10.61400032043457,10.512999534606934,10.532999992370605,0,10.503299999237061,10.528498863262362,51.188303804693454,0.005021464533232489,-0.001516711947137428,0.004479834457135915,EURMAD
2015-06-09,10.595999717712402,10.64900016784668,10.553000450134277,10.597000122070312,0,10.51540002822876,10.54095363759108,57.26409611429482,0.010153124225155352,0.006076153968106457,0.0046029453454615775,EURMAD
2015-06-10,10.600000381469727,10.666000366210938,10.571000099182129,10.600000381469727,0,10.53100004196167,10.551689409205379,57.53097483482236,0.014297287135587311,0.00028312346558956314,0.004379063199865846,EURMAD
2015-06-11,10.607999801635742,10.631999969482422,10.550999641418457,10.607000350952148,0,10.546500110626221,10.561745944068427,58.18705042922351,0.017939608495515458,0.0006603744557083235,0.004381135587863815,EURMAD
2015-06-12,10.581999778747559,10.633000373840332,10.531000137329102,10.581999778747559,0,10.557700061798096,10.565428459464632,54.9235854518035,0.0185944914535483,-0.002356987968077706,0.0045431712191610785,EURMAD
2015-06-15,10.59000015258789,10.619999885559082,10.552000045776367,10.59000015258789,0,10.566300106048583,10.569896040032498,55.77832310542959,0.01953387981586907,0.000756036099754942,0.004478593189535593,EURMAD
2015-06-16,10.579999923706055,10.640000343322754,10.555000305175781,10.579999923706055,0,10.5782000541687,10.571733109791325,54.390011465964555,0.019249520475934645,-0.0009443086626766961,0.004196131424793359,EURMAD
2015-06-17,10.581999778747559,10.630999565124512,10.545599937438965,10.581999778747559,0,10.582600021362305,10.573599776874275,54.633194332068804,0.018966896660483457,0.00018902221700622945,0.003582796459710749,EURMAD
2015-06-18,10.642999649047852,10.699000358581543,10.607999801635742,10.642999649047852,0,10.586299991607666,10.586217935451288,61.39458874816484,0.023395407294435344,0.005764493628397371,0.0034585262213355393,EURMAD
2015-06-19,10.651000022888184,10.656999588012695,10.581399917602539,10.64799976348877,0,10.596199989318848,10.597450995094466,61.895897768709695,0.026997293332909678,0.00046980311996591695,0.002817416770279822,EURMAD
2015-06-22,10.621999740600586,10.677000045776367,10.597000122070312,10.621999740600586,0,10.605099964141846,10.601914403368305,57.70011960181343,0.027437546456500428,-0.002441775306695204,0.002920281877335033,EURMAD
2015-06-23,10.638999938964844,10.638999938964844,10.531999588012695,10.600000381469727,0,10.605399990081787,10.601566399386744,54.34337541941234,0.025714860893813807,-0.0020711127535403273,0.0023866069189730542,EURMAD
2015-06-24,10.54699993133545,10.607999801635742,10.51669979095459,10.54699993133545,0,10.60009994506836,10.591645223377418,47.21663734058514,0.019844175489044602,-0.0050000422855578375,0.0028619779941264885,EURMAD
2015-06-25,10.569000244140625,10.605999946594238,10.522000312805176,10.569000244140625,0,10.596299934387208,10.587527954425273,50.13966777191585,0.01677350190009186,0.0020859308759273443,0.0029598862552004754,EURMAD
2015-06-26,10.559000015258789,10.595999717712402,10.520099639892578,10.559000015258789,0,10.59399995803833,10.582341056395004,48.8163404792951,0.013378813429282488,-0.000946184941889805,0.002886569441949621,EURMAD
2015-06-29,10.543999671936035,10.581000328063965,10.484999656677246,10.543999671936035,0,10.589399909973144,10.575369895584283,46.82018270662732,0.009370083525501727,-0.0014206215835852465,0.00288737752248466,EURMAD
2015-06-30,10.564000129699707,10.604999542236328,10.520000457763672,10.565999984741211,0,10.58799991607666,10.573666275430996,50.04650580082387,0.007877569852862365,0.0020865244204939515,0.0029849864342095275,EURMAD
2015-07-01,10.536999702453613,10.576000213623047,10.493000030517578,10.536999702453613,0,10.583499908447266,10.566999625798744,46.07812056125173,0.004305035825968417,-0.00274467938003764,0.003092550520107822,EURMAD
2015-07-02,10.503999710083008,10.5649995803833,10.468000411987305,10.505000114440918,0,10.569699954986572,10.555726987370047,42.1102731018005,-0.0010956919947027188,-0.0030368785153561673,0.002282722574930828,EURMAD
2015-07-03,10.531999588012695,10.569000244140625,10.49899959564209,10.513999938964844,0,10.55629997253418,10.548140251296372,43.58175235098068,-0.004596610217026509,0.0008567181747627384,0.002319078700043029,EURMAD
2015-07-06,10.538999557495117,10.553000450134277,10.462699890136719,10.538999557495117,0,10.547999954223632,10.54647830696887,47.5685870223822,-0.005292840278061206,0.00237774573667493,0.0025374510146398714,EURMAD
2015-07-07,10.51200008392334,10.520999908447266,10.442700386047363,10.513999938964844,0,10.539399909973145,10.540573149149957,44.20455342570566,-0.007772273966153875,-0.002372105472999486,0.002556167451946725,EURMAD
2015-07-08,10.49899959564209,10.553000450134277,10.461000442504883,10.49899959564209,0,10.534599876403808,10.533014321239435,42.27279192798475,-0.010822885878967625,-0.0014267018651162866,0.002117719777499489,EURMAD
2015-07-09,10.505000114440918,10.553000450134277,10.477999687194824,10.53499984741211,0,10.531199836730957,10.533375325998103,48.131225473072725,-0.010217813750612592,0.00342892210272705,0.002328761568748808,EURMAD
2015-07-10,10.498000144958496,10.602999687194824,10.498000144958496,10.50100040435791,0,10.525399875640868,10.527488976608977,43.628060955679786,-0.01233951835237157,-0.0032272846271137468,0.0025022052091746277,EURMAD
2015-07-13,10.553000450134277,10.555000305175781,10.470000267028809,10.553000450134277,0,10.526299953460693,10.53212742634085,51.155138394133814,-0.009713049435950083,0.00495191351052493,0.0030142964743424994,EURMAD
2015-07-14,10.5,10.54699993133545,10.449199676513672,10.487000465393066,0,10.51840000152588,10.523922524350343,43.25976984200614,-0.012809540669550756,-0.006254144027859954,0.0035129840019142667,EURMAD
2015-07-15,10.479000091552734,10.538000106811523,10.45300006866455,10.494000434875488,0,10.514100074768066,10.518482144445825,44.24269825076544,-0.014531186769421112,0.0006674901470178352,0.003462485262201785,EURMAD
2015-07-16,10.45300006866455,10.494000434875488,10.425999641418457,10.454000473022461,0,10.509000110626221,10.506758204187031,39.980557798977756,-0.018905337374182096,-0.003811698131829022,0.0035358550734108187,EURMAD
2015-07-17,10.449000358581543,10.48799991607666,10.385299682617188,10.447999954223633,0,10.502400112152099,10.496074886011868,39.36786618771342,-0.022595606870419616,-0.0005739925891827813,0.0035045232531533154,EURMAD
2015-07-20,10.428000450134277,10.473999977111816,10.379599571228027,10.428000450134277,0,10.491300201416015,10.483697715852305,37.31530912998002,-0.026824745897444657,-0.001914194503922273,0.0033557135795918187,EURMAD
2015-07-21,10.432999610900879,10.501999855041504,10.402700424194336,10.432999610900879,0,10.483200168609619,10.47447987858841,38.18291886684969,-0.029433685348664085,0.0004793978280406286,0.0033523365541722775,EURMAD
2015-07-22,10.473999977111816,10.503999710083008,10.4350004196167,10.473999977111816,0,10.480700206756591,10.474392623774483,44.91668893067209,-0.027871615131525473,0.003929873261770078,0.0036501231588260265,EURMAD
2015-07-23,10.46500015258789,10.531999588012695,10.439499855041504,10.46500015258789,0,10.47370023727417,10.472684901740555,43.78911014371708,-0.027048080420502885,-0.0008592538231423363,0.003416620410339064,EURMAD
2015-07-24,10.501999855041504,10.515000343322754,10.424500465393066,10.501999855041504,0,10.47380018234253,10.478014893249817,49.41171999723128,-0.023143077469178763,0.0035355663558651607,0.0035200055659771207,EURMAD
2015-07-27,10.496000289916992,10.569000244140625,10.467399597167969,10.496000289916992,0,10.4681001663208,10.48128496537112,48.56345165491199,-0.020298461235546128,-0.0005712783476788941,0.003062951615582352,EURMAD
2015-07-28,10.538999557495117,10.553999900817871,10.489999771118164,10.538000106811523,0,10.473200130462647,10.491596809269375,54.45772554284165,-0.014488039063929037,0.004001506834453661,0.0026211555183567993,EURMAD
2015-07-29,10.527999877929688,10.550999641418457,10.48799991607666,10.527999877929688,0,10.476600074768067,10.498215549025796,52.903235463767146,-0.010568347198516292,-0.0009489683792441861,0.0026584577516124523,EURMAD
2015-07-30,10.479000091552734,10.503000259399414,10.4350004196167,10.5,0,10.481200027465821,10.49853999465747,48.7106381094106,-0.009610535033985457,-0.0026595629040977453,0.00247802057188308,EURMAD
2015-07-31,10.482999801635742,10.562000274658203,10.454000473022461,10.482999801635742,0,10.484700012207032,10.495714505017155,46.31088513591846,-0.010106731811243108,-0.0016190665108817281,0.002546710742194364,EURMAD
2015-08-03,10.458999633789062,10.50100040435791,10.444700241088867,10.458999633789062,0,10.48779993057251,10.489039073884774,43.08386033990627,-0.012294856843173108,-0.002289437021923302,0.0025860337748373134,EURMAD
2015-08-04,10.487000465393066,10.505000114440918,10.449999809265137,10.487000465393066,0,10.493200016021728,10.488668417795372,47.66576875370974,-0.011635402915811,0.0026771997881656073,0.0026941198422871333,EURMAD
2015-08-05,10.458999633789062,10.491000175476074,10.409700393676758,10.461999893188477,0,10.492000007629395,10.483819595139572,44.24123162837242,-0.012980487189432566,-0.002383958338429637,0.00254164223682555,EURMAD
2015-08-06,10.470000267028809,10.496000289916992,10.431099891662598,10.470000267028809,0,10.492500019073486,10.481306990028523,45.588430002475484,-0.013248195904413507,0.0007647078877854874,0.0025404531136504686,EURMAD
2015-08-07,10.479000091552734,10.505999565124512,10.424500465393066,10.479000091552734,0,10.49020004272461,10.480887553942017,47.13578031802952,-0.012589027888266102,0.0008595820720527225,0.0022577980953911603,EURMAD
2015-08-10,10.491000175476074,10.543999671936035,10.439000129699707,10.479000091552734,0,10.488500022888184,10.480544378962147,47.13578031802952,-0.011929121005094245,0.0,0.0022550616465768455,EURMAD
2015-08-11,10.501999855041504,10.555999755859375,10.476699829101562,10.501999855041504,0,10.484899997711182,10.484445374612939,51.24513863595562,-0.009441416576096984,0.0021948433331258066,0.0019341721129442883,EURMAD
2015-08-12,10.52400016784668,10.605999946594238,10.513999938964844,10.52400016784668,0,10.48450002670288,10.491637155200891,54.85978625488317,-0.00562975520053044,0.0020948688924817827,0.002062988185091742,EURMAD
2015-08-13,10.557000160217285,10.574000358581543,10.509499549865723,10.557000160217285,0,10.49020004272461,10.503521337931144,59.68765812274144,5.3223960323478536e-05,0.0031356890768043932,0.0020581078330204525,EURMAD
2015-08-14,10.565999984741211,10.57699966430664,10.512999534606934,10.565999984741211,0,10.498500061035156,10.51488109189661,60.91538797300267,0.005223028689849585,0.000852498284298564,0.0019128360447607678,EURMAD
2015-08-17,10.550000190734863,10.569999694824219,10.470199584960938,10.550000190734863,0,10.507600116729737,10.521266382594474,57.55921247267535,0.007937586962448506,-0.001514271628757724,0.0017856276074178583,EURMAD
2015-08-18,10.519000053405762,10.560999870300293,10.472700119018555,10.519000053405762,0,10.510800075531005,10.52085432274198,51.624405215712805,0.007500975372421337,-0.0029384015894451387,0.002020986749748785,EURMAD
2015-08-19,10.519000053405762,10.552000045776367,10.462800025939941,10.519000053405762,0,10.516500091552734,10.520517182862669,51.624405215712805,0.007073419564024519,0.0,0.0017964864282579889,EURMAD
2015-08-20,10.550999641418457,10.605999946594238,10.531000137329102,10.553000450134277,0,10.524800109863282,10.526423231457507,57.233413676754154,0.009370113532209956,0.003232284110266548,0.0019891606597739623,EURMAD
2015-08-21,10.597000122070312,10.656999588012695,10.545000076293945,10.595999717712402,0,10.536500072479248,10.53907350168567,63.065845789459324,0.014492876721126535,0.004074601131811573,0.0022447464289629985,EURMAD
2015-08-24,10.649999618530273,10.772000312805176,10.545000076293945,10.649999618530273,0,10.553600025177001,10.559241886566506,68.8172747760616,0.02264896103157632,0.005096253516089222,0.002524946338173825,EURMAD
2015-08-25,10.72599983215332,10.732999801635742,10.64799976348877,10.72599983215332,0,10.576000022888184,10.589561513036836,74.77172527929761,0.03484364286260977,0.007136170548852627,0.003073293112942441,EURMAD
2015-08-26,10.711999893188477,10.717000007629395,10.619000434875488,10.722999572753906,0,10.595899963378907,10.61382297843994,74.16960636318566,0.04376146528112912,-0.0002797183895547617,0.0031655424616306555,EURMAD
2015-08-27,10.633999824523926,10.64799976348877,10.575599670410156,10.633999824523926,0,10.60359992980957,10.617491495909755,58.99340752058738,0.04314996201483012,-0.008299892919526042,0.004461576049717296,EURMAD
2015-08-28,10.600000381469727,10.640999794006348,10.579999923706055,10.600000381469727,0,10.606999969482422,10.614311293284295,54.41296795525627,0.039466920271783223,-0.0031972393845437486,0.004630422635148111,EURMAD
2015-08-31,10.579000473022461,10.616000175476074,10.535699844360352,10.579000473022461,0,10.609899997711182,10.607891144145778,51.74078043060214,0.0344563744115316,-0.0019811233671251927,0.004653390591928627,EURMAD
2015-09-01,10.593999862670898,10.64900016784668,10.586000442504883,10.593999862670898,0,10.617399978637696,10.60536545660489,53.49741911712882,0.03133460034013602,0.0014178456354820845,0.004520175574214675,EURMAD
2015-09-02,10.616000175476074,10.63599967956543,10.567500114440918,10.619000434875488,0,10.627400016784668,10.60784454356318,56.349441923997375,0.030526024131404483,0.0023598803595119566,0.00453997278090406,EURMAD
2015-09-03,10.586000442504883,10.616000175476074,10.53499984741211,10.588000297546387,0,10.630900001525879,10.604236498832853,52.08386757883734,0.0270717039059285,-0.002919308415064159,0.0046134267523218215,EURMAD
2015-09-04,10.555999755859375,10.586000442504883,10.519399642944336,10.553000450134277,0,10.626600074768067,10.59492085361493,47.694116249489014,0.021264807594906898,-0.0033056145096841405,0.004539467455136271,EURMAD
2015-09-07,10.564000129699707,10.59000015258789,10.528800010681152,10.564000129699707,0,10.61800012588501,10.58929890381216,49.14479311281987,0.01735037828414221,0.0010423272146538043,0.004159474494218456,EURMAD
2015-09-08,10.571000099182129,10.598999977111816,10.530400276184082,10.560999870300293,0,10.601500129699707,10.58415362499182,48.747658849478285,0.013846455672231528,-0.0002840078911944266,0.0031171391559741673,EURMAD
2015-09-09,10.59000015258789,10.600000381469727,10.528400421142578,10.59000015258789,0,10.588200187683105,10.585216630009288,52.72438037705435,0.013256835624050112,0.002745978850842823,0.003388594940622205,EURMAD
2015-09-10,10.595000267028809,10.630000114440918,10.564000129699707,10.595000267028809,0,10.584300231933593,10.586995473103745,53.395807470979825,0.013042677073052289,0.00047215433133840357,0.0023279651985877972,EURMAD
2015-09-11,10.619000434875488,10.638999938964844,10.572999954223633,10.619999885559082,0,10.58630018234253,10.59299627536835,56.706525505685995,0.014720526101630327,0.0023595675224352686,0.00223824542877702,EURMAD
2015-09-14,10.63700008392334,10.64799976348877,10.590999603271484,10.63700008392334,0,10.592100143432617,10.600996967832893,58.8474401485363,0.01722346608069536,0.001600771991285388,0.002136343474489435,EURMAD
2015-09-15,10.626999855041504,10.645000457763672,10.57040023803711,10.628000259399414,0,10.595500183105468,10.605906657208623,57.233845032267844,0.01827024540619604,-0.0008460867211543821,0.00215391949918429,EURMAD
2015-09-16,10.614999771118164,10.63599967956543,10.55679988861084,10.614999771118164,0,10.595100116729736,10.60755995064672,54.89237128490427,0.017845087745262944,-0.0012232299552074055,0.002073893070802962,EURMAD
2015-09-17,10.621000289916992,10.651000022888184,10.595000267028809,10.621000289916992,0,10.598400115966797,10.61000364869586,55.79136629756795,0.017787298054747325,0.0005652867572503162,0.0018117318721731046,EURMAD
2015-09-18,10.682000160217285,10.694000244140625,10.631999969482422,10.66100025177002,0,10.60920009613037,10.619275758345708,61.32480671599831,0.02073019712817903,0.0037661200227063762,0.0016115592752275975,EURMAD
2015-09-21,10.623000144958496,10.64900016784668,10.569999694824219,10.623000144958496,0,10.61510009765625,10.619952919548034,54.363290992442934,0.01976829817079384,-0.0035644035188174827,0.0021671061103129908,EURMAD
2015-09-22,10.583999633789062,10.602999687194824,10.544300079345703,10.583999633789062,0,10.617400074005127,10.613415958500948,48.3027717048747,0.015678241992137742,-0.0036713273686570513,0.0025452834713567607,EURMAD
2015-09-23,10.557999610900879,10.595999717712402,10.534000396728516,10.53499984741211,0,10.611900043487548,10.599158483757522,41.97180138148472,0.008386297731018288,-0.00462960960623271,0.002789096883981333,EURMAD
2015-09-24,10.583000183105469,10.63700008392334,10.557999610900879,10.583000183105469,0,10.610700035095215,10.596220610911693,49.020779858992775,0.00640675225147902,0.004556273031665059,0.003216344391884261,EURMAD
2015-09-25,10.581000328063965,10.600000381469727,10.535799980163574,10.581000328063965,0,10.606800079345703,10.59345328675756,48.755046792526535,0.00462328228839759,-0.0001889686295853954,0.0030978239792326724,EURMAD
2015-09-28,10.590999603271484,10.604999542236328,10.553999900817871,10.590999603271484,0,10.602200031280518,10.593007162487364,50.20841619117015,0.003970952763639346,0.0009450217273878625,0.0030583122006814963,EURMAD
2015-09-29,10.598999977111816,10.618000030517578,10.54539966583252,10.598999977111816,0,10.599300003051757,10.594096765146356,51.39615776006568,0.004052821815395902,0.0007553936493265301,0.003075930044257432,EURMAD
2015-09-30,10.607999801635742,10.62399959564209,10.553500175476074,10.607999801635742,0,10.598600006103515,10.596624589962607,52.76128317322096,0.004788712951125262,0.0008491201569356122,0.0030743030759079583,EURMAD
2015-10-01,10.57699966430664,10.602999687194824,10.527899742126465,10.576000213623047,0,10.594099998474121,10.592874703355413,47.637977240117905,0.0027580199202574818,-0.0030165524708777314,0.0031992546171559794,EURMAD
2015-10-02,10.583999633789062,10.640999794006348,10.520299911499023,10.583999633789062,0,10.586399936676026,10.591261054343349,48.97193729944337,0.001773721064070699,0.0007563748113121882,0.0028881388365540684,EURMAD
2015-10-05,10.595000267028809,10.630999565124512,10.574000358581543,10.595000267028809,0,10.583599948883057,10.59194091119525,50.827157998886584,0.0018598767934339122,0.001039364476603577,0.002748037036000029,EURMAD
2015-10-06,10.585000038146973,10.630000114440918,10.554200172424316,10.585000038146973,0,10.583699989318848,10.590678934277381,49.08024933400666,0.0011084434877606242,-0.0009438630136665571,0.0024956552129373234,EURMAD
2015-10-07,10.628999710083008,10.628999710083008,10.56760025024414,10.61299991607666,0,10.591499996185302,10.594737294604522,53.86177145586678,0.0027406903510662772,0.0026452411741879622,0.0020041072339540113,EURMAD
2015-10-08,10.60200023651123,10.640999794006348,10.582300186157227,10.60200023651123,0,10.593400001525879,10.596057829496651,51.80375099884873,0.0031108159868864504,-0.0010364345286356658,0.0015495179010574782,EURMAD
2015-10-09,10.619000434875488,10.666999816894531,10.608400344848633,10.619999885559082,0,10.597299957275391,10.600410930598912,54.84428893970183,0.004801219004670898,0.001697759728948478,0.0016130978258125145,EURMAD
2015-10-12,10.621999740600586,10.675000190734863,10.611200332641602,10.647000312805176,0,10.60290002822876,10.608881727363686,59.02061070731565,0.008224774323084105,0.0025424131390818783,0.0017497639074837998,EURMAD
2015-10-13,10.645999908447266,10.680000305175781,10.614999771118164,10.645999908447266,0,10.607600021362305,10.6156304875607,58.803603166024,0.010733513050292132,-9.396114666282429e-05,0.0017581413418036413,EURMAD
2015-10-14,10.656999588012695,10.694000244140625,10.604399681091309,10.656000137329102,0,10.61240005493164,10.622970423882228,60.3721263614577,0.013374468909187698,0.000939341439774033,0.001760681222776874,EURMAD
2015-10-15,10.687999725341797,10.694999694824219,10.63010025024414,10.687999725341797,0,10.623600006103516,10.634793933238512,64.96844621394263,0.0178438519573767,0.0030029643018301133,0.0014430458371020639,EURMAD
2015-10-16,10.64799976348877,10.670999526977539,10.581500053405762,10.651000022888184,0,10.630300045013428,10.637740494992999,56.76941696721117,0.01819061338678374,-0.003461798596970822,0.0020350744152110105,EURMAD
2015-10-19,10.651000022888184,10.663000106811523,10.614999771118164,10.651000022888184,0,10.635900020599365,10.64015131824667,56.76941696721117,0.018254992131913284,0.0,0.002038558679825059,EURMAD
2015-10-20,10.640000343322754,10.670000076293945,10.613200187683105,10.640000343322754,0,10.641400051116943,10.640123868260503,54.40225473049908,0.017219929905561315,-0.0010327367892021266,0.0020458746963157677,EURMAD
2015-10-21,10.659000396728516,10.668000221252441,10.62399959564209,10.659000396728516,0,10.646000099182128,10.643555964345595,57.684510569553034,0.017728418975337945,0.0017857192474326489,0.001963059579710209,EURMAD
2015-10-22,10.626999855041504,10.647000312805176,10.550999641418457,10.626999855041504,0,10.648500061035156,10.640545762653941,51.02287081023948,0.015372024818789853,-0.003002208508861015,0.0022096413750505133,EURMAD
2015-10-23,10.54699993133545,10.57800006866455,10.505000114440918,10.543000221252441,0,10.640800094604492,10.62281020967185,38.46551436659962,0.0066498418033482665,-0.007904360114318831,0.003314695887108116,EURMAD
2015-10-26,10.515999794006348,10.543000221252441,10.503999710083008,10.515999794006348,0,10.627700042724609,10.603390134096305,35.44573479931337,-0.0024134392774222135,-0.002560981379063909,0.0031446807383525804,EURMAD
2015-10-27,10.536999702453613,10.5600004196167,10.50059986114502,10.53499984741211,0,10.616600036621094,10.59095553651736,39.07065992898795,-0.007971123165573246,0.0018067757491391223,0.0032758704938508124,EURMAD
2015-10-28,10.517000198364258,10.5600004196167,10.500300407409668,10.527000427246094,0,10.603700065612793,10.579327334831675,38.10060932526553,-0.012872725277333075,-0.000759318489024996,0.003204946229120093,EURMAD
2015-10-29,10.487000465393066,10.517000198364258,10.442000389099121,10.487000465393066,0,10.58360013961792,10.56254063129738,33.60733010439674,-0.019757194255991095,-0.0037997492381114384,0.0029200431129482573,EURMAD
2015-10-30,10.506999969482422,10.552000045776367,10.479999542236328,10.51200008392334,0,10.569700145721436,10.553351440865736,38.489774368292984,-0.02293158420829755,0.002383867399717632,0.0031473371781743508,EURMAD
2015-11-02,10.489999771118164,10.543000221252441,10.479599952697754,10.489999771118164,0,10.553600120544434,10.541832955457085,35.98203153569217,-0.026912323976375774,-0.002092876011181022,0.003120140359075431,EURMAD
2015-11-03,10.520999908447266,10.536999702453613,10.46030044555664,10.517000198364258,0,10.541300106048585,10.537317908712934,41.05767770726043,-0.0275705637981023,0.002573920670659424,0.003380040086637285,EURMAD
2015-11-04,10.496000289916992,10.50100040435791,10.444700241088867,10.489999771118164,0,10.52440004348755,10.528714610968429,37.8278058942213,-0.029925964535060245,-0.0025673126116602107,0.0032362052972720805,EURMAD
2015-11-05,10.470999717712402,10.48799991607666,10.413299560546875,10.463000297546387,0,10.508000087738036,10.516766553982603,34.87349796658815,-0.033584131499541314,-0.002573829757948509,0.0032182528984459977,EURMAD
2015-11-06,10.480999946594238,10.484000205993652,10.390999794006348,10.465999603271484,0,10.500300025939941,10.507536199307852,35.47635402681988,-0.03582823072726704,0.00028665828536778015,0.0023449817825001965,EURMAD
2015-11-09,10.461999893188477,10.461999893188477,10.365500450134277,10.406000137329102,0,10.489300060272218,10.489075097129897,29.577941360193293,-0.04196441138567941,-0.005732798415511886,0.0027920145630098473,EURMAD
2015-11-10,10.406000137329102,10.420999526977539,10.365799903869629,10.418000221252441,0,10.47760009765625,10.476152392424904,32.012643895348376,-0.0453364617721963,0.0011531889068780998,0.002724611614421908,EURMAD
2015-11-11,10.413000106811523,10.425999641418457,10.36050033569336,10.409000396728516,0,10.465800094604493,10.463942938661924,31.143018260161753,-0.04817966147553854,-0.0008638725602603259,0.0027233046381395444,EURMAD
2015-11-12,10.416999816894531,10.444999694824219,10.373700141906738,10.420000076293945,0,10.45910005569458,10.455953327322291,33.520035038535596,-0.048980716303701044,0.0010567469637994265,0.002624202970000765,EURMAD
2015-11-13,10.451000213623047,10.451000213623047,10.382100105285645,10.45300006866455,0,10.4532000541687,10.4554163712027,40.19073240883497,-0.0464176605377542,0.003166985808923606,0.0027337865404624636,EURMAD
2015-11-16,10.432000160217285,10.432000160217285,10.345199584960938,10.432000160217285,0,10.447400093078613,10.45115887829626,37.604828881205215,-0.04555579859683512,-0.002008983861984115,0.002728681548418619,EURMAD
2015-11-17,10.387999534606934,10.397000312805176,10.35319995880127,10.388999938964844,0,10.434600067138671,10.439857252963273,32.932352397635924,-0.04779161331742898,-0.004121953661046174,0.002698052311748806,EURMAD
2015-11-18,10.371999740600586,10.397000312805176,10.331199645996094,10.371000289916992,0,10.422700119018554,10.427337805136677,31.185583644618404,-0.05043455567706623,-0.001732568019405023,0.002664458139966069,EURMAD
2015-11-19,10.383999824523926,10.416999816894531,10.373000144958496,10.383000373840332,0,10.414700126647949,10.419276453991888,33.71002588914409,-0.05097321258971377,0.0011570806660767818,0.002701865812367945,EURMAD
2015-11-20,10.418000221252441,10.42300033569336,10.318499565124512,10.397000312805176,0,10.407800197601318,10.415226246503394,36.63075374151898,-0.04969754167690077,0.001348351965787975,0.0027677916520843036,EURMAD
2015-11-23,10.348999977111816,10.387999534606934,10.305800437927246,10.318499565124512,0,10.39905014038086,10.39763957716178,28.932929571779084,-0.054393898563875,-0.007550326567171584,0.0031687199132297513,EURMAD
2015-11-24,10.362000465393066,10.397000312805176,10.354999542236328,10.368000030517578,0,10.394050121307373,10.392250568681016,37.80808976243732,-0.05350475189338155,0.004797254201606371,0.0036031097063628373,EURMAD
2015-11-25,10.383999824523926,10.402000427246094,10.306500434875488,10.385000228881836,0,10.391650104522705,10.390932325081165,40.55383972117567,-0.050842245066718306,0.0016396796213560272,0.0036596312827298556,EURMAD
2015-11-26,10.36400032043457,10.376999855041504,10.312800407409668,10.36299991607666,0,10.385950088500977,10.385853705262164,38.20319841435102,-0.049931847348613445,-0.002118470131949546,0.0036738067352090646,EURMAD
2015-11-27,10.369999885559082,10.378999710083008,10.317999839782715,10.364999771118164,0,10.377150058746338,10.382062080872346,38.55187067224472,-0.048490016285835935,0.00019298032014858357,0.0034539687024003887,EURMAD
2015-11-30,10.34000015258789,10.364999771118164,10.312999725341797,10.34000015258789,0,10.367950057983398,10.3744144575479,35.83028967750647,-0.048802055349769446,-0.0024119265877781126,0.0034714316158663667,EURMAD
2015-12-01,10.352999687194824,10.381999969482422,10.319700241088867,10.354999542236328,0,10.364550018310547,10.370884472945795,38.62965304092548,-0.04729384911337675,0.001450617932987397,0.003337889963881071,EURMAD
2015-12-02,10.357000350952148,10.376999855041504,10.319100379943848,10.371999740600586,0,10.364649963378906,10.371087248883029,41.73223078077914,-0.04421710362716347,0.001641738205290677,0.0033500663424248034,EURMAD
2015-12-03,10.371999740600586,10.472000122070312,10.30090045928955,10.371999740600586,0,10.363549900054931,10.37125315646804,41.73223078077914,-0.04130264942996398,0.0,0.003326122111575954,EURMAD
2015-12-04,10.493000030517578,10.505000114440918,10.43529987335205,10.491999626159668,0,10.37304983139038,10.393207060048335,58.788352310001535,-0.028975919237359093,0.011569599745490766,0.004980215166500176,EURMAD
2015-12-07,10.468000411987305,10.468000411987305,10.425000190734863,10.468000411987305,0,10.38799991607666,10.406805851309965,55.30183137755336,-0.02090248196359923,-0.0022873822938885846,0.00420293767355016,EURMAD
2015-12-08,10.461000442504883,10.484999656677246,10.42199993133545,10.461000442504883,0,10.39729995727539,10.416659413345405,54.2904653493835,-0.014897336571490172,-0.0006687016819760805,0.00407227701891347,EURMAD
2015-12-09,10.484000205993652,10.520999908447266,10.444600105285645,10.472000122070312,0,10.405999946594239,10.426721360386296,55.662633431237204,-0.009145213047421663,0.0010514940350003776,0.004064659973945244,EURMAD
2015-12-10,10.532999992370605,10.532999992370605,10.45199966430664,10.520000457763672,0,10.42170000076294,10.44368119627309,61.14420663323283,-0.0007052580026289945,0.004583683645323466,0.004074816158660215,EURMAD
2015-12-11,10.494000434875488,10.531999588012695,10.449999809265137,10.503999710083008,0,10.435599994659423,10.454648198783984,58.54577343137083,0.004638866596431868,-0.0015209835536513783,0.004171374282599933,EURMAD
2015-12-14,10.49899959564209,10.536999702453613,10.454000473022461,10.475199699401855,0,10.44911994934082,10.45838483525996,54.090121519683464,0.006475557477582328,-0.0027418137353437677,0.004205514572380653,EURMAD
2015-12-15,10.517000198364258,10.541999816894531,10.48330020904541,10.517000198364258,0,10.465320014953614,10.469042174006194,58.97082066843703,0.011175277515624416,0.003990425019275712,0.004290921491769746,EURMAD
2015-12-16,10.49899959564209,10.506999969482422,10.456999778747559,10.48900032043457,0,10.477020072937012,10.472670927902263,54.77050441380445,0.012496432268809698,-0.0026623445280568037,0.0044931133776099814,EURMAD
2015-12-17,10.468999862670898,10.479999542236328,10.4128999710083,10.465999603271484,0,10.486420059204102,10.471457959787575,51.52394151821177,0.011554300495262737,-0.00219284168752254,0.004606544397163087,EURMAD
2015-12-18,10.456999778747559,10.475000381469727,10.408699989318848,10.45300006866455,0,10.48252010345459,10.468101979583388,49.72976727628913,0.009647490214062415,-0.0012420729122586405,0.0027003471351689954,EURMAD
2015-12-21,10.468000411987305,10.48799991607666,10.42140007019043,10.468000411987305,0,10.48252010345459,10.468083512747736,51.81486630115964,0.009240216210788077,0.0014350275733490125,0.002662829812529959,EURMAD
2015-12-22,10.491000175476074,10.52299976348877,10.463199615478516,10.486000061035156,0,10.485020065307618,10.471341066981811,54.26619016240953,0.010251694722457572,0.0017194925811465644,0.002702671224282822,EURMAD
2015-12-23,10.482999801635742,10.524999618530273,10.458499908447266,10.505000114440918,0,10.488320064544677,10.477460893792557,56.7664437143994,0.012443008987931492,0.0018119448116697967,0.0027384402128717606,EURMAD
2015-12-24,10.517999649047852,10.538000106811523,10.484000205993652,10.515999794006348,0,10.487919998168945,10.4844679665587,58.19146552408208,0.01489551729244809,0.0010470899043883986,0.0023232310983778027,EURMAD
2015-12-25,10.541000366210938,10.541000366210938,10.541000366210938,10.490599632263184,0,10.486579990386963,10.485582814868605,53.7830069754866,0.014621024944197814,-0.002415382487706119,0.002402628569368335,EURMAD
2015-12-28,10.541000366210938,10.553000450134277,10.44849967956543,10.490599632263184,0,10.488119983673096,10.4864949634858,53.7830069754866,0.014239345469706066,0.0,0.002220361174944811,EURMAD
2015-12-29,10.515999794006348,10.550000190734863,10.477999687194824,10.519000053405762,0,10.488319969177246,10.492404979834884,57.91719141680906,0.01604359776209563,0.0027072257199898253,0.001999824708731494,EURMAD
2015-12-30,10.503999710083008,10.531999588012695,10.45300006866455,10.501999855041504,0,10.489619922637939,10.494149502599724,54.759556082586805,0.0159182115374783,-0.001616142055133274,0.0018668012297827967,EURMAD
2015-12-31,10.5,10.531000137329102,10.41100025177002,10.520999908447266,0,10.495119953155518,10.499031394572002,57.54544796956936,0.017154244122782103,0.0018091843142276076,0.0017392051846933153,EURMAD
2016-01-01,10.468999862670898,10.468999862670898,10.468999862670898,10.41100025177002,0,10.490919971466065,10.48302573224437,41.58101019677829,0.00915225437208278,-0.01045524737519743,0.0038900195990645746,EURMAD
2016-01-04,10.468999862670898,10.529000282287598,10.45199966430664,10.41100025177002,0,10.485219955444336,10.469930190339943,41.58101019677829,0.0027785899876651143,0.0,0.0038411429483476527,EURMAD
2016-01-05,10.456000328063965,10.482000350952148,10.395700454711914,10.46399974822998,0,10.483019924163818,10.46885192813813,49.42173734676451,0.001981193506791712,0.0050907208892776445,0.004193210117828775,EURMAD
2016-01-06,10.442999839782715,10.454000473022461,10.392399787902832,10.449999809265137,0,10.47751989364624,10.465424270161222,47.604186664389935,0.00021707072250976012,-0.0013379146886172144,0.004143118590307387,EURMAD
2016-01-07,10.4399995803833,10.493000030517578,10.437999725341797,10.442999839782715,0,10.470219898223878,10.461347101001493,46.67980307956013,-0.00172595262243469,-0.0006698535512139614,0.004106511393616634,EURMAD
2016-01-08,10.501999855041504,10.501999855041504,10.402999877929688,10.496000289916992,0,10.470759963989257,10.46764768080431,53.96821610673887,0.0009993607518961056,0.005075213152103242,0.004427212511811914,EURMAD
2016-01-11,10.402999877929688,10.49899959564209,10.402999877929688,10.402999877929688,0,10.461999988555908,10.455893534827105,42.88964640223415,-0.0042956472273392166,-0.00886055729977886,0.0052507072249645785,EURMAD
2016-01-12,10.472999572753906,10.48900032043457,10.433799743652344,10.472000122070312,0,10.457299995422364,10.458822005234959,50.93695360418489,-0.0028909115277446773,0.006632725651281701,0.005673870152153389,EURMAD
2016-01-13,10.468999862670898,10.47599983215332,10.416000366210938,10.460000038146973,0,10.45310001373291,10.459036193037143,49.62724630251334,-0.00271466191621883,-0.0011459209113309221,0.005664918542079168,EURMAD
2016-01-14,10.47700023651123,10.505000114440918,10.45199966430664,10.475000381469727,0,10.448500061035157,10.461938772752157,51.31248149759078,-0.0013490297114557848,0.0014340672340391603,0.005649988537855261,EURMAD
2016-01-15,10.447999954223633,10.519000053405762,10.434000015258789,10.470000267028809,0,10.454400062561035,10.463404498984275,50.70355251485951,-0.0006625859199758111,-0.00047733787673776007,0.004431151538506075,EURMAD
2016-01-18,10.442999839782715,10.48900032043457,10.442999839782715,10.446499824523926,0,10.457950019836426,10.460330921809666,47.83058884658194,-0.0019919021701166884,-0.002244550325264827,0.0045194320913980925,EURMAD
2016-01-19,10.470000267028809,10.489999771118164,10.446999549865723,10.479000091552734,0,10.459450054168702,10.463725316308405,51.89051406278192,-0.00041807562681661636,0.0031111154525185203,0.0043279901531481976,EURMAD
2016-01-20,10.472999572753906,10.512999534606934,10.444999694824219,10.484000205993652,0,10.462850093841553,10.46741165988754,52.5029301856761,0.0012186132799083538,0.00047715568253003937,0.004296523337480223,EURMAD
2016-01-21,10.456000328063965,10.493000030517578,10.42300033569336,10.47700023651123,0,10.466250133514404,10.469155037455483,51.51427605357487,0.0019286299486314107,-0.0006676811660515369,0.004296467040756757,EURMAD
2016-01-22,10.470000267028809,10.470000267028809,10.41409969329834,10.468000411987305,0,10.463450145721435,10.468945105552176,50.20529621888647,0.0017449974057086592,-0.00085900776183645,0.003965860986774073,EURMAD
2016-01-25,10.4350004196167,10.46500015258789,10.428999900817871,10.4350004196167,0,10.466650199890136,10.462773344472998,45.627116282986314,-0.0010512382789151786,-0.0031524638012829787,0.0028419672025907896,EURMAD
2016-01-26,10.446000099182129,10.477999687194824,10.434000015258789,10.467000007629395,0,10.466150188446045,10.463541828683251,50.35467481391859,-0.0006773676116811345,0.003066563174500603,0.0020829147940782133,EURMAD
2016-01-27,10.467000007629395,10.489999771118164,10.42140007019043,10.465999603271484,0,10.466750144958496,10.463988696790201,50.20770073327008,-0.00045653404497159045,-9.557699027240574e-05,0.002047456647631981,EURMAD
2016-01-28,10.467000007629395,10.501999855041504,10.430800437927246,10.467000007629395,0,10.465950107574463,10.464536207851873,50.363722375545656,-0.00019850928985398753,9.558612610671702e-05,0.001990552556209142,EURMAD
2016-01-29,10.5,10.501999855041504,10.416000366210938,10.5,0,10.468950080871583,10.470984170060625,55.335462841413474,0.002638387095313277,0.0031527651042850824,0.0022260268952089537,EURMAD
2016-02-01,10.447999954223633,10.484999656677246,10.401100158691406,10.451700210571289,0,10.469470119476318,10.467477995608018,47.79035303470068,0.000977984968635326,-0.00459997994559147,0.0026145391222598844,EURMAD
2016-02-02,10.479999542236328,10.5,10.463000297546387,10.486000061035156,0,10.47017011642456,10.470845643867497,52.72056887595188,0.0024021253910770923,0.0032817484019658227,0.0026371748345437986,EURMAD
2016-02-03,10.468999862670898,10.548999786376953,10.456000328063965,10.494999885559082,0,10.471270084381104,10.475237324175058,53.94935801391618,0.004208464995857142,0.0008582705008144398,0.002646451663848429,EURMAD
2016-02-04,10.552000045776367,10.607000350952148,10.52400016784668,10.548999786376953,0,10.478470039367675,10.488648680939038,60.5709842268132,0.009883413013609399,0.005145297894874057,0.003062800351345889,EURMAD
2016-02-05,10.590999603271484,10.602999687194824,10.526000022888184,10.592000007629395,0,10.490869998931885,10.507439831246375,64.8991955217418,0.017647182950636164,0.004076236811377365,0.003180931624377164,EURMAD
2016-02-08,10.574999809265137,10.595999717712402,10.536999702453613,10.574999809265137,0,10.504869937896729,10.519723463613422,62.00143659653443,0.022172660006704703,-0.0016050036208471452,0.002977744654800838,EURMAD
2016-02-09,10.597000122070312,10.638999938964844,10.564000129699707,10.576000213623047,0,10.515769958496094,10.529955599978807,62.10865497375945,0.0255453861389352,9.460088661494837e-05,0.0029339978642924794,EURMAD
2016-02-10,10.635000228881836,10.640000343322754,10.550000190734863,10.62600040435791,0,10.531770038604737,10.5474182916841,67.1046034189178,0.031885339080199415,0.004727703264458816,0.0031172370690491615,EURMAD
2016-02-11,10.631999969482422,10.663999557495117,10.607000350952148,10.62399959564209,0,10.547469997406006,10.561342165131007,66.7254733909021,0.03632956431804857,-0.00018829367962380772,0.0031329308587043753,EURMAD
2016-02-12,10.645000457763672,10.651000022888184,10.590999603271484,10.645999908447266,0,10.562069988250732,10.5767344820976,68.81203348301503,0.04115250574733764,0.002070812654605181,0.003087648780144859,EURMAD
2016-02-15,10.593000411987305,10.607000350952148,10.553000450134277,10.59000015258789,0,10.575899982452393,10.579146422186742,58.71864483087208,0.039994972146207175,-0.005260168733886683,0.0032334772624887428,EURMAD
2016-02-16,10.593000411987305,10.597999572753906,10.544400215148926,10.593000411987305,0,10.586600017547607,10.581665329423208,59.06508152754336,0.038871626374948676,0.00028331060964914556,0.003169758215371041,EURMAD
2016-02-17,10.579999923706055,10.593000411987305,10.496500015258789,10.579999923706055,0,10.595100021362304,10.581362528383725,56.839193109492946,0.03651145468129968,-0.001227271573268185,0.0032492149954719096,EURMAD
2016-02-18,10.564000129699707,10.583999633789062,10.52180004119873,10.574999809265137,0,10.597700023651123,10.580205670362163,55.96562077650058,0.033847362832796435,-0.0004726006121904547,0.002881552706922759,EURMAD
2016-02-19,10.5649995803833,10.579999923706055,10.496999740600586,10.5649995803833,0,10.594999980926513,10.577440926729643,54.172360189916255,0.030576647395868406,-0.0009456481382699167,0.0025603166160729405,EURMAD
2016-02-22,10.569999694824219,10.569999694824219,10.49839973449707,10.569999694824219,0,10.594499969482422,10.576087975474112,54.94963585579188,0.028064538762270885,0.0004732716175590568,0.0025223783206613395,EURMAD
2016-02-23,10.536999702453613,10.54800033569336,10.496000289916992,10.534000396728516,0,10.590299987792969,10.568435688429458,48.563263757343485,0.02290479979940052,-0.0034057993505269835,0.002734872271694479,EURMAD
2016-02-24,10.534000396728516,10.539999961853027,10.4483003616333,10.534000396728516,0,10.58109998703003,10.562174726302015,48.563263757343485,0.018601245913396625,0.0,0.0020816548459874195,EURMAD
2016-02-25,10.531000137329102,10.541999816894531,10.49899959564209,10.531000137329102,0,10.571800041198731,10.55650661921603,48.02377814999667,0.014778198718273572,-0.000284816716007108,0.00207837809183346,EURMAD
2016-02-26,10.53600025177002,10.550000190734863,10.477999687194824,10.524999618530273,0,10.559700012207031,10.550778073636803,46.90156839049515,0.01113584743650975,-0.000569795719359889,0.0018130688754181413,EURMAD
2016-02-29,10.503000259399414,10.505000114440918,10.440199851989746,10.494199752807617,0,10.550119972229004,10.540491106213315,41.536313361826394,0.0056982798226474785,-0.0029263531438452617,0.0013021353957638727,EURMAD
2016-03-01,10.458999633789062,10.484000205993652,10.439000129699707,10.480999946594238,0,10.538919925689697,10.529674531737118,39.45331048220381,0.00032016362014708477,-0.0012578192262681087,0.001234997892228795,EURMAD
2016-03-02,10.47700023651123,10.47700023651123,10.42870044708252,10.475000381469727,0,10.528419971466064,10.519733777143045,38.508052447299555,-0.004375706561205561,-0.0005724229706213224,0.00124258027465505,EURMAD
2016-03-03,10.473999977111816,10.5,10.442000389099121,10.475000381469727,0,10.518420028686524,10.511600432475168,38.508052447299555,-0.008004941528803045,0.0,0.0012733147097279609,EURMAD
2016-03-04,10.482999801635742,10.538000106811523,10.467000007629395,10.484000205993652,0,10.510320091247559,10.506582209478529,40.96861024981205,-0.010039200113713065,0.000859171760971611,0.0013958465000097572,EURMAD
2016-03-07,10.526000022888184,10.526000022888184,10.47700023651123,10.446200370788574,0,10.497940158843994,10.495603693353083,34.69004104667617,-0.014533957082768723,-0.003605478296678011,0.0015768700346694153,EURMAD
2016-03-08,10.529000282287598,10.543999671936035,10.503000259399414,10.531000137329102,0,10.497640132904053,10.502039410439632,52.33730798303837,-0.011125207438961837,0.008117761820619407,0.003171208434625264,EURMAD
2016-03-09,10.524999618530273,10.527999877929688,10.475099563598633,10.526000022888184,0,10.49684009552002,10.506395885430278,51.45444978548601,-0.008726621178402283,-0.00047479957987983656,0.0031743624158259657,EURMAD
2016-03-10,10.520000457763672,10.581999778747559,10.437999725341797,10.520000457763672,0,10.495740127563476,10.50886944403635,50.35680392858335,-0.0072265360419887514,-0.0005699757848628417,0.003177771035500391,EURMAD
2016-03-11,10.593000411987305,10.604999542236328,10.525899887084961,10.593000411987305,0,10.50254020690918,10.524165983663796,61.20197528840852,-0.00014554380568121417,0.0069391588447849095,0.0038668711776188693,EURMAD
2016-03-14,10.586999893188477,10.586999893188477,10.503000259399414,10.525899887084961,0,10.505710220336914,10.52448123883128,50.3200495524509,5.1152328053305496e-05,-0.0063344210603835105,0.004338597799969017,EURMAD
2016-03-15,10.555999755859375,10.571999549865723,10.531999588012695,10.557000160217285,0,10.51331024169922,10.53039376999237,54.369692066415304,0.0026856095222704823,0.002954642687651221,0.004373804366837039,EURMAD
2016-03-16,10.567000389099121,10.571999549865723,10.519000053405762,10.565999984741211,0,10.522410202026368,10.536867627219431,55.50013526702133,0.00543697241968033,0.000852498284298564,0.0043497542137569374,EURMAD
2016-03-17,10.593000411987305,10.654000282287598,10.583999633789062,10.59000015258789,0,10.533910179138184,10.546528086377332,58.45589846849906,0.00944518212570955,0.0022714525725286983,0.004358350328507247,EURMAD
2016-03-18,10.644000053405762,10.64900016784668,10.589599609375,10.645999908447266,0,10.550110149383546,10.564613872208229,64.39802125497098,0.016945096953964622,0.005287984424220182,0.0045517745968024085,EURMAD
2016-03-21,10.579000473022461,10.631999969482422,10.565099716186523,10.579000473022461,0,10.563390159606934,10.567229617810815,54.37689860651025,0.017283307774647483,-0.006293390569320101,0.004951456716589307,EURMAD
2016-03-22,10.592000007629395,10.623000144958496,10.536100387573242,10.614999771118164,0,10.57179012298584,10.575915100230333,58.14560652832556,0.020223065869430457,0.003402901643449585,0.004423859019484402,EURMAD
2016-03-23,10.586999893188477,10.607999801635742,10.540599822998047,10.592000007629395,0,10.578390121459961,10.578839628848343,55.01858335248955,0.02046109388909656,-0.0021667229377949626,0.004509705920895338,EURMAD
2016-03-24,10.593000411987305,10.595999717712402,10.555000305175781,10.586999893188477,0,10.585090065002442,10.580323313273821,54.3344656119554,0.02001553869110495,-0.0004720651847919255,0.00450690594105312,EURMAD
2016-03-25,10.593999862670898,10.593999862670898,10.593999862670898,10.593999862670898,0,10.5851900100708,10.582809958618743,55.17478563056917,0.019996761800209484,0.0006611853738589524,0.003933366463223011,EURMAD
2016-03-28,10.593999862670898,10.593999862670898,10.593999862670898,10.593999862670898,0,10.592000007629395,10.584844486628224,55.174785630569176,0.01975416723554524,0.0,0.003247171671273119,EURMAD
2016-03-29,10.593999862670898,10.607000350952148,10.545900344848633,10.593999862670898,0,10.595699977874755,10.586509100454164,55.174785630569176,0.01933898155399305,0.0,0.0031470330121055826,EURMAD
2016-03-30,10.618000030517578,10.663000106811523,10.596199989318848,10.628999710083008,0,10.601999950408935,10.594234665841224,59.79498244182112,0.021585316992442927,0.0033037424830857365,0.003282683303755605,EURMAD
2016-03-31,10.649999618530273,10.680000305175781,10.619000434875488,10.651000022888184,0,10.608099937438965,10.604555639849762,62.417233304751726,0.02485429059970734,0.002069838498942156,0.003271875025944195,EURMAD
2016-04-01,10.661999702453613,10.684000015258789,10.634499549865723,10.668999671936035,0,10.610399913787841,10.61627273659272,64.45961083991853,0.02856808191861937,0.0016899492075084233,0.0028696512270150955,EURMAD
2016-04-04,10.680000305175781,10.680000305175781,10.622900009155273,10.680000305175781,0,10.620499897003175,10.627859567244185,65.68689636029825,0.032029728687108516,0.0010310838483464924,0.001731716339664442,EURMAD
2016-04-05,10.670999526977539,10.675999641418457,10.621299743652344,10.670999526977539,0,10.626099872589112,10.635703196286613,63.747209310715185,0.03365882315159574,-0.0008427694701357291,0.0015776637320289704,EURMAD
2016-04-06,10.661999702453613,10.6850004196167,10.61709976196289,10.670000076293945,0,10.633899879455566,10.641938992651582,63.52289900529734,0.03447187462164436,-9.366045618008911e-05,0.0012952376136386356,EURMAD
2016-04-07,10.670000076293945,10.694000244140625,10.626299858093262,10.675999641418457,0,10.642799854278564,10.648131837881923,64.33420200338803,0.035194636670826895,0.0005622835128034076,0.001227696978649929,EURMAD
2016-04-08,10.642999649047852,10.682000160217285,10.638999938964844,10.666999816894531,0,10.650099849700927,10.651562379520579,62.102824395662125,0.03464189003314111,-0.0008429959559955735,0.001338900210746709,EURMAD
2016-04-11,10.680000305175781,10.692999839782715,10.645999908447266,10.680000305175781,0,10.658699893951416,10.656732911457887,64.04293162449886,0.03485112304276505,0.001218757711110019,0.0013247357374139381,EURMAD
2016-04-12,10.657999992370605,10.697999954223633,10.628100395202637,10.657999992370605,0,10.665099906921387,10.656963289805654,58.5777401994996,0.03286287753544492,-0.002059954323644919,0.0015968359737265885,EURMAD
2016-04-13,10.668999671936035,10.67199993133545,10.607000350952148,10.668999671936035,0,10.669099903106689,10.659151722920267,60.39741415731721,0.03180809691771813,0.0010320585075345168,0.0013049411892287434,EURMAD
2016-04-14,10.607999801635742,10.633000373840332,10.576000213623047,10.630000114440918,0,10.666999912261963,10.653851430469476,51.72184238620588,0.027508140600312814,-0.0036554090068727785,0.0016811512061090845,EURMAD
2016-04-15,10.604000091552734,10.645000457763672,10.590700149536133,10.626999855041504,0,10.66279993057251,10.648969325846208,51.11356766826647,0.0235864089397122,-0.0002822445312430366,0.0015455255981957992,EURMAD
2016-04-18,10.63700008392334,10.64799976348877,10.600000381469727,10.63700008392334,0,10.658499908447265,10.64679310004205,53.09369369954831,0.021042775225373234,0.0009410208919022889,0.0015365393596057987,EURMAD
2016-04-19,10.640999794006348,10.670999526977539,10.568599700927734,10.616999626159668,0,10.653099918365479,10.641376104790709,48.833430757647015,0.01721461798968349,-0.0018802724081858901,0.0016031685539252265,EURMAD
2016-04-20,10.633999824523926,10.67199993133545,10.62399959564209,10.651000022888184,0,10.651199913024902,10.643125908081158,55.38707542574478,0.01673145387750452,0.0032024487073296637,0.001989632946031299,EURMAD
2016-04-21,10.630000114440918,10.670999526977539,10.586000442504883,10.630000114440918,0,10.646599960327148,10.640739400146568,51.03881750694038,0.014487028285243397,-0.001971637254918668,0.002045666037515355,EURMAD
2016-04-22,10.61299991607666,10.642000198364258,10.560999870300293,10.61299991607666,0,10.641199970245362,10.635695857588402,47.7693469009327,0.011207339666407634,-0.0015992660565603556,0.00207638673638573,EURMAD
2016-04-25,10.59000015258789,10.628999710083008,10.582500457763672,10.59000015258789,0,10.632199954986572,10.62738754758831,43.69152631068711,0.006675325117885933,-0.0021671312230888695,0.0020397250984293585,EURMAD
2016-04-26,10.626999855041504,10.651000022888184,10.60200023651123,10.604999542236328,0,10.626899909973144,10.623317001160677,46.87646224158742,0.004245061895211677,0.0014163729397842495,0.0021046728681547527,EURMAD
2016-04-27,10.63700008392334,10.652000427246094,10.602299690246582,10.637999534606934,0,10.623799896240234,10.625986552696359,53.154446919031265,0.004925110762904694,0.0031117391603061595,0.002359774737072501,EURMAD
2016-04-28,10.626999855041504,10.663000106811523,10.582599639892578,10.649999618530273,0,10.62579984664917,10.630352564666161,55.22653902405245,0.006359057615945574,0.0011280395232489138,0.0020682415222858133,EURMAD
2016-04-29,10.659000396728516,10.697999954223633,10.645000457763672,10.659000396728516,0,10.62899990081787,10.63556126140477,56.77106659511842,0.008128063153476361,0.0008451435230647508,0.002070370725188509,EURMAD
2016-05-02,10.687000274658203,10.718000411987305,10.67300033569336,10.687000274658203,0,10.633999919891357,10.64491380926903,61.24937937469272,0.011655017148457958,0.002626876525708921,0.002193126365880583,EURMAD
2016-05-03,10.699999809265137,10.753000259399414,10.680000305175781,10.699999809265137,0,10.642299938201905,10.654929445631957,63.157665086957884,0.015322479396377986,0.0012163875992179385,0.0020372908738086606,EURMAD
2016-05-04,10.71399974822998,10.720999717712402,10.666799545288086,10.70300006866455,0,10.647499942779541,10.663669558910609,63.603161368272566,0.018260569036765872,0.00028039807970992037,0.0018525579152501007,EURMAD
2016-05-05,10.699000358581543,10.710000038146973,10.621100425720215,10.710000038146973,0,10.655499935150146,10.67209328240813,64.67637031682042,0.020912795590804834,0.0006540193812496486,0.0016388492510315737,EURMAD
2016-05-06,10.659000396728516,10.718999862670898,10.6451997756958,10.659000396728516,0,10.660099983215332,10.669712757739108,52.524611752506594,0.018684080947728887,-0.004761871263940787,0.0023104079782324447,EURMAD
2016-05-09,10.668000221252441,10.682000160217285,10.632499694824219,10.668000221252441,0,10.667899990081787,10.669401387468804,54.161341569998314,0.017442947717054125,0.0008443403873676925,0.0021221440224806223,EURMAD
2016-05-10,10.65999984741211,10.678000450134277,10.603799819946289,10.65999984741211,0,10.673400020599365,10.667692016549406,52.43090090581419,0.01563356339559263,-0.000749941289314382,0.0021553011171191114,EURMAD
2016-05-11,10.647000312805176,10.692000389099121,10.61520004272461,10.647000312805176,0,10.67430009841919,10.66392988859591,49.65482727282213,0.013000794418445594,-0.0012194685546913497,0.0020065556977200316,EURMAD
2016-05-12,10.678000450134277,10.685999870300293,10.61400032043457,10.678000450134277,0,10.67710018157959,10.666488172511976,55.68115311041448,0.013262871907977924,0.002911631109075552,0.002181111263232163,EURMAD
2016-05-13,10.647000312805176,10.668000221252441,10.572199821472168,10.647000312805176,0,10.675900173187255,10.662944925292557,49.32302645357788,0.01084411400705143,-0.0029031781253306965,0.0023830221043626854,EURMAD
2016-05-16,10.642000198364258,10.656000137329102,10.607099533081055,10.642000198364258,0,10.671400165557861,10.659136793123775,48.36375401187574,0.008426626590731345,-0.0004696265890876683,0.002180434587460701,EURMAD
2016-05-17,10.645000457763672,10.654000282287598,10.606499671936035,10.644000053405762,0,10.665800189971923,10.65638465862959,48.79272426670945,0.006596086406432278,0.00018792097389841445,0.0021180504021261824,EURMAD
2016-05-18,10.644000053405762,10.645000457763672,10.588000297546387,10.644000053405762,0,10.659900188446045,10.654132912225256,48.79272426670945,0.005086733425496703,0.0,0.002108071595272079,EURMAD
2016-05-19,10.607999801635742,10.612000465393066,10.519000053405762,10.607999801635742,0,10.649700164794922,10.645745073936254,41.58093318400626,0.000974408488117362,-0.003382210784422246,0.0022344113966587353,EURMAD
2016-05-20,10.60200023651123,10.611000061035156,10.566900253295898,10.60200023651123,0,10.644000148773193,10.637791467131704,40.50642216815468,-0.002737200672047635,-0.000565569875254579,0.001789645097233951,EURMAD
2016-05-23,10.609999656677246,10.61400032043457,10.56410026550293,10.609999656677246,0,10.638200092315675,10.632738410685437,42.634988296223106,-0.0049758330130966755,0.0007545199007321646,0.0017821650713942458,EURMAD
2016-05-24,10.605999946594238,10.611000061035156,10.51200008392334,10.605999946594238,0,10.632800102233887,10.627876871759764,41.829144749773235,-0.006992107782499701,-0.0003769755148380627,0.0017812692725998854,EURMAD
2016-05-25,10.559000015258789,10.586999893188477,10.507100105285645,10.559000015258789,0,10.624000072479248,10.615353806941405,33.75530666032881,-0.012241410368963201,-0.004431447442213243,0.0021710929541354524,EURMAD
2016-05-26,10.576000213623047,10.605999946594238,10.510000228881836,10.576000213623047,0,10.613800048828125,10.608198608156249,38.38774457014216,-0.014858467393471742,0.0016100197310058295,0.0019497521175746858,EURMAD
2016-05-27,10.590999603271484,10.600000381469727,10.541999816894531,10.590999603271484,0,10.608199977874756,10.605071516359018,42.22650853253351,-0.015543008424838689,0.0014182478579298774,0.0019495349821693278,EURMAD
2016-05-30,10.555000305175781,10.579999923706055,10.538200378417969,10.555000305175781,0,10.599499988555909,10.595967659780246,36.36960564474967,-0.01877394032400126,-0.0033990463076387645,0.0021499897945195046,EURMAD
2016-05-31,10.564000129699707,10.590999603271484,10.53600025177002,10.579999923706055,0,10.593099975585938,10.593064435039484,42.34970519986672,-0.01909707762350621,0.002368509503312355,0.0023633910391595743,EURMAD
2016-06-01,10.574999809265137,10.598999977111816,10.535400390625,10.574999809265137,0,10.586199951171874,10.589779957625966,41.50942948954867,-0.01953148688622619,-0.0004726006121904547,0.002354760584065331,EURMAD
2016-06-02,10.595000267028809,10.618000030517578,10.536999702453613,10.595000267028809,0,10.584899997711181,10.590729104790118,46.11500531841736,-0.01805377686434717,0.0018912962765398333,0.0022630257765053666,EURMAD
2016-06-03,10.583000183105469,10.670999526977539,10.538999557495117,10.583000183105469,0,10.582999992370606,10.589323846301998,43.88237295985444,-0.01764755745232449,-0.0011326176140535882,0.00228244345410506,EURMAD
2016-06-06,10.66100025177002,10.682000160217285,10.606900215148926,10.66100025177002,0,10.588100051879882,10.602355920023456,58.08673737113872,-0.010905954914651517,0.007370317236606416,0.0033099756371412817,EURMAD
2016-06-07,10.677000045776367,10.685999870300293,10.616100311279297,10.677000045776367,0,10.595200061798096,10.615927579251258,60.30620695537357,-0.00422345135426383,0.0015007779409526023,0.0033089318417080693,EURMAD
2016-06-08,10.65999984741211,10.696999549865723,10.626199722290039,10.65999984741211,0,10.605300045013427,10.623940718916867,56.86084151633853,-0.00029588232199984077,-0.0015922261207615973,0.0029214671535476937,EURMAD
2016-06-09,10.677000045776367,10.697999954223633,10.614100456237793,10.677000045776367,0,10.615400028228759,10.633587869254956,59.36118133625444,0.00414078596107359,0.001594765347804783,0.002921091828307247,EURMAD
2016-06-10,10.614100456237793,10.663000106811523,10.597999572753906,10.644000053405762,0,10.620700073242187,10.635480993646011,52.946051110922234,0.00493714165231296,-0.003090755102474696,0.0031782786876040164,EURMAD
2016-06-13,10.621000289916992,10.656000137329102,10.576600074768066,10.621000289916992,0,10.62730007171631,10.632848138422553,48.97359471727438,0.0036700643611329298,-0.0021608195578137757,0.003029991971686403,EURMAD
2016-06-14,10.63700008392334,10.654999732971191,10.569899559020996,10.63700008392334,0,10.633000087738036,10.633603037604514,51.689074809167266,0.003911852736228738,0.0015064300508058626,0.002986916507445185,EURMAD
2016-06-15,10.623000144958496,10.637999534606934,10.587699890136719,10.60200023651123,0,10.635700130462647,10.627857073769372,45.93080336339586,0.00126469793471351,-0.00329038705800222,0.0032172409640420243,EURMAD
2016-06-16,10.62600040435791,10.657999992370605,10.561699867248535,10.62600040435791,0,10.638800144195557,10.627519497512743,50.04080170760719,0.0010908470445443186,0.002263739606798598,0.0032403012206037576,EURMAD
2016-06-17,10.630000114440918,10.652999877929688,10.582300186157227,10.630000114440918,0,10.643500137329102,10.627970518772411,50.713191855057524,0.001261272968617888,0.0003764078609829191,0.0032012321461211716,EURMAD
2016-06-20,10.656999588012695,10.673999786376953,10.603899955749512,10.62600040435791,0,10.640000152587891,10.627612316151591,49.98865247734808,0.0010613588800740814,-0.0003762662314156229,0.0020813525956509395,EURMAD
2016-06-21,10.661999702453613,10.67199993133545,10.608799934387207,10.661999702453613,0,10.638500118255616,10.633864568206503,56.07187764688017,0.0037643746544624435,0.0033878502471107463,0.00233549577331059,EURMAD
2016-06-22,10.618000030517578,10.668999671936035,10.595000267028809,10.630999565124512,0,10.635600090026855,10.633343658555232,50.387976434154,0.003366277771625903,-0.0029075350022723656,0.002460196009081706,EURMAD
2016-06-23,10.64799976348877,10.70300006866455,10.63599967956543,10.64799976348877,0,10.632700061798095,10.636008404906784,53.19026380778056,0.004372157544651145,0.0015991157049830562,0.0024605626833242044,EURMAD
2016-06-24,10.645000457763672,10.64799976348877,10.493000030517578,10.645000457763672,0,10.632800102233887,10.637643323608037,52.62549158926807,0.0048711539751415955,-0.0002816778542183984,0.0022543620131491773,EURMAD
2016-06-27,10.5,10.569000244140625,10.489500045776367,10.5,0,10.620700073242187,10.612617264770211,33.89052847648304,-0.006360394215455756,-0.013621460923274986,0.004873369952446227,EURMAD
2016-06-28,10.531000137329102,10.585000038146973,10.522000312805176,10.531000137329102,0,10.610100078582764,10.597777787053646,38.89877311962634,-0.0126146116808048,0.002952394031342953,0.0049807002025928655,EURMAD
2016-06-29,10.57800006866455,10.600000381469727,10.527000427246094,10.553999900817871,0,10.605300045013427,10.589818171374414,42.38610683404538,-0.015536144383260009,0.002184005620438967,0.005000551268073297,EURMAD
2016-06-30,10.572999954223633,10.609999656677246,10.529999732971191,10.60099983215332,0,10.602799987792968,10.591851200606941,48.81511327581023,-0.013898762156051347,0.004453281388775432,0.005177026831011426,EURMAD
2016-07-01,10.567999839782715,10.585000038146973,10.531999588012695,10.53909969329834,0,10.593709945678711,10.582260017459923,42.14488636371636,-0.017395425195461556,-0.00583908497642216,0.005462269748055814,EURMAD
2016-07-04,10.569999694824219,10.604999542236328,10.53279972076416,10.569999694824219,0,10.588109874725342,10.580030867889795,46.10396972441457,-0.017471780159368677,0.002931939389996252,0.005592437781178282,EURMAD
2016-07-05,10.585000038146973,10.607999801635742,10.541299819946289,10.595999717712402,0,10.581509876251221,10.582934295130269,49.25085928133897,-0.015258417918818878,0.002459794100175383,0.005527817658590569,EURMAD
2016-07-06,10.564000129699707,10.581000328063965,10.51509952545166,10.564000129699707,0,10.57480993270874,10.579491719597439,45.71315702708432,-0.015903090786425267,-0.0030199687490746197,0.0055331287381882935,EURMAD
2016-07-07,10.562999725341797,10.588000297546387,10.552000045776367,10.583999633789062,0,10.56840991973877,10.580311340359552,48.21670914238206,-0.014631542527006047,0.0018931752975965832,0.005546985895090437,EURMAD
2016-07-08,10.572999954223633,10.583000183105469,10.508500099182129,10.564000129699707,0,10.560309886932373,10.577345665694125,45.935349479767666,-0.015063976068470097,-0.001889597957421274,0.00556038379035359,EURMAD
2016-07-11,10.569000244140625,10.574000358581543,10.509200096130371,10.508500099182129,0,10.561159896850587,10.564828289964671,40.24468014540787,-0.019658460895024987,-0.005253694607740944,0.003739579977956442,EURMAD
2016-07-12,10.54800033569336,10.593000411987305,10.525799751281738,10.54800033569336,0,10.562859916687012,10.561768661915341,45.426576065382044,-0.019883084431798537,0.003758884344903235,0.003816149496990361,EURMAD
2016-07-13,10.54699993133545,10.595999717712402,10.473299980163574,10.548999786376953,0,10.56235990524292,10.559447048181088,45.55522750622581,-0.019752755416828194,9.475262151936725e-05,0.003750126405230409,EURMAD
2016-07-14,10.58899974822998,10.61400032043457,10.525699615478516,10.57699966430664,0,10.559959888458252,10.562638432931188,49.170404447535084,-0.01719193466806601,0.002654268508550661,0.0035482876637666946,EURMAD
2016-07-15,10.586000442504883,10.604000091552734,10.53849983215332,10.586000442504883,0,10.564649963378907,10.566886071035494,50.312568592258785,-0.01427166334574892,0.0008509765041040396,0.002951892886359874,EURMAD
2016-07-18,10.541999816894531,10.590999603271484,10.50979995727539,10.541999816894531,0,10.561849975585938,10.562361297555318,44.990328001022114,-0.01533108286161955,-0.004156491948902663,0.0031345848642430943,EURMAD
2016-07-19,10.550999641418457,10.581000328063965,10.523599624633789,10.550999641418457,0,10.557349967956544,10.560295541894071,46.24293105998939,-0.015268464481984267,0.0008537113147641939,0.0030187043758225897,EURMAD
2016-07-20,10.552000045776367,10.557999610900879,10.505599975585938,10.548999786376953,0,10.555849933624268,10.558241768163684,45.992315032484875,-0.015204937498607407,-0.00018954175997254463,0.0028773684602834524,EURMAD
2016-07-21,10.548999786376953,10.571000099182129,10.49020004272461,10.548999786376953,0,10.552349948883057,10.556561407838823,45.992315032484875,-0.01498189000452399,0.0,0.0027897999904898277,EURMAD
2016-07-22,10.553000450134277,10.559000015258789,10.490900039672852,10.553000450134277,0,10.551249980926514,10.555913960983451,46.66296401076466,-0.014317262636730277,0.00037924578996495484,0.002740482857752907,EURMAD
2016-07-25,10.515000343322754,10.543000221252441,10.480600357055664,10.515000343322754,0,10.551900005340576,10.548475121408778,41.403793105294,-0.016664731052776105,-0.00360088175785489,0.002427098186650031,EURMAD
2016-07-26,10.536999702453613,10.576000213623047,10.501199722290039,10.541999816894531,0,10.551299953460694,10.547297793315277,46.05584469391214,-0.016160200084661014,0.002567710194029793,0.0022482815233354375,EURMAD
2016-07-27,10.520000457763672,10.552000045776367,10.502699851989746,10.539999961853027,0,10.5503999710083,10.545970914867596,45.76601291575788,-0.01574028306070474,-0.00018970357391767667,0.0022479810511702334,EURMAD
2016-07-28,10.569000244140625,10.595999717712402,10.53339958190918,10.569000244140625,0,10.5496000289917,10.55015806564451,50.619003925475,-0.012918498964172187,0.0027514499423677563,0.0022613001707167753,EURMAD
2016-07-29,10.57800006866455,10.616000175476074,10.543600082397461,10.57800006866455,0,10.548799991607666,10.55522024801179,52.05289718581393,-0.009842545377070522,0.0008515303544358588,0.0022613253320100343,EURMAD
2016-08-01,10.609999656677246,10.621000289916992,10.595000267028809,10.543600082397461,0,10.54896001815796,10.553107490627365,46.49543857539979,-0.010064602919852561,-0.003252031200963401,0.002091580895486875,EURMAD
2016-08-02,10.605999946594238,10.623000144958496,10.56190013885498,10.605999946594238,0,10.554460048675537,10.56272430080316,55.72885008840853,-0.005146116353117236,0.005918269254251651,0.00280734761185024,EURMAD
2016-08-03,10.616999626159668,10.631999969482422,10.563699722290039,10.614999771118164,0,10.561060047149658,10.572228931769523,56.88453524555061,-0.0005160213162671567,0.000848559736870147,0.002797221993025251,EURMAD
2016-08-04,10.600000381469727,10.605999946594238,10.558500289916992,10.590999603271484,0,10.565260028839111,10.575641781133514,52.917356281292165,0.00120288330108842,-0.0022609673447172574,0.002941238646630707,EURMAD
2016-08-05,10.583999633789062,10.604999542236328,10.539999961853027,10.583000183105469,0,10.568260002136231,10.57697967240114,51.62501655371964,0.0018977649874702962,-0.0007553036035942151,0.0029639787340504,EURMAD
2016-08-08,10.574999809265137,10.579999923706055,10.48330020904541,10.54889965057373,0,10.571649932861328,10.571874213887066,46.4205505166989,-0.0002997093916849991,-0.0032221989928882255,0.0029107156166694654,EURMAD
2016-08-09,10.557000160217285,10.597000122070312,10.517800331115723,10.557999610900879,0,10.573249912261963,10.569351558798667,47.929149015773376,-0.001292039099778819,0.0008626454538938066,0.0028130938303043687,EURMAD
2016-08-10,10.586999893188477,10.633999824523926,10.551600456237793,10.586999893188477,0,10.577949905395508,10.572560346869542,52.51749787323173,0.0002586315290695751,0.00274675917374112,0.0029241573216052244,EURMAD
2016-08-11,10.61299991607666,10.618000030517578,10.557299613952637,10.61299991607666,0,10.582349872589111,10.57991299581629,56.24047637918543,0.003544672946979688,0.0024558442571547268,0.0028996857709917686,EURMAD
2016-08-12,10.579999923706055,10.616000175476074,10.545100212097168,10.57800006866455,0,10.582349872589111,10.57956519087961,50.50026727406016,0.0032868010683415605,-0.0032978279175420733,0.003119511829206428,EURMAD
2016-08-15,10.545100212097168,10.616000175476074,10.545100212097168,10.545100212097168,0,10.582499885559082,10.573298831100983,45.77112039326845,0.000422818291177407,-0.003110215196995725,0.0031033434671917702,EURMAD
2016-08-16,10.593999862670898,10.663000106811523,10.590399742126465,10.593000411987305,0,10.58119993209839,10.576880936716679,52.71414043368133,0.0019952372656462103,0.004542412962105891,0.0028312940638154115,EURMAD
2016-08-17,10.647000312805176,10.649999618530273,10.571000099182129,10.647000312805176,0,10.58439998626709,10.589629914187313,59.07539281299385,0.0075121361027310485,0.005097696471036084,0.0032764906075278544,EURMAD
2016-08-18,10.637999534606934,10.670000076293945,10.590499877929688,10.637999534606934,0,10.589099979400634,10.598424390627242,57.68247026045726,0.011030873556395093,-0.0008453816036256834,0.0031825009939131462,EURMAD
2016-08-19,10.656999588012695,10.670999526977539,10.596500396728516,10.654999732971191,0,10.596299934387208,10.60871081650796,59.619135581739116,0.015018152359047576,0.0015980634619274792,0.003170669524713881,EURMAD
2016-08-22,10.64799976348877,10.661999702453613,10.585700035095215,10.596500396728516,0,10.601060009002685,10.606490740184423,50.97412242705252,0.013304327990098841,-0.0054903179454480755,0.003540592341989779,EURMAD
2016-08-23,10.661999702453613,10.67199993133545,10.611000061035156,10.661999702453613,0,10.61146001815796,10.61658327877882,58.270304181408726,0.017034987667821966,0.006181220523081343,0.003980599535446279,EURMAD
2016-08-24,10.638999938964844,10.657999992370605,10.590499877929688,10.638999938964844,0,10.616660022735596,10.62065903517628,55.16566941056932,0.017928999300350412,-0.0021571716498431925,0.004041436196962845,EURMAD
2016-08-25,10.621999740600586,10.654999732971191,10.600600242614746,10.62399959564209,0,10.61775999069214,10.621266409806427,53.1757328632248,0.017228508100084028,-0.0014099392244393272,0.004018113427309441,EURMAD
2016-08-26,10.633999824523926,10.652000427246094,10.594900131225586,10.633999824523926,0,10.623359966278077,10.6235815761187,54.35776865774596,0.017281092989595237,0.0009412866399145514,0.0038381218854100724,EURMAD
2016-08-29,10.597999572753906,10.607000350952148,10.553999900817871,10.597999572753906,0,10.62864990234375,10.618930302779646,49.512124865906586,0.014253541488445265,-0.003385391420356876,0.003868028355603702,EURMAD
2016-08-30,10.597000122070312,10.60200023651123,10.51609992980957,10.597000122070312,0,10.62904987335205,10.61494299719613,49.38051574120794,0.011639366423171538,-9.430559764911361e-05,0.003599138525645626,EURMAD
2016-08-31,10.592000007629395,10.597000122070312,10.538599967956543,10.581999778747559,0,10.62254981994629,10.608953321114571,47.346353963663795,0.008261972629211911,-0.0014155273332037144,0.0031433673214838072,EURMAD
2016-09-01,10.583999633789062,10.600000381469727,10.498900413513184,10.583999633789062,0,10.617149829864502,10.604416287055388,47.655938519378715,0.005681245442051619,0.000188986494360055,0.003151686394608585,EURMAD
2016-09-02,10.598999977111816,10.628000259399414,10.522199630737305,10.598999977111816,0,10.611549854278564,10.603431503429285,50.02924650593273,0.004791173233504864,0.0014172660470306297,0.003138778174757379,EURMAD
2016-09-05,10.586000442504883,10.60200023651123,10.542099952697754,10.522199630737305,0,10.604119777679443,10.588662072030743,40.02352000206571,-0.002087300409716164,-0.007245999296193961,0.0034782775169342967,EURMAD
2016-09-06,10.581999778747559,10.614999771118164,10.503999710083008,10.593000411987305,0,10.597219848632813,10.589450861113754,49.95940746441034,-0.0018047054673999696,0.006728705378595823,0.0036007404734714173,EURMAD
2016-09-07,10.630999565124512,10.635000228881836,10.535300254821777,10.630999565124512,0,10.59641981124878,10.59700517093389,54.33217665161704,0.0014685387458435173,0.0035871945302867747,0.0037858280235424343,EURMAD
2016-09-08,10.616000175476074,10.654999732971191,10.593500137329102,10.616000175476074,0,10.595619869232177,10.600458808123378,52.38620978673477,0.0028197783284689137,-0.0014109105692792223,0.00378586627008497,EURMAD
2016-09-09,10.62600040435791,10.633000373840332,10.583700180053711,10.626999855041504,0,10.594919872283935,10.605284453017582,53.69595962952968,0.0047237749089266146,0.0010361416148843006,0.00378879613139534,EURMAD
2016-09-12,10.581000328063965,10.58899974822998,10.504799842834473,10.605999946594238,0,10.595719909667968,10.605414542758792,50.82169470690275,0.004486471556978344,-0.00197609002857968,0.0036758613316946816,EURMAD
2016-09-13,10.571000099182129,10.593999862670898,10.541999816894531,10.571000099182129,0,10.593119907379151,10.599157371199398,46.36690949574886,0.0014574116266281578,-0.0033000044869271328,0.0038294751444577614,EURMAD
2016-09-14,10.548999786376953,10.640999794006348,10.531999588012695,10.54699993133545,0,10.58961992263794,10.589674200315043,43.54801512278896,-0.0028469354590114904,-0.002270378168716225,0.0038680038206741476,EURMAD
2016-09-15,10.616999626159668,10.630999565124512,10.531499862670898,10.619000434875488,0,10.593120002746582,10.595006242962397,52.815750819036154,-0.00044321354332232943,0.00682663354591706,0.004486057490221123,EURMAD
2016-09-16,10.616999626159668,10.628000259399414,10.52649974822998,10.616999626159668,0,10.594919967651368,10.599005039907354,52.55753423863432,0.0012854865619313927,-0.00018841780147682563,0.004471898897026837,EURMAD
2016-09-19,10.583999633789062,10.605999946594238,10.535300254821777,10.52649974822998,0,10.595349979400634,10.585822259602377,42.44849145873983,-0.004594131669788837,-0.00852405398100431,0.004719101968724751,EURMAD
2016-09-20,10.593000411987305,10.605999946594238,10.509900093078613,10.593000411987305,0,10.595349979400634,10.587127378217819,50.051115524146724,-0.00384341913941455,0.0063174526526261765,0.004655808562214889,EURMAD
2016-09-21,10.583999633789062,10.595999717712402,10.538999557495117,10.581999778747559,0,10.590450000762939,10.586195087405043,48.90032846550854,-0.004088997795546945,-0.0010384813378556679,0.004487637765478787,EURMAD
2016-09-22,10.597000122070312,10.630000114440918,10.575200080871582,10.597999572753906,0,10.588649940490722,10.588341357468472,50.676624662346654,-0.0029584676162759393,0.00151198207719494,0.004513414087104613,EURMAD
2016-09-23,10.604000091552734,10.616999626159668,10.526599884033203,10.604000091552734,0,10.586349964141846,10.591188400029246,51.35952011568128,-0.001560336003365137,0.0005661935309240196,0.004502001868485881,EURMAD
2016-09-26,10.61299991607666,10.628999710083008,10.53439998626709,10.61299991607666,0,10.587049961090088,10.595154130219685,52.42347706562899,0.00027078258419521717,0.0008487197704849514,0.0044671892050260256,EURMAD
2016-09-27,10.53439998626709,10.623000144958496,10.53439998626709,10.619999885559082,0,10.591949939727783,10.599671540281392,53.27949046643743,0.0022607359367583513,0.0006595655835084369,0.004307429462334745,EURMAD
2016-09-28,10.607999801635742,10.619999885559082,10.54699993133545,10.607999801635742,0,10.598049926757813,10.601185769618546,51.566601565406565,0.0028367811742349147,-0.0011299514173872538,0.004241377526026058,EURMAD
2016-09-29,10.609000205993652,10.633999824523926,10.56779956817627,10.619000434875488,0,10.598049926757813,10.604424799665262,53.056520019439056,0.004133314069740379,0.0010370129567733866,0.003648401351336924,EURMAD
2016-09-30,10.607999801635742,10.618000030517578,10.547900199890137,10.607999801635742,0,10.59714994430542,10.605074800023532,51.35519752817299,0.004224469509262363,-0.0010359386749451138,0.0036632333058298785,EURMAD
2016-10-03,10.616000175476074,10.621000289916992,10.570899963378906,10.547900199890137,0,10.599289989471435,10.594679418181096,43.204173465618,-0.0005465247387288485,-0.0056654980080540485,0.0029785336318020592,EURMAD
2016-10-04,10.607000350952148,10.633000373840332,10.574999809265137,10.607000350952148,0,10.60068998336792,10.596919587775831,51.37698261855589,0.0004362869720768714,0.005603025241234905,0.0028200380324942035,EURMAD
2016-10-05,10.604999542236328,10.63700008392334,10.5649995803833,10.604999542236328,0,10.602989959716798,10.598388670405013,51.108848123041554,0.0010417155434172543,-0.00018863096536436696,0.002793402100863692,EURMAD
2016-10-06,10.602999687194824,10.604000091552734,10.514200210571289,10.604999542236328,0,10.60368995666504,10.599590647101616,51.108848123041554,0.001504182765483364,0.0,0.0027564145504083847,EURMAD
2016-10-07,10.579000473022461,10.598999977111816,10.527700424194336,10.579000473022461,0,10.601189994812012,10.595846979087224,47.38217991133336,-0.0002246268726437961,-0.0024515860760127017,0.0028592648385364922,EURMAD
2016-10-10,10.600000381469727,10.61299991607666,10.504899978637695,10.527700424194336,0,10.592660045623779,10.583456696379425,41.02559077702408,-0.005668859095383283,-0.004849234004568381,0.003170682471067753,EURMAD
2016-10-11,10.579999923706055,10.595999717712402,10.482600212097168,10.579999923706055,0,10.588660049438477,10.582828192256994,48.596776444201815,-0.005697640971575879,0.004967798987851824,0.003648111068876132,EURMAD
2016-10-12,10.548999786376953,10.553000450134277,10.492199897766113,10.548999786376953,0,10.582760047912597,10.576677573006076,44.91590053099438,-0.00812820592109631,-0.0029300697119705177,0.003733127025701963,EURMAD
2016-10-13,10.529000282287598,10.557000160217285,10.496500015258789,10.529000282287598,0,10.573760032653809,10.568008974693626,42.67041198838905,-0.011535267607522215,-0.0018958673328615117,0.0037096122971442204,EURMAD
2016-10-14,10.543999671936035,10.557999610900879,10.489999771118164,10.543999671936035,0,10.567360019683838,10.563643646919518,44.89544902080507,-0.012876629382967408,0.001424578710826907,0.0037765086430124268,EURMAD
2016-10-17,10.515000343322754,10.545999526977539,10.479599952697754,10.489999771118164,0,10.561569976806641,10.55025385131927,39.0234245137324,-0.018088496031444024,-0.005121386807474759,0.0036985078209538285,EURMAD
2016-10-18,10.529000282287598,10.553000450134277,10.44540023803711,10.529000282287598,0,10.553769969940186,10.546389566040784,44.65377658186069,-0.018854578742159234,0.0037178753117623753,0.0033851375563130255,EURMAD
2016-10-19,10.515000343322754,10.526000022888184,10.479000091552734,10.517000198364258,0,10.544970035552979,10.541046044645052,43.32809037390968,-0.02019719065193648,-0.001139717314238009,0.003381513350836711,EURMAD
2016-10-20,10.529000282287598,10.531999588012695,10.431500434875488,10.529000282287598,0,10.537370109558106,10.538855906034605,45.083858817348265,-0.0200616555030102,0.0011410177519257658,0.003431429922616969,EURMAD
2016-10-21,10.496999740600586,10.498000144958496,10.427000045776367,10.496999740600586,0,10.529170036315918,10.53124569413751,41.40035450943113,-0.02227959390549117,-0.003039276363288268,0.003469325412798675,EURMAD
2016-10-24,10.496000289916992,10.505000114440918,10.432700157165527,10.443099975585938,0,10.520709991455078,10.515219199855405,36.05667930233568,-0.028063092781472676,-0.005134778160103548,0.0035075722453781003,EURMAD
2016-10-25,10.47599983215332,10.503000259399414,10.4399995803833,10.47599983215332,0,10.510309982299805,10.508088405727753,41.05766004903188,-0.029650026786836037,0.003150391803611541,0.003209911554347025,EURMAD
2016-10-26,10.5,10.515999794006348,10.45930004119873,10.5,0,10.50541000366211,10.506617786504524,44.46955837996897,-0.028640915802849776,0.0022909668032846664,0.0032817806035390653,EURMAD
2016-10-27,10.506999969482422,10.520999908447266,10.471400260925293,10.506999969482422,0,10.503209972381592,10.506687274318686,45.461168809580705,-0.026965507457221705,0.0006666637602306125,0.003257213026847428,EURMAD
2016-10-28,10.484999656677246,10.522000312805176,10.440400123596191,10.484999656677246,0,10.497309970855714,10.502744071111152,42.870083677266095,-0.02710057706881308,-0.002093871977641215,0.0032517303017048855,EURMAD
2016-10-31,10.538000106811523,10.538000106811523,10.479900360107422,10.440400123596191,0,10.492350006103516,10.491408807926613,38.126037619107535,-0.030455359864202336,-0.004253651363035793,0.0031254988775336334,EURMAD
2016-11-01,10.531000137329102,10.562000274658203,10.496000289916992,10.531999588012695,0,10.492649936676026,10.498788949760446,50.29248818068564,-0.02542960153261653,0.008773558803506054,0.004126635600687422,EURMAD
2016-11-02,10.5649995803833,10.588000297546387,10.511799812316895,10.567000389099121,0,10.497649955749512,10.511191029640203,54.01346042856133,-0.01841015886100017,0.0033232816611825644,0.00422549145382829,EURMAD
2016-11-03,10.560999870300293,10.593000411987305,10.513999938964844,10.5600004196167,0,10.500749969482422,10.520065464181384,53.156436182972875,-0.013259195258063627,-0.0006624367582727109,0.004232739334553925,EURMAD
2016-11-04,10.581999778747559,10.593999862670898,10.491800308227539,10.583999633789062,0,10.50944995880127,10.531689858655508,55.748832514461526,-0.007157970845911521,0.0022726527669243435,0.004097987647428308,EURMAD
2016-11-07,10.61400032043457,10.61400032043457,10.491800308227539,10.491800308227539,0,10.51431999206543,10.52443721312315,45.36246818540277,-0.009651168905731922,-0.008711198861645841,0.004776583956626277,EURMAD
2016-11-08,10.543999671936035,10.571000099182129,10.529000282287598,10.543000221252441,0,10.521020030975341,10.527812305510292,50.83978329659578,-0.007410220832030134,0.004879993091819745,0.004913549074152251,EURMAD
2016-11-09,10.557000160217285,10.659000396728516,10.49899959564209,10.552000045776367,0,10.526220035552978,10.53221007646776,51.75531964156288,-0.004852110603351889,0.0008536303077926188,0.004881083025683939,EURMAD
2016-11-10,10.496000289916992,10.531999588012695,10.446399688720703,10.512999534606934,0,10.52681999206543,10.528717250674882,47.61681817294863,-0.005903750368149829,-0.003696030231258751,0.005056818835589544,EURMAD
2016-11-11,10.503000259399414,10.515000343322754,10.43589973449707,10.503999710083008,0,10.528719997406006,10.524223152385451,46.68902463000978,-0.007378340170191677,-0.000856066291480384,0.005012964026643518,EURMAD
2016-11-14,10.508999824523926,10.508999824523926,10.358099937438965,10.508999824523926,0,10.53557996749878,10.521455274592444,47.303358552203555,-0.008050692393938519,0.00047602004749847104,0.00476380585341098,EURMAD
2016-11-15,10.430999755859375,10.470000267028809,10.387200355529785,10.425000190734863,0,10.524880027770996,10.503917986618339,39.14276884625283,-0.015186543784389883,-0.007993114015763858,0.004538209548154004,EURMAD
2016-11-16,10.416999816894531,10.449000358581543,10.322799682617188,10.416000366210938,0,10.509780025482177,10.487932964726083,38.3788230404394,-0.02132217923711366,-0.000863292504485913,0.0042796476517206585,EURMAD
2016-11-17,10.416000366210938,10.451000213623047,10.338000297546387,10.414999961853027,0,10.49527997970581,10.474672418749163,38.289365820489714,-0.025966117569229397,-9.604496186033096e-05,0.004294656125230169,EURMAD
2016-11-18,10.286999702453613,10.40999984741211,10.276000022888184,10.303999900817871,0,10.467280006408691,10.443641051852564,29.948199380228644,-0.03816332634426978,-0.010657711132185832,0.0049686054730589835,EURMAD
2016-11-21,10.390999794006348,10.423999786376953,10.370699882507324,10.390999794006348,0,10.457199954986573,10.434069914062343,40.82851022101101,-0.04034447192399071,0.008443312696613248,0.005574157864746611,EURMAD
2016-11-22,10.41100025177002,10.416999816894531,10.351099967956543,10.409000396728516,0,10.44379997253418,10.429511820001647,42.80781071214948,-0.04015763508782655,0.001732326347706259,0.005289933219041289,EURMAD
2016-11-23,10.407999992370605,10.42199993133545,10.343999862670898,10.392000198364258,0,10.42779998779297,10.422691525158484,41.39935113182555,-0.04090975726418833,-0.0016332210314451423,0.005237425406582399,EURMAD
2016-11-24,10.364999771118164,10.385000228881836,10.313199996948242,10.366999626159668,0,10.413199996948242,10.412565725340517,39.34896647348365,-0.04302716635584147,-0.0024057517058674316,0.0051934156322506345,EURMAD
2016-11-25,10.345000267028809,10.394000053405762,10.320899963378906,10.35099983215332,0,10.397900009155274,10.401371926579207,38.050151388052676,-0.04547210386854594,-0.0015433389199681624,0.005190179534499362,EURMAD
2016-11-28,10.390000343322754,10.418999671936035,10.328200340270996,10.390000343322754,0,10.386000061035157,10.399304365987124,42.989916126774105,-0.04375830069981568,0.003767801352704714,0.005425258402949366,EURMAD
2016-11-29,10.39799976348877,10.399999618530273,10.29419994354248,10.39900016784668,0,10.383400058746338,10.399249057234316,44.09767268762518,-0.04119897260616945,0.0008662005992818855,0.004874471948099805,EURMAD
2016-11-30,10.41100025177002,10.416000366210938,10.36400032043457,10.409000396728516,0,10.382700061798095,10.401022028051443,45.36795625527026,-0.03792655800540423,0.0009616529205140889,0.0048826560646622824,EURMAD
2016-12-01,10.388999938964844,10.402999877929688,10.337800025939941,10.38700008392334,0,10.379900074005127,10.398472583664516,43.050292156291505,-0.03668549963307477,-0.002113585547762087,0.004925963567520907,EURMAD
2016-12-02,10.392000198364258,10.42300033569336,10.30459976196289,10.416000366210938,0,10.391100120544433,10.401659453218409,46.90104219144666,-0.03298167924852713,0.002791978632260106,0.0033574335736381625,EURMAD
2016-12-05,10.402000427246094,10.447999954223633,10.357999801635742,10.30459976196289,0,10.382460117340088,10.384012236626496,36.64945051497197,-0.03859062396704971,-0.010695142120907164,0.004075900536177372,EURMAD
2016-12-06,10.430999755859375,10.465999603271484,10.389100074768066,10.428999900817871,0,10.384460067749023,10.392191811934017,49.835706647968415,-0.03262165933396055,0.012072292153856967,0.00576068105927623,EURMAD
2016-12-07,10.442000389099121,10.461999893188477,10.404000282287598,10.444000244140625,0,10.38966007232666,10.401611526880671,51.155931696835694,-0.02637675470583467,0.0014383299899711766,0.005733488545083705,EURMAD
2016-12-08,10.442000389099121,10.47599983215332,10.371000289916992,10.458000183105469,0,10.398760128021241,10.411864009830634,52.41467150685675,-0.020066629114456447,0.001340476698351134,0.0056431904034581586,EURMAD
2016-12-09,10.406000137329102,10.406000137329102,10.317700386047363,10.404000282287598,0,10.404060173034669,10.410434241186444,47.34637119959633,-0.019201803384580884,-0.0051635016133492195,0.005925593384566906,EURMAD
2016-12-12,10.38700008392334,10.406000137329102,10.359800338745117,10.317700386047363,0,10.396830177307129,10.393573540252065,40.59110669609736,-0.025189731605300025,-0.008294876383957428,0.006401192304399245,EURMAD
2016-12-13,10.411999702453613,10.418000221252441,10.329400062561035,10.413000106811523,0,10.398230171203613,10.397105643262876,49.20912466685231,-0.021991808963932158,0.00923652724913726,0.007131397727879316,EURMAD
2016-12-14,10.407999992370605,10.42199993133545,10.35669994354248,10.406999588012695,0,10.398030090332032,10.398904542308296,48.72979711583577,-0.019714368975714436,-0.0005762526397078416,0.007128709224044519,EURMAD
2016-12-15,10.33899974822998,10.373000144958496,10.27079963684082,10.361000061035156,0,10.395430088043213,10.39201281844045,45.10285956156943,-0.021374862658642968,-0.004420056577164044,0.007241246458756101,EURMAD
2016-12-16,10.300000190734863,10.34000015258789,10.266200065612793,10.321000099182129,0,10.385930061340332,10.379101414938937,42.16400416608034,-0.025623111217207395,-0.0038606275086761066,0.007238660508998206,EURMAD
2016-12-19,10.277000427246094,10.345000267028809,10.277000427246094,10.277000427246094,0,10.383170127868652,10.360537598994783,39.14266761561696,-0.032169455157221805,-0.004263120968240441,0.006521019575203317,EURMAD
2016-12-20,10.29800033569336,10.321000099182129,10.258199691772461,10.3149995803833,0,10.371770095825195,10.35225795924724,42.945082502394136,-0.033900482151619116,0.0036974945565309003,0.00515815175899297,EURMAD
2016-12-21,10.281999588012695,10.333000183105469,10.21679973602295,10.281999588012695,0,10.355570030212402,10.339483709931867,40.574142598126,-0.03750284762520728,-0.003199223820945507,0.00511421057085917,EURMAD
2016-12-22,10.29699993133545,10.355999946594238,10.29699993133545,10.295999526977539,0,10.339369964599609,10.331577494849261,42.03618856103764,-0.038781026610164915,0.001361596919451813,0.005115541219235787,EURMAD
2016-12-23,10.312000274658203,10.336999893188477,10.277299880981445,10.331000328063965,0,10.332069969177246,10.331472555433754,45.63719542218193,-0.03654841317427504,0.0033994563611543516,0.0051596231594512884,EURMAD
2016-12-26,10.348999977111816,10.348999977111816,10.348999977111816,10.348999977111816,0,10.335199928283691,10.334659359375218,47.44540370617974,-0.032946839040638665,0.0017422948868712762,0.004442736152776156,EURMAD
2016-12-27,10.348999977111816,10.348999977111816,10.279000282287598,10.348999977111816,0,10.32879991531372,10.337266744418235,47.44540370617974,-0.02974963037137357,0.0,0.0031544751865751654,EURMAD
2016-12-28,10.322999954223633,10.347000122070312,10.268500328063965,10.33899974822998,0,10.32199993133545,10.33758183602037,46.449891534597356,-0.027703406733644798,-0.0009662990534305971,0.003156397057094083,EURMAD
2016-12-29,10.322999954223633,10.35200023651123,10.272600173950195,10.321999549865723,0,10.318099880218506,10.334748693083162,44.73160479195276,-0.027140672907119523,-0.0016442788256347818,0.0028997138100573154,EURMAD
2016-12-30,10.380000114440918,10.388999938964844,10.3371000289917,10.369000434875488,0,10.322899913787841,10.340976282499948,50.21496165492777,-0.02264113081539243,0.004553467066405359,0.0029945589758831035,EURMAD
2017-01-02,10.348999977111816,10.378999710083008,10.305100440979004,10.348999977111816,0,10.330099868774415,10.342435136065742,48.03116901878019,-0.020453308077206245,-0.001928870375624836,0.002656698305138742,EURMAD
2017-01-03,10.34000015258789,10.361000061035156,10.244000434875488,10.33899974822998,0,10.332499885559082,10.341810520095603,46.9321544718213,-0.01930385486746644,-0.0009662990534305971,0.0024755129886100675,EURMAD
2017-01-04,10.321999549865723,10.343000411987305,10.216099739074707,10.321999549865723,0,10.336499881744384,10.338208525508351,45.045216205283964,-0.01953944034339372,-0.0016442788256347818,0.002276667100365229,EURMAD
2017-01-05,10.357999801635742,10.387999534606934,10.299599647521973,10.345999717712402,0,10.34149990081787,10.339625105909086,48.2109206406229,-0.017586800869889174,0.0023251471510665755,0.0023417837565667073,EURMAD
2017-01-06,10.395000457763672,10.404999732971191,10.327400207519531,10.395999908447266,0,10.347999858856202,10.349875070006936,54.13823173906752,-0.011867916541485002,0.004832804185105788,0.0025723665400605167,EURMAD
2017-01-09,10.366999626159668,10.378000259399414,10.29990005493164,10.366999626159668,0,10.349799823760986,10.352988625671069,50.52620110253703,-0.009565475081586783,-0.0027895616143699398,0.002747916339180863,EURMAD
2017-01-10,10.392999649047852,10.406000137329102,10.357999801635742,10.378999710083008,0,10.352799797058106,10.357717913745965,51.954652405731544,-0.006695288039843206,0.0011575271878141447,0.002763956337184561,EURMAD
2017-01-11,10.378999710083008,10.385000228881836,10.321999549865723,10.371999740600586,0,10.356099796295165,10.360314609537713,51.029092419152654,-0.004928668543744408,-0.0006744358491138636,0.0027506909999001072,EURMAD
2017-01-12,10.38700008392334,10.428999900817871,10.373000144958496,10.388999938964844,0,10.362799835205077,10.365530123979008,53.20922493491367,-0.0021322566069876814,0.0016390473186873589,0.0026850666272733156,EURMAD
2017-01-13,10.401000022888184,10.423999786376953,10.355999946594238,10.395000457763672,0,10.365399837493896,10.370888366485309,53.987864776431636,0.0005616375109696037,0.0005775838708326209,0.0023112595218197484,EURMAD
2017-01-16,10.359000205993652,10.404000282287598,10.339500427246094,10.359000205993652,0,10.36639986038208,10.368726882759553,48.74675218827021,-0.00020597706785174807,-0.0034632275309937066,0.002514209368794823,EURMAD
2017-01-17,10.369000434875488,10.442999839782715,10.35099983215332,10.369000434875488,0,10.369399929046631,10.368776619507905,50.193207425898684,-7.298128288368844e-06,0.0009653662209649916,0.0024973801864028857,EURMAD
2017-01-18,10.406000137329102,10.45300006866455,10.37969970703125,10.406999588012695,0,10.377899932861329,10.375726250145139,55.34972398287385,0.0031797166544329514,0.0036646881612039106,0.0026019899586178607,EURMAD
2017-01-19,10.409000396728516,10.427000045776367,10.366000175476074,10.406000137329102,0,10.383899974822999,10.381230593269494,55.18788478207063,0.00556070121138319,-9.603639119437624e-05,0.002559025991948043,EURMAD
2017-01-20,10.414999961853027,10.434000015258789,10.369500160217285,10.420000076293945,0,10.386299991607666,10.388279590183032,57.08095937781108,0.008479579386117209,0.0013453717835945067,0.0021142467168746406,EURMAD
2017-01-23,10.406999588012695,10.494999885559082,10.406999588012695,10.406999588012695,0,10.390299987792968,10.391683226152061,54.76723662614228,0.009632740379373672,-0.0012476476186239482,0.001916309394939145,EURMAD
2017-01-24,10.460000038146973,10.46500015258789,10.39579963684082,10.461999893188477,0,10.398600006103516,10.404468074704136,61.81844821501518,0.014813928004869581,0.005284933924580182,0.0024663091276166276,EURMAD
2017-01-25,10.418999671936035,10.461000442504883,10.39900016784668,10.444000244140625,0,10.405800056457519,10.411655741874405,58.598978856761434,0.017268573907013973,-0.0017204788024869355,0.0025563134657297796,EURMAD
2017-01-26,10.458000183105469,10.463000297546387,10.379199981689453,10.458000183105469,0,10.412700080871582,10.420082003916416,60.32951431657482,0.020111740911222142,0.001340476698351134,0.002545783515553595,EURMAD
2017-01-27,10.428999900817871,10.456000328063965,10.390999794006348,10.427000045776367,0,10.415900039672852,10.421339829709135,54.86116059254106,0.019637154350816033,-0.002964250983584882,0.002793627966227232,EURMAD
2017-01-30,10.444999694824219,10.444999694824219,10.378000259399414,10.444999694824219,0,10.424499988555908,10.425641623366422,57.282299674787545,0.020477411478523777,0.0017262538571813923,0.0024789139258757876,EURMAD
2017-01-31,10.435999870300293,10.475000381469727,10.38599967956543,10.437000274658203,0,10.43129997253418,10.4277068326922,55.84859160513734,0.02026424139179106,-0.0007658612158676359,0.0025283592460793552,EURMAD
2017-02-01,10.473999977111816,10.479999542236328,10.434399604797363,10.47599983215332,0,10.438199996948242,10.436487378048767,60.97662626836405,0.02297737207681827,0.003736663453943745,0.0025379576627498415,EURMAD
2017-02-02,10.467000007629395,10.48799991607666,10.42199993133545,10.461000442504883,0,10.44370002746582,10.44094429885897,58.17788402378651,0.023644661364336628,-0.001431785976399147,0.002616340723625629,EURMAD
2017-02-03,10.438300132751465,10.472999572753906,10.427000045776367,10.440999984741211,0,10.445800018310546,10.44095442356483,54.58049027547259,0.022302533419114923,-0.0019119067888007102,0.002704864639603189,EURMAD
2017-02-06,10.47700023651123,10.47700023651123,10.40149974822998,10.47700023651123,0,10.452800083160401,10.447508207736902,59.44185717826018,0.023868663706716475,0.003447969717712107,0.002829444464955703,EURMAD
2017-02-07,10.430999755859375,10.446999549865723,10.383099555969238,10.451000213623047,0,10.451700115203858,10.44814311789802,54.87377729540678,0.02274960539730131,-0.0024816285483678646,0.0024657715183956977,EURMAD
2017-02-08,10.428000450134277,10.437999725341797,10.343000411987305,10.409000396728516,0,10.448200130462647,10.441026259503564,48.402796326926214,0.01826318280548911,-0.004018736583679683,0.0027266447597253077,EURMAD
2017-02-09,10.4350004196167,10.4399995803833,10.38599967956543,10.430999755859375,0,10.445500087738036,10.439203258840983,51.620971812168975,0.01629498654251016,0.002113493927598853,0.002789569169558429,EURMAD
2017-02-10,10.420999526977539,10.42300033569336,10.362299919128418,10.401000022888184,0,10.442900085449219,10.432257215940473,47.28945587544155,0.01217411348928188,-0.002876017033203282,0.002780171308032149,EURMAD
2017-02-13,10.420999526977539,10.420999526977539,10.373700141906738,10.420999526977539,0,10.440500068664551,10.430210363401757,50.284427463780254,0.010402174944857734,0.0019228443462497857,0.0027963164143845498,EURMAD
2017-02-14,10.397000312805176,10.414999961853027,10.362000465393066,10.392999649047852,0,10.436100006103516,10.423444778973774,46.316594160110625,0.0066617522054635,-0.002686870665064567,0.002901493265432663,EURMAD
2017-02-15,10.383000373840332,10.390999794006348,10.34000015258789,10.387999534606934,0,10.427299976348877,10.417000189088894,45.62424669669768,0.003256434637084027,-0.0004811040709864489,0.0025105715690031554,EURMAD
2017-02-16,10.397000312805176,10.42199993133545,10.361800193786621,10.39799976348877,0,10.420999908447266,10.413545566252507,47.3203225645737,0.0013490794770820713,0.000962671287048078,0.0025615661193142507,EURMAD
2017-02-17,10.420999526977539,10.432000160217285,10.370100021362305,10.425000190734863,0,10.41939992904663,10.415628225249298,51.70083567656368,0.001993219009792213,0.0025966943508599627,0.0026983115650939947,EURMAD
2017-02-20,10.395999908447266,10.40999984741211,10.3572998046875,10.395999908447266,0,10.411299896240234,10.4120594403762,47.16442185378105,0.0001617591562421694,-0.0027818016073871688,0.002486119352864685,EURMAD
2017-02-21,10.397000312805176,10.397000312805176,10.333700180053711,10.39799976348877,0,10.405999851226806,10.409503135487576,47.50648143622841,-0.0011154561007060693,0.00019236774327779926,0.0024249821487312543,EURMAD
2017-02-22,10.373000144958496,10.38599967956543,10.306900024414062,10.369999885559082,0,10.402099800109863,10.402320726409666,43.28154342984711,-0.00433702007019221,-0.00269281386483633,0.0022408068006306925,EURMAD
2017-02-23,10.373000144958496,10.390999794006348,10.328200340270996,10.37600040435791,0,10.396599864959716,10.397535213309347,44.42228047151566,-0.0063329388307646894,0.0005786421277771403,0.002099686890235573,EURMAD
2017-02-24,10.38700008392334,10.39900016784668,10.355600357055664,10.390000343322754,0,10.395499897003173,10.396165236948148,47.09574114165254,-0.006707718354464376,0.0013492616055570394,0.001996982335933658,EURMAD
2017-02-27,10.368000030517578,10.395999908447266,10.34119987487793,10.368000030517578,0,10.390199947357178,10.391044290324409,43.550440829258406,-0.008679918508722295,-0.002117450633128626,0.0019494969514085845,EURMAD
2017-02-28,10.38599967956543,10.406999588012695,10.35509967803955,10.387999534606934,0,10.389699935913086,10.390490698375777,47.425028512796494,-0.008530771083892219,0.0019289645091133956,0.0019225545271097978,EURMAD
2017-03-01,10.380000114440918,10.38700008392334,10.327799797058105,10.380999565124512,0,10.388999938964844,10.388765037784637,46.22900132118624,-0.008875103047833122,-0.0006738515398563294,0.0019283537572192604,EURMAD
2017-03-02,10.366000175476074,10.371000289916992,10.317099571228027,10.368000030517578,0,10.385999965667725,10.3849895819179,44.009301390010364,-0.010080737939249573,-0.0012522430547637908,0.001924304962182388,EURMAD
2017-03-03,10.357999801635742,10.383999824523926,10.329299926757812,10.354999542236328,0,10.37899990081787,10.37953684743034,41.8453689317622,-0.011947519464200695,-0.0012539051160285197,0.001648613202020427,EURMAD
2017-03-06,10.404000282287598,10.406999588012695,10.345399856567383,10.404000282287598,0,10.379799938201904,10.383984744677115,51.52102298400641,-0.009365052569808796,0.004732085197242553,0.0022003183234099275,EURMAD
2017-03-07,10.38700008392334,10.394000053405762,10.376999855041504,10.385000228881836,0,10.378499984741211,10.384169378168881,48.17409435160053,-0.00875070182657467,-0.0018262257679969585,0.0022799267591736253,EURMAD
2017-03-08,10.385000228881836,10.38700008392334,10.340999603271484,10.381999969482422,0,10.379699993133546,10.383774940225887,47.64772234309273,-0.008408986731097912,-0.00028890316160701257,0.0020983356300735877,EURMAD
2017-03-09,10.369999885559082,10.397000312805176,10.366000175476074,10.373000144958496,0,10.379399967193603,10.381815886540906,46.02323515269798,-0.008763367040184988,-0.000866868093852835,0.0021127887711720676,EURMAD
2017-03-10,10.390000343322754,10.420000076293945,10.357199668884277,10.38700008392334,0,10.379099941253662,10.382758467883166,48.93955736089172,-0.007824343751929419,0.0013496518624505072,0.0021128170185563703,EURMAD
2017-03-13,10.420999526977539,10.430999755859375,10.376500129699707,10.420999526977539,0,10.384399890899658,10.389711387718506,55.26137074471044,-0.004287269151372897,0.003273268776306404,0.002205810864929017,EURMAD
2017-03-14,10.420000076293945,10.420000076293945,10.369799613952637,10.416999816894531,0,10.387299919128418,10.394672920295964,54.40795453323287,-0.0017862642811898866,-0.0003838125193896813,0.002161561291249182,EURMAD
2017-03-15,10.399999618530273,10.411999702453613,10.36340045928955,10.402000427246094,0,10.389400005340576,10.396005194286897,51.213799511547755,-0.0010029637505084565,-0.001439895354909293,0.002212139710741744,EURMAD
2017-03-16,10.45300006866455,10.454000473022461,10.403300285339355,10.449000358581543,0,10.397500038146973,10.405640678704104,59.28063045963245,0.0033714453045678994,0.004518355066813973,0.0025210548005789274,EURMAD
2017-03-17,10.46399974822998,10.468999862670898,10.40250015258789,10.463000297546387,0,10.408300113677978,10.416069700311791,61.3316742389865,0.007877072085033632,0.0013398352458995344,0.002419784634483821,EURMAD
2017-03-20,10.45300006866455,10.479000091552734,10.407500267028809,10.45300006866455,0,10.413200092315673,10.422784312739564,59.04387851255485,0.01051961529755907,-0.0009557706773821728,0.002103520276284486,EURMAD
2017-03-21,10.451000213623047,10.480999946594238,10.432000160217285,10.447999954223633,0,10.419500064849853,10.427368974827576,57.88129187344428,0.012071232727498327,-0.00047834252444967085,0.0019794192913286063,EURMAD
2017-03-22,10.475000381469727,10.482000350952148,10.428099632263184,10.47700023651123,0,10.429000091552734,10.43639284058824,62.49402069466071,0.01546273633540629,0.0027756778727658915,0.0020609001001522733,EURMAD
2017-03-23,10.470000267028809,10.475000381469727,10.428000450134277,10.470999717712402,0,10.438800048828124,10.44268500006536,61.00527161714645,0.01746500989798605,-0.0005727325248993109,0.0020346028446577642,EURMAD
2017-03-24,10.46500015258789,10.479999542236328,10.437199592590332,10.465999603271484,0,10.44670000076294,10.446924018830108,59.72842155080254,0.018435841766283545,-0.0004775202536257961,0.0020756192944628724,EURMAD
2017-03-27,10.473999977111816,10.539999961853027,10.453300476074219,10.473999977111816,0,10.452000045776368,10.451846920335873,61.13026382108062,0.019624576422256013,0.0007644156452892847,0.0018805245765554659,EURMAD
2017-03-28,10.496000289916992,10.503000259399414,10.448699951171875,10.496000289916992,0,10.459900093078613,10.459874805714257,64.7627636049761,0.022087290049743302,0.002100469052248588,0.001913279438151285,EURMAD
2017-03-29,10.480999946594238,10.482999801635742,10.421600341796875,10.480999946594238,0,10.467800045013428,10.463715740419707,60.604106761317716,0.02256845094524884,-0.0014291485240490731,0.0019119105872118318,EURMAD
2017-03-30,10.458000183105469,10.458999633789062,10.410799980163574,10.458000183105469,0,10.46870002746582,10.462676548180754,54.794200064989546,0.020853499562907274,-0.0021944245402122364,0.001597778008831172,EURMAD
2017-03-31,10.428000450134277,10.4350004196167,10.388099670410156,10.428000450134277,0,10.465200042724609,10.456371803081394,48.29119940932087,0.016879088874619086,-0.00286859174277454,0.0017755425219842867,EURMAD
2017-04-03,10.420000076293945,10.437999725341797,10.375900268554688,10.420000076293945,0,10.46190004348755,10.449758761847313,46.699471795814425,0.012934673597390756,-0.0007672011406778534,0.0017691905800894998,EURMAD
2017-04-04,10.420999526977539,10.425000190734863,10.367600440979004,10.420999526977539,0,10.459200000762939,10.444529810052808,46.93478508668048,0.00977664431965053,9.591657161966971e-05,0.0017726067844155038,EURMAD
2017-04-05,10.427000045776367,10.432000160217285,10.383399963378906,10.425000190734863,0,10.453999996185303,10.440978970176817,47.92582850024551,0.007510131375344287,0.00038390403405808016,0.0014498764761804218,EURMAD
2017-04-06,10.423999786376953,10.428999900817871,10.409000396728516,10.423999786376953,0,10.449300003051757,10.437891845849569,47.685999416834996,0.005568983491562207,-9.596204696471489e-05,0.001454921004165941,EURMAD
2017-04-07,10.413999557495117,10.435999870300293,10.367199897766113,10.413999557495117,0,10.44409999847412,10.433547793421486,45.24844177274327,0.0031869378770394974,-0.0009593466123152261,0.0014639277345063555,EURMAD
2017-04-10,10.390999794006348,10.39900016784668,10.345100402832031,10.390999794006348,0,10.435799980163575,10.425811793527824,40.163420113657,-0.0005503945252058884,-0.0022085427756923792,0.0014810708972446678,EURMAD
2017-04-11,10.394000053405762,10.406999588012695,10.358699798583984,10.394000053405762,0,10.425599956512452,10.420027840778358,41.0933993641209,-0.0032328947227355798,0.0002887363544310517,0.001164627148489943,EURMAD
2017-04-12,10.39900016784668,10.404999732971191,10.34850025177002,10.39900016784668,0,10.417399978637695,10.416204627518052,42.691955560272746,-0.004898857033515114,0.00048105776555962265,0.0012363904703507195,EURMAD
2017-04-13,10.42300033569336,10.425999641418457,10.36400032043457,10.42300033569336,0,10.413899993896484,10.417440210822654,49.741947500103144,-0.004233727425605238,0.002307930325925689,0.0014646038219220533,EURMAD
2017-04-14,10.402000427246094,10.402000427246094,10.402000427246094,10.402000427246094,0,10.411299991607667,10.414632977445098,44.57480659465755,-0.00533957325080614,-0.0020147661681783058,0.001317989018526507,EURMAD
2017-04-17,10.402000427246094,10.402000427246094,10.402000427246094,10.402000427246094,0,10.409500026702881,10.412336150136188,44.57480659465755,-0.006145126837493464,0.0,0.0013067431699681307,EURMAD
2017-04-18,10.402000427246094,10.439000129699707,10.38029956817627,10.402000427246094,0,10.407600116729736,10.410456927792534,44.57480659465755,-0.006706228629484556,0.0,0.0013049079808771546,EURMAD
2017-04-19,10.446999549865723,10.449000358581543,10.404500007629395,10.446999549865723,0,10.409800052642822,10.41710104089675,56.63181278414287,-0.003479740438402601,0.00432600661135929,0.001937081099353526,EURMAD
2017-04-20,10.442000389099121,10.46500015258789,10.416000366210938,10.442000389099121,0,10.411600112915039,10.421628195115362,55.19529158566708,-0.001311003364794061,-0.00047852598659925416,0.0019475993745261637,EURMAD
2017-04-21,10.440999984741211,10.449999809265137,10.397700309753418,10.440999984741211,0,10.414300155639648,10.425150338683697,54.89520324103452,0.00032328548614657393,-9.580581503854102e-05,0.0019105438421287062,EURMAD
2017-04-24,10.444999694824219,10.569000244140625,10.444999694824219,10.444999694824219,0,10.419700145721436,10.428759312527427,55.92691450735627,0.0019190922507839048,0.00038307729995712414,0.0017028811638613952,EURMAD
2017-04-25,10.5,10.529999732971191,10.466500282287598,10.5,0,10.43030014038086,10.441712164795167,67.07849442041993,0.007534986940795463,0.005265706728841302,0.0022630300106650696,EURMAD
2017-04-26,10.52299976348877,10.532999992370605,10.46969985961914,10.52299976348877,0,10.442700099945068,10.456491728194003,70.44609636873965,0.013683774603689969,0.002190453665597003,0.0022824864414800207,EURMAD
2017-04-27,10.517000198364258,10.53600025177002,10.471699714660645,10.517000198364258,0,10.452100086212159,10.467493268224958,68.47832217884543,0.017866662596267346,-0.0005701382932011834,0.0023069586570449007,EURMAD
2017-04-28,10.501999855041504,10.532999992370605,10.491100311279297,10.501999855041504,0,10.4621000289917,10.473767193100693,63.688232601786744,0.01974363676873736,-0.001426294859734556,0.002230569762959429,EURMAD
2017-05-01,10.515000343322754,10.52400016784668,10.505999565124512,10.515000343322754,0,10.473400020599366,10.481264129504703,65.91366295119485,0.02202627785770872,0.0012379059665488246,0.002205617339222843,EURMAD
2017-05-02,10.520000457763672,10.524999618530273,10.47920036315918,10.520000457763672,0,10.485200023651123,10.48830709827906,66.75751264011595,0.02396252968785717,0.0004755220425736173,0.00218469504907191,EURMAD
2017-05-03,10.527999877929688,10.529999732971191,10.476799964904785,10.527999877929688,0,10.49330005645752,10.495523967306447,68.11739640083647,0.02584458922970434,0.0007604011233774965,0.0018741653503054037,EURMAD
2017-05-04,10.51099967956543,10.531999588012695,10.486200332641602,10.51099967956543,0,10.50019998550415,10.498337733171716,62.28592245233871,0.025668470890359174,-0.0016147605016501032,0.0019894509972949986,EURMAD
2017-05-05,10.54699993133545,10.552000045776367,10.496100425720215,10.54699993133545,0,10.510799980163574,10.507185405565123,68.44629400887884,0.02810978320568225,0.003425007408192293,0.0021460914340940087,EURMAD
2017-05-08,10.555000305175781,10.555999755859375,10.492500305175781,10.555000305175781,0,10.52180004119873,10.51587902367615,69.63339872602226,0.03034035933508683,0.0007585449788960474,0.002137117929247699,EURMAD
2017-05-09,10.52400016784668,10.529000282287598,10.472700119018555,10.52400016784668,0,10.524200057983398,10.517355595343519,60.18487347592195,0.029269257206969712,-0.002937009609928709,0.0019004361103429161,EURMAD
2017-05-10,10.510000228881836,10.515000343322754,10.456600189208984,10.510000228881836,0,10.522900104522705,10.516018255986848,56.45901028887833,0.026979717591368413,-0.0013302868435537407,0.00182136129154461,EURMAD
2017-05-11,10.501999855041504,10.512999534606934,10.457200050354004,10.501999855041504,0,10.52140007019043,10.513469455814967,54.386946824813066,0.02424025111790762,-0.000761215382122149,0.0018275754294626034,EURMAD
2017-05-12,10.501999855041504,10.527000427246094,10.464300155639648,10.501999855041504,0,10.52140007019043,10.511384073856155,54.386946824813066,0.021817703298324886,0.0,0.0017709187025168789,EURMAD
2017-05-15,10.527000427246094,10.550000190734863,10.500100135803223,10.527000427246094,0,10.522600078582764,10.514223410836143,59.74164342786416,0.021665408592198787,0.0023805534707361797,0.0018922711928924345,EURMAD
2017-05-16,10.545999526977539,10.588000297546387,10.531700134277344,10.54800033569336,0,10.525400066375733,10.52036466990109,63.60640590841875,0.02297439650664579,0.001994861555520977,0.0019831855221132777,EURMAD
2017-05-17,10.590999603271484,10.609000205993652,10.549099922180176,10.590999603271484,0,10.531700038909912,10.533207385059344,69.96453651026144,0.027168281357450752,0.004076532632694363,0.002322895739960824,EURMAD
2017-05-18,10.614999771118164,10.616999626159668,10.56029987335205,10.614999771118164,0,10.542100048065185,10.548078727979128,72.81890090654754,0.03205902183679221,0.0022660909022473863,0.0022344084040045787,EURMAD
2017-05-19,10.597999572753906,10.628999710083008,10.571599960327148,10.597999572753906,0,10.547200012207032,10.557155245210904,67.8968183422065,0.034169312407369645,-0.0016015260226865946,0.0021900356848968574,EURMAD
2017-05-22,10.633000373840332,10.652000427246094,10.595199584960938,10.633000373840332,0,10.555000019073486,10.570945268598072,72.0810233020128,0.038225366788276816,0.0033025856291226674,0.002366075323639823,EURMAD
2017-05-23,10.644000053405762,10.652000427246094,10.601699829101562,10.644000053405762,0,10.567000007629394,10.584227956744924,73.26054037838571,0.041845037772406,0.00103448501633574,0.001982740359459885,EURMAD
2017-05-24,10.625,10.630000114440918,10.584400177001953,10.625,0,10.57849998474121,10.591641055518574,67.92254540459197,0.04268842202934309,-0.0017850482253316535,0.002049682750892744,EURMAD
2017-05-25,10.642999649047852,10.647000312805176,10.595000267028809,10.642999649047852,0,10.592599964141845,10.600978981614805,70.14207797020329,0.04429858486660798,0.0016940846162682988,0.001947712906260398,EURMAD
2017-05-26,10.635000228881836,10.644000053405762,10.598799705505371,10.635000228881836,0,10.605900001525878,10.607164662936082,67.89369532615362,0.04441715089547671,-0.0007516133073189879,0.002018233686857929,EURMAD
2017-05-29,10.62399959564209,10.630000114440918,10.581899642944336,10.598799705505371,0,10.613079929351807,10.605643761585045,58.72046849556756,0.04111607511147852,-0.0034039043344967768,0.0024454607914236124,EURMAD
2017-05-30,10.604000091552734,10.633999824523926,10.568599700927734,10.604000091552734,0,10.618679904937744,10.60534491248826,59.56564730309803,0.03847604852538211,0.0004906580171206709,0.002401648041739363,EURMAD
2017-05-31,10.621000289916992,10.651000022888184,10.593899726867676,10.621000289916992,0,10.621679973602294,10.608191344748029,62.28421456905156,0.03732531932002736,0.0016031873083253156,0.002105135698048384,EURMAD
2017-06-01,10.64799976348877,10.652000427246094,10.59850025177002,10.593899726867676,0,10.619569969177245,10.605592868769783,55.83901531794348,0.033836522812524805,-0.002551601761563327,0.002152104266651986,EURMAD
2017-06-02,10.637999534606934,10.663999557495117,10.595499992370605,10.637999534606934,0,10.623569965362549,10.611484989831082,62.617990775002845,0.03423546721675841,0.0041627548755642785,0.002480917036122347,EURMAD
2017-06-05,10.661999702453613,10.664999961853027,10.606599807739258,10.661999702453613,0,10.626469898223878,10.620669483035178,65.7035686515155,0.03607242602588734,0.0022560790464978275,0.002363196254025418,EURMAD
2017-06-06,10.652999877929688,10.663000106811523,10.606399536132812,10.652999877929688,0,10.62736988067627,10.62654773665236,63.58410071383619,0.03638262227015154,-0.0008441028676688944,0.002370761436987284,EURMAD
2017-06-07,10.65999984741211,10.661999702453613,10.63599967956543,10.65999984741211,0,10.63086986541748,10.632629938608677,64.54216982058037,0.03676943886160622,0.0006570890418315933,0.002280555016760789,EURMAD
2017-06-08,10.652999877929688,10.656000137329102,10.601099967956543,10.652999877929688,0,10.631869888305664,10.636333563939768,62.76388907284368,0.036095073225411056,-0.0006566575593451862,0.0022453528887405694,EURMAD
2017-06-09,10.626999855041504,10.638999938964844,10.583200454711914,10.626999855041504,0,10.63106985092163,10.634636525958266,56.53337417296985,0.03308130831451628,-0.0024406292298988497,0.0023759415989546054,EURMAD
2017-06-12,10.633999824523926,10.663999557495117,10.594499588012695,10.583200454711914,0,10.629509925842285,10.625284513004384,47.90592447516639,0.026849132266130837,-0.004121520742169871,0.00249556045350731,EURMAD
2017-06-13,10.633000373840332,10.640999794006348,10.593199729919434,10.633000373840332,0,10.632409954071045,10.626687396792738,56.10775004800255,0.025633043357940366,0.004705563250126943,0.002932449243541977,EURMAD
2017-06-14,10.633999824523926,10.666000366210938,10.589900016784668,10.633999824523926,0,10.633709907531738,10.628016929107499,56.25660117706021,0.02446788095325836,9.399517054964335e-05,0.0028952130548867035,EURMAD
2017-06-15,10.638999938964844,10.644000053405762,10.57859992980957,10.638999938964844,0,10.638219928741455,10.630013839990653,57.041505286695156,0.023675037703243973,0.0004702007262955554,0.002738116462439034,EURMAD
2017-06-16,10.616000175476074,10.633000373840332,10.57960033416748,10.616000175476074,0,10.63601999282837,10.627465900988001,52.38520642641733,0.02094932424953555,-0.0021618350992308466,0.0024997299825460497,EURMAD
2017-06-19,10.633000373840332,10.657999992370605,10.590700149536133,10.633000373840332,0,10.633120059967041,10.628472168779334,55.29034272371667,0.01993119620802908,0.001601375102039837,0.0024358922254147145,EURMAD
2017-06-20,10.614999771118164,10.621999740600586,10.573100090026855,10.614999771118164,0,10.629320049285889,10.626022641931849,51.693834201344465,0.017470435887608105,-0.0016928996604245183,0.002472644390431315,EURMAD
2017-06-21,10.604999542236328,10.616999626159668,10.569199562072754,10.604999542236328,0,10.62382001876831,10.622200260169027,49.75742436631575,0.014545657425051317,-0.0009420847006558208,0.002451571791308384,EURMAD
2017-06-22,10.618000030517578,10.62600040435791,10.577699661254883,10.618000030517578,0,10.620320034027099,10.621436582050581,52.2610303617318,0.013125477838075383,0.001225882964867031,0.0025109974878336364,EURMAD
2017-06-23,10.612000465393066,10.637999534606934,10.575200080871582,10.612000465393066,0,10.618820095062256,10.619720924476487,50.99806177194848,0.011384625640761925,-0.0005650372110819202,0.002403247923458853,EURMAD
2017-06-26,10.633999824523926,10.657999992370605,10.574199676513672,10.633999824523926,0,10.623900032043457,10.622317088121475,55.266979156248844,0.01164590540953725,0.0020730642825168566,0.0020322774413981896,EURMAD
2017-06-27,10.625,10.758999824523926,10.625,10.625,0,10.623099994659423,10.622804890281206,53.22419586976141,0.010999960190464009,-0.0008463254346845472,0.0014142883814417925,EURMAD
2017-06-28,10.777000427246094,10.821999549865723,10.651900291442871,10.777000427246094,0,10.637400054931641,10.65084044245664,72.02877210022434,0.02249391228984976,0.01430592256433827,0.004767580113983435,EURMAD
2017-06-29,10.706000328063965,10.720999717712402,10.664899826049805,10.706000328063965,0,10.644100093841553,10.660869512567064,59.91274266595964,0.025578978959568843,-0.00658811323813524,0.005393217917166312,EURMAD
2017-06-30,10.722999572753906,10.72700023651123,10.668700218200684,10.722999572753906,0,10.654800033569336,10.67216588714649,61.5791333115972,0.029060620753451616,0.0015878240397004806,0.005306346620799695,EURMAD
2017-07-03,10.718999862670898,10.718999862670898,10.65429973602295,10.668700218200684,0,10.658370018005371,10.671535765519979,53.87525306007462,0.027125655177421493,-0.005063821385500433,0.005633179368521504,EURMAD
2017-07-04,10.692999839782715,10.70300006866455,10.649800300598145,10.692999839782715,0,10.666170024871827,10.675438324476838,56.49810430696927,0.027238963582489006,0.0022776552986816245,0.005613126587224339,EURMAD
2017-07-05,10.6899995803833,10.699000358581543,10.633500099182129,10.6899995803833,0,10.674670028686524,10.67808582555074,56.07412355927155,0.026777985502375756,-0.0002805816369931824,0.005594883921617627,EURMAD
2017-07-06,10.685999870300293,10.708000183105469,10.649399757385254,10.685999870300293,0,10.681470012664795,10.67952474277793,55.476434654714524,0.025792592920140578,-0.00037415437231147486,0.005604623652069106,EURMAD
2017-07-07,10.71500015258789,10.720000267028809,10.667200088500977,10.71500015258789,0,10.691769981384278,10.68597481728883,58.89733975443024,0.027040041843950036,0.0027138576305056894,0.005621358081700361,EURMAD
2017-07-10,10.710000038146973,10.71500015258789,10.659500122070312,10.667200088500977,0,10.695090007781982,10.682561230236493,51.82875018837351,0.02389612871642477,-0.004461041848456637,0.0058551464080420544,EURMAD
2017-07-12,10.753999710083008,10.770000457763672,10.671500205993652,10.753999710083008,0,10.707989978790284,10.69555004475404,60.985428615092324,0.028084814697511007,0.008137057602922493,0.006325369118704774,EURMAD
2017-07-13,10.706999778747559,10.720999717712402,10.660599708557129,10.706999778747559,0,10.700989913940429,10.697631814571043,54.900059344533574,0.02729721158815579,-0.004370460535848997,0.0045390621272283225,EURMAD
2017-07-14,10.708999633789062,10.732000350952148,10.667099952697754,10.708999633789062,0,10.701289844512939,10.6996986907925,55.10533693919851,0.02652859688654985,0.00018678015156714523,0.004030038193421345,EURMAD
2017-07-17,10.732000350952148,10.737000465393066,10.693099975585938,10.667099952697754,0,10.695699882507324,10.693771647502546,49.97318513025253,0.02228166098614004,-0.003912567235421882,0.004167611778256047,EURMAD
2017-07-18,10.734999656677246,10.795000076293945,10.720000267028809,10.734999656677246,0,10.70232982635498,10.701267649170672,56.96748721177343,0.024116868094026245,0.006365338684420907,0.004344848545921499,EURMAD
2017-07-19,10.76200008392334,10.767999649047852,10.714799880981445,10.76200008392334,0,10.709229850769043,10.712309910034794,59.398414477387966,0.027433752553237767,0.002515177280820735,0.004355503852887437,EURMAD
2017-07-20,10.72700023651123,10.793999671936035,10.705400466918945,10.72700023651123,0,10.712929916381835,10.714980878485054,55.05665947249374,0.026927805227117574,-0.0032521694052384253,0.004524294518007327,EURMAD
2017-07-21,10.791999816894531,10.8100004196167,10.757399559020996,10.791999816894531,0,10.72352991104126,10.72898432183223,60.78894798546693,0.031409689885638414,0.006059436836969967,0.004854503059523149,EURMAD
2017-07-24,10.807000160217285,10.819000244140625,10.757800102233887,10.757399559020996,0,10.72776985168457,10.734150728593823,56.64710281203132,0.031803058264817,-0.0032061025259998432,0.004981333889260241,EURMAD
2017-07-25,10.791999816894531,10.815999984741211,10.757800102233887,10.791999816894531,0,10.740249824523925,10.744668744648497,59.61070679365816,0.0345089593806982,0.0032164146812339034,0.004733297668413313,EURMAD
2017-07-26,10.795999526977539,10.800000190734863,10.754300117492676,10.795999526977539,0,10.744449806213378,10.754001614162869,59.951524300610025,0.036554768074909205,0.00037061806438742906,0.004051950893416838,EURMAD
2017-07-27,10.831000328063965,10.843000411987305,10.775799751281738,10.831000328063965,0,10.75684986114502,10.768001380326703,62.9016743542306,0.040533117787241224,0.0032420158039989655,0.003761374678920345,EURMAD
2017-07-28,10.8100004196167,10.84000015258789,10.779600143432617,10.8100004196167,0,10.766949939727784,10.77563756928852,60.04375443382162,0.041512936200970074,-0.0019388706316306736,0.0038805649216928284,EURMAD
2017-07-31,10.829000473022461,10.866999626159668,10.772299766540527,10.779600143432617,0,10.77819995880127,10.776358037314719,56.07203143869272,0.03938242504945144,-0.002812236355598574,0.0037405704411564086,EURMAD
2017-08-01,10.859000205993652,10.868000030517578,10.816200256347656,10.859000205993652,0,10.79060001373291,10.791383886165432,62.96292833524869,0.04359832671567254,0.007365770669091942,0.003907982184485074,EURMAD
2017-08-02,10.850000381469727,10.880000114440918,10.819700241088867,10.850000381469727,0,10.799400043487548,10.802041430766211,61.77994124969719,0.04568660182871476,-0.0008287894238143689,0.003921801938830182,EURMAD
2017-08-03,10.86400032043457,10.883000373840332,10.822500228881836,10.86400032043457,0,10.813100051879882,10.813306683433185,62.94622527186098,0.04791887402184081,0.0012903169099194312,0.003651261190352567,EURMAD
2017-08-04,10.878999710083008,10.885000228881836,10.810999870300293,10.878999710083008,0,10.821800041198731,10.825250870096788,64.20645527153374,0.05031825370041432,0.001380650700113062,0.003247642221379815,EURMAD
2017-08-07,10.842000007629395,10.878000259399414,10.806500434875488,10.840100288391113,0,10.830070114135742,10.82795076433212,58.63664137435913,0.04852159441104931,-0.0035756432326992105,0.003300071668838416,EURMAD
2017-08-08,10.85099983215332,10.861000061035156,10.81779956817627,10.85099983215332,0,10.83597011566162,10.832141503935976,59.69177040458535,0.04743048199829225,0.0010054836645634335,0.0031902712268313564,EURMAD
2017-08-09,10.836000442504883,10.836999893188477,10.786800384521484,10.836000442504883,0,10.839970207214355,10.832843129130323,57.5173737279785,0.044838571024907736,-0.0013823048456780285,0.003248838852931172,EURMAD
2017-08-10,10.840999603271484,10.840999603271484,10.73330020904541,10.840999603271484,0,10.840970134735107,10.834326124428715,58.06565371324377,0.04269568412941993,0.00046134741255565714,0.0030913327543894043,EURMAD
2017-08-11,10.843999862670898,10.869000434875488,10.755599975585938,10.843999862670898,0,10.844370079040527,10.836084985927293,58.412550048453355,0.04076956056932701,0.0002767511769401487,0.0030075013892657937,EURMAD
2017-08-14,10.859000205993652,10.86400032043457,10.788000106811523,10.755599975585938,0,10.841970062255859,10.82145134768341,46.26785112688857,0.03174403618277033,-0.008151963132097317,0.00395105678192646,EURMAD
2017-08-15,10.8100004196167,10.843000411987305,10.777099609375,10.8100004196167,0,10.837070083618164,10.81936936076219,52.77496349614258,0.028650637555497127,0.005057871634706057,0.003500733743787706,EURMAD
2017-08-16,10.831999778747559,10.838000297546387,10.767999649047852,10.831999778747559,0,10.835270023345947,10.821665800395891,55.140868105468996,0.02765546628182669,0.0020350932726087567,0.003582192700940684,EURMAD
2017-08-17,10.824000358581543,10.85200023651123,10.775699615478516,10.824000358581543,0,10.831270027160645,10.822090265520554,54.07992002547863,0.0259224812959733,-0.0007384989225821537,0.0035482014384342103,EURMAD
2017-08-18,10.824000358581543,10.843000411987305,10.791000366210938,10.824000358581543,0,10.825770092010497,10.822437555168007,54.07992002547863,0.024269316634168092,0.0,0.003499334823856038,EURMAD
2017-08-21,10.86299991607666,10.901000022888184,10.795999526977539,10.791000366210938,0,10.82086009979248,10.816721702630357,49.52126277539439,0.020065050722740452,-0.0030487796819447244,0.003451542102543525,EURMAD
2017-08-22,10.895999908447266,10.904999732971191,10.795599937438965,10.895999908447266,0,10.825360107421876,10.831135921869794,60.8340135302773,0.02491848050645551,0.009730288080158411,0.004726987789222606,EURMAD
2017-08-23,10.842000007629395,10.850000381469727,10.812999725341797,10.842000007629395,0,10.825960063934327,10.833111210189722,54.11689726693179,0.024129369525248023,-0.004955938075587474,0.005005591248406054,EURMAD
2017-08-24,10.822999954223633,10.859000205993652,10.769800186157227,10.822999954223633,0,10.824160099029541,10.83127280001407,51.943619933815285,0.02172046783494963,-0.0017524491230761496,0.005035061452210728,EURMAD
2017-08-25,10.817000389099121,10.881999969482422,10.805999755859375,10.817000389099121,0,10.821460151672364,10.828677816211352,51.24382080259252,0.01910702720914159,-0.0005543347639181961,0.005034006335167153,EURMAD
2017-08-28,10.940999984741211,10.940999984741211,10.821200370788574,10.805999755859375,0,10.826500129699706,10.824554532510993,49.915928248727575,0.015964172475104732,-0.0010169763191311132,0.004228925870964578,EURMAD
2017-08-29,10.868000030517578,10.911999702453613,10.860199928283691,10.868000030517578,0,10.832300090789795,10.832453713966734,56.7227137217395,0.018265784864475165,0.005737578758002959,0.0043153382203422975,EURMAD
2017-08-30,10.871999740600586,10.87600040435791,10.820599555969238,10.871999740600586,0,10.836300086975097,10.839643900627433,57.12751389096378,0.020179950533830038,0.00036802632239396615,0.004283400164494688,EURMAD
2017-08-31,10.843999862670898,10.847000122070312,10.79580020904541,10.843999862670898,0,10.838300037384034,10.840435893726244,53.36442232436698,0.019216073539260137,-0.0025754119387185748,0.004374956863882532,EURMAD
2017-09-01,10.85099983215332,10.904999732971191,10.809700012207031,10.85099983215332,0,10.840999984741211,10.842356609803895,54.177078662180286,0.018800314786680872,0.0006455154528837159,0.004376551428233842,EURMAD
2017-09-04,10.809000015258789,10.86299991607666,10.809000015258789,10.809700012207031,0,10.84286994934082,10.836419046604465,48.77653807948837,0.014965756739380609,-0.0038060842857918775,0.004446122955368234,EURMAD
2017-09-05,10.842000007629395,10.87399959564209,10.814299583435059,10.842000007629395,0,10.837469959259034,10.837433766790816,52.74404068375796,0.014367561246107385,0.0029880565960098693,0.003163520411399725,EURMAD
2017-09-06,10.854999542236328,10.883000373840332,10.833100318908691,10.854999542236328,0,10.838769912719727,10.840627544144546,54.27892194120893,0.0147721565833141,0.0011989978415223312,0.0027732380361874904,EURMAD
2017-09-07,10.875,10.937000274658203,10.833399772644043,10.875,0,10.843969917297363,10.846877081572808,56.6138123637092,0.01651628167955721,0.0018425111568038943,0.0027358236562880054,EURMAD
2017-09-08,10.880000114440918,10.954000473022461,10.861700057983398,10.880000114440918,0,10.850269889831543,10.852899451185191,57.202243623239944,0.018093411249626712,0.0004597806382453662,0.002711798145766269,EURMAD
2017-09-11,10.883999824523926,10.895000457763672,10.849599838256836,10.861700057983398,0,10.855839920043945,10.854499561512139,54.299572549242846,0.017663027790824515,-0.0016819904655359652,0.002763095508897772,EURMAD
2017-09-12,10.873000144958496,10.890999794006348,10.816499710083008,10.873000144958496,0,10.856339931488037,10.85786330395693,55.79135670083163,0.018025976146860856,0.0010403608012350407,0.002095813467514355,EURMAD
2017-09-13,10.871999740600586,10.883000373840332,10.833999633789062,10.871999740600586,0,10.856339931488037,10.860433565164866,55.6182628582244,0.0180251088286294,-9.200812513310286e-05,0.0020930548431427934,EURMAD
2017-09-14,10.843000411987305,10.864999771118164,10.807100296020508,10.843000411987305,0,10.856239986419677,10.857263900950764,50.70713932153723,0.015505678204696949,-0.0026673408117354747,0.0021057958420680465,EURMAD
2017-09-15,10.857999801635742,10.892999649047852,10.824299812316895,10.857999801635742,0,10.85693998336792,10.857397701075305,53.01795691042425,0.014551594944743229,0.0013833246406460553,0.002143789477639956,EURMAD
2017-09-18,10.862000465393066,10.907999992370605,10.829899787902832,10.862000465393066,0,10.862170028686524,10.858234567314897,53.64219129726686,0.01395740494171882,0.00036845310650313046,0.0016570919203256025,EURMAD
2017-09-19,10.873000144958496,10.913000106811523,10.8371000289917,10.873000144958496,0,10.865270042419434,10.860919217795551,55.396932923632704,0.01421028003355218,0.0010126752986685528,0.0014272204974746796,EURMAD
2017-09-20,10.883999824523926,10.904000282287598,10.845199584960938,10.883999824523926,0,10.868170070648194,10.865115691746164,57.14391116776339,0.015123928346806537,0.0010116508248672051,0.0014150892321110053,EURMAD
2017-09-21,10.836999893188477,10.899999618530273,10.809700012207031,10.836999893188477,0,10.86437005996704,10.860003728372039,48.41764751465117,0.011918114943288316,-0.0043182591044836904,0.0019084110146776955,EURMAD
2017-09-22,10.869000434875488,10.885000228881836,10.826800346374512,10.869000434875488,0,10.863270092010499,10.861639493190847,53.61175680681619,0.01182336856578381,0.0029528967428638087,0.002170555800471717,EURMAD
2017-09-25,10.857999801635742,10.859000205993652,10.800800323486328,10.826800346374512,0,10.85978012084961,10.855305102860603,46.904226651781855,0.008248009004233836,-0.003882609882466137,0.0024432965059447325,EURMAD
2017-09-26,10.836000442504883,10.83899974822998,10.766799926757812,10.836000442504883,0,10.856080150604248,10.851795164614108,48.41936729040276,0.006086717768356564,0.0008497520815049509,0.0024322311239710574,EURMAD
2017-09-27,10.812000274658203,10.8149995803833,10.755200386047363,10.812000274658203,0,10.850080204010009,10.84455973007667,44.82578574564095,0.0024094908149461247,-0.0022148548234215415,0.002500056361315109,EURMAD
2017-09-28,10.79800033569336,10.833999633789062,10.789999961853027,10.79800033569336,0,10.845580196380615,10.836094385643339,42.82894988719253,-0.00161579028608827,-0.0012948518876435555,0.002406865632103382,EURMAD
2017-09-29,10.810999870300293,10.835000038146973,10.790599822998047,10.810999870300293,0,10.840880203247071,10.831531746490057,45.26703991422064,-0.0037140870742540244,0.0012038835157248684,0.00239261048257065,EURMAD
2017-10-02,10.824000358581543,10.824000358581543,10.757699966430664,10.790599822998047,0,10.833740139007569,10.824089578582418,42.22391277198011,-0.0069430802164500705,-0.0018869713760970575,0.0024150621680890036,EURMAD
2017-10-03,10.793999671936035,10.814000129699707,10.769100189208984,10.793999671936035,0,10.825840091705322,10.818618686464893,42.91270869555313,-0.009122581706408894,0.00031507506475603186,0.0023711609722462546,EURMAD
2017-10-04,10.79699993133545,10.817000389099121,10.764699935913086,10.79699993133545,0,10.817140102386475,10.814688003714084,43.55225632853616,-0.010486870366605672,0.00027795622481030513,0.002322251704270807,EURMAD
2017-10-05,10.800999641418457,10.821999549865723,10.729599952697754,10.800999641418457,0,10.813540077209472,10.812199210569423,44.445777655367564,-0.011117183807526132,0.0003704464303457833,0.001981222617915484,EURMAD
2017-10-06,10.791000366210938,10.807999610900879,10.744400024414062,10.791000366210938,0,10.805740070343017,10.808344875231516,42.62905459424507,-0.01228199055064394,-0.0009257731265146507,0.0016122143834685883,EURMAD
2017-10-09,10.807999610900879,10.809000015258789,10.757699966430664,10.807999610900879,0,10.803859996795655,10.808282099898673,46.623479547521285,-0.011698557618553096,0.0015753168485814761,0.0013194040187859374,EURMAD
2017-10-10,10.795999526977539,10.822999954223633,10.766799926757812,10.795999526977539,0,10.79985990524292,10.806048904822102,44.2797537623098,-0.012065406801044176,-0.0011102964799551973,0.001295966317586983,EURMAD
2017-10-11,10.822999954223633,10.84000015258789,10.762499809265137,10.822999954223633,0,10.800959873199464,10.809130913804196,50.3299287435919,-0.01006144650215468,0.002500965953048162,0.0014032284958034038,EURMAD
2017-10-12,10.84000015258789,10.845999717712402,10.793299674987793,10.84000015258789,0,10.805159854888917,10.814743502673958,53.73609054073995,-0.007020590597875298,0.0015707473377215564,0.0013785263246166343,EURMAD
2017-10-13,10.82800006866455,10.848999977111816,10.785599708557129,10.82800006866455,0,10.806859874725342,10.81715378739952,51.073635743018215,-0.00551541855737625,-0.00110701879653341,0.0014198453640232272,EURMAD
2017-10-16,10.824999809265137,10.824999809265137,10.774399757385254,10.785599708557129,0,10.80635986328125,10.811416682155446,42.97201608256534,-0.007655663849801542,-0.003915807151694151,0.0018301854446282247,EURMAD
2017-10-17,10.814000129699707,10.838000297546387,10.762999534606934,10.814000129699707,0,10.808359909057618,10.811886399890767,48.82736494385881,-0.006979689513691767,0.002633179601505775,0.0020180048568047473,EURMAD
2017-10-18,10.807000160217285,10.845999717712402,10.79539966583252,10.807000160217285,0,10.809359931945801,10.810997992677406,47.53195715552645,-0.006928941493812957,-0.0006473062140249786,0.002034513941008624,EURMAD
2017-10-19,10.815999984741211,10.835000038146973,10.785499572753906,10.815999984741211,0,10.810859966278077,10.811907445779914,49.391017143596514,-0.006092284633096412,0.0008327773101231006,0.0020466993809742846,EURMAD
2017-10-20,10.833000183105469,10.836999893188477,10.776599884033203,10.833000183105469,0,10.81505994796753,10.815742488930015,52.79356596176835,-0.0040112153184850285,0.0015717639042382991,0.0020544726899638264,EURMAD
2017-10-23,10.809000015258789,10.809000015258789,10.757499694824219,10.776599884033203,0,10.811919975280762,10.808625651676047,42.56828953737,-0.006834205208033239,-0.005206341559951588,0.0026522225175092287,EURMAD
2017-10-24,10.79800033569336,10.805999755859375,10.759499549865723,10.79800033569336,0,10.812120056152343,10.806693776042831,46.780329265165236,-0.007260908206063732,0.0019858259460725503,0.002725240550258494,EURMAD
2017-10-25,10.803000450134277,10.854000091552734,10.758000373840332,10.803000450134277,0,10.810120105743408,10.806022262241274,47.74463180049997,-0.007113604751047831,0.00046305929667278534,0.0025922080805266773,EURMAD
2017-10-26,10.822999954223633,10.847000122070312,10.777199745178223,10.822999954223633,0,10.808420085906983,10.809109115328976,51.52781755241184,-0.005321727304792745,0.0018512916093702536,0.002614704492910827,EURMAD
2017-10-27,10.758000373840332,10.770999908447266,10.712300300598145,10.758000373840332,0,10.801420116424561,10.799816616876495,41.11050730251211,-0.009042339965171564,-0.006005689795640756,0.0032053053631218844,EURMAD
2017-10-30,10.748000144958496,10.79699993133545,10.712599754333496,10.712300300598145,0,10.794090175628662,10.78390455937134,35.6529277412766,-0.015499893163248402,-0.004248008147807236,0.0032444678057930586,EURMAD
2017-10-31,10.772000312805176,10.77400016784668,10.720000267028809,10.76200008392334,0,10.788890171051026,10.779921927471703,44.311306006105205,-0.016417937675250016,0.0046395061686630434,0.003522062760886865,EURMAD
2017-11-01,10.76099967956543,10.765000343322754,10.716699600219727,10.765000343322754,0,10.784690189361573,10.777208912171893,44.794232694815896,-0.01671076738156252,0.0002787826961547779,0.003529235044770951,EURMAD
2017-11-02,10.756999969482422,10.807999610900879,10.721599578857422,10.755999565124512,0,10.778690147399903,10.773352667254187,43.57343989595151,-0.017467767066065676,-0.0008361149940719903,0.0035046925886398593,EURMAD
2017-11-03,10.763999938964844,10.774999618530273,10.720499992370605,10.767999649047852,0,10.77219009399414,10.772379391216672,45.69826161620703,-0.01690452346242033,0.0011156642254104288,0.0034768607065657794,EURMAD
2017-11-06,10.75,10.767999649047852,10.701199531555176,10.720499992370605,0,10.76658010482788,10.76294677324466,39.377393136810475,-0.02005973799834848,-0.004411186685118973,0.003367071565390002,EURMAD
2017-11-07,10.767000198364258,10.770000457763672,10.684399604797363,10.769000053405762,0,10.76368007659912,10.764047369637588,47.380526764326184,-0.018434220438241056,0.004524048418420135,0.003659640591903435,EURMAD
2017-11-08,10.744999885559082,10.74899959564209,10.695099830627441,10.744000434875488,0,10.757780075073242,10.760402472408115,44.145431965808655,-0.018944861771760912,-0.002321442882932012,0.003703934192012532,EURMAD
2017-11-09,10.743000030517578,10.76099967956543,10.717599868774414,10.743000030517578,0,10.749780082702637,10.75723839206438,44.01591586950617,-0.01920884536621159,-9.311283669188875e-05,0.0036143295775136522,EURMAD
2017-11-10,10.76200008392334,10.774999618530273,10.717000007629395,10.76099967956543,0,10.750080013275147,10.757922262519115,47.02728079652386,-0.017760896459286357,0.0016754769614373277,0.0031572175705460825,EURMAD
2017-11-13,10.772000312805176,10.77400016784668,10.723799705505371,10.772000312805176,0,10.75605001449585,10.760481908025671,48.838537848675,-0.015546516784201714,0.0010222687080490012,0.0027807468505902638,EURMAD
2017-11-14,10.770999908447266,10.812000274658203,10.7475004196167,10.769000053405762,0,10.756750011444092,10.762030661731142,48.352940269004506,-0.013873772583057331,-0.0002785238871416684,0.0023858149583641224,EURMAD
2017-11-15,10.810999870300293,10.836999893188477,10.789999961853027,10.8149995803833,0,10.761749935150146,10.771661374213352,55.636143029926586,-0.008735634403519654,0.004271476158363541,0.002733799668990895,EURMAD
2017-11-17,10.810999870300293,10.826000213623047,10.767900466918945,10.807000160217285,0,10.766849994659424,10.778086608032247,54.20460526099611,-0.005248606562098246,-0.0007396597759028456,0.0027288573585176907,EURMAD
2017-11-20,10.824000358581543,10.824000358581543,10.765800476074219,10.824000358581543,0,10.772450065612793,10.786434562677574,56.751422534332576,-0.0011006503317911864,0.0015730728335545674,0.0027445497584240113,EURMAD
2017-11-21,10.802000045776367,10.803999900817871,10.745499610900879,10.795000076293945,0,10.779900074005127,10.78799192878964,51.49078463421693,-0.0001516968827619536,-0.002679257328793927,0.002435932467015888,EURMAD
2017-11-22,10.805000305175781,10.821999549865723,10.76159954071045,10.800999641418457,0,10.783100032806397,10.790356967449425,52.472330076148474,0.001072111691312827,0.0005557725875042774,0.002032797840613474,EURMAD
2017-11-23,10.82800006866455,10.873000144958496,10.808600425720215,10.829000473022461,0,10.791600036621094,10.797383059371793,56.85970833521177,0.004252402848058168,0.0025924296392556556,0.001919859648050557,EURMAD
2017-11-24,10.840999603271484,10.913999557495117,10.804800033569336,10.857000350952148,0,10.80300006866455,10.808222566931857,60.760493105489296,0.008929232018269673,0.0025856382589919402,0.0019691971813488893,EURMAD
2017-11-27,10.890999794006348,10.91100025177002,10.853899955749512,10.804800033569336,0,10.807380104064942,10.807600288138671,51.42486103770569,0.008327528904356285,-0.004807987077041442,0.002681685634243486,EURMAD
2017-11-28,10.888999938964844,10.895999908447266,10.837599754333496,10.88700008392334,0,10.818880081176758,10.822036614644974,61.4653979872666,0.014318477445575795,0.007607734534523347,0.0035249097134557044,EURMAD
2017-11-29,10.873000144958496,10.878999710083008,10.81719970703125,10.869000434875488,0,10.828880119323731,10.83057549105052,58.60859159245833,0.017413197575812944,-0.001653315781124265,0.0036090706017285483,EURMAD
2017-11-30,10.87399959564209,10.899999618530273,10.824899673461914,10.86400032043457,0,10.833780193328858,10.836652732756711,57.80485266999888,0.019240525328422464,-0.0004600344319496408,0.0034280236620343628,EURMAD
2017-12-01,10.881999969482422,10.925000190734863,10.837400436401367,10.880999565124512,0,10.84118013381958,10.84471579318722,59.8221714898718,0.0218089922286282,0.0015647316079296925,0.0034160429337716453,EURMAD
2017-12-04,10.871999740600586,10.880000114440918,10.822199821472168,10.871999740600586,0,10.845980072021485,10.849676510898739,58.23478169417929,0.02285485360176942,-0.000827113765611398,0.003431224058206352,EURMAD
2017-12-05,10.868000030517578,10.881999969482422,10.824899673461914,10.869000434875488,0,10.853380107879639,10.853189951621783,57.68541940591993,0.02317454563283583,-0.00027587433744102885,0.003268145775777349,EURMAD
2017-12-06,10.854000091552734,10.869999885559082,10.816800117492676,10.866000175476074,0,10.8598801612854,10.855519083231652,57.10509081152672,0.022921582279069597,-0.0002760382076889556,0.003282445151703717,EURMAD
2017-12-07,10.85099983215332,10.857000350952148,10.803400039672852,10.857000350952148,0,10.862680149078368,10.855788404635378,55.30765624059291,0.021744242284563953,-0.0008282555106374767,0.003230142209941445,EURMAD
2017-12-08,10.847000122070312,10.847000122070312,10.784500122070312,10.840999603271484,0,10.861080074310303,10.853099531660124,52.163965736200666,0.019297614356682757,-0.0014737724199539448,0.0031601300752880433,EURMAD
2017-12-11,10.847999572753906,10.855999946594238,10.845000267028809,10.847999572753906,0,10.865400028228759,10.852172266404448,53.41155966657876,0.017719226914842068,0.0006456941000450023,0.002703154280344127,EURMAD
2017-12-12,10.843999862670898,10.85099983215332,10.79889965057373,10.843000411987305,0,10.861000061035156,10.850504656510422,52.36125861051499,0.015881876613899948,-0.00046083710946653866,0.0009475782698351676,EURMAD
2017-12-13,10.826000213623047,10.843000411987305,10.790800094604492,10.829999923706055,0,10.857100009918213,10.846776523273265,49.628168000233366,0.013224291112219788,-0.0011989751717501607,0.0008902017167633306,EURMAD
2017-12-14,10.868000030517578,10.869999885559082,10.816900253295898,10.869000434875488,0,10.857600021362305,10.85081723447367,56.896744193025306,0.01410258494508021,0.003601155258003752,0.0015331816382676434,EURMAD
2017-12-15,10.847999572753906,10.857999801635742,10.807299613952637,10.842000007629395,0,10.853700065612793,10.849214102320165,51.370151389884846,0.012476113438998127,-0.002484168384008667,0.0016200252743334518,EURMAD
2017-12-18,10.835000038146973,10.861000061035156,10.804699897766113,10.835000038146973,0,10.850000095367431,10.846629727015946,50.013806441070656,0.010501232346586065,-0.0006456345210751335,0.0016151932656724842,EURMAD
2017-12-19,10.845000267028809,10.86299991607666,10.810500144958496,10.843999862670898,0,10.847500038146972,10.8461515698623,51.776749823902286,0.009552223391800396,0.0008306252415541948,0.0016573986276472812,EURMAD
2017-12-20,10.864999771118164,10.885000228881836,10.825300216674805,10.869999885559082,0,10.847900009155273,10.850487627261716,56.54493461507426,0.010773916510705916,0.0023976413885511416,0.001853076078499002,EURMAD
2017-12-21,10.878999710083008,10.883000373840332,10.831299781799316,10.880000114440918,0,10.850199985504151,10.85585353402157,58.25465673319576,0.012406042864972378,0.0009199842674443293,0.0018446820773405487,EURMAD
2017-12-22,10.85200023651123,10.87600040435791,10.777199745178223,10.875,0,10.853600025177002,10.85933470965401,57.04610346994147,0.013144525405193619,-0.00045956933716218007,0.0017679117571795498,EURMAD
2017-12-25,10.777199745178223,10.880999565124512,10.777199745178223,10.880999565124512,0,10.856900024414063,10.863273774285009,58.167535886545785,0.014051911218373903,0.0005516841493804492,0.001766204595229243,EURMAD
2017-12-26,10.777199745178223,10.880999565124512,10.777199745178223,10.880999565124512,0,10.860699939727784,10.866496645346736,58.167535886545785,0.01460269028889094,0.0,0.0017499337713351372,EURMAD
2017-12-27,10.869000434875488,10.894000053405762,10.840100288391113,10.868000030517578,0,10.864499950408936,10.86676998810507,54.58631030387838,0.013830800016078726,-0.0011947004068081357,0.001749513468199199,EURMAD
2017-12-28,10.88599967956543,10.90999984741211,10.88599967956543,10.885000228881836,0,10.86609992980957,10.87008457733721,58.20987139132598,0.01442456790528368,0.0015642434961833374,0.0014159247027693159,EURMAD
2017-12-29,10.899999618530273,10.935999870300293,10.87279987335205,10.904999732971191,0,10.87239990234375,10.876432787452478,62.04650635027386,0.016320790162868803,0.0018373453071953705,0.001159574752395021,EURMAD
2018-01-01,10.918999671936035,10.918999671936035,10.918999671936035,10.918999671936035,0,10.880799865722656,10.884172220994943,64.50323476535075,0.018737246718995237,0.0012838091983180533,0.0010914714624233111,EURMAD
2018-01-02,10.918999671936035,10.949000358581543,10.903200149536133,10.918999671936035,0,10.88829984664917,10.890504484802413,64.50323476535075,0.020416952035400726,0.0,0.0011178938889935888,EURMAD
2018-01-03,10.942000389099121,10.946999549865723,10.879400253295898,10.942999839782715,0,10.895599842071533,10.900049094798831,68.55062361903217,0.02341483196012284,0.0021980189181949328,0.0010853210096333742,EURMAD
2018-01-04,10.92300033569336,10.951000213623047,10.901399612426758,10.925000190734863,0,10.900099849700927,10.904585657696291,62.77002400440718,0.024060893151341745,-0.0016448550956215113,0.0013012786661315678,EURMAD
2018-01-05,10.946000099182129,10.949999809265137,10.896900177001953,10.944999694824219,0,10.90709981918335,10.911933664446822,66.18230905413215,0.025888270272373504,0.0018306181913219088,0.0013317059385813236,EURMAD
2018-01-08,10.925999641418457,10.925999641418457,10.877699851989746,10.925999641418457,0,10.911599826812743,10.914491114805301,60.50832684896514,0.025509279194974255,-0.0017359574175910275,0.0015306854161403023,EURMAD
2018-01-09,10.914999961853027,10.916000366210938,10.813599586486816,10.902999877929688,0,10.913799858093261,10.912401799009736,54.42554712677994,0.023086905859502238,-0.0021050488965405068,0.0017261854758777314,EURMAD
2018-01-10,10.897000312805176,10.927000045776367,10.813599586486816,10.890999794006348,0,10.91609983444214,10.908510525372757,51.51568748044803,0.019968664718344797,-0.0011006222193610249,0.0017179561731252633,EURMAD
2018-01-11,10.904999732971191,10.937999725341797,10.81470012664795,10.901000022888184,0,10.917699813842773,10.90714497946647,53.7355544060044,0.0180957742226191,0.000918210363693106,0.001673046826087391,EURMAD
2018-01-12,10.958000183105469,10.973999977111816,10.925200462341309,10.932000160217285,0,10.920399856567382,10.911664103239344,59.86948420583413,0.018895135652815753,0.0028437883922587393,0.001810572660623753,EURMAD
2018-01-15,10.979000091552734,11.029999732971191,10.95829963684082,10.979000091552734,0,10.926399898529052,10.923907010205415,67.01084425315179,0.023055369066165454,0.0042992984491976305,0.002209312602934879,EURMAD
2018-01-16,11.003999710083008,11.024999618530273,10.944600105285645,11.005000114440918,0,10.934999942779541,10.938651210975506,70.17295849735969,0.02812614785042733,0.0023681594563595976,0.002269858319864749,EURMAD
2018-01-17,11.031999588012695,11.031999588012695,10.943499565124512,11.008000373840332,0,10.941499996185303,10.951260149678202,70.52406885937964,0.03201779126197657,0.00027262693032392704,0.0022179525843496212,EURMAD
2018-01-18,10.986000061035156,11.005999565124512,10.954700469970703,10.979000091552734,0,10.94689998626709,10.95630377547357,62.825696969058214,0.03238851168669221,-0.0026344732288086092,0.002347284165025081,EURMAD
2018-01-19,11.00100040435791,11.012999534606934,10.968400001525879,10.994999885559082,0,10.951900005340576,10.963339431852752,65.08987111850755,0.033586199157428,0.0014573088507994214,0.002326571290243045,EURMAD
2018-01-22,11.0,11.008000373840332,10.961600303649902,10.968400001525879,0,10.956140041351318,10.964259535429685,58.6898683276137,0.032019881507547865,-0.0024192709695376458,0.002406828313395402,EURMAD
2018-01-23,11.01200008392334,11.019000053405762,10.955599784851074,11.006999969482422,0,10.966540050506591,10.972030523439273,64.19208479605739,0.033507010348108324,0.0035191976907456013,0.0024161223001320014,EURMAD
2018-01-24,11.02299976348877,11.055999755859375,10.990599632263184,11.024999618530273,0,10.979940032958984,10.981661268001272,66.43701793397082,0.0357261629495369,0.001635291096371061,0.002310402037131024,EURMAD
2018-01-25,11.052000045776367,11.095000267028809,11.013699531555176,11.053999900817871,0,10.995240020751954,10.994813746695197,69.72979691090389,0.03937109234454361,0.002630411182859005,0.0023481918428953632,EURMAD
2018-01-26,11.055000305175781,11.083000183105469,11.027400016784668,11.053999900817871,0,11.007439994812012,11.005574865626592,69.72979691090389,0.04177813284097809,0.0,0.0023256318891828032,EURMAD
2018-01-29,11.069999694824219,11.069999694824219,11.011500358581543,11.069999694824219,0,11.01653995513916,11.01728847093525,71.51775676454777,0.0444642235456314,0.0014474212185549007,0.0020499936361062974,EURMAD
2018-01-30,11.053999900817871,11.081999778747559,11.040399551391602,11.055000305175781,0,11.021539974212647,11.024145168069891,67.49295276191543,0.044865463259139204,-0.0013549584518462998,0.0020770396398765486,EURMAD
2018-01-31,11.069000244140625,11.08899974822998,11.039299964904785,11.067000389099121,0,11.027439975738526,11.031937026438841,68.99623546919322,0.04562580917945702,0.0010854892439686736,0.0020849846093815416,EURMAD
2018-02-01,11.072999954223633,11.097999572753906,11.026000022888184,11.072999954223633,0,11.036839962005615,11.039403013308803,69.74944644083861,0.04618016734143815,0.0005421130309546385,0.0017657053246819914,EURMAD
2018-02-02,11.10200023651123,11.104999542236328,11.053799629211426,11.104000091552734,0,11.04773998260498,11.051147936625881,73.3518897372239,0.048561169251392755,0.0027996150507774153,0.0018648767979877832,EURMAD
2018-02-05,11.079999923706055,11.10099983215332,11.042799949645996,11.079999923706055,0,11.058899974822998,11.05639375245864,66.7266930801428,0.047958679646052715,-0.0021613983833571604,0.0018135961917731388,EURMAD
2018-02-06,11.057999610900879,11.07699966430664,11.016300201416016,11.057000160217285,0,11.063899993896484,11.056504008414755,61.0371727874498,0.04510536700292178,-0.0020757909428826826,0.0018180008383106914,EURMAD
2018-02-07,11.059000015258789,11.067000389099121,11.008000373840332,11.062999725341797,0,11.067700004577636,11.057685047856037,61.948611852039924,0.042834442155667674,0.000542603331606939,0.001771406822018967,EURMAD
2018-02-08,11.022000312805176,11.032999992370605,10.969599723815918,11.02400016784668,0,11.064700031280518,11.05156052421797,53.23153703698434,0.03745600992922782,-0.0035252244837159497,0.00194975967453203,EURMAD
2018-02-09,11.017999649047852,11.027000427246094,10.972200393676758,11.022000312805176,0,11.061500072479248,11.046185940324735,52.8210778557352,0.032655756814838455,-0.0001814091991160227,0.0019478112435782412,EURMAD
2018-02-12,11.027000427246094,11.079000473022461,10.98169994354248,11.027000427246094,0,11.057200145721435,11.042697665219528,53.78067874587173,0.028921598896404888,0.00045364854826845935,0.0018733513972229699,EURMAD
2018-02-13,11.032999992370605,11.055999755859375,11.007800102233887,11.03499984741211,0,11.055200099945068,11.041298061981816,55.34552217335618,0.0263045161086346,0.0007254393630247158,0.001869491663030667,EURMAD
2018-02-14,11.050000190734863,11.067999839782715,11.0024995803833,11.048999786376953,0,11.053400039672852,11.042698375508204,58.02407327866374,0.025071132803635265,0.0012686850166225838,0.001884105285874545,EURMAD
2018-02-15,11.086000442504883,11.098999977111816,11.046299934387207,11.088000297546387,0,11.054900074005127,11.050935088606055,64.42582215415328,0.026930247825442066,0.0035297775295026756,0.0022157155462564633,EURMAD
2018-02-16,11.100000381469727,11.116000175476074,11.056699752807617,11.10200023651123,0,11.054700088500976,11.06021966095245,66.40641506072427,0.029196726260515504,0.0012626207241301923,0.0020582531463159003,EURMAD
2018-02-19,11.067000389099121,11.079000473022461,11.033300399780273,11.067000389099121,0,11.053400135040283,11.06145252061548,57.75001809566268,0.027847720383205044,-0.0031525713084571416,0.002192526428415422,EURMAD
2018-02-20,11.064000129699707,11.067999839782715,11.007599830627441,11.065999984741211,0,11.054300117492676,11.062279332274702,57.519218939875465,0.026393649671485164,-9.039525822152061e-05,0.0020823906134483663,EURMAD
2018-02-21,11.045000076293945,11.04699993133545,10.994799613952637,11.043999671936035,0,11.0524001121521,11.05895575766767,52.54576840537513,0.023198627440844888,-0.001988099840548707,0.002172211778583619,EURMAD
2018-02-22,11.020999908447266,11.04699993133545,10.98390007019043,11.026000022888184,0,11.05260009765625,11.052963805889583,48.826000531120165,0.0189951636330683,-0.0016298125301099642,0.0019142698634622803,EURMAD
2018-02-23,11.039999961853027,11.041000366210938,10.990699768066406,11.041000366210938,0,11.054500102996826,11.05078863503892,51.8830206227305,0.016681991015879305,0.0013604519582455232,0.001957862411621541,EURMAD
2018-02-26,11.027999877929688,11.050000190734863,10.990699768066406,11.027999877929688,0,11.054600048065186,11.046645224655423,49.1430005102725,0.013642492139338103,-0.0011774737659674406,0.0019994767534226507,EURMAD
2018-02-27,11.039999961853027,11.045999526977539,10.992400169372559,11.03499984741211,0,11.054600048065186,11.044527883338457,50.6541259255734,0.01166405050373065,0.0006347451541444116,0.0019960781675818925,EURMAD
2018-02-28,11.006999969482422,11.029000282287598,10.962900161743164,11.005000114440918,0,11.050200080871582,11.037341016266177,44.54530197466192,0.007587924649030242,-0.002718598403807615,0.002109887351123883,EURMAD
2018-03-01,10.994999885559082,11.001999855041504,10.951000213623047,10.993000030517578,0,11.0407000541687,11.029279018857341,42.345413138582465,0.0033506350236951477,-0.001090421063021485,0.0015983270605269227,EURMAD
2018-03-02,11.017999649047852,11.041000366210938,10.990599632263184,11.020000457763672,0,11.032500076293946,11.027592007749401,48.50732292753375,0.0021465175759143307,0.0024561472911068805,0.0018054920734878145,EURMAD
2018-03-05,11.038999557495117,11.043999671936035,10.991999626159668,11.038999557495117,0,11.029699993133544,11.029666107703168,52.36523699516548,0.002694256675734863,0.0017240561653570907,0.0017386860729420438,EURMAD
2018-03-06,11.04699993133545,11.069000244140625,11.018400192260742,11.043000221252441,0,11.027400016784668,11.032090491984853,53.16102641526513,0.003411834484717602,0.0003624118052081293,0.0017492249516094934,EURMAD
2018-03-07,11.069000244140625,11.074999809265137,11.022500038146973,11.069999694824219,0,11.030000019073487,11.038983074319283,58.23235831695221,0.006088962175716972,0.0024449400553137046,0.001808325070799549,EURMAD
2018-03-08,11.067000389099121,11.069000244140625,11.012900352478027,11.069000244140625,0,11.03430004119873,11.044440741559526,57.98209377890709,0.008037308748884087,-9.028461708637803e-05,0.0016936666904440942,EURMAD
2018-03-09,11.029000282287598,11.032999992370605,10.976900100708008,11.026000022888184,0,11.032800006866456,11.04108788361928,48.35361108876614,0.0060419807647154045,-0.003884743003344293,0.0021187856326626508,EURMAD
2018-03-12,11.020999908447266,11.038000106811523,10.973099708557129,11.020999908447266,0,11.032100009918214,11.037435524497095,47.36858371995769,0.004010965599327676,-0.00045348398608180407,0.0020913572553217627,EURMAD
2018-03-13,11.027000427246094,11.060999870300293,10.987799644470215,11.031999588012695,0,11.03179998397827,11.036447172409023,49.791728840301914,0.00325147270745596,0.0009980654801564626,0.002107887694855713,EURMAD
2018-03-14,11.045000076293945,11.052000045776367,10.989999771118164,11.041999816894531,0,11.035499954223633,11.03745674413366,51.95731863276583,0.0034171136550256165,0.0009064747330758127,0.0018940889653484348,EURMAD
2018-03-15,11.032999992370605,11.038999557495117,10.968600273132324,11.031000137329102,0,11.039299964904785,11.03628281562374,49.43173607913818,0.0026304805442833867,-0.000996167338148335,0.0018864138034168632,EURMAD
2018-03-16,10.998000144958496,11.006999969482422,10.967300415039062,10.996999740600586,0,11.036999893188476,11.029140438346802,42.54720303970445,-0.0007280867948331604,-0.0030822587530805468,0.0020074326026829252,EURMAD
2018-03-19,10.996999740600586,11.01099967956543,10.94480037689209,10.996999740600586,0,11.032799911499023,11.023296675120218,42.54720303970445,-0.0033511456867927336,0.0,0.0018939777023351482,EURMAD
2018-03-20,11.012999534606934,11.017000198364258,10.959699630737305,11.01099967956543,0,11.029599857330322,11.021060857746619,46.130038119091594,-0.00425125486492739,0.001273068954722012,0.001954538692975754,EURMAD
2018-03-21,10.980999946594238,11.00100040435791,10.951199531555176,10.982999801635742,0,11.020899868011474,11.014140665726458,40.667685006093954,-0.00714162975540944,-0.002542900621607558,0.0018106283661974548,EURMAD
2018-03-22,11.020999908447266,11.029999732971191,10.970800399780273,11.017000198364258,0,11.015699863433838,11.014660580751514,48.62331484656065,-0.006612500033080337,0.0030957295222251435,0.002187893552007986,EURMAD
2018-03-23,11.013999938964844,11.029999732971191,10.975799560546875,11.015000343322754,0,11.014599895477295,11.014722355764466,48.21381477177364,-0.006282116179487929,-0.00018152446269370515,0.001829482610237396,EURMAD
2018-03-26,11.029000282287598,11.062999725341797,11.005499839782715,11.029000282287598,0,11.015399932861328,11.017318342405034,51.30554264451995,-0.0048348731154685964,0.0012709885182464742,0.0018730389215235832,EURMAD
2018-03-27,11.067000389099121,11.071000099182129,11.011199951171875,11.067000389099121,0,11.01890001296997,11.026351441803959,58.54076643308602,-0.0006145474009660035,0.0034454715603327024,0.0021470314012579836,EURMAD
2018-03-28,11.053999900817871,11.074000358581543,11.013699531555176,11.053999900817871,0,11.020100021362305,11.031378434351943,55.50237624175106,0.0016619029956643772,-0.0011747074929223666,0.0021842907011262185,EURMAD
2018-03-29,11.027000427246094,11.036999702453613,10.990400314331055,11.027000427246094,0,11.019700050354004,11.03058243305997,49.72965122503311,0.0012727035286594912,-0.002442507129910454,0.0023099989591817203,EURMAD
2018-03-30,11.027000427246094,11.027000427246094,11.027000427246094,11.027000427246094,0,11.022700119018555,11.029931159275629,49.72965122503311,0.0009532714274023135,0.0,0.002048936335484651,EURMAD
2018-04-02,11.027000427246094,11.027000427246094,11.027000427246094,11.027000427246094,0,11.025700187683105,11.029398298906623,49.72965122503311,0.000692140619554138,0.0,0.002048936335484651,EURMAD
2018-04-03,11.027000427246094,11.043000221252441,10.987799644470215,11.027000427246094,0,11.027300262451172,11.028962322241071,49.72965122503311,0.00047966331289650554,0.0,0.0020193246708820035,EURMAD
2018-04-04,11.02299976348877,11.04699993133545,10.987000465393066,11.02299976348877,0,11.031300258636474,11.027878220649743,48.71972508969794,-1.1415028378536363e-05,-0.0003628061668918825,0.0018027098479910194,EURMAD
2018-04-05,11.026000022888184,11.027999877929688,10.979299545288086,11.026000022888184,0,11.032200241088868,11.027536730147641,49.54723013138444,-0.00015669599861745098,0.00027218175304266623,0.001527624093414145,EURMAD
2018-04-06,11.008999824523926,11.017000198364258,10.964099884033203,11.008999824523926,0,11.031600189208984,11.024166383670602,45.10570944671485,-0.0016248755912684487,-0.0015418282540330397,0.0016120028761146955,EURMAD
2018-04-09,11.017000198364258,11.032999992370605,10.972700119018555,11.017000198364258,0,11.03040018081665,11.02286344088763,47.49124033072848,-0.0021184351869507623,0.0007267121416889566,0.00157098737817616,EURMAD
2018-04-10,11.029999732971191,11.041999816894531,10.983799934387207,11.029999732971191,0,11.026700115203857,11.024160948539187,51.20199419122387,-0.0014439855546726221,0.0011799522894502257,0.0010919684310808067,EURMAD
2018-04-11,11.03499984741211,11.04800033569336,10.998600006103516,11.03499984741211,0,11.024800109863282,11.026131657425172,52.589831971931304,-0.0005002453967239973,0.00045331954324279167,0.00107396301452334,EURMAD
2018-04-12,11.039999961853027,11.041999816894531,10.986200332641602,11.039999961853027,0,11.026100063323975,11.028653167321144,53.99876643674365,0.0006437224932174246,0.00045311413774884457,0.0007283743079417693,EURMAD
2018-04-13,11.029000282287598,11.034000396728516,10.98550033569336,11.027000427246094,0,11.026100063323975,11.02835266912568,49.850899279791435,0.0004956578515269427,-0.0011774940807836032,0.0008367029126212935,EURMAD
2018-04-16,11.029999732971191,11.052000045776367,10.99940013885498,11.029999732971191,0,11.026399993896485,11.028652135279408,50.79012691056903,0.0006132651234143083,0.00027199651844456163,0.0008411010204464018,EURMAD
2018-04-17,11.045999526977539,11.057000160217285,11.002799987792969,11.045999526977539,0,11.028299903869629,11.031806206497249,55.5704570865373,0.0019747556403721944,0.0014505706612595315,0.000953413386460511,EURMAD
2018-04-18,11.043000221252441,11.045999526977539,11.000900268554688,11.043000221252441,0,11.030299949645997,11.033841481907283,54.50163309527638,0.002779685296497192,-0.0002715286849118703,0.0009481406526470105,EURMAD
2018-04-19,11.041000366210938,11.04699993133545,10.996700286865234,11.041000366210938,0,11.03179998397827,11.03514309723522,53.75916600013129,0.0032191182682517194,-0.00018109707520019835,0.000954150262741133,EURMAD
2018-04-20,11.029000282287598,11.031000137329102,10.974300384521484,11.029000282287598,0,11.033800029754639,11.034026221790196,49.40956725017514,0.002569446599606451,-0.0010868656394635856,0.0008726001949448196,EURMAD
2018-04-23,11.010000228881836,11.010000228881836,10.948699951171875,11.010000228881836,0,11.033100032806397,11.02965785944322,43.419439226534216,0.000515489361324839,-0.0017227357801663512,0.0010319108875235393,EURMAD
2018-04-24,10.980999946594238,10.98799991607666,10.936599731445312,10.980999946594238,0,11.028200054168702,11.020810966197951,36.20467982983538,-0.0034130237498590787,-0.002633994703426401,0.0012107591290133187,EURMAD
2018-04-25,10.98900032043457,10.98900032043457,10.935500144958496,10.98900032043457,0,11.023600101470947,11.01502721242279,39.20586021427045,-0.005813817319792136,0.0007285651470032573,0.0012362959563745558,EURMAD
2018-04-26,10.96500015258789,10.970999717712402,10.92240047454834,10.96500015258789,0,11.016100120544433,11.005931383361899,34.03339856919689,-0.009543069918537483,-0.0021840173943803443,0.0013091954532464863,EURMAD
2018-04-27,10.9399995803833,10.942999839782715,10.888199806213379,10.9399995803833,0,11.007400035858154,10.993943782820335,29.645774186829243,-0.014350443726826256,-0.0022800339130583103,0.0013990285434105913,EURMAD
2018-04-30,10.947999954223633,10.947999954223633,10.891599655151367,10.947999954223633,0,10.999200057983398,10.985590359439115,32.63859208769526,-0.0173151604072892,0.0007312956258862524,0.0014445982015297435,EURMAD
2018-05-01,10.930000305175781,10.930000305175781,10.930000305175781,10.930000305175781,0,10.987600135803223,10.97548307684578,29.588891270644027,-0.02087648980568879,-0.0016441038658305818,0.0012388179763756994,EURMAD
2018-05-02,10.930000305175781,10.930000305175781,10.859999656677246,10.930000305175781,0,10.976300144195557,10.967213481996689,29.588891270644027,-0.02342879643057927,0.0,0.0012606681176539334,EURMAD
2018-05-03,10.883999824523926,10.904000282287598,10.853599548339844,10.883999824523926,0,10.960600090026855,10.95208372609255,23.17162557755742,-0.028831026044182195,-0.004208644040940457,0.001566537015060794,EURMAD
2018-05-04,10.897000312805176,10.899999618530273,10.849800109863281,10.897000312805176,0,10.947400093078613,10.9420685600403,27.928964254163674,-0.031697907433612116,0.0011944587000045637,0.0017743914788960063,EURMAD
2018-05-07,10.888999938964844,10.888999938964844,10.83329963684082,10.888999938964844,0,10.935300064086913,10.932419719844761,26.828017520061806,-0.034221016322179665,-0.0007341812985846019,0.0017696827877902786,EURMAD
2018-05-08,10.876999855041504,10.878999710083008,10.819199562072754,10.876999855041504,0,10.92490005493164,10.922343380789624,25.22200206670341,-0.036765099595459816,-0.0011020372844707804,0.0016867971698634322,EURMAD
2018-05-09,10.854999542236328,10.861000061035156,10.81659984588623,10.854999542236328,0,10.911499977111816,10.910099046507206,22.55604392647912,-0.04009436244536069,-0.0020226453156546587,0.0016050043124391157,EURMAD
2018-05-10,10.847000122070312,10.881999969482422,10.821700096130371,10.847000122070312,0,10.89969997406006,10.898626514791406,21.65956945916784,-0.04288397383735365,-0.0007369341781074956,0.0015738633319275642,EURMAD
2018-05-11,10.871000289916992,10.888999938964844,10.836299896240234,10.871000289916992,0,10.892800045013427,10.893603564814239,30.57480015232757,-0.04266631724972392,0.0022126087928999727,0.0018159404776863287,EURMAD
2018-05-14,10.880999565124512,10.899999618530273,10.849699974060059,10.880999565124512,0,10.886100006103515,10.891311928507015,33.94747875189199,-0.04121189976708095,0.0009198118793900534,0.0018325567911848418,EURMAD
2018-05-15,10.875,10.880000114440918,10.830300331115723,10.875,0,10.880599975585938,10.88834612332392,32.914293289354305,-0.04008134539867925,-0.0005513799617952175,0.0017964092459862376,EURMAD
2018-05-16,10.840999603271484,10.847999572753906,10.788800239562988,10.840999603271484,0,10.871699905395507,10.879737665132566,27.75829820421862,-0.04145109832031402,-0.0031264732623922376,0.001963459423894539,EURMAD
2018-05-17,10.833000183105469,10.840999603271484,10.784799575805664,10.833000183105469,0,10.866599941253662,10.871239941127639,26.69861535392866,-0.04269001975853648,-0.000737885846209374,0.0015629326479839464,EURMAD
2018-05-18,10.824999809265137,10.833999633789062,10.77910041809082,10.824999809265137,0,10.859399890899658,10.862832644425366,25.64420709204353,-0.043812395211547894,-0.0007385187579714847,0.0014498581067857546,EURMAD
2018-05-21,10.817999839782715,10.819999694824219,10.769100189208984,10.77910041809082,0,10.848409938812257,10.84760860327363,20.61420673352528,-0.04785395253807856,-0.0042401285896588314,0.001840563993924006,EURMAD
2018-05-22,10.824000358581543,10.83899974822998,10.793999671936035,10.824000358581543,0,10.84310998916626,10.843316195147795,34.20889997287428,-0.04689330900788846,0.004165462677698573,0.00246116986663213,EURMAD
2018-05-23,10.824999809265137,10.824999809265137,10.75629997253418,10.824999809265137,0,10.84011001586914,10.839985943169129,34.47787680399577,-0.04552654312192139,9.233653459750357e-05,0.002404635256426896,EURMAD
2018-05-24,10.798999786376953,10.810999870300293,10.762200355529785,10.798999786376953,0,10.835309982299805,10.832533914661461,30.93471571073188,-0.046010970044259025,-0.002401849731759831,0.002496137282044593,EURMAD
2018-05-25,10.803000450134277,10.807000160217285,10.758700370788574,10.803000450134277,0,10.828509998321532,10.827164193838335,32.09114687243405,-0.04554702399942023,0.00037046613912994353,0.0023417768280704714,EURMAD
2018-05-28,10.776000022888184,10.800000190734863,10.740699768066406,10.776000022888184,0,10.8180100440979,10.817861617301944,28.609437125698832,-0.046818359340051074,-0.002499345193099356,0.0023408020955074616,EURMAD
2018-05-29,10.769000053405762,10.770999908447266,10.701600074768066,10.769000053405762,0,10.807410049438477,10.808977696593546,27.76829998244075,-0.04783927935948462,-0.0006495888518517345,0.002339071232915888,EURMAD
2018-05-30,10.739999771118164,10.788999557495117,10.726900100708008,10.739999771118164,0,10.797310066223144,10.796436255598021,24.548209463656434,-0.050407381330877854,-0.0026929410478019333,0.0022984614039243795,EURMAD
2018-05-31,10.78499984741211,10.805000305175781,10.748800277709961,10.78499984741211,0,10.792510032653809,10.794356908655127,36.796030945294234,-0.04825523426700151,0.004189951327090213,0.0028151670600057308,EURMAD
2018-06-01,10.793999671936035,10.812999725341797,10.756799697875977,10.793999671936035,0,10.789410018920899,10.794291956524383,38.93111398273221,-0.04530122724049512,0.0008344760919107852,0.0028404917820668216,EURMAD
2018-06-04,10.781000137329102,10.809000015258789,10.760000228881836,10.781000137329102,0,10.789599990844726,10.79187526212524,36.987526242837376,-0.043507580880788765,-0.0012043297204030745,0.002514063136156757,EURMAD
2018-06-05,10.795000076293945,10.800000190734863,10.746399879455566,10.795000076293945,0,10.786699962615966,10.792443410155911,40.436354824348534,-0.04048968525839847,0.0012985751587526462,0.0021217202074198978,EURMAD
2018-06-06,10.803999900817871,10.829000473022461,10.777199745178223,10.803999900817871,0,10.78459997177124,10.794544590276267,42.6108934477323,-0.036945881486717624,0.0008337030532949985,0.00214842532927487,EURMAD
2018-06-07,10.824999809265137,10.845000267028809,10.802300453186035,10.824999809265137,0,10.787199974060059,10.800081902819697,47.43330807830438,-0.032073154991895336,0.0019437160903412742,0.002090502410122086,EURMAD
2018-06-08,10.831000328063965,10.836000442504883,10.767200469970703,10.831000328063965,0,10.789999961853027,10.80570343468229,48.75830436104977,-0.027411311879612654,0.0005543204530769064,0.0020925606593219107,EURMAD
2018-06-11,10.824000358581543,10.84000015258789,10.787699699401855,10.767200469970703,0,10.78912000656128,10.798702895643817,37.83774558171904,-0.028535938441478947,-0.005890486211873824,0.0027584132375647165,EURMAD
2018-06-12,10.826000213623047,10.836000442504883,10.787500381469727,10.826000213623047,0,10.794820022583007,10.803666044367311,49.14315052374465,-0.02440128239726924,0.005461005747625203,0.003250687252162497,EURMAD
2018-06-13,10.817999839782715,10.82800006866455,10.78219985961914,10.817999839782715,0,10.802620029449463,10.806272188988293,47.8675345258879,-0.021522008681547078,-0.0007389962758604929,0.0030900014830047805,EURMAD
2018-06-14,10.836999893188477,10.845000267028809,10.767999649047852,10.836999893188477,0,10.807820034027099,10.811859044297417,51.1130180776029,-0.017505228619123514,0.0017563370019557656,0.002875452558991314,EURMAD
2018-06-15,10.753000259399414,10.77299976348877,10.722700119018555,10.753000259399414,0,10.803720092773437,10.801157447043234,39.426884147576665,-0.02085951441527989,-0.007751188946846788,0.003869431120777787,EURMAD
2018-06-18,10.765999794006348,10.77299976348877,10.732099533081055,10.765999794006348,0,10.802220058441161,10.794765146491073,41.6502623156822,-0.022212800931766807,0.0012089216305533057,0.0038870869974759153,EURMAD
2018-06-19,10.770999908447266,10.781000137329102,10.706999778747559,10.770999908447266,0,10.799820041656494,10.790444194119472,42.524150059173046,-0.02262106128493535,0.00046443568053033957,0.003861835150879929,EURMAD
2018-06-20,10.76200008392334,10.76200008392334,10.710800170898438,10.76200008392334,0,10.79562005996704,10.785272537720175,41.32447705154759,-0.023401068232660194,-0.000835560727919793,0.003847479142352773,EURMAD
2018-06-21,10.755999565124512,10.767999649047852,10.702400207519531,10.755999565124512,0,10.788720035552979,10.779950179066418,40.50400340052261,-0.0242241798111813,-0.0005575653923095558,0.003759733132163938,EURMAD
2018-06-22,10.765999794006348,10.788000106811523,10.739399909973145,10.765999794006348,0,10.782219982147216,10.777413745419132,42.55112947308535,-0.023795269714762313,0.0009297349652430675,0.003774748914537513,EURMAD
2018-06-25,10.78499984741211,10.803999900817871,10.740699768066406,10.78499984741211,0,10.783999919891357,10.778793036690582,46.329642298216456,-0.02167238410013006,0.0017648201531954566,0.0033318316272147475,EURMAD
2018-06-26,10.798999786376953,10.805999755859375,10.743200302124023,10.798999786376953,0,10.781299877166749,10.782466991179012,48.99180949268981,-0.018645371645886755,0.0012980935709705488,0.0028177296975724153,EURMAD
2018-06-27,10.779000282287598,10.782999992370605,10.707599639892578,10.779000282287598,0,10.777399921417237,10.781836680471482,45.51832861381868,-0.01765669985956464,-0.0018519774502250286,0.0028610106182850275,EURMAD
2018-06-28,10.744000434875488,10.760000228881836,10.716500282287598,10.744000434875488,0,10.768099975585937,10.774957363090392,40.15305763046522,-0.01947289412412978,-0.0032470402166722145,0.0028876604226699245,EURMAD
2018-06-29,10.741999626159668,10.776000022888184,10.726400375366211,10.741999626159668,0,10.766999912261962,10.768965047284805,39.86378457352454,-0.020833533697640405,-0.0001862256733837775,0.0015725266213385519,EURMAD
2018-07-02,10.781000137329102,10.781000137329102,10.716400146484375,10.781000137329102,0,10.768499946594238,10.771153245474677,47.76352209457444,-0.018550990777926657,0.00363065653758321,0.0019402058982487906,EURMAD
2018-07-03,10.758000373840332,10.774999618530273,10.711899757385254,10.758000373840332,0,10.767199993133545,10.768761814268432,44.08553314550422,-0.01838600534103918,-0.0021333608381223224,0.0020621594852956626,EURMAD
2018-07-04,10.76099967956543,10.769000053405762,10.70930004119873,10.76099967956543,0,10.767099952697754,10.767350517049703,44.68373666102203,-0.017807955264656172,0.00027879769667893406,0.0020491941217912805,EURMAD
2018-07-05,10.755000114440918,10.776000022888184,10.725899696350098,10.755000114440918,0,10.767000007629395,10.76510498930265,43.67712369045778,-0.01763072515474917,-0.0005575286035836013,0.0020491930243932118,EURMAD
2018-07-06,10.767000198364258,10.795000076293945,10.726300239562988,10.767000198364258,0,10.767100048065185,10.765449572768395,46.28368786573809,-0.01633367805874464,0.0011157679028963585,0.0020594646807564256,EURMAD
2018-07-09,10.784000396728516,10.800000190734863,10.75100040435791,10.784000396728516,0,10.767000102996827,10.768822449852053,49.826227683016036,-0.013775193107646189,0.0015789168803805875,0.0020426466934590566,EURMAD
2018-07-10,10.78600025177002,10.791000366210938,10.72599983215332,10.78600025177002,0,10.765700149536134,10.771945686564411,50.24194788899951,-0.011454167252532343,0.00018544649183338535,0.0019933430822469487,EURMAD
2018-07-11,10.777999877929688,10.78600025177002,10.729000091552734,10.777999877929688,0,10.765600109100342,10.773046448630824,48.51031848286653,-0.010143374341886613,-0.0007417368490251208,0.0019154723827337174,EURMAD
2018-07-12,10.758000373840332,10.765000343322754,10.710000038146973,10.758000373840332,0,10.767000102996827,10.770310798668914,44.39141946067529,-0.010596207865267715,-0.0018555858522794066,0.0016914444731914349,EURMAD
2018-07-13,10.753999710083008,10.758000373840332,10.699999809265137,10.753999710083008,0,10.76820011138916,10.76734514619875,43.59402809775836,-0.011149378727585812,-0.00037187800876570254,0.001696331279036432,EURMAD
2018-07-16,10.76200008392334,10.774999618530273,10.732999801635742,10.76200008392334,0,10.766300106048584,10.76637331669413,45.69479033640202,-0.01081750979510332,0.000743944026038168,0.001205931583548059,EURMAD
2018-07-17,10.770999908447266,10.78499984741211,10.727999687194824,10.770999908447266,0,10.767600059509277,10.7672145151947,48.039213355666966,-0.009716287338456198,0.0008362594734940831,0.0010218898271831729,EURMAD
2018-07-18,10.746999740600586,10.753999710083008,10.6899995803833,10.746999740600586,0,10.766200065612793,10.763539101632134,42.74018980947546,-0.01065732259422525,-0.0022282209684040266,0.0012589660267649197,EURMAD
2018-07-19,10.739999771118164,10.744999885559082,10.675999641418457,10.739999771118164,0,10.764700031280517,10.759259223356867,41.308955536611634,-0.011831552082735897,-0.0006513417373573693,0.001262853758841488,EURMAD
2018-07-20,10.741000175476074,10.767999649047852,10.704000473022461,10.741000175476074,0,10.7621000289917,10.75593939646945,41.60989397044342,-0.01253689561261595,9.314752134348403e-05,0.0011892290996804193,EURMAD
2018-07-23,10.765000343322754,10.77299976348877,10.71500015258789,10.765000343322754,0,10.760200023651123,10.75758684135187,48.44020371011623,-0.011032101278027895,0.0022344444143551634,0.001312389091978045,EURMAD
2018-07-24,10.746999740600586,10.756999969482422,10.711999893188477,10.746999740600586,0,10.75629997253418,10.755661913942545,44.25848224082321,-0.01116335492217857,-0.0016721413978711963,0.0013850664742772038,EURMAD
2018-07-25,10.73900032043457,10.753000259399414,10.73900032043457,10.73900032043457,0,10.752400016784668,10.75263253330473,42.502501385338,-0.01177710163756629,-0.0007443398491762121,0.0013851461551025145,EURMAD
2018-07-26,10.756999969482422,10.765000343322754,10.711000442504883,10.756999969482422,0,10.752299976348876,10.753426612609765,47.545578130097425,-0.010687875902071653,0.0016761009880594813,0.0014118709445797395,EURMAD
2018-07-27,10.730999946594238,10.736000061035156,10.680999755859375,10.730999946594238,0,10.75,10.749349036970578,41.837305485011,-0.011786770659904633,-0.002417032905265959,0.001605253042904685,EURMAD
2018-07-30,10.734999656677246,10.756999969482422,10.70300006866455,10.734999656677246,0,10.747299957275391,10.746740058735426,42.97159845496592,-0.01219434072668868,0.0003727248255440685,0.001584829053742198,EURMAD
2018-07-31,10.753999710083008,10.76200008392334,10.720999717712402,10.753999710083008,0,10.745599937438964,10.748059995344077,48.145066775218844,-0.010859021382236378,0.0017699165359492675,0.0016805473449691903,EURMAD
2018-08-01,10.744000434875488,10.744999885559082,10.699999809265137,10.744999885559082,0,10.745399951934814,10.747503611746804,46.01565286493481,-0.01040701620108564,-0.0008368816037336302,0.0015418584797137229,EURMAD
2018-08-02,10.734999656677246,10.734999656677246,10.666000366210938,10.734999656677246,0,10.744899940490722,10.74523016537052,43.7026475899489,-0.010732021668525604,-0.000930686736932973,0.001557072642348992,EURMAD
2018-08-03,10.689000129699707,10.689000129699707,10.621000289916992,10.689000129699707,0,10.739699935913086,10.735006522521282,34.99011342018234,-0.014533831276054343,-0.004285004978917484,0.002050957900821926,EURMAD
2018-08-06,10.656999588012695,10.65999984741211,10.60099983215332,10.656999588012695,0,10.72889986038208,10.72082344351972,30.443209019494432,-0.01989957909429485,-0.0029937825146149066,0.0019448196344555762,EURMAD
2018-08-07,10.644000053405762,10.656000137329102,10.611000061035156,10.644000053405762,0,10.718599891662597,10.70685555440809,28.80562734760622,-0.024913736651654972,-0.0012198118710219363,0.0019328310744696614,EURMAD
2018-08-08,10.654999732971191,10.663000106811523,10.612000465393066,10.654999732971191,0,10.71019983291626,10.697427223237744,32.132318368698805,-0.027680823129818677,0.0010334159630063233,0.0020340656650696485,EURMAD
2018-08-09,10.65999984741211,10.663999557495117,10.614999771118164,10.65999984741211,0,10.70049982070923,10.6906222458149,33.65003977443861,-0.02913444787235342,0.00046927400903129524,0.0019035617487627521,EURMAD
2018-08-10,10.628000259399414,10.633999824523926,10.567000389099121,10.628000259399414,0,10.690199851989746,10.679236430102993,29.15627613332525,-0.03249398484404331,-0.0030018375676115205,0.0019632634235398016,EURMAD
2018-08-13,10.58899974822998,10.595000267028809,10.538999557495117,10.58899974822998,0,10.67559986114502,10.662829760671535,24.80791585362398,-0.037866950771629604,-0.003669600133378026,0.0020710447353009536,EURMAD
2018-08-14,10.581000328063965,10.592000007629395,10.545000076293945,10.581000328063965,0,10.658299922943115,10.647951682015613,24.01672696621273,-0.042283137642423085,-0.0007554462514132165,0.0017795620401580598,EURMAD
2018-08-15,10.5649995803833,10.5649995803833,10.510000228881836,10.5649995803833,0,10.640299892425537,10.63286948171883,22.472843961071945,-0.0465376669129558,-0.0015122150254759381,0.001759280375709984,EURMAD
2018-08-16,10.562000274658203,10.58899974822998,10.529000282287598,10.562000274658203,0,10.622999954223634,10.61998417134417,22.184955491756895,-0.04957990463958595,-0.0002838907566704574,0.001801540124405492,EURMAD
2018-08-17,10.579000473022461,10.595000267028809,10.515000343322754,10.579000473022461,0,10.611999988555908,10.612532589831131,27.828475260016845,-0.05004226988763705,0.0016095623861180908,0.0017976970156345462,EURMAD
2018-08-20,10.600000381469727,10.600000381469727,10.543999671936035,10.600000381469727,0,10.60630006790161,10.610254006492694,34.17885917549415,-0.04815903321282278,0.0019850560079677226,0.0018816333769153175,EURMAD
2018-08-21,10.642000198364258,10.6899995803833,10.58899974822998,10.640000343322754,0,10.605900096893311,10.615662431370886,44.24267912016434,-0.04294386184441734,0.003773581171086837,0.0022964200081042135,EURMAD
2018-08-22,10.66100025177002,10.70300006866455,10.621000289916992,10.66100025177002,0,10.606500148773193,10.623905671443456,48.67911394935984,-0.03669330625976741,0.001973675542261022,0.002363311109090575,EURMAD
2018-08-23,10.651000022888184,10.664999961853027,10.61299991607666,10.651000022888184,0,10.605600166320801,10.62883191716068,46.77065474823683,-0.032175729045729184,-0.0009380197585283634,0.002378008330717927,EURMAD
2018-08-24,10.63599967956543,10.678999900817871,10.61400032043457,10.63599967956543,0,10.606400108337402,10.630135146688817,43.9850394210703,-0.029466250307821795,-0.0014083506985747007,0.002207911819742997,EURMAD
2018-08-27,10.67300033569336,10.6899995803833,10.626999855041504,10.67300033569336,0,10.61480016708374,10.637928817416915,51.636712673502245,-0.024056022314265846,0.0034788132044623055,0.0020081220624018127,EURMAD
2018-08-28,10.682000160217285,10.70300006866455,10.64900016784668,10.682000160217285,0,10.624900150299073,10.645941788835165,53.30745407923698,-0.018825162273937934,0.0008432328530738609,0.001933464393308625,EURMAD
2018-08-29,10.694000244140625,10.699000358581543,10.635000228881836,10.694000244140625,0,10.637800216674805,10.654679689799794,55.514187512128935,-0.013555106689780771,0.0011233929735399162,0.0017290387919728738,EURMAD
2018-08-30,10.682999610900879,10.696000099182129,10.642000198364258,10.682999610900879,0,10.649900150299072,10.659828766363628,53.03950293755341,-0.010149215004053858,-0.0010286733671783788,0.0018147284290531802,EURMAD
2018-08-31,10.678000450134277,10.6899995803833,10.640000343322754,10.678000450134277,0,10.659800148010254,10.663132708867382,51.9070853449625,-0.007763914228767987,-0.0004679547831771824,0.0018731338502933942,EURMAD
2018-09-03,10.652000427246094,10.664999961853027,10.618000030517578,10.652000427246094,0,10.66500015258789,10.66110865766351,46.3628848877403,-0.007880687079907744,-0.0024349149458835484,0.0021046058078535807,EURMAD
2018-09-04,10.66100025177002,10.66100025177002,10.595000267028809,10.66100025177002,0,10.667100143432616,10.661088947501057,48.41672298142022,-0.007164432661316056,0.000844895246239874,0.0017751142104445341,EURMAD
2018-09-05,10.63599967956543,10.661999702453613,10.598999977111816,10.63599967956543,0,10.664600086212157,10.656527262421852,43.44053735235014,-0.008515966353538573,-0.002345049396320853,0.0018200573205788564,EURMAD
2018-09-06,10.659000396728516,10.666000366210938,10.61400032043457,10.659000396728516,0,10.665400123596191,10.65697692320488,48.66772188368873,-0.007642997177985222,0.0021625345859379586,0.001946372617296025,EURMAD
2018-09-07,10.656000137329102,10.663000106811523,10.607000350952148,10.656000137329102,0,10.66740016937256,10.65679932577292,48.043981789197666,-0.007111284218424885,-0.0002814766195463614,0.001882404462958907,EURMAD
2018-09-10,10.625,10.645000457763672,10.58899974822998,10.625,0,10.662600135803222,10.651017630177842,42.047550748042774,-0.009086605142817561,-0.0029091720091579676,0.0017189245532054406,EURMAD
2018-09-11,10.640000343322754,10.659000396728516,10.595000267028809,10.640000343322754,0,10.65840015411377,10.64901448711328,45.58656458686665,-0.009334061611761868,0.0014117970186120488,0.0017749194060374153,EURMAD
2018-09-12,10.640000343322754,10.651000022888184,10.588000297546387,10.640000343322754,0,10.653000164031983,10.647375551878639,45.58656458686665,-0.009421566690146932,0.0,0.001702385866081251,EURMAD
2018-09-13,10.64799976348877,10.670999526977539,10.602999687194824,10.64799976348877,0,10.649500179290772,10.647489044898663,47.5669172381144,-0.008744626135010591,0.0007518251793137143,0.0017343173438961529,EURMAD
2018-09-14,10.668999671936035,10.680000305175781,10.633000373840332,10.668999671936035,0,10.648600101470947,10.651400067996365,52.45853511646155,-0.00643939937225646,0.0019721927980569376,0.001877956474881496,EURMAD
2018-09-17,10.647000312805176,10.675000190734863,10.621999740600586,10.647000312805176,0,10.648100090026855,10.650600112507057,47.46302485592268,-0.006314861191111021,-0.0020619889218599363,0.0018291246921400047,EURMAD
2018-09-18,10.664999961853027,10.6850004196167,10.595000267028809,10.664999961853027,0,10.648500061035156,10.653218266933596,51.53003360236441,-0.0047094548722537155,0.0016905840630250246,0.0018932877083016387,EURMAD
2018-09-19,10.666999816894531,10.685999870300293,10.63599967956543,10.666999816894531,0,10.651600074768066,10.65572400329013,51.97486740113534,-0.003238456301493997,0.0001875157101414171,0.0016982733204662546,EURMAD
2018-09-20,10.666000366210938,10.708000183105469,10.644000053405762,10.666000366210938,0,10.652300071716308,10.657592432912093,51.71940551228113,-0.002128787318516956,-9.36955752085522e-05,0.001567011114130355,EURMAD
2018-09-21,10.706000328063965,10.720000267028809,10.661999702453613,10.706000328063965,0,10.657300090789795,10.666393868394252,60.15938921381751,0.0019557512896817286,0.0037502306843850697,0.0019413898357463454,EURMAD
2018-09-24,10.699999809265137,10.725000381469727,10.661999702453613,10.699999809265137,0,10.664800071716309,10.672504039461685,58.50707998194511,0.004654926747596377,-0.0005604818433545544,0.001599053166722895,EURMAD
2018-09-25,10.692000389099121,10.711999893188477,10.666000366210938,10.692000389099121,0,10.670000076293945,10.676048830304856,56.28758130938319,0.006078487372349173,-0.0007476093746364709,0.0016382943318344416,EURMAD
2018-09-26,10.704999923706055,10.710000038146973,10.654000282287598,10.704999923706055,0,10.676500034332275,10.68131266546871,59.0089623668417,0.008161542048449988,0.001215818755504916,0.00164309142577202,EURMAD
2018-09-27,10.689000129699707,10.696000099182129,10.64900016784668,10.689000129699707,0,10.68060007095337,10.682710386237982,54.51076920953301,0.008424219072828976,-0.0014946094460884796,0.0017702585379270053,EURMAD
2018-09-28,10.647000312805176,10.652999877929688,10.590999603271484,10.647000312805176,0,10.678400135040283,10.676217645613834,44.846548566435395,0.00518360492002401,-0.003929255906530815,0.0021298054782292893,EURMAD
2018-10-01,10.631999969482422,10.644000053405762,10.598999977111816,10.631999969482422,0,10.676900100708007,10.668178068135393,41.98366701073558,0.0013889812028189397,-0.001408879767263005,0.0020758413488759253,EURMAD
2018-10-02,10.626999855041504,10.630999565124512,10.5649995803833,10.626999855041504,0,10.673100090026855,10.660691120300141,41.043124987622164,-0.0019987129606793275,-0.00047028916998403947,0.0019742038540366646,EURMAD
2018-10-03,10.618000030517578,10.644000053405762,10.579999923706055,10.623000144958496,0,10.668700122833252,10.65383821569257,40.2660373860211,-0.0049491771357317305,-0.00037637246048427553,0.0019650140676313655,EURMAD
2018-10-04,10.592000007629395,10.616999626159668,10.557999610900879,10.592000007629395,0,10.661300086975098,10.642594905135628,34.77104504341624,-0.009677338915821565,-0.0029182092540791515,0.0021117724269544796,EURMAD
2018-10-05,10.604000091552734,10.612000465393066,10.559000015258789,10.604000091552734,0,10.651100063323975,10.635577666302373,38.28215401412285,-0.012314184454305988,0.0011329384360552197,0.0015999277757178826,EURMAD
2018-10-08,10.61400032043457,10.61400032043457,10.550000190734863,10.61400032043457,0,10.642500114440917,10.631654512508227,41.126198012140954,-0.013442017436000597,0.000943061938466272,0.0017081809713748832,EURMAD
2018-10-09,10.593999862670898,10.602999687194824,10.54699993133545,10.60099983215332,0,10.633400058746338,10.626080934261878,38.63374614809845,-0.015209537869324663,-0.0012248434038786282,0.0017130484371159467,EURMAD
2018-10-10,10.607000350952148,10.61299991607666,10.560999870300293,10.607000350952148,0,10.623600101470947,10.622611737296472,40.42832220543952,-0.015942345394451607,0.0005660332887307273,0.001636464808955843,EURMAD
2018-10-11,10.609999656677246,10.631999969482422,10.590999603271484,10.609999656677246,0,10.615700054168702,10.620318631729338,41.35154276737298,-0.016095542338980806,0.0002827666282512187,0.0016631883855218533,EURMAD
2018-10-12,10.63700008392334,10.642999649047852,10.586999893188477,10.63700008392334,0,10.614700031280517,10.623351623037339,49.01220709582722,-0.01387826321504626,0.0025448094363604845,0.0015393713289150158,EURMAD
2018-10-15,10.621000289916992,10.637999534606934,10.593999862670898,10.621000289916992,0,10.613600063323975,10.622924107924549,45.24107941106847,-0.013259258714292343,-0.0015041641327547817,0.0015486887961812757,EURMAD
2018-10-16,10.630000114440918,10.642000198364258,10.58899974822998,10.630000114440918,0,10.613900089263916,10.624210654563889,47.6796855173652,-0.011905246294821481,0.0008473612916166662,0.0015698226188294673,EURMAD
2018-10-17,10.62600040435791,10.630000114440918,10.576000213623047,10.626999855041504,0,10.614300060272218,10.624717781923454,46.92937506620993,-0.010948074963339494,-0.0002822445312430366,0.001567399975448783,EURMAD
2018-10-18,10.605999946594238,10.61299991607666,10.567999839782715,10.605999946594238,0,10.615700054168702,10.621314539136323,41.95299170334136,-0.011748596389301369,-0.00197609002857968,0.0013879599644827949,EURMAD
2018-10-19,10.583000183105469,10.602999687194824,10.545999526977539,10.583000183105469,0,10.613600063323975,10.614348292585259,37.289165339718,-0.014076637370120437,-0.0021685615316409113,0.001510885286817637,EURMAD
2018-10-22,10.612000465393066,10.628999710083008,10.560999870300293,10.612000465393066,0,10.613400077819824,10.61392141491395,45.51401193352428,-0.013426770749584094,0.0027402704134782407,0.0017496178029900006,EURMAD
2018-10-23,10.585000038146973,10.600000381469727,10.54800033569336,10.585000038146973,0,10.61180009841919,10.608662982774499,40.2243560518924,-0.014918484593588133,-0.002544329632678144,0.0018945429429074977,EURMAD
2018-10-24,10.586999893188477,10.593999862670898,10.526000022888184,10.586999893188477,0,10.609800052642822,10.604724239213404,40.773405709699475,-0.01575766244989829,0.0001889329271891338,0.0018824342795381755,EURMAD
2018-10-25,10.559000015258789,10.574000358581543,10.52400016784668,10.559000015258789,0,10.604700088500977,10.596410743948928,35.8134697892838,-0.018469171973308107,-0.0026447414954355875,0.0020235853812740905,EURMAD
2018-10-26,10.552000045776367,10.557000160217285,10.496000289916992,10.552000045776367,0,10.596200084686279,10.588336071553915,34.677741169587904,-0.02094150125123484,-0.0006629386752823319,0.0017227209440552837,EURMAD
2018-10-29,10.559000015258789,10.574999809265137,10.515999794006348,10.559000015258789,0,10.59000005722046,10.583002243136619,36.834938032803734,-0.022081459658405578,0.0006633784545162502,0.0017603198097248132,EURMAD
2018-10-30,10.550000190734863,10.560999870300293,10.496999740600586,10.548999786376953,0,10.581900024414063,10.576819978271224,35.053938196972055,-0.023520687954786013,-0.0009470810557234977,0.0016881921658951729,EURMAD
2018-10-31,10.539999961853027,10.54800033569336,10.498000144958496,10.538000106811523,0,10.573000049591064,10.569761819824006,33.155012759157316,-0.025257713759680556,-0.00104272251286186,0.0016812265158765213,EURMAD
2018-11-01,10.520999908447266,10.569999694824219,10.520999908447266,10.529000282287598,0,10.5653000831604,10.562350631181022,31.644554351548734,-0.02704872893909993,-0.000854035341877446,0.0016337049391561863,EURMAD
2018-11-02,10.553999900817871,10.57699966430664,10.531000137329102,10.559000015258789,0,10.562900066375732,10.561741428286071,41.25224245566412,-0.025750557245057593,0.0028492479976145457,0.0018919822133542724,EURMAD
2018-11-05,10.545999526977539,10.545999526977539,10.487000465393066,10.545999526977539,0,10.55629997253418,10.558879264411791,38.71286067128371,-0.025477093504409964,-0.0012312234361646635,0.0015935829189264704,EURMAD
2018-11-06,10.541999816894531,10.54800033569336,10.498000144958496,10.539999961853027,0,10.551799964904784,10.555446663946562,37.56366703656706,-0.02545110182575172,-0.0005688948789694948,0.0014443365024123436,EURMAD
2018-11-07,10.550000190734863,10.571000099182129,10.52299976348877,10.550999641418457,0,10.548199939727784,10.554638114395997,41.020541989115756,-0.02426322961274252,0.0010436128657722588,0.001508562489274023,EURMAD
2018-11-08,10.545000076293945,10.548999786376953,10.489999771118164,10.548999786376953,0,10.547199916839599,10.55361296384708,40.58062755944839,-0.023215589054720098,-0.00018954175997254463,0.0012731235026141312,EURMAD
2018-11-09,10.517999649047852,10.519000053405762,10.465999603271484,10.517000198364258,0,10.543699932098388,10.546956097395658,34.25109268117164,-0.024682896617912675,-0.003033423894274745,0.0015755809735891683,EURMAD
2018-11-12,10.506999969482422,10.506999969482422,10.430000305175781,10.506999969482422,0,10.538499927520752,10.539691346865979,32.54281527843516,-0.026348949045539527,-0.0009508632398229633,0.0015447668739144887,EURMAD
2018-11-13,10.46399974822998,10.484000205993652,10.432000160217285,10.46500015258789,0,10.530099964141845,10.526111129724507,26.55292942246345,-0.030704400596716752,-0.003997317694538816,0.0019038994088259676,EURMAD
2018-11-14,10.482999801635742,10.496000289916992,10.435999870300293,10.494999885559082,0,10.5257999420166,10.520454539876248,35.66221295072613,-0.0313737426223355,0.0028666729607045305,0.0022226439541183952,EURMAD
2018-11-15,10.496000289916992,10.505999565124512,10.454000473022461,10.489999771118164,0,10.521899890899657,10.514917309192958,34.8856025397223,-0.031939489889861505,-0.00047642825111393616,0.0022173987905959465,EURMAD
2018-11-16,10.491000175476074,10.520000457763672,10.449000358581543,10.487000465393066,0,10.514699935913086,10.50984151941116,34.40165341262532,-0.032258017238332215,-0.00028592047574260704,0.0019125237726343983,EURMAD
2018-11-19,10.52400016784668,10.532999992370605,10.484999656677246,10.52400016784668,0,10.5125,10.512415819126707,44.609833666436444,-0.029188419754500927,0.003528149214421461,0.002311359376407401,EURMAD
2018-11-20,10.527000427246094,10.532999992370605,10.505999565124512,10.534000396728516,0,10.511900043487548,10.516340287781581,47.010023309646584,-0.025653093840643848,0.0009502307793940457,0.0023346911245303676,EURMAD
2018-11-21,10.5,10.529999732971191,10.46500015258789,10.501999855041504,0,10.507000064849853,10.513732936374293,40.90213680816527,-0.025143658414899406,-0.0030378337271517175,0.002473993412288318,EURMAD
2018-11-22,10.510000228881836,10.52400016784668,10.480999946594238,10.510000228881836,0,10.503100109100341,10.513054262284754,42.899593297844305,-0.02381978421755271,0.0007617952724014998,0.0025037731955478673,EURMAD
2018-11-23,10.51200008392334,10.522000312805176,10.45300006866455,10.515000343322754,0,10.502900123596191,10.513408095200752,44.16967040486178,-0.022112240783119574,0.00047574827136331876,0.0023283844582358245,EURMAD
2018-11-26,10.48799991607666,10.503000259399414,10.458999633789062,10.48799991607666,0,10.501000118255615,10.5087884262691,39.11070297126738,-0.02267631074120935,-0.0025678008905857252,0.002453269303947564,EURMAD
2018-11-27,10.484000205993652,10.489999771118164,10.442000389099121,10.486000061035156,0,10.503100109100341,10.504645087135655,38.756627155543704,-0.023019358993831673,-0.0001906803067798224,0.0020583908455840574,EURMAD
2018-11-28,10.472999572753906,10.48799991607666,10.425000190734863,10.472000122070312,0,10.500800132751465,10.498709638941955,36.28042916624233,-0.02414260436281168,-0.0013351076562421182,0.001874767623369649,EURMAD
2018-11-29,10.498000144958496,10.512999534606934,10.458000183105469,10.49899959564209,0,10.501700115203857,10.49876235834198,43.7451443792263,-0.022593706354289367,0.002578253748763304,0.0020669518500426066,EURMAD
2018-11-30,10.506999969482422,10.508999824523926,10.458999633789062,10.505999565124512,0,10.503600025177002,10.50007821412062,45.5268995577633,-0.02056430201449544,0.0006667272837430627,0.002069770993712547,EURMAD
2018-12-03,10.479000091552734,10.505000114440918,10.446000099182129,10.479000091552734,0,10.499100017547608,10.496245828199186,40.233661716488974,-0.02089376599884929,-0.0025699100218321558,0.0018626383200671922,EURMAD
2018-12-04,10.491999626159668,10.515000343322754,10.468999862670898,10.494000434875488,0,10.495100021362305,10.495837574867604,44.120834381026505,-0.0197171788725381,0.0014314670475903402,0.0019078385961039412,EURMAD
2018-12-05,10.489999771118164,10.496000289916992,10.454000473022461,10.48799991607666,0,10.49370002746582,10.494412545996523,42.91831487453951,-0.019049328021088385,-0.000571804702702905,0.0016705610662333212,EURMAD
2018-12-06,10.491999626159668,10.51099967956543,10.447999954223633,10.491000175476074,0,10.491800022125243,10.493792114992806,43.74392035026476,-0.01806965976064312,0.0002860659251928688,0.00164890943571674,EURMAD
2018-12-07,10.50100040435791,10.508999824523926,10.458999633789062,10.503000259399414,0,10.49060001373291,10.495466323066733,47.04311809545119,-0.016138919702184396,0.0011438455554877436,0.0016914047897911722,EURMAD
2018-12-10,10.51099967956543,10.54699993133545,10.472999572753906,10.51099967956543,0,10.492899990081787,10.498290569702858,49.18260763457988,-0.013804181925737069,0.0007616319116869885,0.0014673244582401612,EURMAD
2018-12-11,10.493000030517578,10.508000373840332,10.468000411987305,10.496000289916992,0,10.49390001296997,10.497874155196335,45.47289611800646,-0.013014191310151801,-0.0014270183717727258,0.0015552294748117975,EURMAD
2018-12-12,10.482000350952148,10.505999565124512,10.446000099182129,10.482999801635742,0,10.494999980926513,10.495169727276227,42.48198087173727,-0.013284018909436313,-0.0012386135596564873,0.0015456304534868365,EURMAD
2018-12-13,10.503000259399414,10.557999610900879,10.498000144958496,10.501999855041504,0,10.495300006866454,10.496411568688096,47.87776270688914,-0.01182836369235396,0.0018124633945710844,0.0014236961083213407,EURMAD
2018-12-14,10.550999641418457,10.583000183105469,10.515000343322754,10.548999786376953,0,10.499600028991699,10.505973062813341,58.299090819324505,-0.006803814641472172,0.004475331554388395,0.0020041933619441895,EURMAD
2018-12-17,10.5600004196167,10.581000328063965,10.543000221252441,10.5600004196167,0,10.507700061798095,10.515796218595769,60.299860944814434,-0.001912122395683724,0.0010428129171025091,0.0017115305673337496,EURMAD
2018-12-18,10.583000183105469,10.597000122070312,10.552000045776367,10.581000328063965,0,10.516400051116943,10.527651511226349,63.86416066216311,0.0036173969595783007,0.001988627614848859,0.001744155338622745,EURMAD
2018-12-19,10.595999717712402,10.600000381469727,10.54699993133545,10.586000442504883,0,10.526200103759766,10.538260407822445,64.6773335585682,0.008307287099762917,0.00047255592910788735,0.00168120028540385,EURMAD
2018-12-20,10.57800006866455,10.609999656677246,10.560999870300293,10.57699966430664,0,10.534800052642822,10.54530390900139,61.97376475686994,0.011169021716860073,-0.0008502529588135799,0.00176595772763499,EURMAD
2018-12-21,10.595000267028809,10.598999977111816,10.541999816894531,10.595999717712402,0,10.54409999847412,10.554521328767029,65.27368514900931,0.014799512965280925,0.0017963556782438772,0.001791204039811571,EURMAD
2018-12-24,10.557999610900879,10.595000267028809,10.531000137329102,10.557999610900879,0,10.548799991607666,10.555153743700455,54.99459211498202,0.014443911970214884,-0.003586269141551801,0.002283961119068888,EURMAD
2018-12-25,10.583000183105469,10.583000183105469,10.583000183105469,10.583000183105469,0,10.557499980926513,10.560216732683184,59.51203273326974,0.01599505185683725,0.002367926986734936,0.0022527519365557794,EURMAD
2018-12-26,10.583000183105469,10.583000183105469,10.583000183105469,10.583000183105469,0,10.567500019073487,10.56435917821451,59.51203273326974,0.017028052601549604,0.0,0.002158576309675407,EURMAD
2018-12-27,10.583000183105469,10.600000381469727,10.543000221252441,10.583000183105469,0,10.575600051879883,10.567748451831047,59.51203273326974,0.01764333178784483,0.0,0.002154383313341752,EURMAD
2018-12-28,10.605999946594238,10.63700008392334,10.592000007629395,10.60200023651123,0,10.580900096893311,10.573976049045626,63.03402826407011,0.01943999829622456,0.001795337151755172,0.0017757534853074584,EURMAD
2018-12-31,10.62600040435791,10.656000137329102,10.609000205993652,10.62600040435791,0,10.587500095367432,10.583435022738769,66.9454787694426,0.022540647858408036,0.002263739606798598,0.0018571230230241848,EURMAD
2019-01-01,10.656999588012695,10.656999588012695,10.656999588012695,10.656999588012695,0,10.595100021362304,10.596810398243118,71.18634629056122,0.02718592757493532,0.0029172955463159234,0.001953612525048947,EURMAD
2019-01-02,10.656999588012695,10.668000221252441,10.604999542236328,10.656999588012695,0,10.602199935913086,10.60775388729213,71.1863462905612,0.030515580599850267,0.0,0.001965877085400697,EURMAD
2019-01-03,10.60200023651123,10.61299991607666,10.505999565124512,10.60200023651123,0,10.604699993133545,10.606707768968331,56.318404396772245,0.028389114552588524,-0.00516086643780389,0.0026794550228422926,EURMAD
2019-01-04,10.565999984741211,10.569000244140625,10.520999908447266,10.5649995803833,0,10.601599979400635,10.59912446195287,48.91646156528157,0.0234479379349537,-0.0034899693739400828,0.002853932307280004,EURMAD
2019-01-07,10.553999900817871,10.581000328063965,10.527000427246094,10.553999900817871,0,10.601200008392334,10.59091999629196,46.941286195098336,0.018431965429481778,-0.0010411433982310259,0.002632104440639971,EURMAD
2019-01-08,10.581999778747559,10.581999778747559,10.536999702453613,10.583000183105469,0,10.601200008392334,10.589480030258052,52.398580844256124,0.016605434384837636,0.0027478001288734344,0.002673056425888564,EURMAD
2019-01-09,10.574000358581543,10.60200023651123,10.531999588012695,10.571999549865723,0,10.60009994506836,10.58630176109581,50.28574518212023,0.014107612431763172,-0.0010394626334134793,0.0026933292686463785,EURMAD
2019-01-10,10.609999656677246,10.616999626159668,10.574000358581543,10.607000350952148,0,10.602499961853027,10.590065141069688,56.320612374426155,0.014781945604404712,0.0033107077730503143,0.0029024484920230336,EURMAD
2019-01-11,10.605999946594238,10.623000144958496,10.574000358581543,10.597000122070312,0,10.601999950408935,10.591326046706165,54.29271946057294,0.01434407503849755,-0.0009427951872310603,0.002867348358101661,EURMAD
2019-01-14,10.586999893188477,10.62399959564209,10.569000244140625,10.586999893188477,0,10.598099899291991,10.590539473339312,52.2660540920968,0.013039809755110099,-0.0009436848888024763,0.002757889628195363,EURMAD
2019-01-15,10.621999740600586,10.630000114440918,10.527000427246094,10.621000289916992,0,10.594499969482422,10.596077803626162,58.00575144381743,0.014581630029883996,0.0032115232900296053,0.0027980654192400222,EURMAD
2019-01-16,10.572999954223633,10.60099983215332,10.53600025177002,10.57800006866455,0,10.586600017547607,10.59279094272405,49.84298954676506,0.01219321937568374,-0.004048603717040078,0.003027719110270863,EURMAD
2019-01-17,10.57699966430664,10.583999633789062,10.536999702453613,10.579000473022461,0,10.58430004119873,10.590283584596488,50.01921098731158,0.010262807736404866,9.457405477553138e-05,0.0026010799202454827,EURMAD
2019-01-18,10.57699966430664,10.586000442504883,10.54800033569336,10.574999809265137,0,10.585300064086914,10.587504716354424,49.27365029765666,0.008314280622581549,-0.00037817029761233467,0.0023385145783725277,EURMAD
2019-01-21,10.569999694824219,10.579000473022461,10.531999588012695,10.569999694824219,0,10.58690004348755,10.584321985167113,48.30455425659367,0.006294037650679485,-0.00047282406913495834,0.002314562583932777,EURMAD
2019-01-22,10.572999954223633,10.572999954223633,10.527000427246094,10.571000099182129,0,10.585700035095215,10.581899824078935,48.522700706797835,0.004719303616903758,9.464563735028797e-05,0.0021287999780999285,EURMAD
2019-01-23,10.565999984741211,10.588000297546387,10.527000427246094,10.5649995803833,0,10.585000038146973,10.57882705249791,47.23516520262452,0.0029530825339332267,-0.0005676396502249936,0.002111100431617468,EURMAD
2019-01-24,10.572999954223633,10.586000442504883,10.531000137329102,10.579999923706055,0,10.582299995422364,10.579040301808483,50.753118464282814,0.0027322463091046245,0.0014198148526769483,0.0018428647475449845,EURMAD
2019-01-25,10.560999870300293,10.595000267028809,10.531000137329102,10.559000015258789,0,10.57849998474121,10.575396613344902,46.11745693150395,0.0008528833928984625,-0.0019848684875897193,0.0019142638589803049,EURMAD
2019-01-28,10.593000411987305,10.600000381469727,10.550000190734863,10.593000411987305,0,10.579100036621094,10.578597304007156,53.519785775625564,0.0020830109509351047,0.003220039462011659,0.0022035669363469576,EURMAD
2019-01-29,10.590999603271484,10.602999687194824,10.553999900817871,10.586999893188477,0,10.575699996948241,10.580125047494668,52.15793299680681,0.002544374222411605,-0.0005664607349621376,0.001906879555580515,EURMAD
2019-01-30,10.597999572753906,10.597999572753906,10.552000045776367,10.595999717712402,0,10.577499961853027,10.58301135117062,54.046633317226934,0.003594780175223633,0.0008500826121398131,0.001405635778337088,EURMAD
2019-01-31,10.616999626159668,10.633999824523926,10.586000442504883,10.61299991607666,0,10.580899906158447,10.588463817517173,57.46270968409601,0.005732922826283016,0.0016043977743638305,0.0014758569085664632,EURMAD
2019-02-01,10.611000061035156,10.619999885559082,10.579000473022461,10.616000175476074,0,10.584999942779541,10.593470428055154,58.05532997573608,0.0075821102932920326,0.00028269663838109693,0.0014556840408965932,EURMAD
2019-02-04,10.61299991607666,10.61400032043457,10.569000244140625,10.61299991607666,0,10.589299964904786,10.597021244059063,57.197174543888686,0.008705161145343254,-0.0002826167435777682,0.0014443852790821344,EURMAD
2019-02-05,10.60099983215332,10.607000350952148,10.555000305175781,10.605999946594238,0,10.592799949645997,10.598653735429094,55.14892469351099,0.00892743805196794,-0.0006595655835084369,0.0014817169744135536,EURMAD
2019-02-06,10.588000297546387,10.58899974822998,10.524999618530273,10.586000442504883,0,10.594900035858155,10.5963531367156,49.675508859010364,0.007404447404137926,-0.0018856783132247257,0.0016225255934407322,EURMAD
2019-02-07,10.553000450134277,10.555000305175781,10.522000312805176,10.552000045776367,0,10.592100048065186,10.58828893836301,42.03708983167145,0.0034145575859945154,-0.0032118264979469346,0.0018767201244129113,EURMAD
2019-02-08,10.531000137329102,10.53499984741211,10.470999717712402,10.53600025177002,0,10.589800071716308,10.578781904437012,38.9981620190343,-0.0010266736462298809,-0.0015162806991032562,0.0018343326341366652,EURMAD
2019-02-11,10.505999565124512,10.505999565124512,10.440999984741211,10.470999717712402,0,10.577600002288818,10.559185143214355,29.627505067389038,-0.009679798568996034,-0.006169374763131508,0.0022383871218351384,EURMAD
2019-02-12,10.470000267028809,10.47700023651123,10.442000389099121,10.472000122070312,0,10.566100025177002,10.543333321188165,29.906660436700037,-0.016269196966327115,9.554048179549746e-05,0.0022673443388550154,EURMAD
2019-02-13,10.470000267028809,10.473999977111816,10.432999610900879,10.468000411987305,0,10.553300094604491,10.529636428606189,29.40444092112878,-0.02156549227608373,-0.0003819432807853351,0.0021821270298376097,EURMAD
2019-02-14,10.458999633789062,10.491000175476074,10.432999610900879,10.458000183105469,0,10.537800121307374,10.516611656696966,28.132407070545895,-0.026266989853775513,-0.0009553141467576465,0.0019530973413697948,EURMAD
2019-02-15,10.479000091552734,10.484000205993652,10.4350004196167,10.477999687194824,0,10.524000072479248,10.509591298605667,34.257670887697955,-0.028055758400636677,0.001912364098220598,0.0021712532519138797,EURMAD
2019-02-18,10.482000350952148,10.498000144958496,10.456000328063965,10.482000350952148,0,10.510900115966797,10.504574762668664,35.442982839260196,-0.02881835022849799,0.00038181560190486685,0.0022157422241435216,EURMAD
2019-02-19,10.484000205993652,10.503000259399414,10.439000129699707,10.48799991607666,0,10.49910011291504,10.501561154197391,37.26956119103742,-0.02860881042297514,0.0005723683384504241,0.0022847132607684,EURMAD
2019-02-20,10.501999855041504,10.510000228881836,10.456999778747559,10.49899959564209,0,10.490400028228759,10.501095416278245,40.58858010692154,-0.027241147414304834,0.0010487871523119363,0.0023619916623035604,EURMAD
2019-02-21,10.5,10.512999534606934,10.46399974822998,10.501999855041504,0,10.485400009155274,10.501259859689746,41.49779613600946,-0.025619839208538053,0.000285766217255512,0.002223768175295154,EURMAD
2019-02-22,10.5,10.548999786376953,10.47599983215332,10.498000144958496,0,10.48159999847412,10.500667184284064,40.60564595777538,-0.02437668470398968,-0.00038085223178585537,0.00219333824944075,EURMAD
2019-02-25,10.538000106811523,10.562000274658203,10.505000114440918,10.538000106811523,0,10.488300037384032,10.507454988379965,51.77234532279098,-0.01993402613005557,0.003810245884997121,0.0013727971952105834,EURMAD
2019-02-26,10.552000045776367,10.557000160217285,10.513999938964844,10.553999900817871,0,10.496500015258789,10.515917699732311,55.38556645315351,-0.014949805490367396,0.0015182951076273543,0.001383910943938493,EURMAD
2019-02-27,10.560999870300293,10.581000328063965,10.52299976348877,10.564000129699707,0,10.50609998703003,10.524659959726382,57.52740827274538,-0.010076682109833257,0.0009475297494612178,0.0013222465389719645,EURMAD
2019-02-28,10.574000358581543,10.590999603271484,10.552000045776367,10.57699966430664,0,10.517999935150147,10.534176269650064,60.20210565799959,-0.005106874055476496,0.0012305504020571068,0.001148073356515818,EURMAD
2019-03-01,10.572999954223633,10.581000328063965,10.534000396728516,10.567999839782715,0,10.526999950408936,10.540326009674184,57.50224344969617,-0.0018728865212871426,-0.0008508863391852861,0.0012660421083506472,EURMAD
2019-03-04,10.567000389099121,10.567999839782715,10.515999794006348,10.567000389099121,0,10.535499954223633,10.545175896842354,57.195479982243,0.000602479572293646,-9.457330608875214e-05,0.0012945249065527721,EURMAD
2019-03-05,10.562000274658203,10.5649995803833,10.524999618530273,10.562999725341797,0,10.542999935150146,10.548416592933162,55.909715289896376,0.002215861829389709,-0.00037859975489840103,0.0013476560126313836,EURMAD
2019-03-06,10.555999755859375,10.559000015258789,10.510000228881836,10.557000160217285,0,10.548799991607666,10.549977241530275,53.95099836555942,0.0029760579829449796,-0.000567979293809695,0.0013989828544827027,EURMAD
2019-03-07,10.553000450134277,10.555000305175781,10.510000228881836,10.552000045776367,0,10.553800010681153,10.550345024120473,52.30631104935919,0.0031388685412068185,-0.000473630232550315,0.0014351797956771528,EURMAD
2019-03-08,10.508999824523926,10.529000282287598,10.479000091552734,10.51200008392334,0,10.555200004577637,10.543373216811903,41.42639954239985,3.9775941411690496e-05,-0.0037907469370261904,0.0019676814638590174,EURMAD
2019-03-11,10.526000022888184,10.53600025177002,10.491000175476074,10.526000022888184,0,10.553999996185302,10.540214454280317,45.684776383534725,-0.0012719371004514812,0.0013318054464492857,0.001569029392288571,EURMAD
2019-03-12,10.53600025177002,10.557000160217285,10.505000114440918,10.53499984741211,0,10.552099990844727,10.539266343940643,48.287512751321245,-0.0015672027740691874,0.000855008978183136,0.0015051332915710879,EURMAD
2019-03-13,10.559000015258789,10.565999984741211,10.522000312805176,10.555999755859375,0,10.551299953460694,10.542308782471322,53.845193388757195,-0.00010547004650796055,0.0019933468202588678,0.0016237748312270938,EURMAD
2019-03-14,10.576000213623047,10.576000213623047,10.52400016784668,10.574000358581543,0,10.551000022888184,10.548070887218636,58.010903279939285,0.002476909601600852,0.0017052484973938409,0.001672379659005245,EURMAD
2019-03-15,10.567999839782715,10.57800006866455,10.531999588012695,10.565999984741211,0,10.550800037384032,10.55133072313183,55.60863112235467,0.0038337081693917696,-0.0007566080545703402,0.0016674782310646633,EURMAD
2019-03-18,10.567000389099121,10.586999893188477,10.543000221252441,10.567000389099121,0,10.550800037384032,10.5541797533077,55.85480727175934,0.0049328423445675895,9.468146501556696e-05,0.0016675824453941343,EURMAD
2019-03-19,10.574000358581543,10.602999687194824,10.550999641418457,10.57800006866455,0,10.552300071716308,10.558510719736217,58.574996596854355,0.006615239941794471,0.001040946262931719,0.001691897181533439,EURMAD
2019-03-20,10.595999717712402,10.604000091552734,10.559000015258789,10.597000122070312,0,10.556300067901612,10.56550879288787,62.83499451852577,0.009373644143593651,0.0017961857896036104,0.0017457971289868079,EURMAD
2019-03-21,10.626999855041504,10.635000228881836,10.60200023651123,10.62600040435791,0,10.563700103759766,10.576507267700606,68.2088412872155,0.013741377713316183,0.0027366501796295406,0.0018627103727578255,EURMAD
2019-03-22,10.604000091552734,10.614999771118164,10.536999702453613,10.605999946594238,0,10.573100090026855,10.581869572953993,61.59410382139872,0.015411316184650303,-0.0018822188031791809,0.0013889052122725385,EURMAD
2019-03-25,10.586000442504883,10.586999893188477,10.53499984741211,10.586000442504883,0,10.579100131988525,10.582620640145063,55.76990952596515,0.014948642966349013,-0.0018856783132247257,0.0016277175395210321,EURMAD
2019-03-26,10.585000038146973,10.586000442504883,10.539999961853027,10.583999633789062,0,10.58400011062622,10.582871366262154,55.207483137217054,0.014256186126059944,-0.00018900516079578544,0.0016408173021313023,EURMAD
2019-03-27,10.562000274658203,10.572999954223633,10.529999732971191,10.560999870300293,0,10.584500122070313,10.578894730632724,49.08011713126885,0.011716460333271783,-0.0021730691878846242,0.0017359324305374463,EURMAD
2019-03-28,10.557000160217285,10.564000129699707,10.510000228881836,10.557999610900879,0,10.582900047302246,10.575095617954206,48.326618614956544,0.009353788830326337,-0.00028408857459150116,0.0016361219232656826,EURMAD
2019-03-29,10.552000045776367,10.557000160217285,10.512999534606934,10.553999900817871,0,10.581700038909911,10.571260033020327,47.28442287209026,0.007077031847547488,-0.00037883218700618393,0.0016248877041898822,EURMAD
2019-04-01,10.54800033569336,10.560999870300293,10.513999938964844,10.54800033569336,0,10.579800033569336,10.567030997142695,45.692635564671725,0.0047340001633866535,-0.0005684636328304737,0.0016290221602597934,EURMAD
2019-04-02,10.545000076293945,10.545000076293945,10.493000030517578,10.545000076293945,0,10.576500034332275,10.563025375170193,44.878992807202444,0.002605005926973547,-0.0002844386901715845,0.0015716674043360214,EURMAD
2019-04-03,10.538000106811523,10.548999786376953,10.534000396728516,10.538000106811523,0,10.570600032806396,10.558475326377707,42.95703488450777,0.00034890169839840723,-0.0006638188176174564,0.0013867979562753594,EURMAD
2019-04-04,10.548999786376953,10.548999786376953,10.496999740600586,10.548999786376953,0,10.562899971008301,10.556752500923023,46.81169007212114,-0.0005452101016576449,0.0010438109180050947,0.000985211061230614,EURMAD
2019-04-05,10.538000106811523,10.543000221252441,10.491999626159668,10.538000106811523,0,10.556099987030029,10.553342974720932,43.63617075705482,-0.002116979139950459,-0.00104272251286186,0.0009085848318893738,EURMAD
2019-04-08,10.532999992370605,10.553000450134277,10.501999855041504,10.532999992370605,0,10.550799942016601,10.549644250657236,42.23366765744828,-0.003723166528317279,-0.00047448418962203753,0.0007967779788376679,EURMAD
2019-04-09,10.555999755859375,10.559000015258789,10.513999938964844,10.555999755859375,0,10.547999954223632,10.550799797057625,50.16773580770529,-0.0031044072348755947,0.002183590952760772,0.001167280250994098,EURMAD
2019-04-10,10.550000190734863,10.555000305175781,10.51200008392334,10.550000190734863,0,10.54689998626709,10.55065441408985,48.303996018552816,-0.0030628442401479106,-0.0005683559362703594,0.0009692077541125122,EURMAD
2019-04-11,10.550000190734863,10.557000160217285,10.51099967956543,10.550000190734863,0,10.546100044250489,10.550535464388943,48.303996018552816,-0.0029953764324250898,0.0,0.0009674974396698132,EURMAD
2019-04-12,10.545999526977539,10.567000389099121,10.515999794006348,10.545999526977539,0,10.545300006866455,10.54971074849596,46.95495893477107,-0.0032275229633409452,-0.00037920982796169067,0.0009675106079634432,EURMAD
2019-04-15,10.553999900817871,10.560999870300293,10.512999534606934,10.553999900817871,0,10.545899963378906,10.55049059437267,49.964380456747385,-0.0027344167998606395,0.0007586169352526984,0.0009832527399690517,EURMAD
2019-04-16,10.545999526977539,10.552000045776367,10.498000144958496,10.545999526977539,0,10.545999908447266,10.549674036664463,47.08745796568401,-0.002955125077276577,-0.0007580418718510229,0.0010125128002640724,EURMAD
2019-04-17,10.531999588012695,10.550000190734863,10.50100040435791,10.531999588012695,0,10.545399856567382,10.54646050054596,42.47816850212691,-0.004211172276695763,-0.001327511814222082,0.001081018820020205,EURMAD
2019-04-18,10.536999702453613,10.538000106811523,10.479000091552734,10.536999702453613,0,10.54419984817505,10.544740355438261,44.565295887181435,-0.0047483947450359665,0.00047475452302614407,0.0010304615346090052,EURMAD
2019-04-19,10.51099967956543,10.51099967956543,10.51099967956543,10.51099967956543,0,10.541499805450439,10.538605687097746,37.039393417152105,-0.007189258678605981,-0.0024674977339260717,0.0012486427048192395,EURMAD
2019-04-22,10.51099967956543,10.51099967956543,10.51099967956543,10.51099967956543,0,10.539299774169923,10.533586413000961,37.039393417152105,-0.009019687587487724,0.0,0.0012484251397663461,EURMAD
2019-04-23,10.51099967956543,10.51099967956543,10.463000297546387,10.51099967956543,0,10.534799766540527,10.529479734194501,37.039393417152105,-0.010350995848435574,0.0,0.0009352505089395638,EURMAD
2019-04-24,10.494999885559082,10.496999740600586,10.45199966430664,10.496000289916992,0,10.52939977645874,10.52339256250768,33.02138383603585,-0.012472616072146891,-0.0014270183717727258,0.0009876481466329545,EURMAD
2019-04-25,10.47700023651123,10.479000091552734,10.430000305175781,10.47700023651123,0,10.522099781036378,10.51495759414469,28.76468740874843,-0.01550838984022107,-0.0018102184528342447,0.0010473479103553372,EURMAD
2019-04-26,10.470999717712402,10.5,10.428999900817871,10.470999717712402,0,10.514599800109863,10.506965252975183,27.556537783353505,-0.01818878514855804,-0.0005727325248993109,0.0010426705333593808,EURMAD
2019-04-29,10.487000465393066,10.503999710083008,10.45199966430664,10.487000465393066,0,10.507899856567382,10.503335291596615,35.35376933853408,-0.018805117439553598,0.0015281012426728857,0.001182373806570337,EURMAD
2019-04-30,10.505999565124512,10.527000427246094,10.480999946594238,10.505999565124512,0,10.50389986038208,10.503819704965322,43.17473109717163,-0.017558097832106156,0.0018116810230095481,0.0014102031282078003,EURMAD
2019-05-01,10.52299976348877,10.52299976348877,10.52299976348877,10.52299976348877,0,10.502999877929687,10.507306988333221,49.107731948427464,-0.015024854705108837,0.0016181419253711304,0.0014951599631342245,EURMAD
2019-05-02,10.52299976348877,10.52400016784668,10.473999977111816,10.52299976348877,0,10.501599884033203,10.510160220179683,49.107731948427464,-0.012868896646006434,0.0,0.0014829169968349788,EURMAD
2019-05-03,10.51200008392334,10.520999908447266,10.46399974822998,10.51200008392334,0,10.501699924468994,10.510494740860347,45.53977806391708,-0.01191056893943987,-0.001045298851340415,0.0012896405837136756,EURMAD
2019-05-06,10.524999618530273,10.526000022888184,10.480999946594238,10.524999618530273,0,10.503099918365479,10.513131991345789,50.149466962628885,-0.009987009497677946,0.0012366376049419703,0.0013465804912295698,EURMAD
2019-05-07,10.515000343322754,10.532999992370605,10.482999801635742,10.515000343322754,0,10.503499984741211,10.513471691705236,46.86357679800176,-0.009163798162452608,-0.0009500499353857217,0.00138989710749078,EURMAD
2019-05-08,10.529000282287598,10.536999702453613,10.494000434875488,10.529000282287598,0,10.506799983978272,10.51629507181112,51.64112637088798,-0.007297597020421875,0.0013314254405834003,0.0013394441390869691,EURMAD
2019-05-09,10.531999588012695,10.541999816894531,10.47700023651123,10.531999588012695,0,10.512299919128418,10.519150438393224,52.62389551012519,-0.005513049264175507,0.000284861396588898,0.0011152171341803668,EURMAD
2019-05-10,10.527999877929688,10.53499984741211,10.489999771118164,10.527999877929688,0,10.517999935150147,10.520759427399854,51.13159217470742,-0.004371137732263719,-0.0003797673983542138,0.0010956239335122948,EURMAD
2019-05-13,10.529999732971191,10.536999702453613,10.489999771118164,10.529999732971191,0,10.522299861907959,10.522439482958278,51.86657229685007,-0.003267131568826187,0.00018995583821168616,0.0010424443930006574,EURMAD
2019-05-14,10.524999618530273,10.541000366210938,10.484000205993652,10.524999618530273,0,10.524199867248536,10.522904962153186,49.84792430811005,-0.0027638067344248896,-0.0004748446882920643,0.0009471905712519922,EURMAD
2019-05-15,10.515000343322754,10.520000457763672,10.468000411987305,10.515000343322754,0,10.523399925231933,10.52146775872947,45.992818267917194,-0.0031356305219247815,-0.0009500499353857217,0.000858254756580434,EURMAD
2019-05-16,10.51099967956543,10.526000022888184,10.470999717712402,10.51099967956543,0,10.5221999168396,10.519564471608735,44.50964597661522,-0.003710353042380987,-0.0003804720519923199,0.0008629459058425167,EURMAD
2019-05-17,10.491999626159668,10.503000259399414,10.454999923706055,10.491999626159668,0,10.520199871063232,10.514552681527086,38.20788368432282,-0.0056340247697797,-0.0018076352378452176,0.0009801027920848468,EURMAD
2019-05-20,10.491000175476074,10.510000228881836,10.461999893188477,10.491000175476074,0,10.516799926757812,10.510270407699629,37.903877271089705,-0.007156697832732206,-9.525836057999726e-05,0.0008460178643714584,EURMAD
2019-05-21,10.503000259399414,10.517999649047852,10.467000007629395,10.503000259399414,0,10.515599918365478,10.508948562554135,43.69646986922072,-0.007310845841642433,0.0011438455554877436,0.000928708117189012,EURMAD
2019-05-22,10.513999938964844,10.515999794006348,10.473999977111816,10.513999938964844,0,10.514099884033204,10.509866994628808,48.44400420781788,-0.006470835275408149,0.0010472892786597132,0.0008827904461812581,EURMAD
2019-05-23,10.510000228881836,10.541000366210938,10.484999656677246,10.510000228881836,0,10.511899948120117,10.50989121903845,46.89555373095564,-0.00605803081816525,-0.0003804175486233907,0.0008720325709932575,EURMAD
2019-05-24,10.54699993133545,10.5600004196167,10.506999969482422,10.54699993133545,0,10.513799953460694,10.516638257637904,59.721400579209124,-0.002714027918692352,0.0035204283204426368,0.0014606020492625117,EURMAD
2019-05-27,10.553999900817871,10.571999549865723,10.510000228881836,10.553999900817871,0,10.516199970245362,10.523431283670625,61.610480947503284,0.0004952485899636372,0.0006636929485155374,0.0014685754818791151,EURMAD
2019-05-28,10.550000190734863,10.555000305175781,10.508999824523926,10.550000190734863,0,10.51870002746582,10.528261994045941,59.88229078183183,0.002684929966589422,-0.00037897575522038984,0.0014637778068172327,EURMAD
2019-05-29,10.543000221252441,10.54699993133545,10.50100040435791,10.543000221252441,0,10.52150001525879,10.530941671719848,56.87542592276816,0.0038114926822530037,-0.0006635042043476869,0.0014405517961975172,EURMAD
2019-05-30,10.534000396728516,10.541000366210938,10.494000434875488,10.534000396728516,0,10.523800086975097,10.531497803539606,53.17823402076471,0.003932756754643663,-0.0008536303077926188,0.0014716134136667437,EURMAD
2019-05-31,10.532999992370605,10.54800033569336,10.49899959564209,10.532999992370605,0,10.527900123596192,10.531770928781604,52.767613170532506,0.003903142141730598,-9.496908299155837e-05,0.0012990090000879137,EURMAD
2019-06-03,10.54699993133545,10.562000274658203,10.513999938964844,10.54699993133545,0,10.53350009918213,10.53453983833685,57.691113114446544,0.004952263805256152,0.0013291501922514382,0.001317743489643819,EURMAD
2019-06-04,10.576000213623047,10.583999633789062,10.536999702453613,10.576000213623047,0,10.540800094604492,10.542078088388884,65.67337417165959,0.008031201999845194,0.0027496238244428817,0.0014873366678923782,EURMAD
2019-06-05,10.572999954223633,10.595999717712402,10.534000396728516,10.574000358581543,0,10.546800136566162,10.547882137514822,64.76592589247497,0.010192419248708617,-0.00018909370282804705,0.0015059653843274767,EURMAD
2019-06-06,10.562000274658203,10.604000091552734,10.526000022888184,10.562000274658203,0,10.552000141143798,10.550449071540891,59.45700751678975,0.010812256048106761,-0.0011348669866084737,0.001576144802022006,EURMAD
2019-06-07,10.581999778747559,10.607999801635742,10.53600025177002,10.581999778747559,0,10.55550012588501,10.556185563760284,64.6567890722473,0.012770068612621088,0.0018935337596364121,0.0012864851183752785,EURMAD
2019-06-10,10.600000381469727,10.60099983215332,10.543000221252441,10.600000381469727,0,10.560100173950195,10.564151894252909,68.56465802026204,0.015594385014361833,0.001701058693869939,0.001356133599124028,EURMAD
2019-06-11,10.592000007629395,10.595999717712402,10.539999961853027,10.592000007629395,0,10.564300155639648,10.569215187594088,65.11841629952575,0.016991248270466386,-0.0007547522219261138,0.001386095389036589,EURMAD
2019-06-12,10.593999862670898,10.597999572753906,10.538000106811523,10.593999862670898,0,10.569400119781495,10.573721492153506,65.58408564875717,0.01805155694142968,0.00018880806647114667,0.001338956295154797,EURMAD
2019-06-13,10.569000244140625,10.571999549865723,10.52299976348877,10.569000244140625,0,10.572900104522706,10.572863083423892,55.59283550300503,0.016682295795851232,-0.0023597903392807984,0.00157072965468728,EURMAD
2019-06-14,10.562000274658203,10.564000129699707,10.515000343322754,10.562000274658203,0,10.575800132751464,10.570888027284676,53.15119432812242,0.01486099909008054,-0.0006623114126903529,0.001597911036124766,EURMAD
2019-06-17,10.541000366210938,10.550999641418457,10.505000114440918,10.541000366210938,0,10.575200176239013,10.56545390708945,46.5464565826033,0.01158949473973614,-0.001988251079452441,0.001696334999247369,EURMAD
2019-06-18,10.529000282287598,10.538999557495117,10.470999717712402,10.529000282287598,0,10.57050018310547,10.558825975307295,43.23987993168028,0.007937004639574141,-0.0011384198374383425,0.0014019616977955455,EURMAD
2019-06-19,10.480999946594238,10.48799991607666,10.387999534606934,10.480999946594238,0,10.561200141906738,10.544675788268556,33.10836518419934,0.001155830293370741,-0.004558869256951925,0.0019044852673395117,EURMAD
2019-06-20,10.444999694824219,10.487000465393066,10.440999984741211,10.444999694824219,0,10.54950008392334,10.526552862187767,27.83970205360393,-0.007042042401613102,-0.003434810796055565,0.0020701671522660925,EURMAD
2019-06-21,10.477999687194824,10.513999938964844,10.454999923706055,10.477999687194824,0,10.539100074768067,10.517725012189048,37.636539171525655,-0.010752147914825372,0.003159405776427038,0.0023002461393386415,EURMAD
2019-06-24,10.517000198364258,10.541000366210938,10.498000144958496,10.517000198364258,0,10.530800056457519,10.517593227857267,46.82488171827582,-0.010425242250239108,0.0037221332633838866,0.0026279073417783435,EURMAD
2019-06-25,10.541000366210938,10.550999641418457,10.496000289916992,10.541000366210938,0,10.525700092315674,10.521849071194298,51.55512494681367,-0.008135770095055506,0.0022820355038515316,0.002801241813720386,EURMAD
2019-06-26,10.529999732971191,10.567999839782715,10.52299976348877,10.529999732971191,0,10.519300079345703,10.523331009699186,49.38656267294183,-0.007126852168150677,-0.0010436042934794942,0.0027957012712214084,EURMAD
2019-06-27,10.564000129699707,10.595999717712402,10.553000450134277,10.564000129699707,0,10.518800067901612,10.530725395153825,55.602536732182855,-0.0035428893562716723,0.003228907653440416,0.002959146971398309,EURMAD
2019-06-28,10.593000411987305,10.598999977111816,10.555999755859375,10.593000411987305,0,10.521900081634522,10.542048125487185,60.10327289515784,0.0016188463552513355,0.002745198971179974,0.003073921319217858,EURMAD
2019-07-01,10.590999603271484,10.590999603271484,10.541000366210938,10.590999603271484,0,10.526900005340575,10.550948394175238,59.6539560745912,0.005484884221930386,-0.00018888026413710346,0.0029763796658134056,EURMAD
2019-07-02,10.5600004196167,10.565999984741211,10.52400016784668,10.5600004196167,0,10.530000019073487,10.552594216982776,53.03829186196355,0.005978456113997055,-0.002926936532526181,0.0031338289397438894,EURMAD
2019-07-03,10.543000221252441,10.550000190734863,10.475000381469727,10.543000221252441,0,10.536200046539307,10.550849854122713,49.77797475962746,0.004940886004774825,-0.0016098672053722618,0.0027399588418577964,EURMAD
2019-07-04,10.513999938964844,10.520000457763672,10.461000442504883,10.513999938964844,0,10.543100070953368,10.544149869548555,44.727022946015396,0.0017582557252655562,-0.002750666952386016,0.0026347237587500925,EURMAD
2019-07-05,10.49899959564209,10.5,10.449000358581543,10.49899959564209,0,10.545200061798095,10.535940728838288,42.3341976434995,-0.0019519037129214212,-0.0014267018651162866,0.0025494278065816157,EURMAD
2019-07-08,10.47700023651123,10.480999946594238,10.432999610900879,10.47700023651123,0,10.541200065612793,10.525224275687913,39.03583791082494,-0.0065914145001393365,-0.0020953767004611157,0.0023096901296066476,EURMAD
2019-07-09,10.470999717712402,10.473999977111816,10.427000045776367,10.470999717712402,0,10.53420000076294,10.51536526514691,38.16245154644639,-0.010629916878635015,-0.0005727325248993109,0.002112287185838772,EURMAD
2019-07-10,10.439000129699707,10.46500015258789,10.404999732971191,10.439000129699707,0,10.525100040435792,10.5014806950656,33.817147742350116,-0.01622552072743133,-0.0030560203299944133,0.0022442080732532456,EURMAD
2019-07-11,10.461999893188477,10.486000061035156,10.4399995803833,10.460000038146973,0,10.514700031280517,10.493938757444031,38.746317558017374,-0.01874942824590775,0.0020116781479404544,0.0020191998588751535,EURMAD
2019-07-12,10.472000122070312,10.486000061035156,10.435999870300293,10.475000381469727,0,10.50290002822876,10.490495416357792,42.065521110191355,-0.019316571384255354,0.0014340672340391603,0.0017781008386813582,EURMAD
2019-07-15,10.480999946594238,10.480999946594238,10.423999786376953,10.480999946594238,0,10.491900062561035,10.488768967309872,43.386883683879375,-0.019062184643580338,0.0005727508263508874,0.0018376424784007756,EURMAD
2019-07-16,10.458999633789062,10.465999603271484,10.395000457763672,10.460000038146973,0,10.481900024414063,10.483538252916617,39.95204588569819,-0.02032085229105185,-0.0020036168833384993,0.0017536882544511017,EURMAD
2019-07-17,10.432000160217285,10.437000274658203,10.392000198364258,10.432000160217285,0,10.470800018310547,10.474167690607645,35.87400934595348,-0.023309019743821935,-0.0026768525647775654,0.0018291558934687383,EURMAD
2019-07-18,10.4350004196167,10.458000183105469,10.407999992370605,10.4350004196167,0,10.462900066375733,10.46704636860929,36.62054055828835,-0.025145209793260292,0.0002876015484409855,0.0017677566629589732,EURMAD
2019-07-19,10.46500015258789,10.475000381469727,10.4350004196167,10.465999603271484,0,10.459600067138672,10.466856047638778,43.88893562920225,-0.023824395782115815,0.0029706930913495633,0.002097584897175509,EURMAD
2019-07-22,10.46399974822998,10.468999862670898,10.428999900817871,10.46399974822998,0,10.458300018310547,10.466336720473542,43.542013941587136,-0.02267759949997661,-0.0001910811310253946,0.0020020348029610615,EURMAD
2019-07-23,10.463000297546387,10.468999862670898,10.425000190734863,10.463000297546387,0,10.457500076293945,10.46573009812315,43.357559648591256,-0.021600406461663724,-9.551325569967517e-05,0.0019957842607933635,EURMAD
2019-07-24,10.435999870300293,10.435999870300293,10.373000144958496,10.432999610900879,0,10.456900024414063,10.459779100446372,38.13526329974052,-0.022903510492126244,-0.0028673120321465184,0.0019651185047432312,EURMAD
2019-07-25,10.401000022888184,10.41100025177002,10.354000091552734,10.401000022888184,0,10.451000022888184,10.449091995435792,33.50032854963453,-0.02621612596438716,-0.003067151270595314,0.0020267641950020955,EURMAD
2019-07-26,10.39900016784668,10.401000022888184,10.352999687194824,10.39900016784668,0,10.443400001525879,10.439984390419589,33.22851778130486,-0.028672253292524985,-0.0001922752655613147,0.0019105709386260511,EURMAD
2019-07-29,10.392999649047852,10.402999877929688,10.354000091552734,10.392999649047852,0,10.43459997177124,10.431441710170182,32.379603032816576,-0.030748494114275715,-0.0005770284356164668,0.0018575712163056755,EURMAD
2019-07-30,10.404999732971191,10.40999984741211,10.357999801635742,10.404999732971191,0,10.429099941253662,10.426634077952183,35.90614971534521,-0.031067496677440687,0.0011546314181236639,0.0019058434384881138,EURMAD
2019-07-31,10.402999877929688,10.416999816894531,10.375,10.402999877929688,0,10.426199913024902,10.422336950675366,35.57318851215017,-0.03112291451027005,-0.00019220135442832298,0.0017497688738943645,EURMAD
2019-08-01,10.380999565124512,10.380999565124512,10.331000328063965,10.380999565124512,0,10.420799827575683,10.414821062393392,32.05195854553641,-0.032566666659933574,-0.002114804677816995,0.0018268670854516692,EURMAD
2019-08-02,10.385000228881836,10.388999938964844,10.343000411987305,10.385000228881836,0,10.412699890136718,10.409399092664017,33.34406501077818,-0.033007540133759505,0.000385383289174257,0.001414914353205204,EURMAD
2019-08-05,10.385000228881836,10.409000396728516,10.361000061035156,10.385000228881836,0,10.404799938201904,10.40496293561271,33.34406501077818,-0.03297679952055965,0.0,0.0014249419945227095,EURMAD
2019-08-06,10.420999526977539,10.42199993133545,10.368000030517578,10.420999526977539,0,10.40059986114502,10.407878679497225,44.381580962437816,-0.02970517213197965,0.003466470611679373,0.001955131352971565,EURMAD
2019-08-07,10.414999961853027,10.423999786376953,10.366999626159668,10.414999961853027,0,10.398799896240234,10.40917345810737,43.100647026672874,-0.02728200860804364,-0.0005757187790844664,0.0017582478989894533,EURMAD
2019-08-08,10.407999992370605,10.420999526977539,10.373000144958496,10.407999992370605,0,10.399499893188477,10.408960100700686,41.59231110547368,-0.02563101471058893,-0.0006721046095113925,0.0014573187151902828,EURMAD
2019-08-09,10.38700008392334,10.406000137329102,10.36400032043457,10.38700008392334,0,10.398299884796142,10.404967370377532,37.367439088879564,-0.025720616009394348,-0.002017669913783604,0.0016008306347215081,EURMAD
2019-08-12,10.399999618530273,10.420999526977539,10.355999946594238,10.399999618530273,0,10.398999881744384,10.40406414276894,41.33971802510574,-0.02446070411235901,0.0012515196401177153,0.001645901674263054,EURMAD
2019-08-13,10.41100025177002,10.414999961853027,10.371999740600586,10.41100025177002,0,10.399599933624268,10.40532525349641,44.54492046634854,-0.022317295796554504,0.0010577532349276275,0.0016390696092605857,EURMAD
2019-08-14,10.373000144958496,10.385000228881836,10.338000297546387,10.373000144958496,0,10.396599960327148,10.39944796103497,37.02003406887038,-0.023415006681712924,-0.0036499957633814306,0.0020186878765313886,EURMAD
2019-08-15,10.343999862670898,10.383000373840332,10.34000015258789,10.343999862670898,0,10.392899990081787,10.389366488605138,32.506889309726574,-0.02632161172656744,-0.002795746831421031,0.0020971566104110713,EURMAD
2019-08-16,10.364999771118164,10.38700008392334,10.32800006866455,10.364999771118164,0,10.39089994430542,10.38493617633478,38.36638144013614,-0.026623698632281645,0.002030153589140049,0.002222433396780829,EURMAD
2019-08-19,10.371999740600586,10.383000373840332,10.343999862670898,10.371999740600586,0,10.389599895477295,10.38258409711038,40.229127088962734,-0.025998570310440172,0.0006753468053060097,0.0022390654970826734,EURMAD
2019-08-20,10.354000091552734,10.361000061035156,10.3149995803833,10.354000091552734,0,10.382899951934814,10.377387005190807,37.12225868608797,-0.026648386844890126,-0.0017354077803717338,0.0018894544393644752,EURMAD
2019-08-21,10.361000061035156,10.366999626159668,10.321999549865723,10.361000061035156,0,10.377499961853028,10.374407560798868,39.09228201873371,-0.02629541491921117,0.0006760642670007311,0.001935329965356786,EURMAD
2019-08-22,10.357999801635742,10.368000030517578,10.312999725341797,10.357999801635742,0,10.372499942779541,10.371424331860117,38.53499732853462,-0.02595854404725806,-0.00028957237542126535,0.0019357261977818777,EURMAD
2019-08-23,10.359999656677246,10.375,10.29699993133545,10.359999656677246,0,10.369799900054932,10.369347118190504,39.15760828991326,-0.025239257417235095,0.0001930734774862053,0.0018655384306525513,EURMAD
2019-08-26,10.357999801635742,10.37399959564209,10.309000015258789,10.357999801635742,0,10.36559991836548,10.367283969726001,38.73505862799766,-0.02454761949198314,-0.00019303620731447868,0.001790004076041476,EURMAD
2019-08-27,10.333999633789062,10.348999977111816,10.29699993133545,10.333999633789062,0,10.357899856567382,10.361232272282923,33.99410547739032,-0.025640536279148307,-0.0023170658723984383,0.0018020672083366841,EURMAD
2019-08-28,10.343000411987305,10.35200023651123,10.310999870300293,10.343000411987305,0,10.354899883270264,10.35791738859281,37.10324457998639,-0.02548659947516896,0.0008709868896077388,0.0015389709764018758,EURMAD
2019-08-29,10.347999572753906,10.347999572753906,10.303000450134277,10.347999572753906,0,10.355299854278565,10.356114149349372,38.82678110774593,-0.024676754687533276,0.0004833375778277027,0.0012714919462436696,EURMAD
2019-08-30,10.33899974822998,10.33899974822998,10.289999961853027,10.33899974822998,0,10.352699851989746,10.353002440054937,36.86809617287526,-0.024478979050268634,-0.0008697163602153779,0.001083852423015763,EURMAD
2019-09-02,10.310999870300293,10.314000129699707,10.26099967956543,10.310999870300293,0,10.346599864959718,10.345365609190456,31.537589711241225,-0.02627867239950632,-0.002708180540818894,0.0012741066859369389,EURMAD
2019-09-03,10.300000190734863,10.322999954223633,10.284000396728516,10.300000190734863,0,10.34119987487793,10.33711735128944,29.719687254365894,-0.028266683821939864,-0.0010667907772080598,0.0012238098247347774,EURMAD
2019-09-04,10.322999954223633,10.366000175476074,10.317999839782715,10.322999954223633,0,10.337399864196778,10.334550551822929,37.7939474447873,-0.027667376209963734,0.002232986705132056,0.0014678732769778757,EURMAD
2019-09-05,10.368000030517578,10.369999885559082,10.336999893188477,10.368000030517578,0,10.338399887084961,10.340632275221957,49.917493672619784,-0.023292785798672,0.004359205317591153,0.002096456704119516,EURMAD
2019-09-06,10.336999893188477,10.336999893188477,10.326000213623047,10.336999893188477,0,10.336099910736085,10.33997184212496,43.61175910846598,-0.022072900724355193,-0.0029899823724782726,0.0023111479588568003,EURMAD
2019-09-09,10.326000213623047,10.345000267028809,10.326000213623047,10.326000213623047,0,10.332899951934815,10.337431546033702,41.60352586643225,-0.021743074597566192,-0.0010641075436865766,0.0023263911454293957,EURMAD
2019-09-10,10.345000267028809,10.345000267028809,10.321999549865723,10.345000267028809,0,10.33400001525879,10.338807677123722,46.211005695728595,-0.019721205712611933,0.0018400206287711995,0.0022985381402993946,EURMAD
2019-09-11,10.321999549865723,10.321999549865723,10.298999786376953,10.321999549865723,0,10.331899929046632,10.335751653985904,41.90104859544479,-0.01974719236319089,-0.0022233655456146417,0.002390953203609358,EURMAD
2019-09-12,10.298999786376953,10.305999755859375,10.298999786376953,10.298999786376953,0,10.326999950408936,10.329069496238821,38.0767317420087,-0.021377252013168757,-0.0022282275229384974,0.002457592265370948,EURMAD
2019-09-13,10.305999755859375,10.355999946594238,10.305999755859375,10.305999755859375,0,10.323699951171875,10.324874997988012,39.875349997307424,-0.021852346743036932,0.0006796746895443295,0.0024784713460347285,EURMAD
2019-09-16,10.355999946594238,10.355999946594238,10.342000007629395,10.355999946594238,0,10.32819995880127,10.33053407955278,50.855747420786514,-0.017986923162313317,0.00485156141270382,0.0028000958413257463,EURMAD
2019-09-17,10.342000007629395,10.342000007629395,10.340999603271484,10.342000007629395,0,10.332399940490722,10.332618793748528,48.20136206205925,-0.015870282460507923,-0.0013518674234299644,0.0028185212724469305,EURMAD
2019-09-18,10.340999603271484,10.361000061035156,10.340999603271484,10.340999603271484,0,10.334199905395508,10.334142577298156,48.00853123360113,-0.01411089214479233,-9.673219465988758e-05,0.002746513865923217,EURMAD
2019-09-19,10.361000061035156,10.369999885559082,10.361000061035156,10.361000061035156,0,10.333499908447266,10.339025756159428,52.13155222245979,-0.010976166438853241,0.0019340932725058213,0.0024244463633246193,EURMAD
2019-09-20,10.369999885559082,10.369999885559082,10.357000350952148,10.369999885559082,0,10.336799907684327,10.344657416050273,53.903025756155365,-0.007677165522732565,0.000868625081643648,0.0022042354821503137,EURMAD
2019-09-23,10.357000350952148,10.357000350952148,10.329999923706055,10.357000350952148,0,10.339899921417237,10.346901586032432,50.96896192399424,-0.006041989041165152,-0.0012535713356213174,0.002218233445204745,EURMAD
2019-09-24,10.329999923706055,10.329999923706055,10.324999809265137,10.329999923706055,0,10.338399887084961,10.343828556518545,45.43683652954008,-0.006845893526339353,-0.0026069736729912307,0.0023191058818138066,EURMAD
2019-09-25,10.324999809265137,10.34000015258789,10.324999809265137,10.324999809265137,0,10.338699913024902,10.340405147927017,44.474143534170885,-0.007796586870107092,-0.00048403818759412687,0.0022082927064343404,EURMAD
2019-09-26,10.34000015258789,10.34000015258789,10.310999870300293,10.34000015258789,0,10.342799949645997,10.340331512410813,48.03148818633759,-0.0072559735054884555,0.0014528177820685162,0.002093630139343097,EURMAD
2019-09-27,10.310999870300293,10.312000274658203,10.310999870300293,10.310999870300293,0,10.343299961090088,10.334998486572536,42.37868501396626,-0.009063139701387612,-0.002804669425496953,0.002319548325677973,EURMAD
2019-09-30,10.312000274658203,10.312000274658203,10.302000045776367,10.312000274658203,0,10.338899993896485,10.330816993497201,42.629517829987606,-0.010295922673027036,9.70230210934897e-05,0.0016027125265434907,EURMAD
2019-10-01,10.302000045776367,10.302000045776367,10.28499984741211,10.302000045776367,0,10.334899997711181,10.32557754845705,40.721241566898016,-0.011942184881574391,-0.0009697661574361582,0.0015825757516975967,EURMAD
2019-10-02,10.28499984741211,10.295999526977539,10.28499984741211,10.28499984741211,0,10.329300022125244,10.318199784630696,37.63682820042853,-0.014452039360273616,-0.0016501842640961328,0.0016266218258554398,EURMAD
2019-10-03,10.295999526977539,10.295999526977539,10.291999816894531,10.295999526977539,0,10.322799968719483,10.314163374148304,40.763290663536246,-0.015376286643375536,0.0010694875769199363,0.001498323783349145,EURMAD
2019-10-04,10.291999816894531,10.309000015258789,10.291999816894531,10.291999816894531,0,10.314999961853028,10.3101336364658,39.97844531783314,-0.016244248861621458,-0.00038847224813165493,0.0014088573308374056,EURMAD
2019-10-07,10.309000015258789,10.309000015258789,10.291000366210938,10.309000015258789,0,10.31019992828369,10.30992752351907,44.839733493879194,-0.015383015415388002,0.0016517876668002973,0.001583143214189621,EURMAD
2019-10-08,10.291000366210938,10.310999870300293,10.291000366210938,10.291000366210938,0,10.30629997253418,10.306486222190319,41.048854669952405,-0.015968824287078576,-0.001746013097410959,0.001473204014326034,EURMAD
2019-10-09,10.310999870300293,10.310999870300293,10.307999610900879,10.310999870300293,0,10.304899978637696,10.30730688548304,46.4645951373201,-0.014650408412620664,0.0019433974713498614,0.0016437591645125271,EURMAD
2019-10-10,10.307999610900879,10.326000213623047,10.307999610900879,10.307999610900879,0,10.301699924468995,10.30743283555901,45.78505733616213,-0.013689842213352676,-0.0002909765723163593,0.0015462666661938795,EURMAD
2019-10-11,10.326000213623047,10.32699966430664,10.326000213623047,10.326000213623047,0,10.303199958801269,10.310808722479743,50.46574856434517,-0.011345306743628214,0.001746275068067682,0.0013921077765513639,EURMAD
2019-10-14,10.327199935913086,10.327199935913086,10.326600074768066,10.327199935913086,0,10.304719924926758,10.313788943103987,50.77081330526425,-0.009283424392434014,0.00011618460829154742,0.0013920456667733097,EURMAD
2019-10-15,10.326600074768066,10.326600074768066,10.31309986114502,10.326600074768066,0,10.307179927825928,10.316118239770182,50.603003476888446,-0.0076100476628386815,-5.8085555498355035e-05,0.0013395588220383172,EURMAD
2019-10-16,10.31309986114502,10.31309986114502,10.304300308227539,10.31309986114502,0,10.309989929199219,10.315569443656514,46.849932048694534,-0.0072892134467554826,-0.0013073241459241602,0.0012892665108536069,EURMAD
2019-10-17,10.304300308227539,10.339400291442871,10.304300308227539,10.304300308227539,0,10.310820007324219,10.313520509942153,44.53156018993121,-0.0076567382857302135,-0.0008532403482907069,0.0013007099501963363,EURMAD
2019-10-18,10.339400291442871,10.36460018157959,10.339400291442871,10.339400291442871,0,10.315560054779052,10.318225924760464,54.25553211239521,-0.005057430159080667,0.0034063431931721233,0.0016539977431024044,EURMAD
2019-10-21,10.36460018157959,10.371000289916992,10.36460018157959,10.36460018157959,0,10.321120071411134,10.326657607818486,59.71574420765375,-0.0009530530100949619,0.0024372680645292633,0.0017335768590173903,EURMAD
2019-10-22,10.371000289916992,10.371000289916992,10.370200157165527,10.371000289916992,0,10.329120063781739,10.334719913654578,60.989328573694465,0.002784038048190496,0.0006174968860619412,0.0015373876713859961,EURMAD
2019-10-23,10.370200157165527,10.370200157165527,10.351300239562988,10.370200157165527,0,10.335040092468262,10.341170867020203,60.73082831371305,0.005616403209998566,-7.715097185401198e-05,0.001499176081987559,EURMAD
2019-10-24,10.351300239562988,10.370800018310547,10.351300239562988,10.351300239562988,0,10.339370155334473,10.34301257111889,54.82024122475117,0.006263802394574469,-0.0018225219683420946,0.0016662448494366758,EURMAD
2019-10-25,10.370800018310547,10.370800018310547,10.365500450134277,10.370800018310547,0,10.343850135803223,10.348064834244646,59.22909984639306,0.00825517952024768,0.0018837999378116255,0.0016789221482291497,EURMAD
2019-10-28,10.365500450134277,10.365500450134277,10.35890007019043,10.365500450134277,0,10.347680187225341,10.351234946224578,57.58441494049325,0.00929854157877763,-0.0005110086171666861,0.0017036581939020323,EURMAD
2019-10-29,10.35890007019043,10.35890007019043,10.351099967956543,10.35890007019043,0,10.350910186767578,10.352628605127459,55.5167289753103,0.009483498163827875,-0.0006367642330055157,0.0017295051959843302,EURMAD
2019-10-30,10.351099967956543,10.375499725341797,10.351099967956543,10.351099967956543,0,10.35471019744873,10.352350671096383,53.09060313938794,0.008898102738429614,-0.0007529855661349005,0.0016799495702309493,EURMAD
2019-10-31,10.375499725341797,10.390800476074219,10.375499725341797,10.375499725341797,0,10.361830139160157,10.356559590050093,59.11028371348052,0.01028447611121841,0.0023572139638092793,0.0017265155264715832,EURMAD
2019-11-01,10.390800476074219,10.390800476074219,10.384499549865723,10.390800476074219,0,10.36697015762329,10.362785205690843,62.371243060601586,0.012474036776685793,0.0014747001240866808,0.001479206445543367,EURMAD
2019-11-04,10.384499549865723,10.392000198364258,10.384499549865723,10.384499549865723,0,10.368960094451904,10.366733268268092,60.24066532617213,0.013544712281127858,-0.0006063946875897175,0.0013424250752549123,EURMAD
2019-11-05,10.392000198364258,10.392000198364258,10.36929988861084,10.392000198364258,0,10.37106008529663,10.371327255558302,61.908747131805875,0.014827547245676698,0.000722292727012741,0.00134651304742571,EURMAD
2019-11-06,10.36929988861084,10.36929988861084,10.35219955444336,10.36929988861084,0,10.370970058441163,10.370958643386036,54.46165503062906,0.013852791556706379,-0.0021844023595180007,0.0015454423570287763,EURMAD
2019-11-07,10.35219955444336,10.35219955444336,10.347999572753906,10.35219955444336,0,10.371059989929199,10.367547899941911,49.61944005845005,0.01156709828780933,-0.0016491310263156977,0.001523636260121655,EURMAD
2019-11-12,10.3302001953125,10.3302001953125,10.329899787902832,10.3302001953125,0,10.367000007629395,10.360757408191109,44.17760343378128,0.007889559547747282,-0.0021250903264723453,0.0015030126377912232,EURMAD
2019-11-13,10.329899787902832,10.329899787902832,10.32289981842041,10.329899787902832,0,10.36343994140625,10.355146931775058,44.106468779761265,0.004894423367751699,-2.9080502215617088e-05,0.0015064650460110702,EURMAD
2019-11-15,10.313300132751465,10.333900451660156,10.313300132751465,10.313300132751465,0,10.358879947662354,10.347538422861676,40.24977111401021,0.00116784078311305,-0.0016069521962649436,0.0015578529798923194,EURMAD
2019-11-18,10.333900451660156,10.33549976348877,10.333900451660156,10.333900451660156,0,10.357159996032715,10.345058791734127,46.50168478394251,-0.00012182487063228109,0.0019974517025129757,0.001729764912917148,EURMAD
2019-11-19,10.33549976348877,10.336000442504883,10.33549976348877,10.33549976348877,0,10.353159999847412,10.343320786598607,46.96563847373455,-0.0010032779307351802,0.00015476361864474875,0.0014975778291024687,EURMAD
2019-11-20,10.336000442504883,10.336000442504883,10.32229995727539,10.336000442504883,0,10.347679996490479,10.341989814945201,47.120247507338185,-0.001642501484452552,4.844265178949314e-05,0.0013625994534009712,EURMAD
2019-11-21,10.32229995727539,10.324999809265137,10.32229995727539,10.32229995727539,0,10.341460037231446,10.338409840823417,43.39244509166612,-0.0032175158940255244,-0.001325511285114822,0.0013859827758847477,EURMAD
2019-11-22,10.324999809265137,10.324999809265137,10.313599586486816,10.324999809265137,0,10.334759998321534,10.335971653267366,44.32715623168673,-0.004199461886456035,0.00026155527362314857,0.0013441801415230662,EURMAD
2019-11-25,10.313599586486816,10.313599586486816,10.294699668884277,10.313599586486816,0,10.32918996810913,10.331904004761812,41.2312513873102,-0.005830355157584677,-0.0011041378197499396,0.0012466600544896393,EURMAD
2019-11-26,10.294699668884277,10.294699668884277,10.282400131225586,10.294699668884277,0,10.323439979553223,10.325139580056804,36.659940620826305,-0.00854936348180324,-0.0018325238869368876,0.0012660240912239925,EURMAD
2019-11-27,10.282400131225586,10.286499977111816,10.282400131225586,10.282400131225586,0,10.31865997314453,10.317368771178401,34.01679448253877,-0.01156337171449806,-0.0011947446797176964,0.0011683297896825158,EURMAD
2019-11-28,10.286499977111816,10.286499977111816,10.277400016784668,10.286499977111816,0,10.31431999206543,10.311756263166295,35.68146762695632,-0.013465944627089499,0.00039872460066781024,0.0011935472332692712,EURMAD
2019-11-29,10.277400016784668,10.292799949645996,10.277400016784668,10.277400016784668,0,10.31072998046875,10.30550967291509,33.65208388638318,-0.015529029133112715,-0.0008846507896170808,0.0011341316526941364,EURMAD
2019-12-02,10.292799949645996,10.30780029296875,10.292799949645996,10.292799949645996,0,10.306619930267335,10.30319881413889,39.88340137809788,-0.015739952217176167,0.0014984269208337953,0.0010252086304898453,EURMAD
2019-12-03,10.30780029296875,10.317099571228027,10.30780029296875,10.30780029296875,0,10.303849983215333,10.304035446653408,45.27486285390165,-0.014529224086725634,0.0014573627580578563,0.001175042871184034,EURMAD
2019-12-04,10.317099571228027,10.320899963378906,10.317099571228027,10.317099571228027,0,10.301959896087647,10.30641074203061,48.36641860620353,-0.012673249945756027,0.0009021593351610235,0.0012302792283635441,EURMAD
2019-12-05,10.320899963378906,10.336999893188477,10.320899963378906,10.320899963378906,0,10.301819896697998,10.309045145912119,49.619041943847314,-0.010771549464918095,0.00036835858030070945,0.0011705540555963694,EURMAD
2019-12-06,10.336999893188477,10.344900131225586,10.336999893188477,10.336999893188477,0,10.303019905090332,10.314127827235094,54.63953114974013,-0.007874535605207456,0.001559934682701769,0.001271997444015315,EURMAD
2019-12-09,10.344900131225586,10.344900131225586,10.340800285339355,10.344900131225586,0,10.306149959564209,10.319722791597002,56.90871626340877,-0.004884838685319082,0.0007642679809172215,0.001208345477771933,EURMAD
2019-12-10,10.340800285339355,10.34179973602295,10.340800285339355,10.340800285339355,0,10.310760021209717,10.32355506318652,55.360941030278106,-0.0028138691044201636,-0.0003963156564320558,0.0009922532457571575,EURMAD
2019-12-11,10.34179973602295,10.352899551391602,10.34179973602295,10.34179973602295,0,10.316699981689453,10.326872276429507,55.67741117375814,-0.0010795194454296109,9.665119294588465e-05,0.0008246774985715697,EURMAD
2019-12-12,10.352899551391602,10.355799674987793,10.352899551391602,10.352899551391602,0,10.323339939117432,10.331604508240796,59.141868998205645,0.0011770590854141005,0.001073296297741111,0.0008360319908559154,EURMAD
2019-12-13,10.355799674987793,10.372099876403809,10.355799674987793,10.355799674987793,0,10.331179904937745,10.336003629467523,60.021146439458796,0.0031629688299545933,0.00028012670091071,0.0006625392057509206,EURMAD
2019-12-16,10.372099876403809,10.372099876403809,10.362799644470215,10.372099876403809,0,10.339109897613525,10.342566583455937,64.62859873110733,0.005983136761800623,0.0015740166793092314,0.0006722546402986826,EURMAD
2019-12-17,10.362799644470215,10.378899574279785,10.362799644470215,10.362799644470215,0,10.344609832763672,10.346245321822169,60.35467361634465,0.007382587303307986,-0.0008966585401622984,0.000803395262759235,EURMAD
2019-12-18,10.378899574279785,10.378899574279785,10.354499816894531,10.378899574279785,0,10.350789833068848,10.352182458632644,64.70596679030778,0.009679215748805703,0.0015536274329266409,0.0008610393323835609,EURMAD
2019-12-19,10.354499816894531,10.364299774169922,10.354499816894531,10.354499816894531,0,10.35414981842041,10.35260379649844,54.87594330659995,0.009421844673960678,-0.0023509002289336944,0.0012725684277208728,EURMAD
2019-12-20,10.364299774169922,10.364299774169922,10.341899871826172,10.364299774169922,0,10.356879806518554,10.354730337893255,57.65823428346577,0.009894592193711915,0.0009464442946245377,0.001220170899663409,EURMAD
2019-12-23,10.341899871826172,10.341899871826172,10.335399627685547,10.341899871826172,0,10.356579780578613,10.352397525881058,50.06031591665287,0.00836533274508433,-0.0021612557366949003,0.0014211789894351178,EURMAD
2019-12-24,10.335399627685547,10.34179973602295,10.335399627685547,10.335399627685547,0,10.356039714813232,10.349306998936418,48.08030000475176,0.006553325579014668,-0.0006285348167345273,0.0014297356248323843,EURMAD
2019-12-25,10.34179973602295,10.34179973602295,10.34179973602295,10.34179973602295,0,10.356039714813232,10.34794204204306,50.17011259206468,0.00556953002477556,0.0006192414969865556,0.0014452120724566567,EURMAD
2019-12-26,10.34179973602295,10.34179973602295,10.34179973602295,10.34179973602295,0,10.354929733276368,10.346825259130313,50.17011259206468,0.004735279604505038,0.0,0.001395731530132939,EURMAD
2019-12-27,10.34179973602295,10.364500045776367,10.34179973602295,10.34179973602295,0,10.353529739379884,10.345911527656247,50.17011259206468,0.0040277013025313835,0.0,0.001389911089123467,EURMAD
2019-12-30,10.364500045776367,10.402400016784668,10.364500045776367,10.364500045776367,0,10.352769756317139,10.349291258223541,57.710685150041,0.005238282028580343,0.002195005737187783,0.001485319222332496,EURMAD
2019-12-31,10.402400016784668,10.402400016784668,10.3996000289917,10.402400016784668,0,10.356729793548585,10.358947396143746,66.75593091343532,0.009150406700321412,0.0036567100044295753,0.001856167451706321,EURMAD
2020-01-01,10.3996000289917,10.3996000289917,10.3996000289917,10.3996000289917,0,10.358799839019776,10.366338783934282,65.63893093434578,0.01188782265395183,-0.00026916747947114406,0.001817539162720283,EURMAD
2020-01-02,10.3996000289917,10.3996000289917,10.395299911499023,10.3996000289917,0,10.363309860229492,10.37238628303563,65.63893093434578,0.013897048000483636,0.0,0.0015884207954196383,EURMAD
2020-01-03,10.395299911499023,10.395299911499023,10.372099876403809,10.395299911499023,0,10.366409873962402,10.376552397301701,63.73932159528208,0.014969827169997174,-0.00041348873809454734,0.001598034842330374,EURMAD
2020-01-06,10.372099876403809,10.39330005645752,10.372099876403809,10.372099876403809,0,10.369429874420167,10.375742848047537,54.56434895449882,0.013789012298973446,-0.0022317812177358176,0.0016102124136770756,EURMAD
2020-01-07,10.39330005645752,10.39330005645752,10.377900123596191,10.39330005645752,0,10.375219917297363,10.37893506775844,60.20195439252141,0.014397915155885954,0.002043962197273208,0.0016612763281669827,EURMAD
2020-01-08,10.377900123596191,10.377900123596191,10.356300354003906,10.377900123596191,0,10.378829956054688,10.378746896092576,54.8754758410092,0.013482412320870552,-0.0014817173349825907,0.0017814616719943862,EURMAD
2020-01-09,10.356300354003906,10.356300354003906,10.326199531555176,10.356300354003906,0,10.380280017852783,10.374665706621908,48.40633286794478,0.010888433752507254,-0.0020813237104849724,0.0019413024510293187,EURMAD
2020-01-10,10.326199531555176,10.326199531555176,10.314399719238281,10.326199531555176,0,10.378719997406005,10.365853674791593,41.129593863536876,0.006330824436624027,-0.0029065227368664237,0.002169111175609075,EURMAD
2020-01-13,10.314399719238281,10.319100379943848,10.314399719238281,10.314399719238281,0,10.373709964752198,10.356498410145536,38.67517689292866,0.00174660619022049,-0.0011427062086913908,0.002020054068081082,EURMAD
2020-01-14,10.319100379943848,10.322400093078613,10.319100379943848,10.319100379943848,0,10.365380001068115,10.349698768290683,40.205982852526475,-0.0014899406552650873,0.0004557376903668864,0.001469977752060734,EURMAD
2020-01-15,10.322400093078613,10.32859992980957,10.322400093078613,10.322400093078613,0,10.357660007476806,10.34473537279758,41.313433811167734,-0.0037454923706903287,0.0003197675197712524,0.0015051062772031653,EURMAD
2020-01-16,10.32859992980957,10.347999572753906,10.32859992980957,10.32859992980957,0,10.350559997558594,10.341801655890668,43.433337252620525,-0.00497540497408977,0.000600619688740256,0.0015494179668232861,EURMAD
2020-01-17,10.347999572753906,10.347999572753906,10.32759952545166,10.347999572753906,0,10.345829963684082,10.342928549865801,49.571666309532176,-0.004334762078350707,0.0018782451712884285,0.0017502957334050136,EURMAD
2020-01-20,10.32759952545166,10.32759952545166,10.320899963378906,10.32759952545166,0,10.341379928588868,10.340141454517774,44.14655616679797,-0.00541078908638859,-0.001971400091275499,0.00172263787888826,EURMAD
2020-01-21,10.320899963378906,10.320899963378906,10.319000244140625,10.320899963378906,0,10.334139919281006,10.336643001583434,42.501505492972655,-0.006726606775568911,-0.0006487046729729551,0.0014876351376556954,EURMAD
2020-01-22,10.319000244140625,10.319000244140625,10.311699867248535,10.319000244140625,0,10.32824993133545,10.333435227502923,42.023315533362435,-0.007832406137660897,-0.000184065269988265,0.0014681255183083821,EURMAD
2020-01-23,10.311699867248535,10.325300216674805,10.311699867248535,10.311699867248535,0,10.323789882659913,10.329483343820307,40.153659088370176,-0.009191881217441633,-0.0007074693981362623,0.0013719080476333907,EURMAD
2020-01-24,10.325300216674805,10.325300216674805,10.299799919128418,10.325300216674805,0,10.323699951171875,10.328722775248396,45.057842194700086,-0.009067318078225028,0.0013189240960616022,0.0011587736527621623,EURMAD
2020-01-27,10.299799919128418,10.299799919128418,10.289400100708008,10.299799919128418,0,10.322239971160888,10.323464074135671,38.66079291306506,-0.010900606385067846,-0.0024696906638321803,0.0013614045980696481,EURMAD
2020-01-28,10.289400100708008,10.291399955749512,10.289400100708008,10.289400100708008,0,10.319269943237305,10.31727062442155,36.39157919261449,-0.013042335087668278,-0.0010097107227390323,0.001368908182499075,EURMAD
2020-01-29,10.291399955749512,10.291399955749512,10.280500411987305,10.291399955749512,0,10.316169929504394,10.312566866481179,37.155467022426144,-0.014412164465735344,0.00019436070343559209,0.0013632912680448489,EURMAD
2020-01-30,10.280500411987305,10.280500411987305,10.277999877929688,10.280500411987305,0,10.311359977722168,10.306736602027748,34.708935807702176,-0.016190630694930874,-0.0010590924275679647,0.0013423477304052892,EURMAD
2020-01-31,10.277999877929688,10.281299591064453,10.277999877929688,10.277999877929688,0,10.304360008239746,10.301511743100827,34.153325653925904,-0.01759898010764438,-0.0002432307725702687,0.0010709157127768304,EURMAD
2020-02-03,10.281299591064453,10.293700218200684,10.281299591064453,10.281299591064453,0,10.299730014801025,10.29783680636694,35.617935235812965,-0.018238604609900122,0.00032104623214213035,0.0010067251119596186,EURMAD
2020-02-04,10.293700218200684,10.293700218200684,10.292099952697754,10.293700218200684,0,10.297010040283203,10.29708469942762,40.93498237612902,-0.01754266375482061,0.0012061342076841175,0.001129214353331336,EURMAD
2020-02-05,10.292099952697754,10.292099952697754,10.277700424194336,10.292099952697754,0,10.294320011138916,10.29617838184037,40.47049152269281,-0.01692515105942327,-0.0001554606671078096,0.0011294735096225965,EURMAD
2020-02-06,10.277700424194336,10.277700424194336,10.266900062561035,10.277700424194336,0,10.290920066833497,10.292818753177455,36.46130984428392,-0.017397145938693015,-0.00139908556753221,0.0011799372847111822,EURMAD
2020-02-07,10.266900062561035,10.266900062561035,10.25,10.266900062561035,0,10.285080051422119,10.288106263974468,33.759884793489874,-0.018430251732928227,-0.0010508539057896282,0.0010419719996060475,EURMAD
2020-02-10,10.25,10.250699996948242,10.25,10.25,0,10.280100059509277,10.281177852342745,30.012735967107176,-0.020377786884473892,-0.0016460725689404487,0.0008973389371916933,EURMAD
2020-02-11,10.250699996948242,10.250699996948242,10.227299690246582,10.250699996948242,0,10.2762300491333,10.275636424089198,30.357535473838553,-0.021615567809218916,6.829238519445724e-05,0.0008919282681122476,EURMAD
2020-02-12,10.227299690246582,10.227299690246582,10.22700023651123,10.227299690246582,0,10.269820022583009,10.266847927026904,25.784394018363727,-0.024205699064816955,-0.002282800853466327,0.0010464122011464452,EURMAD
2020-02-13,10.22700023651123,10.22700023651123,10.208000183105469,10.22700023651123,0,10.2644700050354,10.25960289238769,25.730974836476335,-0.02598304380447658,-2.9279843597129762e-05,0.0010495169888814703,EURMAD
2020-02-14,10.208000183105469,10.208000183105469,10.195699691772461,10.208000183105469,0,10.257470035552979,10.250220581609105,22.540124824001353,-0.02859512107954565,-0.0018578324989110273,0.0011235964696576393,EURMAD
2020-02-17,10.195699691772461,10.201899528503418,10.195699691772461,10.195699691772461,0,10.248910045623779,10.240307692547896,20.746440296251848,-0.031296985819288636,-0.0012049854146128913,0.0010747067440571194,EURMAD
2020-02-18,10.201899528503418,10.201899528503418,10.190099716186523,10.201899528503418,0,10.239729976654052,10.233324389994355,24.028039631115135,-0.03256259673577233,0.0006080834977868488,0.0009588890171593993,EURMAD
2020-02-19,10.190099716186523,10.190099716186523,10.17389965057373,10.190099716186523,0,10.22952995300293,10.22546535839293,22.1483438579383,-0.034124384086092974,-0.0011566289477686897,0.0009247529236099887,EURMAD
2020-02-20,10.17389965057373,10.176300048828125,10.17389965057373,10.17389965057373,0,10.21914987564087,10.216089775153074,19.852175687541703,-0.03625143771045991,-0.001589784797400906,0.0009359080280799033,EURMAD
2020-02-21,10.176300048828125,10.179100036621094,10.176300048828125,10.176300048828125,0,10.210089874267577,10.208855279457628,21.156482133806833,-0.03731332615699934,0.00023593689114664862,0.0010153923677262368,EURMAD
2020-02-24,10.179100036621094,10.185099601745605,10.179100036621094,10.179100036621094,0,10.202999877929688,10.203445235305532,22.735993112903344,-0.037496706099927835,0.00027514792012173217,0.0010370228119455827,EURMAD
2020-02-25,10.185099601745605,10.185099601745605,10.184599876403809,10.185099601745605,0,10.196439838409423,10.200109665567364,26.149932975123136,-0.0367344691666478,0.0005894003500237499,0.0010912264990287398,EURMAD
2020-02-26,10.184599876403809,10.191100120544434,10.184599876403809,10.184599876403809,0,10.192169857025146,10.197289703901262,26.04669782428327,-0.035758512688733646,-4.906435492402217e-05,0.000935362263730627,EURMAD
2020-02-27,10.191100120544434,10.212599754333496,10.191100120544434,10.191100120544434,0,10.188579845428468,10.196164325109113,29.922136318048402,-0.034067832010331145,0.0006382424660280606,0.0009884879991338784,EURMAD
2020-02-28,10.212599754333496,10.237099647521973,10.212599754333496,10.212599754333496,0,10.18903980255127,10.199152584968092,40.94524794862825,-0.030639916737694506,0.0021096479805668977,0.0011058083590302652,EURMAD
2020-03-02,10.237099647521973,10.287699699401855,10.237099647521973,10.237099647521973,0,10.19317979812622,10.206052050886978,50.50049682918327,-0.025650647859622566,0.0023989869159495303,0.0012329241105370032,EURMAD
2020-03-03,10.287699699401855,10.293899536132812,10.287699699401855,10.287699699401855,0,10.201759815216064,10.220897077889683,63.60011460207621,-0.017412890066047737,0.004942811306142936,0.0018957196564187999,EURMAD
2020-03-04,10.293899536132812,10.310600280761719,10.293899536132812,10.293899536132812,0,10.212139797210693,10.234170252115707,64.82830324723886,-0.010265794960735874,0.0006026455779339912,0.0017671681287044498,EURMAD
2020-03-05,10.310600280761719,10.32129955291748,10.310600280761719,10.310600280761719,0,10.225809860229493,10.248066620960437,67.96406284721775,-0.0032169767743734923,0.0016223924247837918,0.0015149481688716147,EURMAD
2020-03-06,10.32129955291748,10.394800186157227,10.32129955291748,10.32129955291748,0,10.240309810638427,10.26138169949808,69.82043682808171,0.0031957654726575413,0.0010376963381777404,0.0014707968452409735,EURMAD
2020-03-09,10.394800186157227,10.432000160217285,10.394800186157227,10.394800186157227,0,10.261879825592041,10.285639606163379,78.87614978984165,0.014046873127233184,0.0071212576345554,0.0022612647221086518,EURMAD
2020-03-10,10.432000160217285,10.432000160217285,10.407099723815918,10.432000160217285,0,10.28656988143921,10.31225061599136,81.84531672290935,0.02535589417048456,0.0035787098735766687,0.002236628358375116,EURMAD
2020-03-11,10.407099723815918,10.407099723815918,10.394100189208984,10.407099723815918,0,10.30881986618042,10.329495908323098,74.31541279177277,0.03194092263479753,-0.0023869282993616014,0.002611817555543389,EURMAD
2020-03-12,10.394100189208984,10.394100189208984,10.357000350952148,10.394100189208984,0,10.329119873046874,10.341242141211442,70.66049345160184,0.03569913394007607,-0.001249102531148516,0.0027962088503088642,EURMAD
2020-03-13,10.357000350952148,10.357000350952148,10.330499649047852,10.357000350952148,0,10.34355993270874,10.344107270255206,61.382160220672844,0.03527724249278208,-0.0035693169761200627,0.0032981012569314218,EURMAD
2020-03-16,10.330499649047852,10.343199729919434,10.330499649047852,10.330499649047852,0,10.352899932861328,10.341633157308413,55.75078658329203,0.03243066479677914,-0.0025587236657630408,0.003499383906686013,EURMAD
2020-03-17,10.343199729919434,10.343199729919434,10.276900291442871,10.343199729919434,0,10.358449935913086,10.341917988692234,57.75120258278449,0.03084397174497333,0.001229377213400662,0.003209386290005302,EURMAD
2020-03-18,10.276900291442871,10.276900291442871,10.263999938964844,10.276900291442871,0,10.356750011444092,10.330096589192351,46.04780960508165,0.02396049381457388,-0.006409954386240924,0.003889030300557388,EURMAD
2020-03-19,10.263999938964844,10.263999938964844,10.188799858093262,10.263999938964844,0,10.352089977264404,10.318079016423713,44.17206018418665,0.017265313542486282,-0.0012552766021062256,0.0038488741195573744,EURMAD
2020-03-20,10.188799858093262,10.194600105285645,10.188799858093262,10.188799858093262,0,10.338840007781982,10.294573714909085,35.176637385892235,0.005824179373261629,-0.007326586254750689,0.00436483033843672,EURMAD
2020-03-23,10.194600105285645,10.201800346374512,10.194600105285645,10.194600105285645,0,10.318819999694824,10.27639669497755,36.254922127438135,-0.0027433468166062625,0.0005692767816785071,0.003332945998586386,EURMAD
2020-03-24,10.201800346374512,10.301899909973145,10.201800346374512,10.201800346374512,0,10.295800018310548,10.26283372250427,37.641620306577856,-0.008850154692558121,0.0007062798946997351,0.0029003955985771553,EURMAD
2020-03-25,10.301899909973145,10.33489990234375,10.301899909973145,10.301899909973145,0,10.28528003692627,10.26993666568043,52.96158588808887,-0.00554868394143071,0.009811950851812634,0.004780674998775216,EURMAD
2020-03-26,10.33489990234375,10.453800201416016,10.33489990234375,10.33489990234375,0,10.279360008239745,10.281748163255578,56.735252103252364,-0.0002663506687738959,0.0032032918839230984,0.0049594274117462115,EURMAD
2020-03-27,10.453800201416016,10.588399887084961,10.453800201416016,10.453800201416016,0,10.289039993286133,10.31303035201202,67.00595498871459,0.013360189008375656,0.011504736397621063,0.006102289993645669,EURMAD
2020-03-30,10.588399887084961,10.72189998626709,10.588399887084961,10.588399887084961,0,10.314830017089843,10.3630975402071,74.4114943517336,0.03462129685427939,0.012875670385465554,0.007002452102922816,EURMAD
2020-03-31,10.72189998626709,10.765299797058105,10.72189998626709,10.72189998626709,0,10.35270004272461,10.428334348581643,79.35980681960206,0.06153389584945401,0.01260814670826349,0.007667602500320987,EURMAD
2020-04-01,10.765299797058105,10.824700355529785,10.765299797058105,10.765299797058105,0,10.401539993286132,10.48960079375918,80.66858703566781,0.0853801176227389,0.004047772395433968,0.006811694742708723,EURMAD
2020-04-02,10.824700355529785,10.849900245666504,10.824700355529785,10.824700355529785,0,10.457610034942627,10.550527986808381,82.3209284653662,0.10782856820498843,0.0055177802375658835,0.0064854859581177145,EURMAD
2020-04-03,10.849900245666504,10.849900245666504,10.797599792480469,10.849900245666504,0,10.523720073699952,10.604959306600767,82.9853622448779,0.1261978176668901,0.0023279988645454885,0.004917473723700166,EURMAD
2020-04-06,10.797599792480469,10.797599792480469,10.787199974060059,10.797599792480469,0,10.584020042419434,10.639984849487984,76.55470139824129,0.13497941208895803,-0.004820362584155968,0.0058284433125786695,EURMAD
2020-04-07,10.787199974060059,10.817000389099121,10.787199974060059,10.787199974060059,0,10.642560005187988,10.666751235773816,75.30506607387628,0.13949173659591274,-0.0009631602041457743,0.0060109164233335104,EURMAD
2020-04-08,10.817000389099121,10.817000389099121,10.804300308227539,10.817000389099121,0,10.694070053100585,10.694069263651144,76.48935380912783,0.14381462524013777,0.0027625718546724354,0.005875387640498348,EURMAD
2020-04-09,10.804300308227539,10.809900283813477,10.804300308227539,10.804300308227539,0,10.741010093688965,10.714111271755943,74.8420863991559,0.1445494788349997,-0.001174085274544323,0.0061719580054023105,EURMAD
2020-04-10,10.809900283813477,10.809900283813477,10.809900283813477,10.809900283813477,0,10.77662010192871,10.731527455766404,75.096759634325,0.14392465302204727,0.0005183098790462193,0.005743279733442987,EURMAD
2020-04-13,10.809900283813477,10.809900283813477,10.809900283813477,10.809900283813477,0,10.798770141601562,10.745777060865871,75.096759634325,0.14179495014270316,0.0,0.0047292218588932235,EURMAD
2020-04-14,10.809900283813477,10.822199821472168,10.809900283813477,10.809900283813477,0,10.8075701713562,10.757435828674526,75.096759634325,0.13851048264301546,0.0,0.0029616214567967153,EURMAD
2020-04-15,10.822199821472168,10.822199821472168,10.811699867248535,10.822199821472168,0,10.813260173797607,10.769211100092278,75.76962100228066,0.13533987455599927,0.0011378030634665581,0.002744414509997688,EURMAD
2020-04-16,10.811699867248535,10.811699867248535,10.776200294494629,10.811699867248535,0,10.811960124969483,10.776936330484324,73.93311628420936,0.13047584196222317,-0.0009702236510916729,0.002133294140837938,EURMAD
2020-04-17,10.776200294494629,10.776200294494629,10.741700172424316,10.776200294494629,0,10.804590129852295,10.776802505758923,67.93758793333703,0.1223462112834568,-0.0032834404570777354,0.002156269522755097,EURMAD
2020-04-20,10.741700172424316,10.741700172424316,10.594799995422363,10.741700172424316,0,10.79900016784668,10.770420263334449,62.62260620729578,0.11183043721005781,-0.0032015108412506432,0.0018498177328236261,EURMAD
2020-04-21,10.594799995422363,10.594799995422363,10.517499923706055,10.594799995422363,0,10.77976016998291,10.73848930553225,46.088783732942815,0.0905986293038481,-0.013675691430958925,0.004565306234893535,EURMAD
2020-04-22,10.517499923706055,10.529500007629395,10.517499923706055,10.517499923706055,0,10.749810123443604,10.698309417927486,40.0905136834207,0.06676517147057126,-0.007296038787868331,0.004559225132350815,EURMAD
2020-04-23,10.529500007629395,10.529500007629395,10.439000129699707,10.529500007629395,0,10.722330093383789,10.667616797873288,41.36626894289614,0.04828864941877953,0.0011409635379500127,0.004707027037953224,EURMAD
2020-04-24,10.439000129699707,10.439000129699707,10.434499740600586,10.439000129699707,0,10.685240077972413,10.626050130932637,35.26686949870495,0.026043080347697867,-0.008594888443336668,0.004921488181891571,EURMAD
2020-04-27,10.434499740600586,10.457500457763672,10.434499740600586,10.434499740600586,0,10.647700023651122,10.5912227872359,34.99057101061102,0.007958423052217611,-0.0004311130417862241,0.0048894563605869894,EURMAD
2020-04-28,10.457500457763672,10.457500457763672,10.44540023803711,10.457500457763672,0,10.612460041046143,10.566909636422766,37.67795241772359,-0.004466347226699696,0.0022042951492529106,0.0051103480439465155,EURMAD
2020-04-29,10.44540023803711,10.44540023803711,10.4399995803833,10.44540023803711,0,10.574780082702636,10.544817018534465,36.81572296735452,-0.015115215004874116,-0.001157085268648439,0.004937679290231659,EURMAD
2020-04-30,10.4399995803833,10.4399995803833,10.425299644470215,10.4399995803833,0,10.537610054016113,10.52575930250698,36.41517362845067,-0.02371691356124117,-0.0005170369282875287,0.004965747657337726,EURMAD
2020-05-01,10.425299644470215,10.425299644470215,10.425299644470215,10.425299644470215,0,10.502519989013672,10.50749391013666,35.289728113648664,-0.031358502319994486,-0.0014080398950118145,0.005009267514984917,EURMAD
2020-05-04,10.425299644470215,10.44890022277832,10.425299644470215,10.425299644470215,0,10.470879936218262,10.492549498197306,35.289728113648664,-0.03698814020995833,0.0,0.005116957604783785,EURMAD
2020-05-05,10.44890022277832,10.44890022277832,10.404199600219727,10.44890022277832,0,10.456289958953857,10.484613266302944,38.810942165343405,-0.039094640683671855,0.002263779374497288,0.003698853482925875,EURMAD
2020-05-06,10.404199600219727,10.404199600219727,10.371899604797363,10.404199600219727,0,10.444959926605225,10.469992599742358,34.93356764016015,-0.043865371450559465,-0.004278021763586937,0.003259497362019721,EURMAD
2020-05-07,10.371899604797363,10.371899604797363,10.332200050354004,10.371899604797363,0,10.42919988632202,10.452157509752357,32.41365683229256,-0.04967987101442617,-0.003104515163442345,0.003214582836161891,EURMAD
2020-05-08,10.332200050354004,10.332200050354004,10.318300247192383,10.332200050354004,0,10.418519878387452,10.43034706258902,29.588556585218015,-0.056836154263486094,-0.003827606895172475,0.002256621680441839,EURMAD
2020-05-11,10.318300247192383,10.318900108337402,10.318300247192383,10.318300247192383,0,10.40689992904663,10.409974914335086,28.647112801205623,-0.06290403963375191,-0.0013452897828033494,0.0022483674927252315,EURMAD
2020-05-12,10.318900108337402,10.322999954223633,10.318900108337402,10.318900108337402,0,10.393039894104003,10.393415858699143,28.752470720849473,-0.06689337355462754,5.8135655160995725e-05,0.001982869840828326,EURMAD
2020-05-13,10.322999954223633,10.351799964904785,10.322999954223633,10.322999954223633,0,10.380799865722656,10.380612966976322,29.51847712041193,-0.06892954919339722,0.000397314233415047,0.002057585673407988,EURMAD
2020-05-14,10.351799964904785,10.351799964904785,10.309700012207031,10.351799964904785,0,10.371979904174804,10.37537423932695,34.819843152004395,-0.06744188481965274,0.0027898877079204354,0.002410722217766451,EURMAD
2020-05-15,10.309700012207031,10.334099769592285,10.309700012207031,10.309700012207031,0,10.360419940948486,10.363433470759691,31.133360802257542,-0.06886616810591661,-0.004066921003157309,0.002617435427518016,EURMAD
2020-05-18,10.334099769592285,10.355400085449219,10.334099769592285,10.334099769592285,0,10.351299953460693,10.358100070547435,35.40203278551007,-0.06725084054042263,0.0023666796663688316,0.002827642599657953,EURMAD
2020-05-19,10.355400085449219,10.398300170898438,10.355400085449219,10.355400085449219,0,10.341949939727783,10.35760916416594,38.959084288393775,-0.06351970866957579,0.002061168009971137,0.0028032767534114794,EURMAD
2020-05-20,10.398300170898438,10.414600372314453,10.398300170898438,10.398300170898438,0,10.341359996795655,10.365007529026393,45.47162771978526,-0.056450356841262206,0.0041427743105260095,0.0029357414193787387,EURMAD
2020-05-21,10.414600372314453,10.425399780273438,10.414600372314453,10.414600372314453,0,10.345630073547364,10.374024409624221,47.752568625051985,-0.04896808100137484,0.0015675832730464023,0.0027627959680264643,EURMAD
2020-05-22,10.425399780273438,10.432100296020508,10.425399780273438,10.425399780273438,0,10.354950046539306,10.383365386105895,49.26674304040397,-0.04168636703321127,0.0010369488576529307,0.002326757298682911,EURMAD
2020-05-25,10.432100296020508,10.432100296020508,10.418299674987793,10.432100296020508,0,10.36633005142212,10.392226278817642,50.230499299264046,-0.03497174808649817,0.0006427106766446755,0.002194704744745326,EURMAD
2020-05-26,10.418299674987793,10.479700088500977,10.418299674987793,10.418299674987793,0,10.376270008087157,10.396966896303123,48.199579388356725,-0.030413372548673934,-0.001322899573538372,0.002308047956911358,EURMAD
2020-05-27,10.479700088500977,10.5068998336792,10.479700088500977,10.479700088500977,0,10.391940021514893,10.41200929488455,56.60601978377274,-0.021597365877832786,0.005893515777876335,0.002767452672829582,EURMAD
2020-05-28,10.5068998336792,10.5068998336792,10.501700401306152,10.5068998336792,0,10.407450008392335,10.42926212011994,59.72420025594096,-0.01227433407446199,0.0025954698081549488,0.0027581383842972896,EURMAD
2020-05-29,10.501700401306152,10.548500061035156,10.501700401306152,10.501700401306152,0,10.426650047302246,10.442432716699251,58.853596473084984,-0.005244855510987634,-0.0004948588504080087,0.0021144505626617565,EURMAD
2020-06-01,10.548500061035156,10.548500061035156,10.52869987487793,10.548500061035156,0,10.448090076446533,10.46171768839669,63.94777051629512,0.004055647336338453,0.004456388769497055,0.0022689274434230136,EURMAD
2020-06-02,10.52869987487793,10.541299819946289,10.52869987487793,10.52869987487793,0,10.465420055389405,10.473896267756913,60.533120320188566,0.009716645858464545,-0.0018770617663800282,0.002587686161693313,EURMAD
2020-06-03,10.541299819946289,10.541299819946289,10.538200378417969,10.541299819946289,0,10.47972002029419,10.486151459064072,61.92637064173934,0.01504629392702661,0.00119672373779256,0.0024374740402839726,EURMAD
2020-06-04,10.538200378417969,10.551600456237793,10.538200378417969,10.538200378417969,0,10.492080020904542,10.495614898946599,61.352612449257165,0.018803227489287977,-0.0002940284007912908,0.0024911592298910027,EURMAD
2020-06-05,10.551600456237793,10.603599548339844,10.551600456237793,10.551600456237793,0,10.504700088500977,10.505794091181361,62.95084557779904,0.022601364237491595,0.0012715717426732276,0.0024907326343051642,EURMAD
2020-06-08,10.603599548339844,10.603599548339844,10.593899726867676,10.603599548339844,0,10.52185001373291,10.523576901573811,68.41018603230515,0.029467622720863673,0.004928076296834227,0.0027391687169773375,EURMAD
2020-06-09,10.593899726867676,10.595600128173828,10.593899726867676,10.593899726867676,0,10.539410018920899,10.536362869809057,66.44335920819339,0.03373758166907592,-0.0009147668608143755,0.002692843494040019,EURMAD
2020-06-10,10.595600128173828,10.619199752807617,10.595600128173828,10.595600128173828,0,10.551000022888184,10.547133280420834,66.62451213129134,0.03683416178490084,0.00016050758927232955,0.0022726972634892124,EURMAD
2020-06-11,10.619199752807617,10.619199752807617,10.593899726867676,10.619199752807617,0,10.562230014801026,10.560236275400248,69.11642463085369,0.04072308592865781,0.002227304196865454,0.002248685275861215,EURMAD
2020-06-12,10.593899726867676,10.593899726867676,10.572099685668945,10.593899726867676,0,10.571449947357177,10.56635690293978,63.63141608391578,0.04128764738022461,-0.0023824795209499428,0.0024632551749650435,EURMAD
2020-06-15,10.572099685668945,10.572099685668945,10.55620002746582,10.572099685668945,0,10.573809909820557,10.567401045254172,59.26696375082556,0.039520418480211816,-0.0020577919142884538,0.0022649275679364708,EURMAD
2020-06-16,10.55620002746582,10.577300071716309,10.55620002746582,10.55620002746582,0,10.576559925079346,10.565364496565381,56.23727779422975,0.0364171134912894,-0.0015039262469950243,0.002229226825343414,EURMAD
2020-06-17,10.577300071716309,10.577300071716309,10.536100387573242,10.577300071716309,0,10.580159950256348,10.567534601138277,59.216799160748685,0.03525393375651831,0.0019988295215691565,0.002280394846159072,EURMAD
2020-06-18,10.536100387573242,10.537099838256836,10.536100387573242,10.536100387573242,0,10.579949951171875,10.561819289580997,51.80073765070223,0.030654271881603634,-0.0038951040306811624,0.0026470765012517835,EURMAD
2020-06-19,10.537099838256836,10.537099838256836,10.51830005645752,10.537099838256836,0,10.578499889373779,10.557324843885695,51.95791949032006,0.02678094001839426,9.48596394139134e-05,0.002609326839095998,EURMAD
2020-06-22,10.51830005645752,10.51830005645752,10.498100280761719,10.51830005645752,0,10.569969940185548,10.550229427989663,48.73827268928487,0.021941384711166023,-0.001784151435204273,0.001939766103450193,EURMAD
2020-06-23,10.498100280761719,10.523200035095215,10.498100280761719,10.498100280761719,0,10.560389995574951,10.540751401220945,45.47742322604462,0.016288287936763624,-0.0019204410966959795,0.0019718548345536093,EURMAD
2020-06-24,10.523200035095215,10.547300338745117,10.523200035095215,10.523200035095215,0,10.55314998626709,10.537560243743538,49.95770608020736,0.013675861602379769,0.002390885366135409,0.0022168427791012424,EURMAD
2020-06-25,10.547300338745117,10.547300338745117,10.533699989318848,10.547300338745117,0,10.54596004486084,10.539331170107461,53.87680454955246,0.013395769903892685,0.002290206740300116,0.002226088863426254,EURMAD
2020-06-26,10.533699989318848,10.568599700927734,10.533699989318848,10.533699989318848,0,10.539940071105956,10.538307319054985,51.42904011536547,0.01193873833513237,-0.001289462610286063,0.002158858551297971,EURMAD
2020-06-29,10.568599700927734,10.604499816894531,10.568599700927734,10.568599700927734,0,10.539590072631835,10.54381502485003,56.84699394500541,0.013445157965616517,0.0033131484325805705,0.0024014109701717833,EURMAD
2020-06-30,10.604499816894531,10.604499816894531,10.555500030517578,10.604499816894531,0,10.544420051574708,10.554848623403576,61.59299423762626,0.017336007007184406,0.0033968659030245707,0.0025620131020829325,EURMAD
2020-07-01,10.555500030517578,10.555500030517578,10.553899765014648,10.555500030517578,0,10.542240047454834,10.554967061060667,53.021581595457015,0.01627801680732155,-0.00462065983526061,0.002946424715312387,EURMAD
2020-07-02,10.553899765014648,10.5826997756958,10.553899765014648,10.553899765014648,0,10.544019985198975,10.554773007234118,52.763334254751896,0.015135946134178013,-0.0001516048977597828,0.0026478040339883223,EURMAD
2020-07-03,10.5826997756958,10.5826997756958,10.560500144958496,10.5826997756958,0,10.548579978942872,10.559850601499878,56.83781174967284,0.01636610875361022,0.0027288501238775797,0.002767584657603805,EURMAD
2020-07-06,10.560500144958496,10.568499565124512,10.560500144958496,10.560500144958496,0,10.55279998779297,10.559968700310536,53.039995468964946,0.015372492299720264,-0.002097728482129746,0.002797145350868527,EURMAD
2020-07-07,10.568499565124512,10.568499565124512,10.553799629211426,10.568499565124512,0,10.559839916229247,10.561519766640348,54.22686958521442,0.015056963156217407,0.0007574849728906319,0.002675422365228255,EURMAD
2020-07-08,10.553799629211426,10.553799629211426,10.5516996383667,10.553799629211426,0,10.56289987564087,10.560116105289634,51.643798699522826,0.013465519929280134,-0.001390919857875983,0.0026727078720986445,EURMAD
2020-07-09,10.5516996383667,10.569199562072754,10.5516996383667,10.5516996383667,0,10.563339805603027,10.558585838576374,51.26808628958314,0.011897688844443977,-0.0001989796015184897,0.002580417440486967,EURMAD
2020-07-10,10.569199562072754,10.569199562072754,10.564599990844727,10.569199562072754,0,10.566889762878418,10.560515606484806,54.25475308722077,0.011929750269121797,0.001658493352333812,0.002579454844055188,EURMAD
2020-07-13,10.568099975585938,10.568099975585938,10.568099975585938,10.564599990844727,0,10.566489791870117,10.561258221822971,53.32961275602509,0.011452000686002606,-0.00043518633563632836,0.0023625504297142266,EURMAD
2020-07-14,10.568099975585938,10.573399543762207,10.568099975585938,10.568099975585938,0,10.562849807739259,10.5625021770526,53.97277143451087,0.011226389388713898,0.00033129363575001847,0.0020453040994318013,EURMAD
2020-07-15,10.573399543762207,10.614800453186035,10.573399543762207,10.573399543762207,0,10.56463975906372,10.564483516454345,54.98434920887582,0.011344449914716392,0.0005014683990984814,0.0013916113908947298,EURMAD
2020-07-16,10.614800453186035,10.614800453186035,10.601300239562988,10.614800453186035,0,10.570729827880859,10.57363205040556,62.00892519242927,0.014610302646508089,0.003915572210477336,0.0018165397272156309,EURMAD
2020-07-17,10.601300239562988,10.610400199890137,10.601300239562988,10.601300239562988,0,10.572589874267578,10.578662630252365,58.78743695162006,0.015925579880727625,-0.0012718292428186562,0.0017283838012588763,EURMAD
2020-07-20,10.610400199890137,10.619400024414062,10.610400199890137,10.610400199890137,0,10.577579879760743,10.584433097459232,60.28518390260201,0.017500502413627217,0.0008583815307097176,0.0015384704968409342,EURMAD
2020-07-21,10.619400024414062,10.619400024414062,10.580100059509277,10.619400024414062,0,10.582669925689697,10.590790720541928,61.765135793437416,0.019252914873922222,0.0008482078295235507,0.0015406032716583087,EURMAD
2020-07-22,10.580100059509277,10.599599838256836,10.580100059509277,10.580100059509277,0,10.585299968719482,10.588846963990537,52.55525527380232,0.01727144122648916,-0.003700770741702386,0.001966771498060454,EURMAD
2020-07-23,10.599599838256836,10.605600357055664,10.599599838256836,10.599599838256836,0,10.590089988708495,10.590802032038955,56.05653716275866,0.01707771697287619,0.0018430618460958392,0.002020183292769105,EURMAD
2020-07-24,10.605600357055664,10.605600357055664,10.598600387573242,10.605600357055664,0,10.593730068206787,10.593492636587447,57.1055572244652,0.017209994718552224,0.0005661080503407412,0.001976939198472102,EURMAD
2020-07-27,10.598600387573242,10.642499923706055,10.598600387573242,10.598600387573242,0,10.59713010787964,10.594421318584864,55.4428079637787,0.01655910370908842,-0.0006600257643845087,0.0019880535361286597,EURMAD
2020-07-28,10.642499923706055,10.656599998474121,10.642499923706055,10.642499923706055,0,10.60457010269165,10.603162883152352,62.76510005132626,0.019362395929260146,0.004142012579725574,0.002326244554269886,EURMAD
2020-07-29,10.656599998474121,10.656599998474121,10.643199920654297,10.656599998474121,0,10.612890148162842,10.612878722301764,64.76779685189462,0.022462845702294842,0.0013248837086348164,0.002332834224656327,EURMAD
2020-07-30,10.643199920654297,10.660599708557129,10.643199920654297,10.643199920654297,0,10.615730094909669,10.61839166745677,61.38852744228654,0.023567034094947203,-0.0012574440085715288,0.0021262974352164858,EURMAD
2020-07-31,10.660599708557129,10.696700096130371,10.660599708557129,10.660599708557129,0,10.621660041809083,10.626065856747744,64.01406255441026,0.025551586040469587,0.0016348267468946354,0.0020905934003651273,EURMAD
2020-08-03,10.696700096130371,10.696700096130371,10.638799667358398,10.696700096130371,0,10.630290031433105,10.638908445726402,68.76040865190713,0.029695051262429217,0.0033863374069158514,0.002275368242486224,EURMAD
2020-08-04,10.638799667358398,10.639599800109863,10.638799667358398,10.638799667358398,0,10.632229995727538,10.63888866784131,56.002282089811715,0.027984113158082025,-0.005412924383373041,0.0030080062380862618,EURMAD
2020-08-05,10.639599800109863,10.647899627685547,10.639599800109863,10.639599800109863,0,10.638179969787597,10.63901796461741,56.12343838783235,0.02638855556752162,7.520893112777927e-05,0.002685512960986823,EURMAD
2020-08-06,10.647899627685547,10.647899627685547,10.617300033569336,10.647899627685547,0,10.64300994873047,10.640632812447981,57.4328673624986,0.025499845061665027,0.0007800883239610368,0.002650072477827986,EURMAD
2020-08-07,10.617300033569336,10.617300033569336,10.610199928283691,10.617300033569336,0,10.644179916381836,10.636390489015499,51.348588025453296,0.022071972114055427,-0.002873768084425743,0.0028501663684981685,EURMAD
2020-08-10,10.610199928283691,10.610199928283691,10.547499656677246,10.610199928283691,0,10.645339870452881,10.631628568882443,50.02435638140336,0.01856839405979116,-0.0006687298336861547,0.0028504303005575794,EURMAD
2020-08-11,10.547499656677246,10.562899589538574,10.547499656677246,10.547499656677246,0,10.63583984375,10.61633240302695,40.17185218728221,0.01061008880012615,-0.005909433566779865,0.0030378934706381472,EURMAD
2020-08-12,10.562899589538574,10.562899589538574,10.558699607849121,10.562899589538574,0,10.626469802856445,10.606617346029063,43.1342927940308,0.005482521331492407,0.0014600553081391965,0.0030491339411669277,EURMAD
2020-08-13,10.558699607849121,10.579099655151367,10.558699607849121,10.558699607849121,0,10.618019771575927,10.597905029996346,42.515978164257085,0.0010676762417336505,-0.0003976163603423011,0.003049386367267048,EURMAD
2020-08-14,10.579099655151367,10.579099655151367,10.575900077819824,10.579099655151367,0,10.609869766235352,10.594485870933623,46.52558116615717,-0.0007760610237586008,0.0019320605813126779,0.003076999840821884,EURMAD
2020-08-17,10.575900077819824,10.581399917602539,10.575900077819824,10.575900077819824,0,10.597789764404297,10.591106635822022,45.98382305256742,-0.002466977460221287,-0.00030244325470407674,0.0027253276377251037,EURMAD
2020-08-18,10.581399917602539,10.590399742126465,10.581399917602539,10.581399917602539,0,10.59204978942871,10.589341777963934,47.1235941891154,-0.0033249221789386496,0.0005200351499394795,0.0023028156333309174,EURMAD
2020-08-19,10.590399742126465,10.601400375366211,10.590399742126465,10.590399742126465,0,10.58712978363037,10.589534135084394,49.019288853669735,-0.0032412755187163356,0.0008505324998588915,0.002338547213909951,EURMAD
2020-08-20,10.601400375366211,10.601400375366211,10.54010009765625,10.601400375366211,0,10.582479858398438,10.591691633317453,51.316781197488005,-0.0022612593809707704,0.0010387363562858187,0.002355169403829881,EURMAD
2020-08-21,10.54010009765625,10.54010009765625,10.509200096130371,10.54010009765625,0,10.57475986480713,10.582311354106324,40.39278735685957,-0.00635772177548688,-0.005782281164703473,0.0028229408476995684,EURMAD
2020-08-24,10.509200096130371,10.572600364685059,10.509200096130371,10.509200096130371,0,10.564659881591798,10.569018398110696,36.208570710441926,-0.011959705576382262,-0.0029316611075401733,0.0029072886368384752,EURMAD
2020-08-25,10.572600364685059,10.572600364685059,10.566399574279785,10.572600364685059,0,10.567169952392579,10.56966966476058,48.09022175409647,-0.011154860002051237,0.006032834847062407,0.0030916689454455254,EURMAD
2020-08-26,10.566399574279785,10.566399574279785,10.552800178527832,10.566399574279785,0,10.5675199508667,10.569075102854981,47.16493919313196,-0.010891812020279446,-0.0005864962441960442,0.003069740584003427,EURMAD
2020-08-27,10.552800178527832,10.552800178527832,10.54640007019043,10.552800178527832,0,10.56693000793457,10.56611602570459,45.11475245573547,-0.011646449165541028,-0.0012870415940975377,0.0030965125674203738,EURMAD
2020-08-28,10.54640007019043,10.56470012664795,10.54640007019043,10.54640007019043,0,10.563660049438477,10.562531306520198,44.142271259141005,-0.012615515979591763,-0.0006064843670995357,0.0030189074034977425,EURMAD
2020-08-31,10.56470012664795,10.57390022277832,10.56470012664795,10.56470012664795,0,10.562540054321289,10.562925637452516,47.61911560439944,-0.011771156233537639,0.0017351946005959018,0.003087126451580454,EURMAD
2020-09-01,10.57390022277832,10.594400405883789,10.57390022277832,10.57390022277832,0,10.561790084838867,10.56492101660266,49.32678978796176,-0.010241565786959228,0.0008708336270866202,0.00309695339123191,EURMAD
2020-09-02,10.594400405883789,10.594400405883789,10.56779956817627,10.594400405883789,0,10.5621901512146,10.570280905562864,53.00340859719569,-0.007291113470973443,0.0019387532200565438,0.003151400630464925,EURMAD
2020-09-03,10.56779956817627,10.56779956817627,10.532099723815918,10.56779956817627,0,10.558830070495606,10.569829753310756,48.124132873442704,-0.007018420066502884,-0.0025108393763130232,0.0032257158642682096,EURMAD
2020-09-04,10.532099723815918,10.551300048828125,10.532099723815918,10.532099723815918,0,10.558030033111573,10.562969747948058,42.47317602520746,-0.009572640224892126,-0.0033781719770554774,0.002839211587389062,EURMAD
2020-09-07,10.551300048828125,10.551300048828125,10.517900466918945,10.551300048828125,0,10.562240028381348,10.560847984471707,46.13654151528954,-0.009933070089040541,0.0018230291694627532,0.002701970376151477,EURMAD
2020-09-08,10.517900466918945,10.517900466918945,10.496899604797363,10.517900466918945,0,10.556770038604736,10.553039344916659,41.21923871436453,-0.012766614891722483,-0.0031654470780488886,0.0020625414657355185,EURMAD
2020-09-09,10.496899604797363,10.496899604797363,10.490099906921387,10.496899604797363,0,10.549820041656494,10.542832119440423,38.44465006481124,-0.016516422585668877,-0.001996678157169751,0.00211537733105335,EURMAD
2020-09-10,10.490099906921387,10.514300346374512,10.490099906921387,10.490099906921387,0,10.54355001449585,10.533244444436962,37.56300031408419,-0.019808510807946433,-0.0006477815480743221,0.0021038730035837327,EURMAD
2020-09-11,10.514300346374512,10.538200378417969,10.514300346374512,10.514300346374512,0,10.540340042114257,10.529800062971061,42.60766591797896,-0.020231524805687684,0.002306978929452974,0.00229496616771295,EURMAD
2020-09-14,10.538200378417969,10.550200462341309,10.538200378417969,10.538200378417969,0,10.53769006729126,10.531327393052317,47.14919287391716,-0.0184258320790196,0.0022730977103671,0.0023535860099595284,EURMAD
2020-09-15,10.550200462341309,10.592300415039062,10.550200462341309,10.550200462341309,0,10.53532009124756,10.534758860195769,49.3177668167438,-0.01584386291091988,0.001138722314287799,0.0023692162595492132,EURMAD
2020-09-16,10.592300415039062,10.601699829101562,10.592300415039062,10.592300415039062,0,10.535110092163086,10.545220961076367,56.12026744757604,-0.010281994966737429,0.0039904410203415175,0.0026493783604882456,EURMAD
2020-09-17,10.601699829101562,10.601699829101562,10.5733003616333,10.601699829101562,0,10.538500118255616,10.555489846171858,57.49205486926795,-0.005057421581360799,0.0008873817484589264,0.0025080859149580015,EURMAD
2020-09-18,10.5733003616333,10.609600067138672,10.5733003616333,10.5733003616333,0,10.542620182037354,10.5587281217103,52.183790270170505,-0.003171945005311372,-0.002678765474033229,0.0024008618755941838,EURMAD
2020-09-21,10.609600067138672,10.609600067138672,10.561100006103516,10.609600067138672,0,10.548450183868407,10.56797756633364,57.57563823201744,0.0012371307570386847,0.003433148048748391,0.002556368800980393,EURMAD
2020-09-22,10.561100006103516,10.561100006103516,10.528499603271484,10.561100006103516,0,10.552770137786865,10.566727100837253,49.53805779553855,0.0008084857502979048,-0.004571337348085014,0.0028097577047913173,EURMAD
2020-09-23,10.528499603271484,10.528499603271484,10.508899688720703,10.528499603271484,0,10.555930137634277,10.559776646734385,44.99150292356008,-0.0021371626803361465,-0.0030868378117043793,0.0029321446770067838,EURMAD
2020-09-24,10.508899688720703,10.508899688720703,10.467900276184082,10.508899688720703,0,10.55781011581421,10.550526290731897,42.467904824358996,-0.005984177709182248,-0.0018616056693102623,0.0030002796154747235,EURMAD
2020-09-25,10.467900276184082,10.479599952697754,10.467900276184082,10.467900276184082,0,10.553170108795166,10.53550337899593,37.70378398420366,-0.012200633473060662,-0.003901399171278186,0.0031505423399745412,EURMAD
2020-09-28,10.479599952697754,10.493399620056152,10.479599952697754,10.479599952697754,0,10.547310066223144,10.525339119668988,39.779866221580875,-0.015998729936853806,0.0011176717588998741,0.003059965028112733,EURMAD
2020-09-29,10.493399620056152,10.498800277709961,10.493399620056152,10.493399620056152,0,10.541629981994628,10.5195319379212,42.22553837904718,-0.0176912966655145,0.0013168124184783636,0.0030714033737375083,EURMAD
2020-09-30,10.498800277709961,10.498800277709961,10.491000175476074,10.498800277709961,0,10.532279968261719,10.51576254515552,43.19780275397183,-0.01838494979774552,0.0005146718746407153,0.002673172149842639,EURMAD
2020-10-01,10.491000175476074,10.512800216674805,10.491000175476074,10.491000175476074,0,10.52121000289917,10.511260296122893,42.09594122510517,-0.01934112550920375,-0.0007429517685413334,0.0026019676884003144,EURMAD
2020-10-02,10.512800216674805,10.512800216674805,10.499699592590332,10.512800216674805,0,10.51515998840332,10.511540281677787,46.22443865297875,-0.018130819711624113,0.0020779754869979516,0.0027031530610092465,EURMAD
2020-10-05,10.499699592590332,10.553199768066406,10.499699592590332,10.499699592590332,0,10.504169940948486,10.509387429116432,44.18559881551481,-0.018021019430099372,-0.0012461593309547325,0.002309452280388321,EURMAD
2020-10-06,10.553199768066406,10.562100410461426,10.553199768066406,10.553199768066406,0,10.503379917144775,10.517353308925518,53.253529570883686,-0.01346180555981391,0.005095400587825427,0.002662450516412041,EURMAD
2020-10-07,10.562100410461426,10.562100410461426,10.550000190734863,10.562100410461426,0,10.50673999786377,10.52548914556841,54.57574011086086,-0.009026338256031607,0.0008434069846714465,0.0024494673455866312,EURMAD
2020-10-08,10.550000190734863,10.550000190734863,10.520400047302246,10.550000190734863,0,10.510850048065185,10.529945699235038,52.4056081540534,-0.006413652474774878,-0.0011456262728365418,0.0023882682591347343,EURMAD
2020-10-09,10.520400047302246,10.526100158691406,10.520400047302246,10.520400047302246,0,10.516100025177002,10.528210126156347,47.436438487999986,-0.006654851381805216,-0.002805700748575557,0.002185920540815529,EURMAD
2020-10-12,10.526100158691406,10.526100158691406,10.51669979095459,10.526100158691406,0,10.520750045776367,10.527826495708176,48.45013465836603,-0.006313276381835209,0.0005418150796101528,0.002175475516030132,EURMAD
2020-10-13,10.51669979095459,10.51669979095459,10.513899803161621,10.51669979095459,0,10.52308006286621,10.52580345848025,46.84563961722357,-0.006723601356512177,-0.0008930532291253623,0.0021892684017901726,EURMAD
2020-10-14,10.513899803161621,10.513899803161621,10.483499526977539,10.513899803161621,0,10.524590015411377,10.523639157513227,46.35323802768671,-0.007191819649428055,-0.0002662420577391744,0.0021916735139630573,EURMAD
2020-10-15,10.483499526977539,10.483499526977539,10.480899810791016,10.483499526977539,0,10.523839950561523,10.516341042870375,41.27988767523575,-0.009901792541473498,-0.0028914367411928543,0.0023852462078115546,EURMAD
2020-10-16,10.480899810791016,10.480899810791016,10.450599670410156,10.480899810791016,0,10.520649909973145,10.50989718249231,40.86795074252044,-0.012119534502641471,-0.0002479817144870333,0.002262896249633271,EURMAD
2020-10-19,10.450599670410156,10.488900184631348,10.450599670410156,10.450599670410156,0,10.515739917755127,10.49911581665919,36.31883004481929,-0.016136072485474884,-0.00289098654961506,0.0023951019150634037,EURMAD
2020-10-20,10.488900184631348,10.4931001663208,10.488900184631348,10.488900184631348,0,10.50930995941162,10.497258429017762,44.698487326972845,-0.01604373418673788,0.0036649106682016264,0.002042849839165776,EURMAD
2020-10-21,10.4931001663208,10.519399642944336,10.4931001663208,10.4931001663208,0,10.502409934997559,10.496502381254679,45.544706386462146,-0.01545351351379054,0.000400421551880914,0.0020124297680513097,EURMAD
2020-10-22,10.519399642944336,10.519399642944336,10.505399703979492,10.519399642944336,0,10.499349880218507,10.500665519743707,50.63825747521432,-0.012717017546343357,0.002506359055634233,0.0022325089375607103,EURMAD
2020-10-23,10.505399703979492,10.516500473022461,10.505399703979492,10.505399703979492,0,10.49784984588623,10.501526280513849,48.061116714622436,-0.01154492019529485,-0.0013308686274918768,0.0020920130977778524,EURMAD
2020-10-26,10.516500473022461,10.516500473022461,10.494500160217285,10.516500473022461,0,10.496889877319337,10.504248860969959,50.22427638605364,-0.009609512829134914,0.0010566726974474694,0.002116864619610896,EURMAD
2020-10-27,10.494500160217285,10.494500160217285,10.48490047454834,10.494500160217285,0,10.494669914245605,10.502476369924016,46.124257736691,-0.00973866861697914,-0.0020919803942016646,0.002199777763405729,EURMAD
2020-10-28,10.48490047454834,10.48490047454834,10.459400177001953,10.48490047454834,0,10.491769981384277,10.499280752582983,44.420271083150524,-0.010494663961482686,-0.0009147349108951097,0.002211178264468961,EURMAD
2020-10-29,10.459400177001953,10.459400177001953,10.434200286865234,10.459400177001953,0,10.489360046386718,10.492029738840976,40.174467969083246,-0.013001582466300121,-0.002432097243868725,0.002154815247148776,EURMAD
2020-10-30,10.434200286865234,10.434200286865234,10.424500465393066,10.434200286865234,0,10.484690093994141,10.481515293027204,36.46514480233992,-0.016827773870254248,-0.0024093054773951517,0.002262729365233248,EURMAD
2020-11-02,10.424500465393066,10.42959976196289,10.424500465393066,10.424500465393066,0,10.482080173492431,10.471148960730087,35.12095489524387,-0.020407507607654196,-0.0009296181025371109,0.0021066960448980917,EURMAD
2020-11-03,10.42959976196289,10.43850040435791,10.42959976196289,10.42959976196289,0,10.476150131225586,10.463594560954233,36.447274176955666,-0.022572796620186963,0.0004891645970712677,0.0016386771945704013,EURMAD
2020-11-04,10.43850040435791,10.43850040435791,10.435600280761719,10.43850040435791,0,10.470690155029297,10.459031987027629,38.7990585594829,-0.023301985523051627,0.0008534021053694385,0.0016742233867698003,EURMAD
2020-11-05,10.435600280761719,10.472000122070312,10.435600280761719,10.435600280761719,0,10.462310218811036,10.454771676797463,38.30170948389002,-0.023839086568319345,-0.0002778295237676476,0.0013059763618299097,EURMAD
2020-11-06,10.472000122070312,10.499699592590332,10.472000122070312,10.472000122070312,0,10.458970260620116,10.457904121392525,47.4131125702313,-0.021084530683801006,0.003488044801380319,0.0018595441801609373,EURMAD
2020-11-09,10.499699592590332,10.499699592590332,10.498800277709961,10.499699592590332,0,10.457290172576904,10.465503297973944,53.09027915811792,-0.01647647893013371,0.0026450983763495195,0.00204817901675577,EURMAD
2020-11-10,10.498800277709961,10.498800277709961,10.467100143432617,10.498800277709961,0,10.457720184326172,10.471557294289584,52.890634385461105,-0.012750156048852546,-8.565148673456147e-05,0.0019326923150611152,EURMAD
2020-11-11,10.467100143432617,10.467100143432617,10.4576997756958,10.467100143432617,0,10.4559401512146,10.47074690322468,46.28363321805793,-0.012214157026681605,-0.0030194054024103023,0.0021508220285353275,EURMAD
2020-11-12,10.4576997756958,10.472599983215332,10.4576997756958,10.4576997756958,0,10.455770111083984,10.468374698219428,44.5080831513096,-0.01240490898516633,-0.0008980871118076106,0.0020222467616170794,EURMAD
2020-11-13,10.472599983215332,10.472599983215332,10.471500396728516,10.472599983215332,0,10.459610080718994,10.469142931855046,47.918600644196125,-0.011224371498258279,0.0014248073514369075,0.0018759052537122125,EURMAD
2020-11-16,10.471500396728516,10.48289966583252,10.471500396728516,10.471500396728516,0,10.46431007385254,10.46957156183204,47.6856841029054,-0.01025925220121593,-0.00010499651362405604,0.001830041304937558,EURMAD
2020-11-17,10.48289966583252,10.487899780273438,10.48289966583252,10.48289966583252,0,10.469640064239503,10.47199485346849,50.37845134377875,-0.008476846644509095,0.001088599405254742,0.001841197065528569,EURMAD
2020-11-18,10.487899780273438,10.487899780273438,10.473799705505371,10.487899780273438,0,10.474580001831054,10.474886658342115,51.5563362781893,-0.006584903285485666,0.0004769781835474163,0.001837271778010377,EURMAD
2020-11-19,10.473799705505371,10.473799705505371,10.47089958190918,10.473799705505371,0,10.47839994430542,10.474689030553616,48.08968140421438,-0.0061523621362891134,-0.001344413568347358,0.0019150633147097687,EURMAD
2020-11-20,10.47089958190918,10.48169994354248,10.47089958190918,10.47089958190918,0,10.478289890289307,10.474000039890992,47.383949756543096,-0.005974713122382624,-0.0002768931694070442,0.0015728298240725196,EURMAD
2020-11-23,10.48169994354248,10.488800048828125,10.48169994354248,10.48169994354248,0,10.476489925384522,10.47540002237308,50.30860930715599,-0.004905874213420702,0.0010314645412090595,0.0013350326873252665,EURMAD
2020-11-24,10.488800048828125,10.488800048828125,10.473799705505371,10.488800048828125,0,10.475489902496339,10.477836390819451,52.19003335425572,-0.003446167248130294,0.000677381085500306,0.0013619711253718002,EURMAD
2020-11-25,10.473799705505371,10.492500305175781,10.473799705505371,10.473799705505371,0,10.476159858703614,10.477102448035073,48.050735549998954,-0.0034598582127731703,-0.0014301295908896172,0.0010365972615441219,EURMAD
2020-11-26,10.492500305175781,10.492500305175781,10.486300468444824,10.492500305175781,0,10.479639911651612,10.479902058424292,53.05007908953783,-0.0019393704397110412,0.001785464702039441,0.0011048358744338667,EURMAD
2020-11-27,10.486300468444824,10.495699882507324,10.486300468444824,10.486300468444824,0,10.48100996017456,10.481065405700752,51.28786918663507,-0.0012205778730880468,-0.0005908826829291725,0.0010666914367330148,EURMAD
2020-11-30,10.495699882507324,10.544400215148926,10.495699882507324,10.495699882507324,0,10.483429908752441,10.483726219665584,53.793843738400085,0.00010629922395821723,0.000896351777329274,0.001088819930388315,EURMAD
2020-12-01,10.544400215148926,10.544400215148926,10.53219985961914,10.544400215148926,0,10.489579963684083,10.49475785520801,64.09913500562278,0.0050295907303876675,0.004640027171772365,0.001767287774656087,EURMAD
2020-12-02,10.53219985961914,10.559100151062012,10.53219985961914,10.53219985961914,0,10.494009971618652,10.501565492373668,60.46114075805883,0.007856305392818896,-0.0011570459467440397,0.0018520505913240878,EURMAD
2020-12-03,10.559100151062012,10.572799682617188,10.559100151062012,10.559100151062012,0,10.502540016174317,10.512026339407912,65.15680458990133,0.012127329526713027,0.0025540999792463825,0.0018489572307947958,EURMAD
2020-12-04,10.572799682617188,10.580699920654297,10.572799682617188,10.572799682617188,0,10.512730026245118,10.523076038173235,67.28749374996733,0.016428210444830782,0.0012974146810984521,0.0018125115344587305,EURMAD
2020-12-07,10.580699920654297,10.580699920654297,10.560199737548828,10.580699920654297,0,10.5226300239563,10.533553107715246,68.48436470842536,0.020240848837259406,0.0007472228997300601,0.0018136761518937792,EURMAD
2020-12-08,10.560199737548828,10.560199737548828,10.552800178527832,10.560199737548828,0,10.529769992828369,10.53839794950317,62.13179210214739,0.021361951502830934,-0.0019375072782710223,0.0020314886542114907,EURMAD
2020-12-09,10.552800178527832,10.557000160217285,10.552800178527832,10.552800178527832,0,10.537670040130616,10.541016536598562,59.96946610233728,0.02140658903682713,-0.0007007025629151009,0.0019590890725724,EURMAD
2020-12-10,10.557000160217285,10.557000160217285,10.536199569702148,10.557000160217285,0,10.544120025634765,10.543922649983784,60.80330656165626,0.02153265300550622,0.00039799689356367907,0.001926742787797436,EURMAD
2020-12-11,10.536199569702148,10.554900169372559,10.536199569702148,10.536199569702148,0,10.549109935760498,10.54251845356894,54.72364316895086,0.019726728347215783,-0.001970312607697089,0.0020669250080967527,EURMAD
2020-12-14,10.554900169372559,10.568099975585938,10.554900169372559,10.554900169372559,0,10.555029964447021,10.544769674624144,58.71993555937991,0.01957880981830762,0.0017748904191399184,0.0021050606450888167,EURMAD
2020-12-15,10.568099975585938,10.568099975585938,10.546199798583984,10.568099975585938,0,10.557399940490722,10.549011547526288,61.315430886881444,0.0202927748874,0.0012505856049382924,0.0015844458472008167,EURMAD
2020-12-16,10.546199798583984,10.546199798583984,10.525400161743164,10.546199798583984,0,10.558799934387206,10.548500320445868,55.12279086130504,0.01887386986858708,-0.0020722908614174695,0.0016957188114790505,EURMAD
2020-12-17,10.525400161743164,10.550100326538086,10.525400161743164,10.525400161743164,0,10.555429935455322,10.544300291590831,49.961758551522145,0.01588787502188893,-0.0019722399763005827,0.0015780090475826934,EURMAD
2020-12-18,10.550100326538086,10.55679988861084,10.550100326538086,10.550100326538086,0,10.553159999847413,10.545354843399421,55.312568825794365,0.015337745481513565,0.0023467197840800758,0.001725402146447228,EURMAD
2020-12-21,10.55679988861084,10.595600128173828,10.55679988861084,10.55679988861084,0,10.550769996643066,10.547435760710588,56.66612501148992,0.015266381186664901,0.0006350235415204519,0.0017188123688549807,EURMAD
2020-12-22,10.595600128173828,10.622200012207031,10.595600128173828,10.595600128173828,0,10.554310035705566,10.556192918431178,63.551708499775536,0.01813166894145901,0.0036753789000820714,0.001992102206465216,EURMAD
2020-12-23,10.622200012207031,10.622200012207031,10.617199897766113,10.622200012207031,0,10.561250019073487,10.568194208208604,67.37859754105811,0.02229185187517224,0.002510465071485113,0.0020638525052486265,EURMAD
2020-12-24,10.617199897766113,10.617199897766113,10.594499588012695,10.617199897766113,0,10.567269992828368,10.577104333582698,65.97629569088392,0.024898346732506127,-0.0004707230550330399,0.002094057036310866,EURMAD
2020-12-25,10.594499588012695,10.594499588012695,10.594499588012695,10.594499588012695,0,10.573099994659424,10.580267107115425,59.88290630050708,0.02484587956937645,-0.002138069356515948,0.0021172194194945255,EURMAD
2020-12-28,10.594499588012695,10.594499588012695,10.58590030670166,10.594499588012695,0,10.577059936523437,10.582854830914929,59.88290630050708,0.024521628890918024,0.0,0.0020775196040863685,EURMAD
2020-12-29,10.58590030670166,10.598600387573242,10.58590030670166,10.58590030670166,0,10.578839969635009,10.583408553785244,57.547837131366954,0.023302155019557347,-0.0008116741370932656,0.002083457808234125,EURMAD
2020-12-30,10.598600387573242,10.60319995880127,10.598600387573242,10.598600387573242,0,10.584080028533936,10.586170705383061,60.02693323234204,0.02309428701300753,0.0011997166517374591,0.0019444313040565795,EURMAD
2020-12-31,10.60319995880127,10.60319995880127,10.564000129699707,10.60319995880127,0,10.591860008239745,10.58926693327728,60.91710899958211,0.023035162068655524,0.0004339791160934414,0.0017433346693137347,EURMAD
2021-01-01,10.564000129699707,10.564000129699707,10.564000129699707,10.564000129699707,0,10.593249988555907,10.584672968990446,50.579218619233544,0.019599278242971252,-0.0036969810296771932,0.002128702638710552,EURMAD
2021-01-04,10.564000129699707,10.564000129699707,10.546199798583984,10.564000129699707,0,10.593970012664794,10.580914270937583,50.579218619233544,0.01668399287249933,0.0,0.0021215459226742897,EURMAD
2021-01-05,10.546199798583984,10.546199798583984,10.493800163269043,10.546199798583984,0,10.58902997970581,10.574602548691473,46.4296642828902,0.012789836976175195,-0.0016849991383167673,0.0017549535151768286,EURMAD
2021-01-06,10.493800163269043,10.520299911499023,10.493800163269043,10.493800163269043,0,10.576189994812012,10.559911205887396,36.846473475194074,0.005413079118019581,-0.004968579802743456,0.0019305033856830054,EURMAD
2021-01-07,10.520299911499023,10.520299911499023,10.478500366210938,10.520299911499023,0,10.566499996185303,10.552709152362237,43.22829554870208,0.0016858204940159993,0.0025252766221655065,0.002262548173072883,EURMAD
2021-01-08,10.478500366210938,10.478500366210938,10.46660041809082,10.478500366210938,0,10.554900074005127,10.539216645789272,36.89500824669314,-0.004588044667361402,-0.00397322753530982,0.002440295436167057,EURMAD
2021-01-11,10.46660041809082,10.46660041809082,10.395099639892578,10.46660041809082,0,10.542110157012939,10.526013695298644,35.30900262666569,-0.0104004642915001,-0.0011356537390111443,0.002409772156198985,EURMAD
2021-01-12,10.395099639892578,10.411999702453613,10.395099639892578,10.395099639892578,0,10.523030090332032,10.502211139770269,27.624968491947968,-0.020539596283017048,-0.006831327779997953,0.0029826430635483403,EURMAD
2021-01-13,10.411999702453613,10.446800231933594,10.411999702453613,10.411999702453613,0,10.504370021820069,10.48580906025815,31.42371253620007,-0.026901138051753648,0.0016257720605370451,0.0030330792793527603,EURMAD
2021-01-14,10.446800231933594,10.446800231933594,10.437700271606445,10.446800231933594,0,10.4887300491333,10.47871654601732,38.57344289523053,-0.028802575683537057,0.0033423482975878382,0.003386774748878054,EURMAD
2021-01-15,10.437700271606445,10.458200454711914,10.437700271606445,10.437700271606445,0,10.476100063323974,10.47125904157898,37.47323388371917,-0.030689994302244727,-0.0008710763224256679,0.003297944021899507,EURMAD
2021-01-18,10.458200454711914,10.460700035095215,10.458200454711914,10.458200454711914,0,10.465520095825195,10.468884753057695,41.51990394099272,-0.030183655316438518,0.0019640517136936264,0.003432883115349017,EURMAD
2021-01-19,10.460700035095215,10.50059986114502,10.460700035095215,10.460700035095215,0,10.456970119476319,10.467396622519061,42.012690482337234,-0.029243580977139416,0.00023900673869503564,0.0034441700485693108,EURMAD
2021-01-20,10.50059986114502,10.52180004119873,10.50059986114502,10.50059986114502,0,10.457650089263916,10.473433574996507,49.34973362161276,-0.02499090320901587,0.003814259649539853,0.003384733510784133,EURMAD
2021-01-21,10.52180004119873,10.52340030670166,10.52180004119873,10.52180004119873,0,10.457800102233886,10.482227477942367,52.76926099817983,-0.019683054090572583,0.0020189494251807716,0.0033475051165444154,EURMAD
2021-01-22,10.52340030670166,10.534700393676758,10.52340030670166,10.52340030670166,0,10.46229009628296,10.489713446807691,53.027052939450684,-0.015172518027847914,0.00015209046899422596,0.0030409713780008034,EURMAD
2021-01-25,10.534700393676758,10.560700416564941,10.534700393676758,10.534700393676758,0,10.469100093841552,10.497892891692976,54.89904813692371,-0.010564284624249964,0.0010738056755192904,0.0029943366070746143,EURMAD
2021-01-26,10.560700416564941,10.560700416564941,10.54259967803955,10.560700416564941,0,10.485660171508789,10.509312441669696,58.95245957332288,-0.004759378740047282,0.0024680362911686515,0.001465521739508113,EURMAD
2021-01-27,10.54259967803955,10.54259967803955,10.52299976348877,10.54259967803955,0,10.498720169067383,10.515364666464214,55.2309050308357,-0.0016010711776388575,-0.0017139714044912546,0.0017975522617895456,EURMAD
2021-01-28,10.52299976348877,10.52299976348877,10.515700340270996,10.52299976348877,0,10.5063401222229,10.516752865923223,51.44387539827493,-0.000671893807409063,-0.0018591158869105673,0.0018753044592171397,EURMAD
2021-01-29,10.515700340270996,10.528499603271484,10.515700340270996,10.515700340270996,0,10.514140129089355,10.516561497622817,50.06702307061995,-0.0005185391010122942,-0.0006936637253476263,0.0018592597776783996,EURMAD
2021-02-01,10.528499603271484,10.528499603271484,10.494500160217285,10.528499603271484,0,10.521170043945313,10.51873206228621,52.469225902852884,0.0006285437043356268,0.0012171574489880932,0.0018194838018844239,EURMAD
2021-02-02,10.494500160217285,10.494500160217285,10.47029972076416,10.494500160217285,0,10.52455005645752,10.51432626191004,46.121769841207716,-0.0011921138707755574,-0.003229277136851949,0.0022015621400697156,EURMAD
2021-02-03,10.47029972076416,10.47029972076416,10.467300415039062,10.47029972076416,0,10.521520042419434,10.506321436247152,42.207747049133275,-0.004535489034195095,-0.002306011633108951,0.001961328442552463,EURMAD
2021-02-04,10.467300415039062,10.467300415039062,10.45110034942627,10.467300415039062,0,10.516070079803466,10.499226705118406,41.73503105727875,-0.0073425168806497965,-0.00028645844007213483,0.0017879680568967699,EURMAD
2021-02-05,10.45110034942627,10.45110034942627,10.439499855041504,10.45110034942627,0,10.508840084075928,10.490476458628926,39.182445089456095,-0.010750392742219006,-0.0015476832583802835,0.0017979819645082022,EURMAD
2021-02-08,10.439499855041504,10.450200080871582,10.439499855041504,10.439499855041504,0,10.499320030212402,10.481207985249394,37.41762568349454,-0.014223264918106437,-0.0011099782795026547,0.0016896119951179491,EURMAD
2021-02-09,10.450200080871582,10.470600128173828,10.450200080871582,10.450200080871582,0,10.488269996643066,10.475570184453428,40.09773855265746,-0.01592850840943072,0.001024974948863111,0.0014074847619124366,EURMAD
2021-02-10,10.470600128173828,10.484100341796875,10.470600128173828,10.470600128173828,0,10.481070041656494,10.474666537857136,44.939097549304066,-0.015455649725707232,0.00195212026031788,0.0016686627499046403,EURMAD
2021-02-11,10.484100341796875,10.496399879455566,10.484100341796875,10.484100341796875,0,10.477180099487304,10.476381774937089,47.93784805559818,-0.013832103519519023,0.001289344780412538,0.001718543643819417,EURMAD
2021-02-12,10.496399879455566,10.501399993896484,10.496399879455566,10.496399879455566,0,10.475250053405762,10.480021430304083,50.57869970921732,-0.011421303875007283,0.0011731610016796346,0.0017796592951761759,EURMAD
2021-02-15,10.501399993896484,10.501399993896484,10.497099876403809,10.501399993896484,0,10.472540092468261,10.483908441866337,51.65237480238421,-0.009003473897555736,0.0004763647058363407,0.0017296504889854545,EURMAD
2021-02-16,10.497099876403809,10.512700080871582,10.497099876403809,10.497099876403809,0,10.472800064086915,10.486306884509514,50.63358992014467,-0.007349588286174935,-0.0004094804021534948,0.0013870517496526369,EURMAD
2021-02-17,10.512700080871582,10.512700080871582,10.460200309753418,10.512700080871582,0,10.477040100097657,10.491105647484435,54.16557331730837,-0.004725592213890906,0.0014861442352129828,0.0011819793570034558,EURMAD
2021-02-18,10.460200309753418,10.460200309753418,10.441699981689453,10.460200309753418,0,10.476330089569093,10.485486495169704,43.01251961386253,-0.006803917862251652,-0.004993937876501375,0.0020823771861481787,EURMAD
2021-02-19,10.441699981689453,10.46619987487793,10.441699981689453,10.441699981689453,0,10.47539005279541,10.477525310900567,39.895090368323444,-0.00983050779855077,-0.0017686399415042242,0.0021009366571805924,EURMAD
2021-02-22,10.46619987487793,10.473299980163574,10.46619987487793,10.46619987487793,0,10.478060054779053,10.475466140714634,45.52578701942939,-0.010135331707413542,0.002346350999496316,0.00219626872349857,EURMAD
2021-02-23,10.473299980163574,10.477800369262695,10.473299980163574,10.473299980163574,0,10.480370044708252,10.475072293341713,47.07322376473871,-0.00969226133735468,0.0006783842627242631,0.0021855224964099636,EURMAD
2021-02-24,10.477800369262695,10.499699592590332,10.477800369262695,10.477800369262695,0,10.481090068817139,10.475568307145526,48.07998550901923,-0.00887566791316452,0.00042970115509399776,0.002103161971501192,EURMAD
2021-02-25,10.527099609375,10.527099609375,10.527099609375,10.499699592590332,0,10.482649993896484,10.479955813590037,52.78631661265931,-0.006387792937442072,0.002090059225777985,0.0021689257915058564,EURMAD
2021-02-26,10.488100051879883,10.488100051879883,10.488100051879883,10.527099609375,0,10.485719966888428,10.488527412823666,57.92528193387919,-0.002180051455834331,0.002609600069320539,0.0022884313161911237,EURMAD
2021-03-01,10.488100051879883,10.488100051879883,10.43809986114502,10.488100051879883,0,10.484389972686767,10.488449710833887,49.64284724650496,-0.0019696198222103334,-0.0037046821006980757,0.002610750194166679,EURMAD
2021-03-02,10.43809986114502,10.43809986114502,10.423500061035156,10.43809986114502,0,10.478489971160888,10.479295192708639,41.45824714331376,-0.0057709251271695905,-0.00476732587289741,0.002998649580150324,EURMAD
2021-03-03,10.423500061035156,10.435400009155273,10.423500061035156,10.423500061035156,0,10.469569969177247,10.469150623313459,39.41481506061073,-0.009848046669706179,-0.001398702858190659,0.0029176634105192653,EURMAD
2021-03-04,10.435400009155273,10.435400009155273,10.431300163269043,10.435400009155273,0,10.467089939117432,10.463014148011968,41.92730368410103,-0.011980860601775944,0.0011416460930049332,0.002573782328458442,EURMAD
2021-03-05,10.431300163269043,10.431300163269043,10.397100448608398,10.431300163269043,0,10.466049957275391,10.4572479689678,41.29195770315363,-0.013842387877348372,-0.00039287865176551584,0.0025188410705347976,EURMAD
2021-03-08,10.397100448608398,10.397100448608398,10.385199546813965,10.397100448608398,0,10.459140014648437,10.446312056175183,36.34440378449951,-0.017871283774132607,-0.003278566825357876,0.002540601365339492,EURMAD
2021-03-09,10.385199546813965,10.398900032043457,10.385199546813965,10.385199546813965,0,10.450329971313476,10.435200690836778,34.78259068757093,-0.02177352447716352,-0.0011446366083753823,0.0024990174759007494,EURMAD
2021-03-10,10.398900032043457,10.399900436401367,10.398900032043457,10.398900032043457,0,10.442439937591553,10.428600571056174,38.081372514346484,-0.023489788035563564,0.0013192317747707794,0.0025642763319185646,EURMAD
2021-03-11,10.399900436401367,10.417699813842773,10.399900436401367,10.399900436401367,0,10.432460021972656,10.423382364755298,38.3266804989084,-0.024486944743246752,9.620290173262269e-05,0.0023902980883011497,EURMAD
2021-03-12,10.398500442504883,10.398500442504883,10.398500442504883,10.417699813842773,0,10.421520042419434,10.422349173680292,42.678043265448785,-0.02356924601754784,0.0017114949850005612,0.002254631175402454,EURMAD
2021-03-15,10.398500442504883,10.398500442504883,10.396499633789062,10.398500442504883,0,10.412560081481933,10.418013040739307,39.44517001101143,-0.024113229675165826,-0.001842956860052647,0.0020804552289871497,EURMAD
2021-03-16,10.396499633789062,10.406000137329102,10.396499633789062,10.396499633789062,0,10.408400058746338,10.414101512202897,39.11265996059023,-0.024424241729830598,-0.00019241319716079008,0.0015634836661990662,EURMAD
2021-03-17,10.37969970703125,10.37969970703125,10.37969970703125,10.406000137329102,0,10.406650066375732,10.412628534953116,41.62880274596132,-0.023631698279666935,0.0009138175226941492,0.0015700582059058853,EURMAD
2021-03-18,10.399999618530273,10.399999618530273,10.399999618530273,10.37969970703125,0,10.40108003616333,10.406641475330959,37.06269467494149,-0.02483949259996976,-0.002527429362940814,0.001656612885063899,EURMAD
2021-03-19,10.399999618530273,10.399999618530273,10.344499588012695,10.399999618530273,0,10.397949981689454,10.40543386500356,42.32144565712286,-0.023883332901140975,0.0019557320608487583,0.001835625027675684,EURMAD
2021-03-22,10.344499588012695,10.355500221252441,10.344499588012695,10.344499588012695,0,10.392689895629882,10.394354905550674,33.965490308884725,-0.027289383059857286,-0.00533654159166419,0.0022706178813353666,EURMAD
2021-03-23,10.355500221252441,10.355500221252441,10.33810043334961,10.355500221252441,0,10.38971996307373,10.38729041749645,36.63595981987445,-0.028769407363828492,0.0010634282640886727,0.002308523397664597,EURMAD
2021-03-24,10.33810043334961,10.33810043334961,10.323800086975098,10.33810043334961,0,10.383640003204345,10.378346784015205,34.27491615115815,-0.030989131339374865,-0.0016802460075393544,0.002271644691275098,EURMAD
2021-03-25,10.323800086975098,10.345000267028809,10.323800086975098,10.323800086975098,0,10.376029968261719,10.368429202735184,32.42535590186088,-0.03351584719807654,-0.0013832663424685476,0.002270607269454157,EURMAD
2021-03-26,10.345000267028809,10.345000267028809,10.324899673461914,10.345000267028809,0,10.368760013580323,10.364169396243115,37.785328509599886,-0.03342233845404863,0.002053524852777544,0.002313669238054537,EURMAD
2021-03-29,10.324899673461914,10.324899673461914,10.313599586486816,10.324899673461914,0,10.361399936676026,10.357029446646532,34.95436521201378,-0.034571661421139765,-0.0019430249442291547,0.002319382596553732,EURMAD
2021-03-30,10.313599586486816,10.313599586486816,10.311699867248535,10.313599586486816,0,10.3531099319458,10.349133108435675,33.43764890120461,-0.035979580525324906,-0.0010944500510878807,0.0023146541279805864,EURMAD
2021-03-31,10.311699867248535,10.311699867248535,10.29069995880127,10.311699867248535,0,10.343679904937744,10.342327064583467,33.17701401146931,-0.036824171893474755,-0.00018419555872328797,0.002249563565880078,EURMAD
2021-04-01,10.29069995880127,10.29069995880127,10.289400100708008,10.29069995880127,0,10.334779930114745,10.332940318077613,30.3598679729822,-0.03874144646666977,-0.00203651276875938,0.002215384820177205,EURMAD
2021-04-02,10.289400100708008,10.289400100708008,10.289400100708008,10.289400100708008,0,10.32371997833252,10.325023914919502,30.188990864910437,-0.03990577908311721,-0.000126313865768668,0.0020098049141934367,EURMAD
2021-04-05,10.289400100708008,10.289400100708008,10.289400100708008,10.289400100708008,0,10.318210029602051,10.318546857790139,30.188990864910437,-0.0403632387788182,0.0,0.001350428510544876,EURMAD
2021-04-06,10.289400100708008,10.336899757385254,10.289400100708008,10.289400100708008,0,10.311600017547608,10.31324744741157,30.188990864910437,-0.0402616674432128,0.0,0.0012487819667101206,EURMAD
2021-04-07,10.336899757385254,10.35200023651123,10.336899757385254,10.336899757385254,0,10.311479949951172,10.317547867406784,44.45696182417998,-0.035934119938859865,0.004616367933246046,0.002016893084372114,EURMAD
2021-04-08,10.35200023651123,10.35200023651123,10.326199531555176,10.35200023651123,0,10.314299964904786,10.323811934516682,48.08925193485583,-0.0309294890015952,0.001460832501078313,0.0020021684421715367,EURMAD
2021-04-09,10.326199531555176,10.330400466918945,10.326199531555176,10.326199531555176,0,10.312419891357422,10.324246043069135,42.92415815299949,-0.028714184941810217,-0.002492340066324261,0.0020683651228016768,EURMAD
2021-04-12,10.330400466918945,10.330400466918945,10.328800201416016,10.330400466918945,0,10.312969970703126,10.325365029223644,43.979221271869655,-0.0263162033281521,0.00040682298951644214,0.001977286681389201,EURMAD
2021-04-13,10.325699806213379,10.325699806213379,10.325699806213379,10.328800201416016,0,10.314490032196044,10.325989605985892,43.648224751616475,-0.02426519955895934,-0.00015490837049869643,0.0019385411513922085,EURMAD
2021-04-14,10.348600387573242,10.348600387573242,10.348600387573242,10.325699806213379,0,10.315890026092529,10.325936915118161,42.9734087173829,-0.02262908625671045,-0.00030016992701742407,0.0019411010553699699,EURMAD
2021-04-15,10.357999801635742,10.357999801635742,10.357999801635742,10.348600387573242,0,10.321680068969727,10.330057546473629,49.218495869821545,-0.019262522777447444,0.0022178236622842906,0.0018768583779079544,EURMAD
2021-04-16,10.367199897766113,10.367199897766113,10.367199897766113,10.357999801635742,0,10.3285400390625,10.335137956503104,51.56313533808842,-0.015655575080417705,0.0009082787730201325,0.0018631154327081521,EURMAD
2021-04-19,10.367199897766113,10.395600318908691,10.367199897766113,10.367199897766113,0,10.33632001876831,10.340967400369104,53.81107491477804,-0.011917296993079418,0.0008882116534620899,0.0018489408709787536,EURMAD
2021-04-20,10.402899742126465,10.402899742126465,10.402899742126465,10.395600318908691,0,10.346940040588379,10.350900658285394,59.984842042190735,-0.006587076326463048,0.0027394495546186892,0.0019259714476838634,EURMAD
2021-04-21,10.388699531555176,10.388699531555176,10.388699531555176,10.402899742126465,0,10.3535400390625,10.360355037165586,61.41244708851208,-0.0017536209454878104,0.000702164665228322,0.0014564071743269039,EURMAD
2021-04-22,10.403599739074707,10.403599739074707,10.403599739074707,10.388699531555176,0,10.357209968566895,10.365508581600057,57.14148254426426,0.0009204782498244413,-0.0013650242647043065,0.0015500693807012308,EURMAD
2021-04-23,10.40060043334961,10.40060043334961,10.40060043334961,10.403599739074707,0,10.364949989318848,10.372434246595446,60.264206994384814,0.004193700974207459,0.00143427071639457,0.0012082975149586917,EURMAD
2021-04-26,10.42199993133545,10.42199993133545,10.42199993133545,10.40060043334961,0,10.371969985961915,10.377555371459838,59.327156156186156,0.006471139393028125,-0.0002882949940713475,0.0012493822631036385,EURMAD
2021-04-27,10.42199993133545,10.42199993133545,10.411399841308594,10.42199993133545,0,10.381289958953857,10.38563620052813,63.66787841496451,0.009888794524671951,0.0020575252479868578,0.0012809577377362572,EURMAD
2021-04-28,10.411399841308594,10.411399841308594,10.406599998474121,10.411399841308594,0,10.38985996246338,10.390320498851851,60.238448823715764,0.011608160514276378,-0.0010170879002776578,0.0013723568115760762,EURMAD
2021-04-29,10.406599998474121,10.434499740600586,10.406599998474121,10.406599998474121,0,10.395659923553467,10.393280407874082,58.69668713536467,0.012440061955071968,-0.0004610180098384431,0.0013317144299373708,EURMAD
2021-04-30,10.434499740600586,10.43809986114502,10.434499740600586,10.434499740600586,0,10.40330991744995,10.400774832006174,64.40027309660759,0.015175689954899596,0.002680966130201634,0.0014916310086698276,EURMAD
2021-05-03,10.43809986114502,10.43809986114502,10.427000045776367,10.43809986114502,0,10.410399913787842,10.40756120094051,65.07055323141202,0.017433235012953574,0.0003450209050679387,0.001495402990886369,EURMAD
2021-05-04,10.427000045776367,10.427000045776367,10.406599998474121,10.427000045776367,0,10.41353988647461,10.411095536365211,61.241935674617714,0.018117842194122602,-0.0010633942495578141,0.0013944044748649452,EURMAD
2021-05-05,10.406599998474121,10.406599998474121,10.371100425720215,10.406599998474121,0,10.413909912109375,10.410278165839557,54.85392940675438,0.016820390004898655,-0.0019564637204072532,0.001554051961944914,EURMAD
2021-05-06,10.362500190734863,10.362500190734863,10.362500190734863,10.371100425720215,0,10.412150001525879,10.403154940363311,45.88459938334335,0.012780307528641899,-0.0034112556223080404,0.0018631023591484002,EURMAD
2021-05-07,10.375800132751465,10.375800132751465,10.375800132751465,10.362500190734863,0,10.408040046691895,10.395763167703592,44.007236477298186,0.008783297583701,-0.000829249995884962,0.0017825731297274243,EURMAD
2021-05-10,10.375800132751465,10.411499977111816,10.375800132751465,10.375800132751465,0,10.40556001663208,10.392133524985022,47.57921563821625,0.006612606561681389,0.001283468446011904,0.0018605497339954293,EURMAD
2021-05-11,10.411499977111816,10.411499977111816,10.40820026397705,10.411499977111816,0,10.404510021209717,10.395654698098983,55.740916749087724,0.00768441620495075,0.003440683504269071,0.0020876466501354024,EURMAD
2021-05-12,10.40820026397705,10.40820026397705,10.400500297546387,10.40820026397705,0,10.404190063476562,10.397935710076814,54.89023559322206,0.008173356430893008,-0.00031692965874463574,0.002065046914413128,EURMAD
2021-05-13,10.400500297546387,10.400500297546387,10.379500389099121,10.400500297546387,0,10.40358009338379,10.398401998707644,52.862830881065236,0.007849043258106647,-0.0007397980664644033,0.00207339478027596,EURMAD
2021-05-14,10.379500389099121,10.393799781799316,10.379500389099121,10.379500389099121,0,10.398080158233643,10.394965342415185,47.689380473809926,0.005830297582688715,-0.002019124835006214,0.0019101468219041057,EURMAD
2021-05-17,10.393799781799316,10.406399726867676,10.393799781799316,10.393799781799316,0,10.393650150299072,10.394753422303209,51.19209629624663,0.005322909390478969,0.001377657128392551,0.0019888020361630626,EURMAD
2021-05-18,10.424099922180176,10.424099922180176,10.424099922180176,10.406399726867676,0,10.391590118408203,10.39687093222402,54.108092107524264,0.005869846916105814,0.0012122558960989682,0.0020370486912168603,EURMAD
2021-05-19,10.425399780273438,10.425399780273438,10.425399780273438,10.424099922180176,0,10.393340110778809,10.401821657670594,57.912153648626784,0.0076434477726081695,0.0017008951969046393,0.002014021640363528,EURMAD
2021-05-20,10.42490005493164,10.42490005493164,10.42490005493164,10.425399780273438,0,10.39877004623413,10.406108589052927,58.18626871850859,0.009049608658816766,0.00012469739382447997,0.0015788146498940468,EURMAD
2021-05-21,10.429200172424316,10.429200172424316,10.429200172424316,10.42490005493164,0,10.40501003265381,10.409525219212693,58.02979285974692,0.010008308087597229,-4.7933446422065984e-05,0.0015227726503345045,EURMAD
2021-05-24,10.429200172424316,10.429200172424316,10.424400329589844,10.429200172424316,0,10.410350036621093,10.413102483432986,59.05028886642702,0.010988400396314546,0.0004124852487810138,0.0015042334764820255,EURMAD
2021-05-25,10.424400329589844,10.435600280761719,10.424400329589844,10.424400329589844,0,10.411640071868897,10.415156637279686,57.3733704320809,0.011248161604138218,-0.00046023115436633066,0.0011170504550832314,EURMAD
2021-05-26,10.435600280761719,10.447199821472168,10.435600280761719,10.435600280761719,0,10.414380073547363,10.418873663367329,60.212653448850354,0.012216937440456377,0.0010743976456932813,0.0011423351951492437,EURMAD
2021-05-27,10.447199821472168,10.450499534606934,10.447199821472168,10.447199821472168,0,10.419050025939942,10.424023873931844,62.96409327348492,0.013762044976404653,0.001111535551225895,0.0011112590206720817,EURMAD
2021-05-28,10.450499534606934,10.450499534606934,10.443699836730957,10.450499534606934,0,10.426149940490722,10.428837630418224,63.73243343501991,0.015078991871714464,0.0003158466566308693,0.0007068334343396618,EURMAD
2021-05-31,10.443699836730957,10.445699691772461,10.443699836730957,10.443699836730957,0,10.431139945983887,10.431539849747812,60.927379805278115,0.015396521467714308,-0.0006506576889898641,0.0007730031373436849,EURMAD
2021-06-01,10.445699691772461,10.446000099182129,10.445699691772461,10.445699691772461,0,10.435069942474366,10.434114366479566,61.46457778849647,0.01562937187851432,0.0001914891343841596,0.0007317618308189778,EURMAD
2021-06-02,10.446000099182129,10.446000099182129,10.435400009155273,10.446000099182129,0,10.437259960174561,10.436275408789122,61.55009507550919,0.015657656160357192,2.87589552190326e-05,0.0005685353540637927,EURMAD
2021-06-03,10.435400009155273,10.435400009155273,10.420599937438965,10.435400009155273,0,10.438259983062744,10.436116245219331,56.763298070960005,0.01465579015498264,-0.001014751093835975,0.0006889674197801315,EURMAD
2021-06-04,10.420599937438965,10.420599937438965,10.39739990234375,10.420599937438965,0,10.437829971313477,10.433295098350174,50.820460896707814,0.012523202348274864,-0.0014182562914046848,0.0008404244514225598,EURMAD
2021-06-07,10.39739990234375,10.398599624633789,10.39739990234375,10.39739990234375,0,10.43464994430542,10.426768699076277,43.187488903504814,0.008858941838578716,-0.002226362707953289,0.0010661954366397847,EURMAD
2021-06-08,10.392200469970703,10.392200469970703,10.392200469970703,10.398599624633789,0,10.432069873809814,10.421647049177643,43.658746478455754,0.0059828302049602655,0.00011538676027722516,0.0010723932449427597,EURMAD
2021-06-09,10.42549991607666,10.42549991607666,10.42549991607666,10.392200469970703,0,10.427729892730714,10.41629312568547,41.6731226962004,0.0031508121119934174,-0.0006153861956494922,0.0009691601201609843,EURMAD
2021-06-10,10.407600402832031,10.407600402832031,10.407600402832031,10.42549991607666,0,10.425559902191162,10.417967087574777,53.51971781422322,0.0035524538981821507,0.003204272877739278,0.0014448952737398674,EURMAD
2021-06-11,10.407600402832031,10.407600402832031,10.396699905395508,10.407600402832031,0,10.421269989013672,10.41608223580337,47.889165661917446,0.002398765307756179,-0.0017168973563586043,0.0015049125533346426,EURMAD
2021-06-14,10.396699905395508,10.396699905395508,10.374500274658203,10.396699905395508,0,10.416569995880128,10.412558175729211,44.79824438192849,0.0005979865276373175,-0.0010473593349680232,0.0015171332254811597,EURMAD
2021-06-15,10.374500274658203,10.374500274658203,10.34939956665039,10.374500274658203,0,10.409450054168701,10.405638557352663,39.243069223270666,-0.0025906054133528755,-0.0021352574316186868,0.0015847490066917165,EURMAD
2021-06-16,10.34939956665039,10.352399826049805,10.34939956665039,10.34939956665039,0,10.399790000915527,10.395413286315886,34.09491777582279,-0.0070616030952255215,-0.002419461886672858,0.0016503944446106008,EURMAD
2021-06-17,10.352399826049805,10.352399826049805,10.279999732971191,10.352399826049805,0,10.39148998260498,10.387592657176597,35.18935835140428,-0.010244710465453721,0.0002898969529674389,0.0016937206371372678,EURMAD
2021-06-18,10.285900115966797,10.285900115966797,10.285900115966797,10.279999732971191,0,10.377429962158203,10.36803030732107,24.581176642446934,-0.018397355169591734,-0.00699355649850697,0.0025974732119240234,EURMAD
2021-06-21,10.26930046081543,10.26930046081543,10.26930046081543,10.285900115966797,0,10.366279983520508,10.353097545256654,26.52516641166814,-0.02410441257438478,0.0005739672323805678,0.0026435730485839955,EURMAD
2021-06-22,10.26930046081543,10.269700050354004,10.26930046081543,10.26930046081543,0,10.353350067138672,10.337861711721885,24.603759936618886,-0.02962524870048,-0.0016138262052145524,0.0026134808621255975,EURMAD
2021-06-23,10.269700050354004,10.280200004577637,10.269700050354004,10.269700050354004,0,10.341100025177003,10.325468682382269,24.74507738048574,-0.03358120434946521,3.8911076766900976e-05,0.0026391251260482755,EURMAD
2021-06-24,10.280200004577637,10.280200004577637,10.275199890136719,10.280200004577637,0,10.3265700340271,10.317238013690517,28.535556265818826,-0.03546030482756102,0.0010224207301234856,0.0023052878066113706,EURMAD
2021-06-25,10.275199890136719,10.286299705505371,10.275199890136719,10.275199890136719,0,10.313329982757569,10.309594718498916,27.81702274104228,-0.03692729803699457,-0.00048638299242154126,0.0023192984699134745,EURMAD
2021-06-28,10.286299705505371,10.286299705505371,10.275199890136719,10.286299705505371,0,10.302289962768555,10.305359261590997,31.915561503784474,-0.03677037242481518,0.0010802529865434618,0.002437298545792318,EURMAD
2021-06-29,10.264599800109863,10.264599800109863,10.264599800109863,10.275199890136719,0,10.292359924316406,10.2998757395084,30.076460166842452,-0.03711384478171986,-0.0010790872992657574,0.002408446819307253,EURMAD
2021-06-30,10.258500099182129,10.258500099182129,10.258500099182129,10.264599800109863,0,10.283879947662353,10.293461932345028,28.39376796632618,-0.037805588484777886,-0.0010316188629119205,0.00235429603908824,EURMAD
2021-07-01,10.252699851989746,10.252699851989746,10.252699851989746,10.258500099182129,0,10.274489974975586,10.287105235406319,27.442325474769987,-0.03840330583628315,-0.0005942463463279868,0.002324399178484907,EURMAD
2021-07-02,10.238100051879883,10.238100051879883,10.238100051879883,10.252699851989746,0,10.271759986877441,10.280849711148761,26.531887618743227,-0.038896656177325184,-0.0005654088937275814,0.0009177761169832272,EURMAD
2021-07-05,10.238100051879883,10.2475004196167,10.238100051879883,10.238100051879883,0,10.26697998046875,10.273077045827147,24.342698840476842,-0.04000457390425716,-0.0014239956616919347,0.0009320843415222121,EURMAD
2021-07-06,10.2475004196167,10.24779987335205,10.2475004196167,10.2475004196167,0,10.264799976348877,10.26842675015252,28.437057383970938,-0.039666821148298226,0.0009181750216527007,0.0009293252787216666,EURMAD
2021-07-07,10.24779987335205,10.24779987335205,10.236599922180176,10.24779987335205,0,10.262609958648682,10.26467640891607,28.569670736091368,-0.038926268450087065,2.9222124722005915e-05,0.0009290395112378588,EURMAD
2021-07-08,10.236599922180176,10.245100021362305,10.236599922180176,10.236599922180176,0,10.258249950408935,10.259571593145907,26.58534722688492,-0.03879590254411802,-0.0010929127530094895,0.0008542875592869619,EURMAD
2021-07-09,10.245100021362305,10.245100021362305,10.243300437927246,10.245100021362305,0,10.255239963531494,10.25694039827616,30.529040133650994,-0.03757357487626045,0.0008303635237039142,0.0009408034379255202,EURMAD
2021-07-12,10.243300437927246,10.244500160217285,10.243300437927246,10.243300437927246,0,10.250940036773681,10.25446040548545,30.159655022027096,-0.03633127837488104,-0.00017565308599298834,0.0008121578489665265,EURMAD
2021-07-13,10.245599746704102,10.245599746704102,10.245599746704102,10.244500160217285,0,10.247870063781738,10.252649451800329,30.76111910912502,-0.03484823314553687,0.00011712263028007541,0.000791894097872866,EURMAD
2021-07-14,10.231100082397461,10.231100082397461,10.231100082397461,10.245599746704102,0,10.245970058441163,10.251367687237378,31.344712899686087,-0.03320145595954749,0.00010733432277021393,0.0007558867825544057,EURMAD
2021-07-15,10.231100082397461,10.235600471496582,10.231100082397461,10.231100082397461,0,10.243230056762695,10.247682668175575,27.993988973372893,-0.03268955012080177,-0.0014152089350655261,0.0008446443756573046,EURMAD
2021-07-16,10.235600471496582,10.235600471496582,10.227700233459473,10.235600471496582,0,10.241520118713378,10.245485905143031,30.478109832111755,-0.03155694840879697,0.00043987343129048284,0.0008647782871898946,EURMAD
2021-07-19,10.227700233459473,10.227700233459473,10.220399856567383,10.227700233459473,0,10.240480136871337,10.242252146655112,28.612041223092262,-0.030940177470341723,-0.0007718392349437275,0.0007798341302432777,EURMAD
2021-07-20,10.220399856567383,10.221199989318848,10.220399856567383,10.220399856567383,0,10.237770080566406,10.238279003002798,26.96883685141532,-0.030686724008866406,-0.0007137847928126995,0.0007104442871349938,EURMAD
2021-07-21,10.221199989318848,10.221199989318848,10.212300300598145,10.221199989318848,0,10.235110092163087,10.235173727787535,27.460557451040714,-0.030074614849374015,7.828781287355646e-05,0.0007128639076532538,EURMAD
2021-07-22,10.212300300598145,10.221500396728516,10.212300300598145,10.212300300598145,0,10.232680130004884,10.231014922844007,25.4111340761945,-0.029962258171089218,-0.0008707087944667125,0.0006869982571015232,EURMAD
2021-07-23,10.221500396728516,10.221500396728516,10.214300155639648,10.221500396728516,0,10.230320167541503,10.229285009004826,31.132976344245435,-0.02879886839654766,0.0009008838224069393,0.00069942645231513,EURMAD
2021-07-26,10.214300155639648,10.228799819946289,10.214300155639648,10.214300155639648,0,10.227420139312745,10.226560490211156,29.24231810677162,-0.028133566655531794,-0.000704421152414314,0.0007146520525812384,EURMAD
2021-07-27,10.228799819946289,10.228799819946289,10.222000122070312,10.228799819946289,0,10.225850105285645,10.226967641072088,37.47668106155268,-0.02613504002878919,0.0014195455474876884,0.000892320427421063,EURMAD
2021-07-28,10.222000122070312,10.228799819946289,10.222000122070312,10.222000122070312,0,10.223490142822266,10.226064455799037,35.39635547911148,-0.02481383364148826,-0.0006647600887366156,0.00090065576688389,EURMAD
2021-07-29,10.228799819946289,10.254500389099121,10.228799819946289,10.228799819946289,0,10.223260116577148,10.2265617947349,39.040505340529,-0.022953495659718826,0.0006652022886690645,0.0008343573956422224,EURMAD
2021-07-30,10.254500389099121,10.254500389099121,10.247400283813477,10.254500389099121,0,10.225150108337402,10.231641539164757,50.42342217056997,-0.01918419975116059,0.0025125693732626075,0.0011569688296994619,EURMAD
2021-08-02,10.257800102233887,10.257800102233887,10.257800102233887,10.247400283813477,0,10.227120113372802,10.234506765464523,47.76960739636713,-0.016578814492298477,-0.0006923891965708862,0.0011499186259448678,EURMAD
2021-08-03,10.257800102233887,10.257800102233887,10.257599830627441,10.257800102233887,0,10.230860137939453,10.238741917604408,51.77339160243589,-0.013519010731819492,0.001014873834570329,0.0011281775184133317,EURMAD
2021-08-04,10.257599830627441,10.257599830627441,10.245200157165527,10.257599830627441,0,10.234500122070312,10.242170629063141,51.691216088401845,-0.010983641865500715,-1.9523835954049495e-05,0.001131367721986286,EURMAD
2021-08-05,10.245200157165527,10.245200157165527,10.242600440979004,10.245200157165527,0,10.23779010772705,10.242721452354484,46.744243545921,-0.009861219789243592,-0.0012088279584557826,0.0011762682007698789,EURMAD
2021-08-06,10.242600440979004,10.242600440979004,10.226200103759766,10.242600440979004,0,10.2399001121521,10.242699450286215,45.755538402212785,-0.009076835467576316,-0.0002537496726898736,0.0011698173315932599,EURMAD
2021-08-09,10.226200103759766,10.226200103759766,10.209699630737305,10.226200103759766,0,10.241090106964112,10.239699569099589,40.00666748558313,-0.009667138635126804,-0.0016011888107655414,0.0012769071462390268,EURMAD
2021-08-10,10.209699630737305,10.209699630737305,10.185700416564941,10.209699630737305,0,10.239180088043213,10.2342450348519,35.21297757750301,-0.011335737099981813,-0.0016135488113903085,0.0012933031512243887,EURMAD
2021-08-11,10.185700416564941,10.209400177001953,10.185700416564941,10.185700416564941,0,10.235550117492675,10.225418740617908,29.64848705054831,-0.014428328627792197,-0.0023506288177285173,0.0014615606553844646,EURMAD
2021-08-12,10.209400177001953,10.209400177001953,10.206199645996094,10.209400177001953,0,10.233610153198242,10.222506274505916,39.770433046313194,-0.01479629462038723,0.0023267678674772085,0.0016699798898563703,EURMAD
2021-08-13,10.206199645996094,10.21660041809082,10.206199645996094,10.206199645996094,0,10.22878007888794,10.219541432958675,38.955315822530586,-0.015171281337327258,-0.0003134886428557415,0.001375189536863161,EURMAD
2021-08-16,10.21660041809082,10.218500137329102,10.21660041809082,10.21660041809082,0,10.225700092315673,10.2190067029827,43.040873054814575,-0.014462491032931624,0.0010190641429208558,0.0014491097021389397,EURMAD
2021-08-17,10.218500137329102,10.218500137329102,10.214200019836426,10.218500137329102,0,10.221770095825196,10.21891460013659,43.78098128288827,-0.013590811726627905,0.00018594436119068192,0.0013879547347053522,EURMAD
2021-08-18,10.197500228881836,10.197500228881836,10.197500228881836,10.214200019836426,0,10.217430114746094,10.218057403718378,42.436823168367354,-0.013096020369518513,-0.0004208168943470314,0.0013820694021756525,EURMAD
2021-08-19,10.190099716186523,10.190099716186523,10.190099716186523,10.197500228881836,0,10.212660121917725,10.21431973556628,37.60781081528089,-0.013891297982183914,-0.001634958285735344,0.0014151623683938696,EURMAD
2021-08-20,10.17549991607666,10.17549991607666,10.17549991607666,10.190099716186523,0,10.207410049438476,10.20991609567905,35.67066584158523,-0.014946427631819859,-0.0007257183161764047,0.0014151799777491847,EURMAD
2021-08-23,10.203700065612793,10.203700065612793,10.203700065612793,10.17549991607666,0,10.202340030670166,10.203658608478616,32.15211812929715,-0.016767422920137776,-0.001432743595891628,0.0014017250181710896,EURMAD
2021-08-24,10.203700065612793,10.205100059509277,10.203700065612793,10.203700065612793,0,10.201740074157716,10.203666146139375,43.703254308092404,-0.01575346230929675,0.0027713773051658563,0.0016729113018057876,EURMAD
2021-08-25,10.205100059509277,10.209500312805176,10.205100059509277,10.205100059509277,0,10.203680038452148,10.203926857661175,44.21105811078257,-0.014667841664511627,0.00013720453242282993,0.0014662245002050826,EURMAD
2021-08-26,10.209500312805176,10.217900276184082,10.209500312805176,10.209500312805176,0,10.20369005203247,10.204940213141903,45.86391673283525,-0.013299111931578622,0.00043118178854095746,0.0012686907000187299,EURMAD
2021-08-27,10.217900276184082,10.217900276184082,10.213500022888184,10.217900276184082,0,10.20486011505127,10.20729658824048,48.971918268362245,-0.011405105951830308,0.0008227595006162769,0.00128805896716894,EURMAD
2021-08-30,10.213500022888184,10.225199699401855,10.213500022888184,10.213500022888184,0,10.204550075531007,10.208424485449154,47.435591213459546,-0.010142242772477772,-0.0004306416364382448,0.0012562309803857592,EURMAD
2021-08-31,10.225199699401855,10.239800453186035,10.225199699401855,10.225199699401855,0,10.205220031738282,10.211474524349644,51.76821297072649,-0.008103931411236331,0.0011455109891274073,0.0013100243874350735,EURMAD
2021-09-01,10.239800453186035,10.239800453186035,10.234600067138672,10.239800453186035,0,10.207780075073241,10.216624693228987,56.57828990210974,-0.005249878830202448,0.0014279186923884524,0.0013630178067968765,EURMAD
2021-09-02,10.234600067138672,10.246000289916992,10.234600067138672,10.234600067138672,0,10.211490058898926,10.219892943030747,54.493749344303005,-0.0033688156798348246,-0.0005078600966041957,0.0012298114837477063,EURMAD
2021-09-03,10.246000289916992,10.250399589538574,10.246000289916992,10.246000289916992,0,10.217080116271973,10.2246397333737,58.1351811893437,-0.0009472377115624653,0.001113890401533535,0.001185501865650614,EURMAD
2021-09-06,10.250399589538574,10.250399589538574,10.248499870300293,10.250399589538574,0,10.224570083618165,10.229323343585493,59.48258492837487,0.001311745996485314,0.0004293675089890314,0.0009657027918705572,EURMAD
2021-09-07,10.253299713134766,10.253299713134766,10.253299713134766,10.248499870300293,0,10.229050064086914,10.232809984806366,58.605428718377546,0.00291511180006232,-0.0001853312372543936,0.0006842438886654307,EURMAD
2021-09-08,10.233799934387207,10.233799934387207,10.233799934387207,10.253299713134766,0,10.233870029449463,10.236535389956984,60.20229099301518,0.0045209828774090965,0.00046834589405442273,0.0006760111644349976,EURMAD
2021-09-09,10.23799991607666,10.23799991607666,10.23799991607666,10.233799934387207,0,10.236299991607666,10.236038034398842,51.50882319612165,0.004172084899714434,-0.0019018052035072452,0.0010110311137152014,EURMAD
2021-09-10,10.238300323486328,10.238300323486328,10.238300323486328,10.23799991607666,0,10.238309955596923,10.236394740158444,53.08040391698221,0.004186227930597752,0.0004104029506517559,0.0009927855445802452,EURMAD
2021-09-13,10.238300323486328,10.238300323486328,10.218400001525879,10.238300323486328,0,10.240789985656738,10.236741209854422,53.19724439344143,0.00417356647544409,2.9342392276809903e-05,0.0009708898161470121,EURMAD
2021-09-14,10.218400001525879,10.228400230407715,10.218400001525879,10.218400001525879,0,10.24011001586914,10.233406444703778,45.17224708875353,0.0025285944499131574,-0.001943713441849182,0.0011302097956018026,EURMAD
2021-09-15,10.228400230407715,10.236800193786621,10.228400230407715,10.228400230407715,0,10.238969993591308,10.232496223922675,49.31042298403289,0.0020087218683464414,0.0009786491897305627,0.0010716411259870755,EURMAD
2021-09-16,10.236800193786621,10.236800193786621,10.216400146484375,10.236800193786621,0,10.239190006256104,10.233278763897937,52.55005965599924,0.0022486054216379614,0.0008212392152913139,0.001099005175155742,EURMAD
2021-09-17,10.216400146484375,10.221599578857422,10.216400146484375,10.216400146484375,0,10.236229991912841,10.230209924368198,45.0241110050731,0.0007835690427349107,-0.0019928148362833298,0.0011912945657972485,EURMAD
2021-09-20,10.221599578857422,10.221599578857422,10.1983003616333,10.221599578857422,0,10.233349990844726,10.228644407002601,47.10344783309015,4.1588490246269316e-05,0.0005089299849747597,0.0011968752580500612,EURMAD
2021-09-21,10.1983003616333,10.20580005645752,10.1983003616333,10.1983003616333,0,10.228330039978028,10.223127307844546,39.8329360353124,-0.002398836262376136,-0.002279410090795686,0.001351539296218951,EURMAD
2021-09-22,10.20580005645752,10.20580005645752,10.204700469970703,10.20580005645752,0,10.223580074310302,10.21997689850145,42.88870982736001,-0.0036852465382839483,0.0007353867368364853,0.001375014564913084,EURMAD
2021-09-23,10.204700469970703,10.204700469970703,10.198699951171875,10.204700469970703,0,10.220670127868653,10.217199366041314,42.54751139146979,-0.00473883702646738,-0.00010774133147162246,0.0012802572782857503,EURMAD
2021-09-24,10.198699951171875,10.20479965209961,10.198699951171875,10.198699951171875,0,10.216740131378174,10.213835836065051,40.647141466946515,-0.005988969683196288,-0.0005880151814828816,0.0012588411007166478,EURMAD
2021-09-27,10.20479965209961,10.20479965209961,10.196599960327148,10.20479965209961,0,10.213390064239501,10.21219289352588,43.413941997412664,-0.00641358215012211,0.0005980861244019309,0.0012919929392534045,EURMAD
2021-09-28,10.196599960327148,10.196599960327148,10.189299583435059,10.196599960327148,0,10.21121006011963,10.209357814762475,40.669354038551695,-0.007327272946229257,-0.0008035132537632661,0.0011788116747480837,EURMAD
2021-09-29,10.189299583435059,10.189299583435059,10.18019962310791,10.189299583435059,0,10.207299995422364,10.205710863612035,38.34506644401547,-0.008541992120369102,-0.0007159618814599478,0.0011081724116895376,EURMAD
2021-09-30,10.18019962310791,10.18019962310791,10.148599624633789,10.18019962310791,0,10.201639938354493,10.201072456247648,35.612890198854885,-0.010122273298623696,-0.0008930898785175501,0.001031215184484773,EURMAD
2021-10-01,10.148599624633789,10.151900291442871,10.148599624633789,10.148599624633789,0,10.194859886169434,10.191531941408764,28.12003527871292,-0.013765829390077755,-0.003104064718180255,0.0012418717815987146,EURMAD
2021-10-04,10.151900291442871,10.166399955749512,10.151900291442871,10.151900291442871,0,10.187889957427979,10.18432618686951,29.781873145909174,-0.01620029074886631,0.00032523372003656625,0.0012238059377306938,EURMAD
2021-10-05,10.166399955749512,10.166399955749512,10.158300399780273,10.166399955749512,0,10.1846999168396,10.18106687212042,36.70483985896355,-0.016766345193554244,0.0014282709532580373,0.0012479249403807443,EURMAD
2021-10-06,10.158300399780273,10.158300399780273,10.139900207519531,10.158300399780273,0,10.179949951171874,10.17692751351312,34.64974893110764,-0.017664884107098544,-0.0007966985367969803,0.0011980251229432744,EURMAD
2021-10-07,10.139900207519531,10.147700309753418,10.139900207519531,10.139900207519531,0,10.173469924926758,10.170195276059738,30.47527988737278,-0.019635379970623035,-0.0018113455535475609,0.0012609348498039954,EURMAD
2021-10-08,10.147700309753418,10.147700309753418,10.147100448608398,10.147700309753418,0,10.168369960784911,10.16610528218586,34.09979991085241,-0.020333220369590066,0.000769248422001434,0.0013374151065838318,EURMAD
2021-10-11,10.147100448608398,10.148099899291992,10.147100448608398,10.147100448608398,0,10.162600040435791,10.162649857899048,33.95320222494139,-0.02069609598297717,-5.911301346206432e-05,0.0012928437911132623,EURMAD
2021-10-12,10.148099899291992,10.148099899291992,10.142999649047852,10.148099899291992,0,10.157750034332276,10.160004410879584,34.458776709524855,-0.02066481903314532,9.849618505852753e-05,0.0013058404119858384,EURMAD
2021-10-13,10.142999649047852,10.146300315856934,10.142999649047852,10.142999649047852,0,10.153120040893555,10.156912636001085,33.067696647784246,-0.020811675356505077,-0.0005025817931193499,0.001303222620029883,EURMAD
2021-10-14,10.146300315856934,10.162799835205078,10.146300315856934,10.146300315856934,0,10.149730110168457,10.154983123247602,34.899305672310206,-0.020426262583978172,0.000325413282390441,0.0013145801367143665,EURMAD
2021-10-15,10.162799835205078,10.162799835205078,10.162799835205078,10.162799835205078,0,10.151150131225586,10.156404343603507,43.258293405574584,-0.018575322115236048,0.001626161145886762,0.0010259084201971515,EURMAD
2021-10-18,10.162799835205078,10.162799835205078,10.157500267028809,10.162799835205078,0,10.152240085601807,10.157567160258338,43.258293405574584,-0.016913470498810312,0.0,0.0010245489093220275,EURMAD
2021-10-19,10.157500267028809,10.182299613952637,10.157500267028809,10.157500267028809,0,10.151350116729736,10.15755499785297,41.28366721354145,-0.01584146147437515,-0.0005214673379585477,0.0009261288634646762,EURMAD
2021-10-20,10.182299613952637,10.182299613952637,10.172300338745117,10.182299613952637,0,10.153750038146972,10.162054018962,52.26462647890176,-0.012842743407469825,0.0024414812967641364,0.0011814124811470696,EURMAD
2021-10-21,10.172300338745117,10.18239974975586,10.172300338745117,10.172300338745117,0,10.156990051269531,10.163916986195293,48.33914207436291,-0.011144627349866099,-0.0009820252385637218,0.0010426334064020007,EURMAD
2021-10-22,10.18239974975586,10.18239974975586,10.181099891662598,10.18239974975586,0,10.160459995269775,10.167277488660849,52.24084540682185,-0.008881539220118029,0.0009928345285161733,0.0010556640375417035,EURMAD
2021-10-25,10.181099891662598,10.192899703979492,10.181099891662598,10.181099891662598,0,10.163859939575195,10.169790652842984,51.69963679131912,-0.007110942735931047,-0.0001276573425917915,0.0010587752147733576,EURMAD
2021-10-26,10.192899703979492,10.195799827575684,10.192899703979492,10.192899703979492,0,10.168339920043945,10.173992298504167,56.14156445299054,-0.004701391314370085,0.0011589919009200589,0.001085227534453514,EURMAD
2021-10-27,10.195799827575684,10.195799827575684,10.17590045928955,10.195799827575684,0,10.173619937896728,10.177957303789897,57.18377520099073,-0.002528640126676862,0.0002845239019726442,0.0010366330509726052,EURMAD
2021-10-28,10.17590045928955,10.18850040435791,10.17590045928955,10.17590045928955,0,10.17657995223999,10.17758333206256,48.642448971442775,-0.002384939770237793,-0.0019517221427114428,0.0013005849250200146,EURMAD
2021-10-29,10.18850040435791,10.19379997253418,10.18850040435791,10.18850040435791,0,10.179150009155274,10.17956825429808,53.38976182999957,-0.0012400513969712534,0.0012382142611131464,0.0012615714392185343,EURMAD
2021-11-01,10.19379997253418,10.19379997253418,10.1697998046875,10.19379997253418,0,10.182250022888184,10.182155839431916,55.26289203915167,9.383013343011726e-05,0.0005201519326634152,0.0012606893019116456,EURMAD
2021-11-02,10.1697998046875,10.181699752807617,10.1697998046875,10.1697998046875,0,10.183479976654052,10.179909287660204,46.20662233158934,-0.0007767185827525225,-0.0023543887374035677,0.0015040167303011815,EURMAD
2021-11-03,10.181699752807617,10.181699752807617,10.175800323486328,10.181699752807617,0,10.183419990539551,10.180234826777916,50.53503736544653,-0.0005006373156763999,0.001170126093793078,0.0013298136945403074,EURMAD
2021-11-04,10.175800323486328,10.175800323486328,10.158900260925293,10.175800323486328,0,10.183769989013673,10.179428553452173,48.45354300252705,-0.0007492388065220013,-0.000579414976331627,0.0013027697617586196,EURMAD
2021-11-05,10.158900260925293,10.158900260925293,10.151100158691406,10.158900260925293,0,10.181420040130615,10.175696136629103,42.990683946985776,-0.002283626859131971,-0.0016608091770461408,0.001355232717226017,EURMAD
2021-11-08,10.151100158691406,10.154399871826172,10.151100158691406,10.151100158691406,0,10.178420066833496,10.171224140640431,40.70936776826751,-0.004081988880727749,-0.0007678097071086576,0.0013649352108387578,EURMAD
2021-11-09,10.154399871826172,10.154399871826172,10.15250015258789,10.154399871826172,0,10.174570083618164,10.168165182674201,42.10890187796094,-0.005181218603356186,0.00032505965690243777,0.0012896847978264392,EURMAD
2021-11-10,10.15250015258789,10.15250015258789,10.14229965209961,10.15250015258789,0,10.170240116119384,10.16531699538578,41.50152344866452,-0.006134937799881612,-0.00018708335916062246,0.001271273315726427,EURMAD
2021-11-11,10.14229965209961,10.14229965209961,10.122900009155273,10.14229965209961,0,10.166880035400391,10.161132023879203,38.30649582459046,-0.007625955012182217,-0.0010047279325261504,0.0011766386506248594,EURMAD
2021-11-12,10.122900009155273,10.122900009155273,10.11299991607666,10.122900009155273,0,10.160319995880126,10.15418074847485,33.08911363752338,-0.010254775285044815,-0.0019127459856029816,0.001131017767296375,EURMAD
2021-11-15,10.11299991607666,10.11299991607666,10.112700462341309,10.11299991607666,0,10.152239990234374,10.146693324402452,30.784774349529613,-0.012987279786749184,-0.0009779898121743402,0.0010562606466154706,EURMAD
2021-11-16,10.083000183105469,10.083000183105469,10.083000183105469,10.112700462341309,0,10.146530055999756,10.140512804027699,30.715097528228924,-0.015004015750882616,-2.9610772059429635e-05,0.0009222404301801102,EURMAD
2021-11-17,10.071700096130371,10.071700096130371,10.071700096130371,10.083000183105469,0,10.136660099029541,10.13005596386002,24.735316201739124,-0.018782346650420223,-0.0029369286024480967,0.000977745136870512,EURMAD
2021-11-18,10.096099853515625,10.096099853515625,10.096099853515625,10.071700096130371,0,10.126250076293946,10.119445806090992,22.907950079882298,-0.02242996501530392,-0.0011207068104621687,0.0009684612844663845,EURMAD
2021-11-19,10.096099853515625,10.096099853515625,10.060700416564941,10.096099853515625,0,10.119970035552978,10.115201087440925,34.20998163377442,-0.023085754142067927,0.0024226056328493506,0.0014249612300733855,EURMAD
2021-11-22,10.060700416564941,10.060700416564941,10.055899620056152,10.060700416564941,0,10.110930061340332,10.105291874554382,27.834346197446138,-0.026160350232981244,-0.0035062486964564377,0.0016943966670167707,EURMAD
2021-11-23,10.055899620056152,10.055899620056152,10.047100067138672,10.055899620056152,0,10.10108003616333,10.096311464645613,27.09679828176938,-0.028654067686874285,-0.0004771831294055895,0.001648701712770334,EURMAD
2021-11-24,10.047100067138672,10.047100067138672,10.041399955749512,10.047100067138672,0,10.090540027618408,10.087363937826169,25.749953177788512,-0.030983251478220453,-0.0008750637188074117,0.0016264639782956147,EURMAD
2021-11-25,10.041399955749512,10.053799629211426,10.041399955749512,10.041399955749512,0,10.080450057983398,10.079006850175865,24.887014580547145,-0.03290973482751802,-0.0005673389685650898,0.0016334396614157147,EURMAD
2021-11-26,10.053799629211426,10.088399887084961,10.053799629211426,10.053799629211426,0,10.073540019989014,10.07442371909142,30.354738916035956,-0.03305490042527559,0.0012348550517415902,0.001737559931662313,EURMAD
2021-11-29,10.088399887084961,10.103699684143066,10.088399887084961,10.088399887084961,0,10.071080017089844,10.076964840544791,42.855106530322644,-0.030031805602549255,0.003441510587997465,0.0021640135446503706,EURMAD
2021-11-30,10.103699684143066,10.136799812316895,10.103699684143066,10.103699684143066,0,10.07017993927002,10.081825721199023,47.354781698553225,-0.026100544587487562,0.0015165732157080836,0.0022349042258617375,EURMAD
2021-12-01,10.136799812316895,10.136799812316895,10.105999946594238,10.136799812316895,0,10.075559902191163,10.09182101049318,55.51570246358974,-0.02008258861495449,0.00327604038209639,0.0022180683153285277,EURMAD
2021-12-02,10.105999946594238,10.105999946594238,10.09850025177002,10.105999946594238,0,10.07898988723755,10.094398998875189,48.051386943819146,-0.01759577378113164,-0.0030384210296066083,0.0024480548396402986,EURMAD
2021-12-03,10.09850025177002,10.09850025177002,10.098099708557129,10.09850025177002,0,10.079229927062988,10.095144681219704,46.41490554865597,-0.016045159196094616,-0.0007421031925441968,0.002351978204173899,EURMAD
2021-12-06,10.098099708557129,10.098099708557129,10.056900024414062,10.098099708557129,0,10.082969856262206,10.095681958917417,46.32416462201443,-0.014679391567296918,-3.96636335004974e-05,0.002003058940629703,EURMAD
2021-12-07,10.056900024414062,10.05720043182373,10.056900024414062,10.056900024414062,0,10.083069896697998,10.088630698098624,38.078045875804115,-0.016728643680734123,-0.004079944279828607,0.002447618939566762,EURMAD
2021-12-08,10.05720043182373,10.071200370788574,10.05720043182373,10.05720043182373,0,10.084079933166503,10.082916104230462,38.16447924616699,-0.018119579147978015,2.9870776177443048e-05,0.0024278002522790942,EURMAD
2021-12-09,10.071200370788574,10.116999626159668,10.071200370788574,10.071200370788574,0,10.08705997467041,10.08078597087739,42.21274526605552,-0.017886048224571738,0.00139203141666977,0.0024466694063443456,EURMAD
2021-12-10,10.099800109863281,10.099800109863281,10.099800109863281,10.116999626159668,0,10.093379974365234,10.087370271837804,53.04319554598706,-0.013845750939028179,0.004547546835026228,0.002787913538139841,EURMAD
2021-12-13,10.099800109863281,10.101699829101562,10.099800109863281,10.099800109863281,0,10.094519996643067,10.089630242387889,49.30591282481281,-0.011894530708310924,-0.0017000609797309663,0.0026840415657381047,EURMAD
2021-12-14,10.101699829101562,10.124899864196777,10.101699829101562,10.101699829101562,0,10.094320011138915,10.091824712699466,49.72723749969523,-0.010078702147191976,0.00018809473629355367,0.0026395352215407755,EURMAD
2021-12-15,10.124899864196777,10.124899864196777,10.108599662780762,10.124899864196777,0,10.093130016326905,10.097838376608069,54.68088307314844,-0.0066904723877545536,0.0022966466523166584,0.0025192129407716965,EURMAD
2021-12-16,10.108599662780762,10.126199722290039,10.108599662780762,10.108599662780762,0,10.093389987945557,10.099794974094012,50.88696668148824,-0.005259932690465874,-0.0016099123581119201,0.002371147665683671,EURMAD
2021-12-17,10.126199722290039,10.142200469970703,10.126199722290039,10.126199722290039,0,10.096159934997559,10.10459583740238,54.553522588491475,-0.0026752038762900554,0.001741097688741089,0.0024111970933740423,EURMAD
2021-12-20,10.142200469970703,10.142200469970703,10.123000144958496,10.142200469970703,0,10.100570011138917,10.111433043323892,57.64905584548827,0.0006567681307227957,0.0015801335268395,0.002441805808570293,EURMAD
2021-12-21,10.123000144958496,10.127900123596191,10.123000144958496,10.123000144958496,0,10.10718002319336,10.113536152712001,52.98522275788116,0.0017281531138131356,-0.0018931123545680162,0.0020602959360538505,EURMAD
2021-12-22,10.127900123596191,10.129400253295898,10.127900123596191,10.127900123596191,0,10.114249992370606,10.116147783781853,54.007821078479054,0.0029387447370314845,0.00048404411414892934,0.0020499094084526436,EURMAD
2021-12-23,10.129400253295898,10.143400192260742,10.129400253295898,10.129400253295898,0,10.120069980621338,10.118557323693498,54.33529045885793,0.003973392455062452,0.00014811853211438297,0.0020411512557232357,EURMAD
2021-12-24,10.146699905395508,10.146699905395508,10.146699905395508,10.143400192260742,0,10.122710037231446,10.123074208887543,57.384821386757146,0.005855537308777414,0.0013821093662764738,0.0015414863009178402,EURMAD
2021-12-27,10.146699905395508,10.165499687194824,10.146699905395508,10.146699905395508,0,10.127400016784668,10.127369790070809,58.09513721477428,0.007526647432166911,0.0003253064132560102,0.001379649073487897,EURMAD
2021-12-28,10.165499687194824,10.165499687194824,10.160099983215332,10.165499687194824,0,10.133780002593994,10.13430249863881,61.98312507014121,0.010249845678846015,0.0018527976558486703,0.0014416639542763387,EURMAD
2021-12-29,10.160099983215332,10.160099983215332,10.130499839782715,10.160099983215332,0,10.13730001449585,10.138992950379997,60.25391570559103,0.01183585258396036,-0.0005311793955681265,0.001353210574387284,EURMAD
2021-12-30,10.130499839782715,10.13640022277832,10.130499839782715,10.130499839782715,0,10.139490032196045,10.137448748453219,51.733605543349576,0.01058230407244487,-0.0029133712740541107,0.0016025561323015345,EURMAD
2021-12-31,10.13640022277832,10.176199913024902,10.13640022277832,10.13640022277832,0,10.140510082244873,10.137258107421419,53.15560310447707,0.009950268935464024,0.0005824374995233583,0.0015199223061621448,EURMAD
2022-01-03,10.176199913024902,10.176199913024902,10.159099578857422,10.176199913024902,0,10.143910026550293,10.14433843571296,61.4135641817312,0.012516595398405883,0.003926412668389334,0.0019056494887099368,EURMAD
2022-01-04,10.159099578857422,10.159099578857422,10.1181001663208,10.159099578857422,0,10.147519969940186,10.147022279921043,56.78192341527736,0.01302048154947677,-0.0016804243542417607,0.0018790023908053994,EURMAD
2022-01-05,10.1181001663208,10.139200210571289,10.1181001663208,10.1181001663208,0,10.146539974212647,10.141763713811907,47.52707388987597,0.00999627418287119,-0.00403573291297854,0.0023337767314771524,EURMAD
2022-01-06,10.139200210571289,10.14680004119873,10.139200210571289,10.139200210571289,0,10.147519969940186,10.141297622313612,51.87443319193424,0.009196157705565255,0.0020853760986396797,0.0024343776908730065,EURMAD
2022-01-07,10.14680004119873,10.155699729919434,10.14680004119873,10.14680004119873,0,10.147859954833985,10.142298062110907,53.37285574329542,0.009070740598691174,0.000749549320420595,0.002405388772938173,EURMAD
2022-01-10,10.155699729919434,10.166500091552734,10.155699729919434,10.155699729919434,0,10.148759937286377,10.144734728985183,55.13453251103995,0.009579055747961362,0.0008770931411448135,0.00241904985123845,EURMAD
2022-01-11,10.166500091552734,10.17020034790039,10.166500091552734,10.166500091552734,0,10.148859977722168,10.14869206763383,57.24566611275556,0.010729712639101052,0.001063477842051741,0.0023675154880042496,EURMAD
2022-01-12,10.17020034790039,10.1766996383667,10.17020034790039,10.17020034790039,0,10.149870014190673,10.152602664045931,57.97526919384123,0.011804125665429765,0.00036396560412477186,0.0023615960310830277,EURMAD
2022-01-13,10.1766996383667,10.209099769592285,10.1766996383667,10.1766996383667,0,10.154489994049072,10.156983932104252,59.28938311494121,0.013029844219948572,0.0006390523533443826,0.002111583831140241,EURMAD
2022-01-14,10.209099769592285,10.209500312805176,10.209099769592285,10.209099769592285,0,10.161759948730468,10.166459538920257,65.14137636847835,0.016426302624305222,0.0031837562645000705,0.002282085489136872,EURMAD
2022-01-17,10.209500312805176,10.209500312805176,10.197799682617188,10.209500312805176,0,10.165089988708496,10.174285134172061,65.20795936352164,0.01893210336693052,3.923394049731854e-05,0.001986655837474296,EURMAD
2022-01-18,10.197799682617188,10.197799682617188,10.19320011138916,10.197799682617188,0,10.168959999084473,10.178560506616629,61.51175665712172,0.019746203496533,-0.0011460531690579145,0.0019330790166909658,EURMAD
2022-01-19,10.19320011138916,10.19320011138916,10.179800033569336,10.19320011138916,0,10.176469993591308,10.181222252938907,60.070280024661216,0.019792085910408375,-0.00045103565192283757,0.001225829925462069,EURMAD
2022-01-20,10.179800033569336,10.181699752807617,10.179800033569336,10.179800033569336,0,10.180529975891114,10.180963667598984,55.956203436058175,0.01853353075718367,-0.0013146095115754708,0.001281593059514437,EURMAD
2022-01-21,10.181699752807617,10.181699752807617,10.180800437927246,10.181699752807617,0,10.184019947052002,10.181097501273282,56.411974444643334,0.01748781949936884,0.00018661655749796502,0.0012769096436227876,EURMAD
2022-01-24,10.180800437927246,10.180800437927246,10.172800064086914,10.180800437927246,0,10.186530017852784,10.18104348975582,56.11593119382745,0.016397498443680547,-8.832659597168835e-05,0.0012686076234984917,EURMAD
2022-01-25,10.172800064086914,10.172800064086914,10.17020034790039,10.172800064086914,0,10.187160015106201,10.179544685088747,53.42966232842525,0.014718185761006808,-0.0007858295513315516,0.0012712479710948659,EURMAD
2022-01-26,10.17020034790039,10.174200057983398,10.17020034790039,10.17020034790039,0,10.187160015106201,10.177845714690863,52.549361544059366,0.013027371561571854,-0.00025555561597057075,0.0012700288354794034,EURMAD
2022-01-27,10.174200057983398,10.174200057983398,10.152299880981445,10.174200057983398,0,10.186910057067871,10.177182868016779,53.810263736407144,0.011873264698985864,0.0003932774130486205,0.001258630392892123,EURMAD
2022-01-28,10.152299880981445,10.156200408935547,10.152299880981445,10.152299880981445,0,10.181230068206787,10.172658688555808,46.52087647610785,0.0090867193939701,-0.00215252077579986,0.0007924815166608397,EURMAD
2022-01-31,10.156200408935547,10.194299697875977,10.156200408935547,10.156200408935547,0,10.175900077819824,10.169666274079397,47.875225336070514,0.007111129497271662,0.0003842014124708637,0.0008280525273623151,EURMAD
2022-02-01,10.194299697875977,10.233599662780762,10.194299697875977,10.194299697875977,0,10.175550079345703,10.174145078406047,58.84000158914891,0.008521523658956198,0.0037513329204206247,0.0015511345442632376,EURMAD
2022-02-02,10.233599662780762,10.246399879455566,10.233599662780762,10.233599662780762,0,10.179590034484864,10.184955002837814,66.63631909964965,0.012664461884485334,0.0038550921661615334,0.001964815740937734,EURMAD
2022-02-03,10.246399879455566,10.246399879455566,10.217000007629395,10.246399879455566,0,10.186250019073487,10.196126798586496,68.71487588031877,0.01678712921034986,0.0012508029526852038,0.001882193135115563,EURMAD
2022-02-04,10.217000007629395,10.324199676513672,10.217000007629395,10.217000007629395,0,10.189780044555665,10.199921927503386,59.539828557247475,0.01748054398709442,-0.0028692879618255063,0.0021894839291121126,EURMAD
2022-02-07,10.324199676513672,10.324199676513672,10.3233003616333,10.324199676513672,0,10.204119968414307,10.22251788186889,73.45677435637582,0.026376149731870413,0.010492284310876787,0.003868088915337305,EURMAD
2022-02-08,10.3233003616333,10.3233003616333,10.321800231933594,10.3233003616333,0,10.219169998168946,10.240841969098783,73.22921034165041,0.03297331829094752,-8.71074667818661e-05,0.0038302147885136625,EURMAD
2022-02-09,10.321800231933594,10.321800231933594,10.315999984741211,10.321800231933594,0,10.234329986572266,10.255561653250567,72.82393740521871,0.0376466073194095,-0.0001453149329339043,0.003824831359361336,EURMAD
2022-02-10,10.315999984741211,10.315999984741211,10.312000274658203,10.315999984741211,0,10.248509979248047,10.26655044079432,71.18355426256427,0.04041629715463202,-0.0005619414309567805,0.003866885471142512,EURMAD
2022-02-11,10.312000274658203,10.312000274658203,10.300800323486328,10.312000274658203,0,10.264480018615723,10.27481404695139,70.01240345639012,0.041806632293500456,-0.00038771908578172365,0.0037248179236185814,EURMAD
2022-02-14,10.300800323486328,10.300800323486328,10.277299880981445,10.300800323486328,0,10.278940010070801,10.279538824503197,66.70299198950472,0.04152605394934916,-0.001086108502091343,0.0038049067407283027,EURMAD
2022-02-15,10.277299880981445,10.28969955444336,10.277299880981445,10.277299880981445,0,10.287240028381348,10.279131743862878,60.265869122390605,0.038958317053120695,-0.002281419090446879,0.0038720700256251257,EURMAD
2022-02-16,10.28969955444336,10.314499855041504,10.28969955444336,10.28969955444336,0,10.292850017547607,10.281053163968421,62.331459352788634,0.03749173569203279,0.0012065108156336102,0.003729186225995671,EURMAD
2022-02-17,10.314499855041504,10.314499855041504,10.312199592590332,10.314499855041504,0,10.299660015106202,10.287134380527164,66.1245789371819,0.037893820021610125,0.0024102064853230853,0.003771076655293821,EURMAD
2022-02-18,10.312199592590332,10.364800453186035,10.312199592590332,10.312199592590332,0,10.309179973602294,10.291691691811375,65.46610382746542,0.037593508232189876,-0.00022301250506562287,0.003583372788962623,EURMAD
2022-02-21,10.364800453186035,10.373600006103516,10.364800453186035,10.364800453186035,0,10.313240051269531,10.304984193879495,72.26709172259652,0.04112588521697624,0.005100838101843808,0.002072467974822266,EURMAD
2022-02-22,10.373600006103516,10.373600006103516,10.353599548339844,10.373600006103516,0,10.318270015716553,10.317459796102042,73.21733045124155,0.044126704623353774,0.0008489843057977176,0.002069436522060234,EURMAD
2022-02-23,10.353599548339844,10.353599548339844,10.345600128173828,10.353599548339844,0,10.321449947357177,10.32403066014528,67.5518280308788,0.044379427417874595,-0.0019280151299360115,0.002202566990496226,EURMAD
2022-02-24,10.345600128173828,10.345600128173828,10.259499549865723,10.345600128173828,0,10.32440996170044,10.327952381605014,65.37298418740087,0.043433550763099404,-0.0007726221328792082,0.002212815996133595,EURMAD
2022-02-25,10.259499549865723,10.305500030517578,10.259499549865723,10.259499549865723,0,10.319159889221192,10.31550641219787,47.58307451527423,0.03532908786924693,-0.008322434391566214,0.0035192823534086234,EURMAD
2022-02-28,10.305500030517578,10.37090015411377,10.305500030517578,10.305500030517578,0,10.319629859924316,10.313687070074181,54.679096838205965,0.03224638077798048,0.004483696346812227,0.003842915624333805,EURMAD
2022-03-01,10.339400291442871,10.339400291442871,10.339400291442871,10.37090015411377,0,10.32898988723755,10.324089448990469,62.460127183359546,0.0346807781782168,0.006346137829559284,0.004211560036900336,EURMAD
2022-03-02,10.312299728393555,10.312299728393555,10.312299728393555,10.339400291442871,0,10.3339599609375,10.326873238527268,57.35264587473061,0.033680037487522796,-0.003037331591549841,0.004389005379934757,EURMAD
2022-03-03,10.325799942016602,10.325799942016602,10.325799942016602,10.312299728393555,0,10.333739948272704,10.324223509412047,53.31344885967633,0.030350295022362417,-0.002621096222741759,0.004432670724603011,EURMAD
2022-03-04,10.325799942016602,10.325799942016602,10.297499656677246,10.325799942016602,0,10.335099983215333,10.324510133521965,55.01315606246979,0.028472590245828044,0.0013091370478570674,0.004451026650711384,EURMAD
2022-03-07,10.389200210571289,10.389200210571289,10.389200210571289,10.297499656677246,0,10.328369903564454,10.319599137732016,50.83504134318535,0.024419407442318075,-0.0027407353907951126,0.004161408388547626,EURMAD
2022-03-08,10.389200210571289,10.557999610900879,10.389200210571289,10.389200210571289,0,10.32992992401123,10.332253878248245,61.13505283209631,0.028280696924648296,0.008905128133175566,0.005145800459352125,EURMAD
2022-03-09,10.557999610900879,10.557999610900879,10.533100128173828,10.557999610900879,0,10.350369930267334,10.37329855691236,72.53949735915712,0.04444911581117594,0.01624758373198265,0.007146476870849096,EURMAD
2022-03-10,10.533100128173828,10.533100128173828,10.47819995880127,10.533100128173828,0,10.369119930267335,10.402353388050809,69.30871280769004,0.05462385431314942,-0.002358352305804501,0.007231422932126742,EURMAD
2022-03-11,10.47819995880127,10.47819995880127,10.32800006866455,10.47819995880127,0,10.390989971160888,10.4161436736418,62.67998229402994,0.05759352077570945,-0.005212156791874811,0.006800726031498177,EURMAD
2022-03-14,10.32800006866455,10.32800006866455,10.275300025939941,10.32800006866455,0,10.393239974975586,10.400117563645937,48.9004123011421,0.04728208849728688,-0.014334512676536293,0.00847518930509215,EURMAD
2022-03-15,10.275300025939941,10.366700172424316,10.275300025939941,10.275300025939941,0,10.383679962158203,10.37742346588121,45.14990770071629,0.03446051178263154,-0.005102637720201253,0.008332323918125342,EURMAD
2022-03-16,10.366700172424316,10.463800430297852,10.366700172424316,10.366700172424316,0,10.386409950256347,10.375473776161774,52.022705173664235,0.031313584312265164,0.008895131651011301,0.008830850764727225,EURMAD
2022-03-17,10.463800430297852,10.478500366210938,10.463800430297852,10.463800430297852,0,10.401560020446777,10.39153316782288,58.03816499383801,0.036237082400184306,0.009366554087464118,0.009196524375772059,EURMAD
2022-03-18,10.478500366210938,10.478500366210938,10.468099594116211,10.478500366210938,0,10.416830062866211,10.407345385711617,58.878745227164984,0.04085421017836843,0.001404837182341634,0.009196356359491628,EURMAD
2022-03-21,10.468099594116211,10.468099594116211,10.396499633789062,10.468099594116211,0,10.433890056610107,10.418391605421544,57.99354969055542,0.04317635171578971,-0.0009925821187414252,0.009122959374832908,EURMAD
2022-03-22,10.396499633789062,10.396499633789062,10.367500305175781,10.396499633789062,0,10.434619998931884,10.41441124694291,52.17788901503966,0.03879197743307827,-0.006839824142234274,0.009096457636366396,EURMAD
2022-03-23,10.367500305175781,10.367500305175781,10.342000007629395,10.367500305175781,0,10.415570068359376,10.40588198480343,49.9912687390489,0.032601515784502766,-0.002789335799044501,0.007120823503782837,EURMAD
2022-03-24,10.342000007629395,10.342000007629395,10.320099830627441,10.342000007629395,0,10.396460056304932,10.394267079862695,48.08308082565556,0.02534569997881775,-0.0024596379836763216,0.007121783776352378,EURMAD
2022-03-25,10.331500053405762,10.331500053405762,10.331500053405762,10.320099830627441,0,10.380650043487549,10.380782125456285,46.44347756560229,0.017625081453081393,-0.0021175959181780613,0.00702391448301534,EURMAD
2022-03-28,10.310600280761719,10.310600280761719,10.310600280761719,10.331500053405762,0,10.38100004196167,10.371821748719826,47.44806012797335,0.012284727656508565,0.0011046620638772708,0.0053969873239270594,EURMAD
2022-03-29,10.310600280761719,10.358400344848633,10.310600280761719,10.310600280761719,0,10.384530067443848,10.360690572727442,45.753674906185175,0.006293474554750489,-0.0020229175372411534,0.0051528291683780175,EURMAD
2022-03-30,10.358400344848633,10.421699523925781,10.358400344848633,10.358400344848633,0,10.383700084686279,10.360274167658567,50.139227251523245,0.00534086285455615,0.004636011753467173,0.004503621199821873,EURMAD
2022-03-31,10.421699523925781,10.421699523925781,10.380800247192383,10.421699523925781,0,10.379489994049072,10.371442414252606,55.29362273322669,0.009583157285291577,0.006110902935763329,0.0038098136035004384,EURMAD
2022-04-01,10.380800247192383,10.403599739074707,10.380800247192383,10.380800247192383,0,10.369719982147217,10.373143838423474,51.58315333759107,0.009535062102317582,-0.003924434459034565,0.003901466937444354,EURMAD
2022-04-04,10.403599739074707,10.403599739074707,10.384699821472168,10.403599739074707,0,10.363269996643066,10.378681274905516,53.4581133778683,0.01120748189997478,0.00219631351527938,0.004024130892249941,EURMAD
2022-04-05,10.384699821472168,10.384699821472168,10.300800323486328,10.384699821472168,0,10.362090015411377,10.379775556099453,51.671756739096544,0.010882375985115544,-0.0018166709674107828,0.0034297827405493126,EURMAD
2022-04-06,10.300800323486328,10.300800323486328,10.278599739074707,10.300800323486328,0,10.355420017242432,10.365416422897066,44.55425104907575,0.003810810246854146,-0.00807914522597597,0.004208710728466606,EURMAD
2022-04-07,10.278599739074707,10.278599739074707,10.26509952545166,10.278599739074707,0,10.349079990386963,10.349631571293,42.87145103417597,-0.0035440050880026774,-0.002155229080696097,0.004195144160300946,EURMAD
2022-04-08,10.26509952545166,10.26509952545166,10.261699676513672,10.26509952545166,0,10.343579959869384,10.334262108412755,41.83663994496269,-0.01034287739050832,-0.0013134292574624729,0.004170601868151414,EURMAD
2022-04-11,10.261699676513672,10.306400299072266,10.261699676513672,10.261699676513672,0,10.336599922180175,10.321068938976559,41.564545552762475,-0.01582297466654836,-0.00033120467361846817,0.004132753510657691,EURMAD
2022-04-12,10.306400299072266,10.331999778747559,10.306400299072266,10.306400299072266,0,10.33617992401123,10.318401913539414,46.4919743204044,-0.016370317745192153,0.004356064196743281,0.004385308902509264,EURMAD
2022-04-13,10.331999778747559,10.331999778747559,10.290399551391602,10.331999778747559,0,10.333539867401123,10.320874252668167,49.13710570337249,-0.01457046773020032,0.0024838429453974964,0.004178702655823803,EURMAD
2022-04-14,10.290399551391602,10.315500259399414,10.290399551391602,10.290399551391602,0,10.320409870147705,10.315333397890608,45.22462220895336,-0.016312820268444383,-0.004026348068795649,0.003662605281666142,EURMAD
2022-04-15,10.315500259399414,10.315500259399414,10.315500259399414,10.315500259399414,0,10.313879871368409,10.315363736346754,47.9192284235665,-0.01548967452122163,0.002439235510968807,0.003701060419198591,EURMAD
2022-04-18,10.315500259399414,10.315500259399414,10.315500259399414,10.315500259399414,0,10.305069923400879,10.315388558719965,47.9192284235665,-0.014668239254637783,0.0,0.0035781835237577624,EURMAD
2022-04-19,10.315500259399414,10.315500259399414,10.2701997756958,10.315500259399414,0,10.298149967193604,10.31540886793441,47.9192284235665,-0.013857505193870523,0.0,0.0035694357147778746,EURMAD
2022-04-20,10.2701997756958,10.317500114440918,10.2701997756958,10.2701997756958,0,10.29508991241455,10.307189032981936,43.13600403941848,-0.016678108203029396,-0.004391496540590567,0.0028325028294964817,EURMAD
2022-04-21,10.317500114440918,10.31820011138916,10.317500114440918,10.317500114440918,0,10.298979949951171,10.309063775065388,48.87445866927658,-0.014924672048735488,0.004605590911391344,0.003130080915266403,EURMAD
2022-04-22,10.31820011138916,10.31820011138916,10.273099899291992,10.31820011138916,0,10.304290008544921,10.310724927124255,48.956553185775356,-0.0133249753388327,6.784559636319187e-05,0.0030769656132032938,EURMAD
2022-04-25,10.273099899291992,10.273099899291992,10.270000457763672,10.273099899291992,0,10.305430030822754,10.303884012972933,44.048853695774405,-0.015517537852057117,-0.00437093791652543,0.0034444333231080995,EURMAD
2022-04-26,10.270000457763672,10.28439998626709,10.270000457763672,10.270000457763672,0,10.301790046691895,10.29772336657125,43.72445353133071,-0.017305768343572225,-0.0003017046031581483,0.0031056843359174033,EURMAD
2022-04-27,10.28439998626709,10.28439998626709,10.211899757385254,10.28439998626709,0,10.297030067443847,10.295300933788674,45.72432105121868,-0.017360906559233058,0.0014020961890544026,0.0030135054980224034,EURMAD
2022-04-28,10.211899757385254,10.211899757385254,10.152899742126465,10.211899757385254,0,10.289180088043214,10.280137083533505,38.3371647743141,-0.02298975496880651,-0.007049534146731595,0.003520334201942249,EURMAD
2022-04-29,10.152899742126465,10.205300331115723,10.152899742126465,10.152899742126465,0,10.272920036315918,10.257003021459496,33.58230270868924,-0.03184438380072763,-0.0057775748548765105,0.0036473114578311422,EURMAD
2022-05-02,10.205300331115723,10.205300331115723,10.184800148010254,10.205300331115723,0,10.261900043487548,10.247602532306082,40.62574314573804,-0.034238768136555464,0.005161145123085964,0.004216700202266491,EURMAD
2022-05-03,10.184800148010254,10.184800148010254,10.17609977722168,10.184800148010254,0,10.248830032348632,10.236183916979568,38.88824009337968,-0.03735986713017425,-0.0020087780310554804,0.004208142666253738,EURMAD
2022-05-04,10.17609977722168,10.183600425720215,10.17609977722168,10.17609977722168,0,10.23942003250122,10.22525952793268,38.14265051102511,-0.04007346581052751,-0.0008542505166656555,0.00406240417456096,EURMAD
2022-05-05,10.183600425720215,10.209400177001953,10.183600425720215,10.183600425720215,0,10.22603006362915,10.217685145712231,39.22447301329697,-0.04114448465923459,0.0007370848028951382,0.0036408571190241464,EURMAD
2022-05-06,10.209400177001953,10.228500366210938,10.209400177001953,10.209400177001953,0,10.215150070190429,10.216178787764907,42.922187805907534,-0.0394566191574377,0.0025334606821942884,0.0038226866607817714,EURMAD
2022-05-09,10.228500366210938,10.23840045928955,10.228500366210938,10.228500366210938,0,10.210690116882324,10.218419074755094,45.56281545679602,-0.03616090751221002,0.0018708434264345097,0.003729154028794146,EURMAD
2022-05-10,10.23840045928955,10.247599601745605,10.23840045928955,10.23840045928955,0,10.207530117034912,10.22205205376136,46.933220266372196,-0.032376956119936295,0.0009678929192120656,0.003755477746075275,EURMAD
2022-05-11,10.247599601745605,10.247599601745605,10.244400024414062,10.247599601745605,0,10.203850078582764,10.226697062485767,48.237179168801056,-0.028309518951488144,0.0008984941048781891,0.003733402364804567,EURMAD
2022-05-12,10.244400024414062,10.244400024414062,10.200200080871582,10.244400024414062,0,10.207100105285644,10.229915782836365,47.79725876032523,-0.02505540176674259,-0.0003122270049463749,0.0029069221146196026,EURMAD
2022-05-13,10.200200080871582,10.200200080871582,10.189900398254395,10.200200080871582,0,10.211830139160156,10.224512927933675,42.08702113080742,-0.0257462695340287,-0.004314546819447207,0.0025848193020233277,EURMAD
2022-05-16,10.189900398254395,10.189900398254395,10.1806001663208,10.189900398254395,0,10.210290145874023,10.21821974071926,40.861961543624176,-0.02681577002163138,-0.0010097529985223508,0.0020133077849792272,EURMAD
2022-05-17,10.209500312805176,10.209500312805176,10.209500312805176,10.1806001663208,0,10.209870147705079,10.211379818101358,39.73719886919053,-0.02809000377703086,-0.000912691152033962,0.0019288849232093727,EURMAD
2022-05-18,10.215299606323242,10.215299606323242,10.215299606323242,10.209500312805176,0,10.213210201263427,10.211038089865689,44.820120147267346,-0.02646279627293957,0.002838746833411898,0.002101389710306177,EURMAD
2022-05-19,10.253899574279785,10.253899574279785,10.253899574279785,10.215299606323242,0,10.21638011932373,10.211812911039788,45.80789914066953,-0.024423726565753867,0.0005680291238927548,0.0020984263719925752,EURMAD
2022-05-20,10.261699676513672,10.261699676513672,10.261699676513672,10.253899574279785,0,10.220830059051513,10.219465031628877,51.970746477048216,-0.01946863204004856,0.0037786427656658628,0.0022744025217409643,EURMAD
2022-05-23,10.261699676513672,10.303600311279297,10.261699676513672,10.261699676513672,0,10.224149990081788,10.227144057971568,53.130677416668384,-0.014742340344099603,0.0007606961797688161,0.002223174728465229,EURMAD
2022-05-24,10.303600311279297,10.341699600219727,10.303600311279297,10.303600311279297,0,10.230669975280762,10.241045194936609,58.87614183419141,-0.007528900597090882,0.004083206104883885,0.002521343564279871,EURMAD
2022-05-25,10.341699600219727,10.341699600219727,10.25469970703125,10.341699600219727,0,10.240079975128173,10.259345995897174,63.28350312189719,0.0012477137138695582,0.0036976675908830803,0.0027023758489489397,EURMAD
2022-05-26,10.25469970703125,10.281299591064453,10.25469970703125,10.25469970703125,0,10.241109943389892,10.258501216103369,50.083693160913924,0.0011695971081184808,-0.008412533389253407,0.004009790848337541,EURMAD
2022-05-27,10.253299713134766,10.253299713134766,10.253299713134766,10.281299591064453,0,10.24921989440918,10.262646375187202,53.291573163160734,0.0032169939682784587,0.002593921303708724,0.0037499259051691847,EURMAD
2022-05-30,10.253299713134766,10.30720043182373,10.253299713134766,10.253299713134766,0,10.255559825897217,10.26094698208676,49.67284639008199,0.002550810431637629,-0.002723379246143409,0.003878688512866249,EURMAD
2022-05-31,10.30720043182373,10.30720043182373,10.24429988861084,10.30720043182373,0,10.26821985244751,10.269356700220754,55.883300640206066,0.006299575129609991,0.005256914378491961,0.004091376170585928,EURMAD
2022-06-01,10.24429988861084,10.24429988861084,10.227100372314453,10.24429988861084,0,10.271699810028077,10.264800916291678,48.380313528071,0.00414714430756824,-0.006102582716707827,0.004643896496019192,EURMAD
2022-06-02,10.227100372314453,10.227100372314453,10.202400207519531,10.227100372314453,0,10.272879886627198,10.257946271932182,46.54027214436543,0.0010414647930634402,-0.0016789352599398955,0.0046863441126203985,EURMAD
2022-06-03,10.202400207519531,10.249699592590332,10.202400207519531,10.202400207519531,0,10.267729949951171,10.247846987493519,43.95483565673306,-0.0033740119588401285,-0.002415167925973183,0.004557385828466168,EURMAD
2022-06-06,10.249699592590332,10.249699592590332,10.236700057983398,10.249699592590332,0,10.266529941558838,10.24818382478385,49.715581492500405,-0.0030218104686863256,0.004636103672539749,0.004832412127671057,EURMAD
2022-06-07,10.236700057983398,10.236700057983398,10.192500114440918,10.236700057983398,0,10.259839916229248,10.246095867183765,48.24775516706778,-0.0037484324553727078,-0.0012682844496565426,0.004607992489913611,EURMAD
2022-06-08,10.192500114440918,10.195599555969238,10.192500114440918,10.192500114440918,0,10.244919967651366,10.236351184866884,43.54063289132607,-0.007800927428895932,-0.004317792188119229,0.004464206994341291,EURMAD
2022-06-09,10.195599555969238,10.202699661254883,10.195599555969238,10.195599555969238,0,10.239009952545166,10.228941797794583,43.95355945401695,-0.010639810748582335,0.00030409040897905193,0.0037452977790526252,EURMAD
2022-06-10,10.202699661254883,10.202699661254883,10.159899711608887,10.202699661254883,0,10.23114995956421,10.22417050024191,44.94686957093558,-0.012176365511894716,0.0006963891869886663,0.003612829680730728,EURMAD
2022-06-13,10.159899711608887,10.159899711608887,10.116299629211426,10.159899711608887,0,10.22180995941162,10.212484902308631,40.309158323157185,-0.016655697956197812,-0.0041949632025855,0.003729710765371996,EURMAD
2022-06-14,10.116299629211426,10.145000457763672,10.116299629211426,10.116299629211426,0,10.20271987915039,10.194996670836412,36.21028129212702,-0.023453407179809815,-0.00429138905255555,0.003153705926842092,EURMAD
2022-06-15,10.145000457763672,10.22819995880127,10.145000457763672,10.145000457763672,0,10.192789936065674,10.18590645027773,40.499457540094554,-0.026222447659328907,0.0028370876312688864,0.0030847702489122204,EURMAD
2022-06-16,10.22819995880127,10.22819995880127,10.20829963684082,10.22819995880127,0,10.192899894714355,10.193596179100192,50.822360701358136,-0.021456095272370135,0.00820103472483602,0.004209408366467575,EURMAD
2022-06-17,10.20829963684082,10.257100105285645,10.20829963684082,10.20829963684082,0,10.193489837646485,10.196269535053032,48.64829523057968,-0.019064749766357636,-0.0019456328621465513,0.0041817713304050175,EURMAD
2022-06-20,10.257100105285645,10.269800186157227,10.257100105285645,10.257100105285645,0,10.194229888916016,10.207329638731688,53.86069162816192,-0.013081011505176932,0.00478046983149949,0.004199514444103176,EURMAD
2022-06-21,10.269800186157227,10.269800186157227,10.237000465393066,10.269800186157227,0,10.197539901733398,10.218687920081786,55.13694983068584,-0.0072307142623024845,0.0012381746050267317,0.0041848676009366495,EURMAD
2022-06-22,10.237000465393066,10.23840045928955,10.237000465393066,10.237000465393066,0,10.201989936828614,10.222017473774745,51.198098061405794,-0.005181248685540041,-0.003193803206451018,0.0040593548227608025,EURMAD
2022-06-23,10.23840045928955,10.23840045928955,10.229700088500977,10.23840045928955,0,10.206270027160645,10.224996198413798,51.3578258788015,-0.003404816043223846,0.00013675821362091334,0.004060336482235705,EURMAD
2022-06-24,10.229700088500977,10.229700088500977,10.22249984741211,10.229700088500977,0,10.208970069885254,10.22585145115692,50.25695524753991,-0.0026682694371551463,-0.0008497783245702273,0.004078312608876195,EURMAD
2022-06-27,10.22249984741211,10.248900413513184,10.22249984741211,10.22249984741211,0,10.215230083465576,10.225242068657863,49.31484593620095,-0.0026351735855065783,-0.0007038565184291912,0.003792901004109958,EURMAD
2022-06-28,10.248900413513184,10.273699760437012,10.248900413513184,10.248900413513184,0,10.228490161895753,10.229543585904283,52.80804979816612,-0.00047318525395034783,0.002582593934472577,0.003406974675724329,EURMAD
2022-06-29,10.273699760437012,10.298500061035156,10.273699760437012,10.273699760437012,0,10.241360092163086,10.237571981273868,55.883812476280426,0.0032043681536304547,0.002419708058742698,0.003388672431946022,EURMAD
2022-06-30,10.298500061035156,10.298500061035156,10.224300384521484,10.298500061035156,0,10.248390102386475,10.248649813957737,58.77730685871784,0.00802749673260017,0.002413960031579565,0.0024319299757946723,EURMAD
2022-07-01,10.224300384521484,10.224300384521484,10.1697998046875,10.224300384521484,0,10.24999017715454,10.244222644969327,48.52308275860129,0.005795757216654707,-0.007204901303482947,0.0034290094129913046,EURMAD
2022-07-04,10.1697998046875,10.1697998046875,10.128100395202637,10.1697998046875,0,10.241260147094726,10.230691219463539,42.63893863782782,-0.0003664297665455507,-0.005330494780502737,0.00340645890513318,EURMAD
2022-07-05,10.128100395202637,10.128100395202637,10.0600004196167,10.128100395202637,0,10.227090167999268,10.212038342325192,38.76552358151099,-0.008516626823212192,-0.004100317635126194,0.003460872221094063,EURMAD
2022-07-06,10.0600004196167,10.0600004196167,10.024200439453125,10.0600004196167,0,10.20939016342163,10.18439508365092,33.425244242073816,-0.020237529956252942,-0.006723864587498962,0.0038267817762721455,EURMAD
2022-07-07,10.024200439453125,10.024200439453125,10.01449966430664,10.024200439453125,0,10.187970161437988,10.155268784705866,31.00700815783449,-0.03204578547289216,-0.0035586459910842416,0.0038041994361556848,EURMAD
2022-07-08,10.01449966430664,10.01449966430664,9.982600212097168,10.01449966430664,0,10.166450119018554,10.129674399178734,30.365918363017983,-0.0417059245876672,-0.0009677355520849584,0.0038000535915174325,EURMAD
2022-07-11,9.982600212097168,9.982600212097168,9.952199935913086,9.982600212097168,0,10.142460155487061,10.102933637891175,28.29425700878933,-0.05134381410355715,-0.003185326604300376,0.003778454703851413,EURMAD
2022-07-12,9.952199935913086,9.954700469970703,9.952199935913086,9.952199935913086,0,10.11279010772705,10.075527510258794,26.442779521677053,-0.060734845709282226,-0.003045326421791561,0.0033549570898076153,EURMAD
2022-07-13,9.954700469970703,9.99429988861084,9.954700469970703,9.954700469970703,0,10.08089017868042,10.053558957479142,26.86669111419512,-0.06720088375807087,0.00025125440342033123,0.003024709618724736,EURMAD
2022-07-14,9.99429988861084,10.021400451660156,9.99429988861084,9.99429988861084,0,10.050470161437989,10.04278458132127,33.41140347211534,-0.06834211796451228,0.003977961844215505,0.003365349421609115,EURMAD
2022-07-15,10.021400451660156,10.160099983215332,10.021400451660156,10.021400451660156,0,10.030180168151855,10.03889655774652,37.531528609501905,-0.06629555149594246,0.0027116019482464893,0.003445034468369694,EURMAD
2022-07-18,10.160099983215332,10.328100204467773,10.160099983215332,10.160099983215332,0,10.029210186004638,10.060933544195393,53.41752524386047,-0.05287226127262201,0.013840334215184269,0.005866805745525368,EURMAD
2022-07-19,10.328100204467773,10.328100204467773,10.241600036621094,10.328100204467773,0,10.049210166931152,10.109509300608552,65.02084868430894,-0.028351178504610886,0.016535292126059753,0.007652865056336461,EURMAD
2022-07-20,10.241600036621094,10.241600036621094,10.109999656677246,10.241600036621094,0,10.067370128631591,10.133525798065378,57.130125645765915,-0.01571671190770374,-0.008375225465885872,0.007876191748987125,EURMAD
2022-07-21,10.109999656677246,10.109999656677246,10.037699699401855,10.109999656677246,0,10.075950050354004,10.12924831781299,47.65477180644998,-0.01613684147080008,-0.012849591809217409,0.00904258507622178,EURMAD
2022-07-22,10.037699699401855,10.089900016784668,10.037699699401855,10.037699699401855,0,10.078270053863525,10.11260311446551,43.39634674388705,-0.02204962513940245,-0.0071513313284475855,0.009388497006544318,EURMAD
2022-07-25,10.089900016784668,10.103599548339844,10.089900016784668,10.089900016784668,0,10.089000034332276,10.108475278523539,47.07368878910731,-0.022266742294927866,0.00520042628750117,0.00941993422981889,EURMAD
2022-07-26,10.103599548339844,10.103599548339844,10.073800086975098,10.103599548339844,0,10.10413999557495,10.107588782126504,48.027970280051,-0.021090256155455123,0.00135774700764002,0.009306368416421136,EURMAD
2022-07-27,10.073800086975098,10.125200271606445,10.073800086975098,10.073800086975098,0,10.11604995727539,10.101445383008066,46.081624338232274,-0.02230532796524365,-0.0029493905832443934,0.009410448216337035,EURMAD
2022-07-28,10.125200271606445,10.126899719238281,10.125200271606445,10.125200271606445,0,10.12913999557495,10.105764453662317,49.856328165703985,-0.018902815903004466,0.005102362979964692,0.009453551848297954,EURMAD
2022-07-29,10.126899719238281,10.186400413513184,10.126899719238281,10.126899719238281,0,10.139689922332764,10.109607229221583,49.98101160578567,-0.015886044921753495,0.00016784335976072207,0.00944683179486603,EURMAD
2022-08-01,10.186400413513184,10.186400413513184,10.179200172424316,10.186400413513184,0,10.14231996536255,10.12356962636551,54.26853667232237,-0.008594946234492085,0.005875509378439725,0.008544885480920437,EURMAD
2022-08-02,10.179200172424316,10.217499732971191,10.179200172424316,10.179200172424316,0,10.127429962158203,10.133684271103474,53.669014735260326,-0.00335897707937427,-0.0007068484250153384,0.0063642901644362605,EURMAD
2022-08-03,10.217499732971191,10.217499732971191,10.143600463867188,10.217499732971191,0,10.125019931793213,10.148923445988514,56.426485960740365,0.0038367924969460176,0.0037625314266467313,0.006042447968725992,EURMAD
2022-08-04,10.143600463867188,10.147500038146973,10.143600463867188,10.143600463867188,0,10.128380012512206,10.147955631057364,50.21616518278614,0.003535681182381012,-0.007232617669226449,0.004888823692095894,EURMAD
2022-08-05,10.147500038146973,10.209799766540527,10.147500038146973,10.147500038146973,0,10.139360046386718,10.147872795982746,50.525602919762385,0.003570552246767278,0.00038443689631462163,0.004126728416534167,EURMAD
2022-08-08,10.209799766540527,10.209799766540527,10.154500007629395,10.209799766540527,0,10.151350021362305,10.15913224517507,55.30524255033695,0.008526961730352056,0.006139416423686095,0.0042396301584021025,EURMAD
2022-08-09,10.154500007629395,10.154500007629395,10.152400016784668,10.154500007629395,0,10.15644006729126,10.158290020166765,50.629603892241754,0.007901638401442312,-0.005416341179614537,0.004723443834426292,EURMAD
2022-08-10,10.152400016784668,10.174300193786621,10.152400016784668,10.152400016784668,0,10.164300060272216,10.157219110460929,50.45515867676924,0.007154144917944194,-0.00020680396308525584,0.004577454228711915,EURMAD
2022-08-11,10.174300193786621,10.25790023803711,10.174300193786621,10.174300193786621,0,10.169210052490234,10.16032476197469,52.3009359619665,0.008233995825124296,0.00215714283969759,0.004358452651791336,EURMAD
2022-08-12,10.25790023803711,10.25790023803711,10.256400108337402,10.25790023803711,0,10.182310104370117,10.178065757622402,58.63594865738834,0.015655147549306747,0.00821678569122053,0.004989397675911656,EURMAD
2022-08-15,10.256400108337402,10.321399688720703,10.256400108337402,10.256400108337402,0,10.189310073852539,10.19230836684331,58.48584358230609,0.021171365504752515,-0.00014624140076391345,0.0047322148861267685,EURMAD
2022-08-16,10.321399688720703,10.321399688720703,10.273200035095215,10.321399688720703,0,10.203530025482177,10.215779516275562,62.915684355152806,0.030437071278143435,0.0063374653578951445,0.0050161147244138955,EURMAD
2022-08-17,10.273200035095215,10.273200035095215,10.268899917602539,10.273200035095215,0,10.20910005569458,10.226219610606408,57.975381622057135,0.03350467954326142,-0.004669875702823623,0.005276750086779494,EURMAD
2022-08-18,10.268899917602539,10.268899917602539,10.184900283813477,10.268899917602539,0,10.221630001068116,10.233979666423886,57.54127619480854,0.035183227306623266,-0.0004185762447909136,0.004548948009471488,EURMAD
2022-08-19,10.184900283813477,10.184900283813477,10.100500106811523,10.184900283813477,0,10.225370025634765,10.225056142312903,49.7108633630314,0.02939655488384041,-0.008180003161300076,0.0054453564681171155,EURMAD
2022-08-22,10.100500106811523,10.12969970703125,10.100500106811523,10.100500106811523,0,10.214440059661865,10.20240959040356,43.330447425028666,0.017795056046647773,-0.008286794632254568,0.005657202650138286,EURMAD
2022-08-23,10.12969970703125,10.14330005645752,10.12969970703125,10.12969970703125,0,10.21196002960205,10.189189611608596,45.91674639716203,0.01083208283222703,0.002890906381955771,0.005555661722318485,EURMAD
2022-08-24,10.14330005645752,10.14330005645752,10.138500213623047,10.14330005645752,0,10.211050033569336,10.180846056126581,47.127120849086445,0.0063382475576982955,0.0013426211851896852,0.005577960397571365,EURMAD
2022-08-25,10.138500213623047,10.192700386047363,10.138500213623047,10.138500213623047,0,10.207470035552978,10.173146812035029,46.72964472087058,0.0023623122582918654,-0.0004732032778047568,0.005522716278005542,EURMAD
2022-08-26,10.192700386047363,10.219599723815918,10.192700386047363,10.192700386047363,0,10.200950050354004,10.176702007309999,51.685058613480756,0.003544002775416999,0.005345975369363654,0.00508591352638222,EURMAD
2022-08-29,10.219599723815918,10.219599723815918,10.204999923706055,10.219599723815918,0,10.197270011901855,10.184501592129255,53.97344027553981,0.006575257301420834,0.002639078629778746,0.005190291688063723,EURMAD
2022-08-30,10.204999923706055,10.239999771118164,10.204999923706055,10.204999923706055,0,10.18563003540039,10.188228561506856,52.519464092335745,0.007710583689936712,-0.0014286078226566357,0.004629675080746527,EURMAD
2022-08-31,10.239999771118164,10.239999771118164,10.225000381469727,10.239999771118164,0,10.182310009002686,10.19764150870891,55.606890951158746,0.011304225141849145,0.0034296764011536585,0.004648835201542346,EURMAD
2022-09-01,10.225000381469727,10.249699592590332,10.225000381469727,10.225000381469727,0,10.177920055389404,10.202615849210876,53.98672258385361,0.01279440060781134,-0.0014647841780957016,0.00466320295254797,EURMAD
2022-09-02,10.249699592590332,10.249699592590332,10.240099906921387,10.249699592590332,0,10.18439998626709,10.211176529825323,56.24735537236735,0.015786419303209343,0.002415570679622281,0.0038336789566587163,EURMAD
2022-09-05,10.240099906921387,10.240099906921387,10.216699600219727,10.240099906921387,0,10.198359966278076,10.21643532566097,55.11399669545432,0.01718490438950937,-0.0009365821487963277,0.0023488505512485177,EURMAD
2022-09-06,10.216699600219727,10.222000122070312,10.216699600219727,10.216699600219727,0,10.207059955596923,10.216483375580744,52.34519829265832,0.016218053089017914,-0.0022851639060517126,0.0025404412083763245,EURMAD
2022-09-07,10.222000122070312,10.222000122070312,10.200300216674805,10.222000122070312,0,10.214929962158203,10.217486420397028,52.92213471176552,0.015698561042936987,0.0005188096017301191,0.0025363502747169035,EURMAD
2022-09-08,10.200300216674805,10.359800338745117,10.200300216674805,10.200300216674805,0,10.221109962463379,10.214361656083897,50.24050283206027,0.013381604040320738,-0.0021228629560133827,0.0026764127770859732,EURMAD
2022-09-09,10.359800338745117,10.481499671936035,10.359800338745117,10.359800338745117,0,10.237819957733155,10.24080505293139,64.48533627277173,0.024137483886725875,0.01563680663139433,0.005346142292074199,EURMAD
2022-09-12,10.481499671936035,10.504199981689453,10.481499671936035,10.481499671936035,0,10.264009952545166,10.284567710932235,71.24854867422157,0.04199759315043039,0.011747266280390356,0.006236900639790797,EURMAD
2022-09-13,10.504199981689453,10.523799896240234,10.504199981689453,10.504199981689453,0,10.293929958343506,10.32450085106991,72.30787524911432,0.05732280211912766,0.002165750175444625,0.006083762285739617,EURMAD
2022-09-14,10.523799896240234,10.523799896240234,10.411499977111816,10.523799896240234,0,10.322309970855713,10.360737041100878,73.22515976282213,0.0702400068636777,0.0018659121670330236,0.006089028339913635,EURMAD
2022-09-15,10.411499977111816,10.43589973449707,10.411499977111816,10.411499977111816,0,10.340959930419922,10.369966665830137,60.798590565343005,0.07060146994544603,-0.010671042801615682,0.007360901512118838,EURMAD
2022-09-16,10.43589973449707,10.44789981842041,10.43589973449707,10.43589973449707,0,10.359579944610596,10.381954496496851,62.29576298907273,0.07202651175311381,0.002343539109532111,0.007360303788089752,EURMAD
2022-09-19,10.200300216674805,10.44789981842041,10.200300216674805,10.200300216674805,0,10.355599975585937,10.348926445620116,44.588058305942695,0.05352791902112841,-0.02257587019962104,0.010690445906220496,EURMAD
2022-09-20,10.321700096130371,10.321700096130371,10.300299644470215,10.321700096130371,0,10.366100025177001,10.343976200258343,52.13769289490896,0.04810903568031932,0.011901598666391067,0.01132574102136219,EURMAD
2022-09-21,10.300299644470215,10.300299644470215,10.28969955444336,10.300299644470215,0,10.373929977416992,10.336035008296864,50.82315369646609,0.041608062153455805,-0.002073345617567335,0.011369616186852338,EURMAD
2022-09-22,10.28969955444336,10.28969955444336,10.264200210571289,10.28969955444336,0,10.382869911193847,10.3276103803235,50.14869912775333,0.03519494964846004,-0.001029105015653231,0.011343371942856164,EURMAD
2022-09-23,10.264200210571289,10.264200210571289,10.258600234985352,10.264200210571289,0,10.373309898376466,10.316081258550371,48.481931194526744,0.027735213563317984,-0.0024781427035018844,0.010113800352782603,EURMAD
2022-09-26,10.258600234985352,10.258600234985352,10.211600303649902,10.258600234985352,0,10.351019954681396,10.30563016335673,48.1038050497294,0.02112789848048635,-0.0005455832379585024,0.009105216616981318,EURMAD
2022-09-27,10.211600303649902,10.237799644470215,10.211600303649902,10.211600303649902,0,10.321759986877442,10.288533825228216,44.936078131101404,0.011961171075661525,-0.0045815150467763965,0.00900261395526601,EURMAD
2022-09-28,10.237799644470215,10.27400016784668,10.237799644470215,10.237799644470215,0,10.29315996170044,10.27930942872676,47.03007249022552,0.006732928404263205,0.002565644956838753,0.00904539216715427,EURMAD
2022-09-29,10.27400016784668,10.406499862670898,10.27400016784668,10.27400016784668,0,10.279409980773925,10.278344108566746,49.86695666570644,0.005447789390842672,0.00353596716419613,0.008768292503447557,EURMAD
2022-09-30,10.406499862670898,10.406499862670898,10.394200325012207,10.406499862670898,0,10.27646999359131,10.3016451547675,58.605508887963325,0.014948607250740764,0.012896602361258225,0.009825955663125248,EURMAD
2022-10-03,10.394200325012207,10.401700019836426,10.394200325012207,10.394200325012207,0,10.295860004425048,10.318473367539264,57.60179479003242,0.021240753769333764,-0.0011819091741701593,0.006010186211495559,EURMAD
2022-10-04,10.401700019836426,10.468400001525879,10.401700019836426,10.401700019836426,0,10.303859996795655,10.333605486138747,58.073316379450986,0.02652670457450057,0.0007215268697651211,0.004876033248190105,EURMAD
2022-10-05,10.468400001525879,10.468400001525879,10.46679973602295,10.468400001525879,0,10.320670032501221,10.358113579845497,62.10933485403985,0.03568661665549122,0.006412411582938704,0.005058675941698619,EURMAD
2022-10-06,10.46679973602295,10.46679973602295,10.43910026550293,10.46679973602295,0,10.338380050659179,10.377874699150489,61.95523874210784,0.04232884435226758,-0.00015286629310085065,0.005014867094804216,EURMAD
2022-10-07,10.43910026550293,10.43910026550293,10.38759994506836,10.43910026550293,0,10.355870056152344,10.389006620305477,59.21655400636189,0.04484084453643611,-0.0026464125825096385,0.005030772951155893,EURMAD
2022-10-10,10.343299865722656,10.343299865722656,10.343299865722656,10.38759994506836,0,10.368770027160645,10.388750861171454,54.40153192744044,0.042189641403481914,-0.0049334060526996515,0.005424565171857785,EURMAD
2022-10-11,10.343299865722656,10.343299865722656,10.339099884033203,10.343299865722656,0,10.38193998336792,10.380487043817126,50.59081993744995,0.03609778485403403,-0.004264707880547003,0.005387433365334491,EURMAD
2022-10-12,10.339099884033203,10.356599807739258,10.339099884033203,10.339099884033203,0,10.392070007324218,10.372962105674596,50.231567844441535,0.03057855072919402,-0.0004060581965115162,0.005391532427471407,EURMAD
2022-10-13,10.356599807739258,10.380599975585938,10.356599807739258,10.356599807739258,0,10.400329971313477,10.369987142413624,51.76842147108424,0.027301896246351376,0.001692596444791139,0.005326239091575235,EURMAD
2022-10-14,10.380599975585938,10.39050006866455,10.380599975585938,10.380599975585938,0,10.39773998260498,10.371916748444955,53.87221889054258,0.026338127391477784,0.0023173790908426195,0.003339886471133188,EURMAD
2022-10-17,10.39050006866455,10.417499542236328,10.39050006866455,10.39050006866455,0,10.397369956970214,10.375295533939425,54.749037870323036,0.026072639247733065,0.0009537110669803894,0.0033415389545520696,EURMAD
2022-10-18,10.417499542236328,10.463800430297852,10.417499542236328,10.417499542236328,0,10.398949909210206,10.382968989993406,57.14170858206404,0.02772131578188919,0.0025984768195326247,0.0034397502155741164,EURMAD
2022-10-19,10.463800430297852,10.463800430297852,10.446999549865723,10.463800430297852,0,10.398489952087402,10.397665615503305,60.95451411554911,0.03239061962658418,0.0044445298868316385,0.003079553699827604,EURMAD
2022-10-20,10.446999549865723,10.449600219726562,10.446999549865723,10.446999549865723,0,10.39650993347168,10.406635421751016,58.9066482022491,0.03433954107013193,-0.0016056193487293813,0.003119493850777111,EURMAD
2022-10-21,10.449600219726562,10.449600219726562,10.411600112915039,10.449600219726562,0,10.397559928894044,10.414447203201114,59.135513295475185,0.035682600867279035,0.0002489394058482475,0.00299763497239009,EURMAD
2022-10-24,10.411600112915039,10.43589973449707,10.411600112915039,10.411600112915039,0,10.399959945678711,10.413929550421827,54.37058596067288,0.033296868816066194,-0.003636512977768014,0.0027752599115472066,EURMAD
2022-10-25,10.43589973449707,10.474699974060059,10.43589973449707,10.43589973449707,0,10.409219932556152,10.417924129344598,56.769410303205674,0.03298668538287153,0.002333898854979033,0.0023364750559205175,EURMAD
2022-10-26,10.474699974060059,10.548100471496582,10.474699974060059,10.474699974060059,0,10.422779941558838,10.428247010201954,60.35349333525896,0.03546292333758139,0.0037179582546897905,0.0024430120940159704,EURMAD
2022-10-27,10.548100471496582,10.548100471496582,10.534199714660645,10.548100471496582,0,10.44193000793457,10.450038548619158,66.08228206529205,0.042854170267547786,0.007007408099353185,0.003041216007106238,EURMAD
2022-10-28,10.534199714660645,10.534199714660645,10.513799667358398,10.534199714660645,0,10.457289981842042,10.465340578808519,64.19057759678736,0.04704777435092211,-0.0013178445610657619,0.0031911186070669845,EURMAD
2022-10-31,10.513799667358398,10.513799667358398,10.5068998336792,10.513799667358398,0,10.469619941711425,10.474151322181223,61.412144571755995,0.04816985042232069,-0.0019365540672117154,0.0033694347639709244,EURMAD
2022-11-01,10.5068998336792,10.50879955291748,10.5068998336792,10.5068998336792,0,10.478559970855713,10.480105596999035,60.4589503889641,0.04794961160445155,-0.000656264518775318,0.0033749710537879164,EURMAD
2022-11-02,10.50879955291748,10.50879955291748,10.48799991607666,10.50879955291748,0,10.483059883117676,10.485322679893297,60.640091356594596,0.04738217005841072,0.00018080682868903963,0.003132417063803291,EURMAD
2022-11-03,10.48799991607666,10.48799991607666,10.416399955749512,10.48799991607666,0,10.487159919738769,10.485809450108455,57.53243994500307,0.04473839530930057,-0.0019792590710369096,0.003161537227603287,EURMAD
2022-11-04,10.416399955749512,10.46090030670166,10.416399955749512,10.416399955749512,0,10.483839893341065,10.473189542043192,48.34728913449569,0.036445544806728236,-0.0068268460049656365,0.003903028855815851,EURMAD
2022-11-07,10.46090030670166,10.564900398254395,10.46090030670166,10.46090030670166,0,10.488769912719727,10.470955135617459,53.33395046441797,0.033082848964067324,0.004272143076417212,0.00395529552362264,EURMAD
2022-11-08,10.564900398254395,10.5693998336792,10.564900398254395,10.564900398254395,0,10.501669979095459,10.488036092460536,62.45633524613278,0.038367549279987756,0.009941791672186007,0.0049565528948743885,EURMAD
2022-11-09,10.5693998336792,10.59280014038086,10.5693998336792,10.5693998336792,0,10.511139965057373,10.502829499954839,62.79519142446428,0.04242967629324568,0.00042588526679798733,0.004882482059373568,EURMAD
2022-11-10,10.59280014038086,10.59280014038086,10.548399925231934,10.59280014038086,0,10.5156099319458,10.519187798214116,64.5854222194851,0.046995416495862585,0.002213967403058792,0.004431988754742054,EURMAD
2022-11-11,10.548399925231934,10.714799880981445,10.548399925231934,10.548399925231934,0,10.517029953002929,10.524499094035535,58.80363226263189,0.046495105571551676,-0.004191546575080474,0.0046460363040285784,EURMAD
2022-11-14,10.714799880981445,10.714799880981445,10.711799621582031,10.714799880981445,0,10.537129974365234,10.559099237116609,69.73771469939842,0.0588473358693129,0.015774900167700334,0.006690648908210897,EURMAD
2022-11-15,10.711799621582031,10.762900352478027,10.711799621582031,10.711799621582031,0,10.557619953155518,10.586862943383048,69.38015467082758,0.0676150473371866,-0.0002800107732053858,0.006675620153715625,EURMAD
2022-11-16,10.762900352478027,10.771599769592285,10.762900352478027,10.762900352478027,0,10.583030033111573,10.61886974503668,72.01225339885374,0.07779020668021985,0.004770508476749313,0.006697964927502822,EURMAD
2022-11-17,10.771599769592285,10.771599769592285,10.749500274658203,10.771599769592285,0,10.611390018463135,10.646638840410425,72.44648745341316,0.0855696701326778,0.0008082781433775832,0.006551297443236762,EURMAD
2022-11-18,10.749500274658203,10.75730037689209,10.749500274658203,10.749500274658203,0,10.644700050354004,10.665340919364565,69.49665906546831,0.08892661574732585,-0.002051644640238881,0.005924519688760456,EURMAD
2022-11-21,10.75730037689209,10.75730037689209,10.69540023803711,10.75730037689209,0,10.674340057373048,10.682060820733206,69.96155894831398,0.0911655229940127,0.0007256246369216068,0.005957168588806926,EURMAD
2022-11-22,10.69540023803711,10.70479965209961,10.69540023803711,10.69540023803711,0,10.687390041351318,10.684486169333915,61.89902021064027,0.0869428264496328,-0.005754244716262513,0.005938167642636774,EURMAD
2022-11-23,10.70479965209961,10.737899780273438,10.70479965209961,10.70479965209961,0,10.70093002319336,10.688179529836768,62.603768479157516,0.08339345533352649,0.0008788277066127392,0.005932957688432525,EURMAD
2022-11-24,10.737899780273438,10.773799896240234,10.737899780273438,10.737899780273438,0,10.715439987182616,10.697219575370706,65.05506415125063,0.08230272231530478,0.003092082920705286,0.005954620042518042,EURMAD
2022-11-25,10.773799896240234,10.773799896240234,10.75220012664795,10.773799896240234,0,10.737979984283447,10.711143270074256,67.5402766653616,0.08337406356259436,0.0033433089059695664,0.0056400706391509115,EURMAD
2022-11-28,10.75220012664795,10.794300079345703,10.75220012664795,10.75220012664795,0,10.741720008850098,10.718608153087654,64.56508491454247,0.08154024316421804,-0.0020048422840880376,0.003084412462088285,EURMAD
2022-11-29,10.794300079345703,10.794300079345703,10.76360034942627,10.794300079345703,0,10.749970054626464,10.732370321498209,67.5642049382279,0.082532656535518,0.003915473317262164,0.0032686130052867832,EURMAD
2022-11-30,10.76360034942627,10.76360034942627,10.745800018310547,10.76360034942627,0,10.750040054321289,10.738048508394218,63.35335559741537,0.0799206639805945,-0.0028440686004436166,0.0031171446775141256,EURMAD
2022-12-01,10.745800018310547,10.765600204467773,10.745800018310547,10.745800018310547,0,10.747460079193115,10.73945787383355,60.98023222797575,0.0755434848359613,-0.00165375251197164,0.003144277240762121,EURMAD
2022-12-02,10.765600204467773,10.784700393676758,10.765600204467773,10.765600204467773,0,10.749070072174073,10.744211024857954,62.65593932518024,0.07283267859175702,0.0018425976775566788,0.0031354697702341734,EURMAD
2022-12-05,10.784700393676758,10.792200088500977,10.784700393676758,10.784700393676758,0,10.751810073852539,10.751572728279555,64.25083545762185,0.07140248732773458,0.0017741871188061697,0.003174002523551389,EURMAD
2022-12-06,10.792200088500977,10.792200088500977,10.762700080871582,10.792200088500977,0,10.761490058898925,10.758959521047085,64.88498879406166,0.07006652980112626,0.0006954013139406356,0.0023697333216988804,EURMAD
2022-12-07,10.762700080871582,10.762700080871582,10.762299537658691,10.762700080871582,0,10.767280101776123,10.759639622833356,60.35007127629777,0.065868083497298,-0.0027334563284113766,0.002634509288582171,EURMAD
2022-12-08,10.762299537658691,10.763500213623047,10.762299537658691,10.762299537658691,0,10.769720077514648,10.760123243710689,60.28845843033522,0.06179611689472253,-3.721586682536859e-05,0.0024793235618172597,EURMAD
2022-12-09,10.763500213623047,10.798999786376953,10.763500213623047,10.763500213623047,0,10.76869010925293,10.760737238240209,60.41890791811804,0.05799738083693029,0.00011156314318827576,0.002226077634661019,EURMAD
2022-12-12,10.798999786376953,10.798999786376953,10.789299964904785,10.798999786376953,0,10.77337007522583,10.767694065174162,64.16684797784194,0.057192099064478086,0.00329814391688088,0.0023484204350904384,EURMAD
2022-12-13,10.789299964904785,10.789299964904785,10.772500038146973,10.789299964904785,0,10.772870063781738,10.77162241057973,62.42742351575034,0.055135643551933455,-0.0008982148035973081,0.002027600789325958,EURMAD
2022-12-14,10.772500038146973,10.811300277709961,10.772500038146973,10.772500038146973,0,10.773760032653808,10.771781979228319,59.4228905629362,0.05155596893832737,-0.0015570914528707513,0.0018644377928711154,EURMAD
2022-12-15,10.811300277709961,10.811300277709961,10.78439998626709,10.811300277709961,0,10.78031005859375,10.778967124406797,63.760901546627,0.05125902396188309,0.003601785975919425,0.0020514452287490217,EURMAD
2022-12-16,10.78439998626709,10.811100006103516,10.78439998626709,10.78439998626709,0,10.782190036773681,10.779954917472304,59.04766204063185,0.04829633414772516,-0.0024881643051143376,0.0022130328933095953,EURMAD
2022-12-19,10.811100006103516,10.811100006103516,10.803999900817871,10.811100006103516,0,10.784829998016358,10.785617660859797,62.04652031584102,0.047554668962355606,0.0024758002179467997,0.0022794324465450076,EURMAD
2022-12-20,10.803999900817871,10.809800148010254,10.803999900817871,10.803999900817871,0,10.786009979248046,10.788959886306719,60.77208078013069,0.04586526853550765,-0.0006567421706982213,0.0022899484672964476,EURMAD
2022-12-21,10.809800148010254,10.820199966430664,10.809800148010254,10.809800148010254,0,10.790719985961914,10.792749024798269,61.468363562641876,0.04448168087129467,0.0005368610927092288,0.0020605153793303113,EURMAD
2022-12-22,10.820199966430664,10.820199966430664,10.805399894714355,10.820199966430664,0,10.796510028839112,10.797740105095068,62.745203666626615,0.043720374844593124,0.0009620731445552089,0.002059102640335339,EURMAD
2022-12-23,10.805399894714355,10.806599617004395,10.805399894714355,10.805399894714355,0,10.800699996948243,10.799132794116757,59.71265227537319,0.0414450396173045,-0.0013678186874758191,0.002144562949324292,EURMAD
2022-12-26,10.806599617004395,10.806599617004395,10.806599617004395,10.806599617004395,0,10.801459980010986,10.800490398278145,59.88191814140851,0.03928576576587339,0.00011102988336664232,0.0018856573822968769,EURMAD
2022-12-27,10.806599617004395,10.806599617004395,10.793800354003906,10.806599617004395,0,10.803189945220947,10.80160116531928,59.881918141408505,0.037146325959016124,0.0,0.0018554606660524456,EURMAD
2022-12-28,10.793800354003906,10.793800354003906,10.782299995422363,10.793800354003906,0,10.80531997680664,10.800182835989212,56.922811252247044,0.034025782897090906,-0.001184393190652555,0.0018205123295924916,EURMAD
2022-12-29,10.782299995422363,10.809599876403809,10.782299995422363,10.782299995422363,0,10.802419948577882,10.796931410431602,54.32518156802926,0.030275747244951745,-0.0010654596346389988,0.001401204922112728,EURMAD
2022-12-30,10.809599876403809,10.817000389099121,10.809599876403809,10.809599876403809,0,10.804939937591552,10.799234767881094,59.09696265867291,0.02917043064712388,0.0025319162880865775,0.0014164689555912666,EURMAD
2023-01-02,10.817000389099121,10.824399948120117,10.817000389099121,10.817000389099121,0,10.805529975891114,10.802464880829826,60.3075532404696,0.02856236958865388,0.0006846241100437744,0.0011979237473376458,EURMAD
2023-01-03,10.824399948120117,10.824399948120117,10.752099990844727,10.824399948120117,0,10.807569980621338,10.806453074882606,61.53344941467306,0.0283507495976405,0.0006840675561454734,0.001184342436297862,EURMAD
2023-01-04,10.752099990844727,10.752099990844727,10.736700057983398,10.752099990844727,0,10.801799964904784,10.796570695966627,46.44088097687704,0.022094347034592232,-0.006679350136905016,0.002460217810678592,EURMAD
2023-01-05,10.736700057983398,10.736700057983398,10.686100006103516,10.736700057983398,0,10.793449974060058,10.785685125424221,43.96718661332208,0.015712335031475178,-0.0014322721026069907,0.0024147096924389015,EURMAD
2023-01-06,10.686100006103516,10.686100006103516,10.593099594116211,10.686100006103516,0,10.781519985198974,10.767578740093182,36.99450778734991,0.006496653853069745,-0.004712812279994538,0.0027189678920776076,EURMAD
2023-01-09,10.593099594116211,10.640299797058105,10.593099594116211,10.593099594116211,0,10.760169982910156,10.735855259006458,28.15628521612203,-0.00821648140367337,-0.008702932962838306,0.003574509160573862,EURMAD
2023-01-10,10.640299797058105,10.640299797058105,10.631199836730957,10.640299797058105,0,10.743540000915527,10.718481538652211,36.45401813601609,-0.015884973106286893,0.004455749945758258,0.004090305902109947,EURMAD
2023-01-11,10.631199836730957,10.63659954071045,10.631199836730957,10.631199836730957,0,10.727279949188233,10.702612138302891,35.60031893093306,-0.022437948077664416,-0.0008552353317774486,0.004094826094787699,EURMAD
2023-01-12,10.63659954071045,10.63659954071045,10.59689998626709,10.63659954071045,0,10.712709903717041,10.690609847831539,36.54984586713226,-0.02688559654886724,0.000507911060126709,0.0041437046726977384,EURMAD
2023-01-13,10.59689998626709,10.59689998626709,10.56879997253418,10.59689998626709,0,10.69143991470337,10.673571691183458,32.72902241736841,-0.033230748878782634,-0.00373235396250593,0.00396080595397443,EURMAD
2023-01-16,10.628600120544434,10.628600120544434,10.628600120544434,10.56879997253418,0,10.666619873046875,10.65452228779268,30.313489623805864,-0.04006492061591338,-0.0026517201982962924,0.0038505602626587396,EURMAD
2023-01-17,10.628600120544434,10.676600456237793,10.628600120544434,10.628600120544434,0,10.647039890289307,10.649809166474816,40.39534559183858,-0.04019236620269595,0.005658177670659015,0.004540110339371848,EURMAD
2023-01-18,10.676600456237793,10.676600456237793,10.663000106811523,10.676600456237793,0,10.639489936828614,10.654680310068084,47.02091114787562,-0.03600509746235403,0.004516148424906552,0.004587295000535785,EURMAD
2023-01-19,10.663000106811523,10.672499656677246,10.663000106811523,10.663000106811523,0,10.632119941711426,10.656193000385073,45.47836522726717,-0.03339908746375464,-0.0012738464347350487,0.0045847384639987835,EURMAD
2023-01-20,10.672499656677246,10.703499794006348,10.672499656677246,10.672499656677246,0,10.630759906768798,10.65915784698365,46.791371407347185,-0.030218926507316723,0.0008908890340959541,0.0043745758995765915,EURMAD
2023-01-23,10.703499794006348,10.752099990844727,10.703499794006348,10.703499794006348,0,10.641799926757812,10.667220019169594,50.94322622528603,-0.024910026751577163,0.0029046744742415864,0.003235408358816179,EURMAD
2023-01-24,10.752099990844727,10.752099990844727,10.684000015258789,10.752099990844727,0,10.652979946136474,10.682652741292346,56.65368928906048,-0.01658981862818898,0.004540589318793975,0.003245450102241406,EURMAD
2023-01-25,10.684000015258789,10.684000015258789,10.665499687194824,10.684000015258789,0,10.658259963989257,10.682897700195335,48.1889527901181,-0.015314555972809174,-0.006333644185221865,0.003981753320982751,EURMAD
2023-01-26,10.665499687194824,10.698800086975098,10.665499687194824,10.665499687194824,0,10.661149978637695,10.679734425104334,46.17072982586899,-0.01561670335648735,-0.001731591916655062,0.004043920720534251,EURMAD
2023-01-27,10.698800086975098,10.73009967803955,10.698800086975098,10.698800086975098,0,10.671339988708496,10.683200909080835,50.212715719631724,-0.01301901823750562,0.0031222540675008847,0.0038654867757323755,EURMAD
2023-01-30,10.73009967803955,10.73009967803955,10.73009967803955,10.73009967803955,0,10.687469959259033,10.691727957982419,53.72956520607689,-0.008338596498258966,0.002925523498897631,0.003683888588283945,EURMAD
2023-01-31,10.73009967803955,10.73009967803955,10.723999977111816,10.73009967803955,0,10.697619915008545,10.698704634356442,53.72956520607689,-0.004576572668385737,0.0,0.0034017218224295866,EURMAD
2023-02-01,10.723999977111816,10.742799758911133,10.723999977111816,10.723999977111816,0,10.702359867095947,10.70330378758469,52.885241312439355,-0.002063549255531427,-0.0005684663806262424,0.0031834716466084094,EURMAD
2023-02-02,10.742799758911133,10.792699813842773,10.742799758911133,10.742799758911133,0,10.710339832305909,10.710484873280405,55.22085238796551,0.0014285576559718294,0.001753056866788505,0.003145275469797224,EURMAD
2023-02-03,10.792699813842773,10.792699813842773,10.767000198364258,10.792699813842773,0,10.72235984802246,10.725433044291744,60.778608118565984,0.008128890157752977,0.004644976733392925,0.003379250908900069,EURMAD
2023-02-06,10.767000198364258,10.767000198364258,10.696399688720703,10.767000198364258,0,10.728709888458251,10.732990708668563,56.86414309560834,0.011235689713197772,-0.002381203584070124,0.003481921500242569,EURMAD
2023-02-07,10.696399688720703,10.696399688720703,10.661800384521484,10.696399688720703,0,10.72313985824585,10.72633779595077,47.76329544589185,0.007909800393752775,-0.0065571197494990185,0.0038359546247475193,EURMAD
2023-02-08,10.661800384521484,10.661800384521484,10.652700424194336,10.661800384521484,0,10.72091989517212,10.714603721145444,44.04310252536129,0.002453848023380445,-0.0032346682253939774,0.0034155819221824394,EURMAD
2023-02-09,10.652700424194336,10.66100025177002,10.652700424194336,10.652700424194336,0,10.71963996887207,10.703348576245242,43.09243420286815,-0.0025746453757840015,-0.0008535106641425205,0.0033830423861959643,EURMAD
2023-02-10,10.66100025177002,10.66100025177002,10.629899978637695,10.66100025177002,0,10.715859985351562,10.695648880886111,44.27390764455653,-0.0058229129858915485,0.0007791289762391074,0.0032106732789329356,EURMAD
2023-02-13,10.629899978637695,10.638500213623047,10.629899978637695,10.629899978637695,0,10.705840015411377,10.683694535022761,40.85142698814577,-0.010782427483157164,-0.0029172002999587887,0.00307738246272113,EURMAD
2023-02-14,10.638500213623047,10.724800109863281,10.638500213623047,10.638500213623047,0,10.696680068969727,10.675477385677357,42.18244420601986,-0.013859151691777427,0.0008090607628139512,0.003115056344254244,EURMAD
2023-02-15,10.724800109863281,10.724800109863281,10.690899848937988,10.724800109863281,0,10.696760082244873,10.684445153711161,53.492128984800786,-0.009227429343850346,0.008112035955004648,0.004217436603719648,EURMAD
2023-02-16,10.690899848937988,10.697199821472168,10.690899848937988,10.690899848937988,0,10.69157009124756,10.685618734661492,49.403950041751024,-0.008197725477334217,-0.0031609224020983095,0.004278321895060937,EURMAD
2023-02-17,10.697199821472168,10.697199821472168,10.683300018310547,10.697199821472168,0,10.682020092010498,10.687724386808888,50.16617736816383,-0.006794994149247557,0.0005892836546219637,0.003915813729824813,EURMAD
2023-02-20,10.683300018310547,10.70740032196045,10.683300018310547,10.683300018310547,0,10.673650074005128,10.686919956172826,48.43253396670203,-0.006727368498832931,-0.0012993870726543122,0.0038845975849880056,EURMAD
2023-02-21,10.70740032196045,10.72089958190918,10.70740032196045,10.70740032196045,0,10.674750137329102,10.690643659043303,51.55836908223037,-0.004675188926022145,0.002255885691555548,0.003395551031650567,EURMAD
2023-02-22,10.72089958190918,10.72089958190918,10.711600303649902,10.72089958190918,0,10.680660057067872,10.696144735928009,53.26714349231261,-0.0019372133796053959,0.0012607411269609514,0.0031955294463971292,EURMAD
2023-02-23,10.711600303649902,10.711600303649902,10.684599876403809,10.711600303649902,0,10.686550045013428,10.69895483915017,51.90873500399189,-0.0005118221046114257,-0.0008673971981763007,0.003196213696686848,EURMAD
2023-02-24,10.684599876403809,10.684599876403809,10.677000045776367,10.684599876403809,0,10.688910007476807,10.696344845923559,48.07521044906974,-0.0015431100642953055,-0.00252067165322567,0.0033378320088799356,EURMAD
2023-02-27,10.677000045776367,10.677000045776367,10.65149974822998,10.677000045776367,0,10.693620014190675,10.69282760953316,47.02256508821694,-0.002939768201684956,-0.0007112882761501904,0.003175980492857938,EURMAD
2023-02-28,10.65149974822998,10.692099571228027,10.65149974822998,10.65149974822998,0,10.694919967651368,10.685313452932581,43.5749130022011,-0.006034726168280713,-0.0023883391811423405,0.003294198466239614,EURMAD
2023-03-01,10.692099571228027,10.712300300598145,10.692099571228027,10.692099571228027,0,10.691649913787842,10.686547292622661,49.87614097722083,-0.005152046658862375,0.0038116531904150985,0.0022517198736224037,EURMAD
2023-03-02,10.712300300598145,10.712300300598145,10.690099716186523,10.712300300598145,0,10.693789958953857,10.691229657709112,52.7061340025281,-0.0027903216614610926,0.0018893136222259965,0.0021008109079062665,EURMAD
2023-03-03,10.690099716186523,10.692099571228027,10.690099716186523,10.690099716186523,0,10.693079948425293,10.691024213795913,49.40478157438501,-0.0026791555719860582,-0.002072438578890612,0.0022119663001838397,EURMAD
2023-03-06,10.692099571228027,10.746899604797363,10.692099571228027,10.692099571228027,0,10.69395990371704,10.691219733329023,49.71036374743169,-0.0024019953496026147,0.0001870754337749414,0.0021692709495224633,EURMAD
2023-03-07,10.746899604797363,10.751500129699707,10.746899604797363,10.746899604797363,0,10.697909832000732,10.701343346323265,57.3177108750371,0.002214038788556749,0.005125282757074245,0.0026293878972654334,EURMAD
2023-03-08,10.751500129699707,10.751500129699707,10.686800003051758,10.751500129699707,0,10.700969886779784,10.710462761482617,57.893567583245265,0.006172351979740753,0.00042807926672083774,0.0026112165598115543,EURMAD
2023-03-09,10.686800003051758,10.726699829101562,10.686800003051758,10.686800003051758,0,10.69848985671997,10.706160441767915,48.07086316230775,0.0040419906507214165,-0.006017776669994479,0.003285365034960532,EURMAD
2023-03-10,10.726699829101562,10.726699829101562,10.663200378417969,10.726699829101562,0,10.702699851989745,10.709894875828578,53.329724091290394,0.0055097336744029946,0.003733561593593171,0.003393704509951587,EURMAD
2023-03-13,10.747900009155273,10.747900009155273,10.747900009155273,10.663200378417969,0,10.701319885253906,10.701404967208468,45.44246491305328,0.001531402556663508,-0.00591975646706544,0.003938853776819175,EURMAD
2023-03-14,10.747900009155273,10.84060001373291,10.747900009155273,10.747900009155273,0,10.710959911346436,10.709858611198797,55.00217151163128,0.0051536902861215594,0.007943171630604873,0.004581056672231725,EURMAD
2023-03-15,10.84060001373291,10.84060001373291,10.666600227355957,10.84060001373291,0,10.725809955596924,10.733629775295908,62.704604986543174,0.0153278056497399,0.008624941104650397,0.005138642408430482,EURMAD
2023-03-16,10.666600227355957,10.725799560546875,10.666600227355957,10.666600227355957,0,10.721239948272705,10.721442584761371,46.58550330713713,0.009243977968374395,-0.01605075237131981,0.007523841518408207,EURMAD
2023-03-17,10.725799560546875,10.725799560546875,10.668299674987793,10.725799560546875,0,10.724809932708741,10.722234762176917,51.183424196912625,0.009094555760674083,0.0055499720556784204,0.007719363079239192,EURMAD
2023-03-20,10.668299674987793,10.749899864196777,10.668299674987793,10.668299674987793,0,10.722429943084716,10.712428382687985,46.95553143562294,0.0042869599606323305,-0.005360895030202317,0.007929705411123549,EURMAD
2023-03-21,10.749899864196777,10.749899864196777,10.747599601745605,10.749899864196777,0,10.722729969024659,10.719241379325947,52.90135366169742,0.006980887632989763,0.007648846741744597,0.008154772258817843,EURMAD
2023-03-22,10.793100357055664,10.793100357055664,10.793100357055664,10.747599601745605,0,10.722339916229249,10.724397419765884,52.72194881136622,0.008828463731946457,-0.00021397989564841957,0.008154061753021264,EURMAD
2023-03-23,10.780099868774414,10.780099868774414,10.780099868774414,10.793100357055664,0,10.732969951629638,10.73688886290948,55.9073182441261,0.013805075472593131,0.004233573727725037,0.007956321627176605,EURMAD
2023-03-24,10.661100387573242,10.661100387573242,10.661100387573242,10.780099868774414,0,10.738309955596923,10.744745409430376,54.77182848243375,0.01650973146949397,-0.0012045184285487398,0.007922281588029293,EURMAD
2023-03-27,10.71619987487793,10.71619987487793,10.71619987487793,10.661100387573242,0,10.738099956512452,10.729537223638168,45.63522380769797,0.008947782750512445,-0.011038810646445407,0.00852727575779519,EURMAD
2023-03-28,10.746700286865234,10.746700286865234,10.746700286865234,10.71619987487793,0,10.734929943084717,10.727112251136306,49.80998904302578,0.007316610715779603,0.005168273939987644,0.00828217609510353,EURMAD
2023-03-29,10.771499633789062,10.771499633789062,10.771499633789062,10.746700286865234,0,10.72553997039795,10.730673712177929,52.00701432029824,0.008388328046921245,0.002846196631588249,0.007779365568353792,EURMAD
2023-03-30,10.759599685668945,10.759599685668945,10.759599685668945,10.771499633789062,0,10.73602991104126,10.738096607016315,53.778670400815756,0.01111069462168679,0.0023076243183350886,0.005672403261299428,EURMAD
2023-03-31,10.709400177001953,10.709400177001953,10.709400177001953,10.759599685668945,0,10.739409923553467,10.74200625768043,52.7719831399378,0.012167701693512,-0.0011047624309236115,0.00546503893969557,EURMAD
2023-04-03,10.788700103759766,10.788700103759766,10.788700103759766,10.709400177001953,0,10.743519973754882,10.736077879375252,48.63597644199555,0.008852658660185142,-0.00466555542339131,0.005388499682866761,EURMAD
2023-04-04,10.840700149536133,10.840700149536133,10.840700149536133,10.788700103759766,0,10.747399997711181,10.745645556536072,54.67876695359946,0.012480437806660305,0.007404702919600048,0.005352427842390274,EURMAD
2023-04-05,10.803999900817871,10.803999900817871,10.803999900817871,10.840700149536133,0,10.756710052490234,10.76292820980881,58.15521294937108,0.019328639504072598,0.0048198620108317325,0.005524990406165155,EURMAD
2023-04-06,10.71399974822998,10.71399974822998,10.71399974822998,10.803999900817871,0,10.757800006866455,10.770395789992275,54.95143245430774,0.021546115129890353,-0.003385413138636828,0.005535954721237983,EURMAD
2023-04-07,10.775799751281738,10.775799751281738,10.775799751281738,10.71399974822998,0,10.751189994812012,10.760141964217311,47.971989607595674,0.015858414457865067,-0.008330262256025844,0.006149267657848532,EURMAD
2023-04-10,10.775799751281738,10.775799751281738,10.775799751281738,10.775799751281738,0,10.762659931182862,10.762988834592662,52.439053463040594,0.016151430819146384,0.005768154237820289,0.00520240523455217,EURMAD
2023-04-11,10.761300086975098,10.761300086975098,10.761300086975098,10.775799751281738,0,10.768619918823243,10.765318092172492,52.439053463040594,0.016196940152697792,0.0,0.005004401212128882,EURMAD
2023-04-12,10.818300247192383,10.818300247192383,10.818300247192383,10.761300086975098,0,10.77007989883423,10.764587545772965,51.24190226640265,0.014891346721158882,-0.001345576629234957,0.004967611477490576,EURMAD
2023-04-13,10.815999984741211,10.815999984741211,10.815999984741211,10.818300247192383,0,10.77475996017456,10.774353491485584,55.53900872601782,0.01824576525542021,0.0052967726721304675,0.005196725118727366,EURMAD
2023-04-14,10.887299537658691,10.887299537658691,10.887299537658691,10.815999984741211,0,10.780399990081786,10.781925581168425,55.32709784985984,0.020482445276126526,-0.0002126269745350573,0.00517476003976051,EURMAD
2023-04-17,10.887299537658691,10.887299537658691,10.728300094604492,10.887299537658691,0,10.798189926147462,10.801084482348474,60.37404714257567,0.02768912535099588,0.006592044472824243,0.005142111535963139,EURMAD
2023-04-18,10.728300094604492,10.782899856567383,10.728300094604492,10.728300094604492,0,10.792149925231934,10.787850957304112,47.48934382600692,0.020336122825833414,-0.014604121297868922,0.0068401323959516236,EURMAD
2023-04-19,10.782899856567383,10.81149959564209,10.782899856567383,10.782899856567383,0,10.786369895935058,10.78695075717016,51.330490839373,0.01869900929089674,0.005089320906519923,0.00686408232854637,EURMAD
2023-04-20,10.81149959564209,10.832300186157227,10.81149959564209,10.81149959564209,0,10.78711986541748,10.791414182346873,53.25919525392377,0.019484737025427634,0.0026523235358888453,0.006848891133684984,EURMAD
2023-04-21,10.832300186157227,10.832300186157227,10.711400032043457,10.832300186157227,0,10.798949909210204,10.798848001221483,54.666305416083915,0.021537593758530704,0.001923932043943477,0.006183320433332403,EURMAD
2023-04-24,10.821599960327148,10.821599960327148,10.821599960327148,10.711400032043457,0,10.792509937286377,10.78294837046184,45.9984613096549,0.013256057893524797,-0.011161078629289611,0.007027928786361419,EURMAD
2023-04-25,10.821599960327148,10.821599960327148,10.788399696350098,10.821599960327148,0,10.797089958190918,10.789975932255532,53.27144857879633,0.015407486376409096,0.010288097536645502,0.0078291260359004,EURMAD
2023-04-26,10.788399696350098,10.788399696350098,10.788399696350098,10.788399696350098,0,10.799799919128418,10.789689343909089,51.0411054974427,0.014269040495868524,-0.0030679626024585627,0.007891759483625537,EURMAD
2023-04-27,10.788399696350098,10.830900192260742,10.788399696350098,10.788399696350098,0,10.796809864044189,10.789454862534726,51.0411054974427,0.013214485569564616,0.0,0.0076928547475438765,EURMAD
2023-04-28,10.68340015411377,10.68340015411377,10.68340015411377,10.830900192260742,0,10.798299884796142,10.796990377030365,53.90621587611879,0.015628027844456938,0.003939462488122603,0.007806310844250923,EURMAD
2023-05-01,10.68340015411377,10.68340015411377,10.68340015411377,10.68340015411377,0,10.77790994644165,10.776337609227348,44.23175550838663,0.005574497776372311,-0.013618446807622586,0.008539351193331974,EURMAD
2023-05-02,10.651599884033203,10.651599884033203,10.651599884033203,10.68340015411377,0,10.773419952392578,10.759439890115788,44.23175550838663,-0.002365726610605634,0.0,0.007271575651562403,EURMAD
2023-05-03,10.651599884033203,10.720000267028809,10.651599884033203,10.651599884033203,0,10.76028995513916,10.739832616282591,42.332138059692475,-0.01109651396739153,-0.0029766057268126866,0.007039225709973952,EURMAD
2023-05-04,10.729499816894531,10.729499816894531,10.729499816894531,10.720000267028809,0,10.751140022277832,10.736226734600084,47.549970394563466,-0.012353977623716261,0.006421606494827037,0.0073620597489484,EURMAD
2023-05-05,10.729499816894531,10.729499816894531,10.6943998336792,10.729499816894531,0,10.740859985351562,10.73500365865362,48.250285357778864,-0.012440585027572837,0.0008861520176393078,0.007326230061835217,EURMAD
2023-05-08,10.6943998336792,10.6943998336792,10.6766996383667,10.6943998336792,0,10.739159965515137,10.727621145021907,45.816096243940756,-0.015166665443469896,-0.0032713531678395524,0.006477544958034219,EURMAD
2023-05-09,10.6766996383667,10.6766996383667,10.587800025939941,10.6766996383667,0,10.724669933319092,10.718362689266414,44.594325114168065,-0.018541625333350353,-0.00165509010208853,0.005342865175971249,EURMAD
2023-05-10,10.587800025939941,10.673700332641602,10.587800025939941,10.587800025939941,0,10.704609966278076,10.694624023207055,38.9729615137453,-0.028066231077888304,-0.008326506826819124,0.005773856964109514,EURMAD
2023-05-11,10.673700332641602,10.673700332641602,10.670999526977539,10.673700332641602,0,10.693140029907227,10.690819715831516,46.0497335453903,-0.028356239818030815,0.00811314026438037,0.006578244520232713,EURMAD
2023-05-12,10.670999526977539,10.670999526977539,10.566499710083008,10.670999526977539,0,10.677149963378906,10.687216045130793,45.86963033456053,-0.02847575549569825,-0.00025303367903284357,0.006354812598005406,EURMAD
2023-05-15,10.566499710083008,10.637700080871582,10.566499710083008,10.566499710083008,0,10.66545991897583,10.66526762057665,39.441882307694,-0.036581050830235995,-0.009792879910672236,0.005614066315212951,EURMAD
2023-05-16,10.637700080871582,10.637700080871582,10.634200096130371,10.637700080871582,0,10.660889911651612,10.660255340630274,45.08802767854975,-0.03683467371227955,0.006738311904805228,0.006138696246186153,EURMAD
2023-05-17,10.634200096130371,10.634699821472168,10.634200096130371,10.634200096130371,0,10.659149932861329,10.655518023448472,44.866579948540156,-0.03689281379907605,-0.00032901705393106884,0.00607251599344456,EURMAD
2023-05-18,10.634699821472168,10.666299819946289,10.634699821472168,10.634699821472168,0,10.650619888305664,10.651732895816417,44.90818508786113,-0.03647807009281756,4.699228313165271e-05,0.0056244330190843616,EURMAD
2023-05-19,10.666299819946289,10.666299819946289,10.608699798583984,10.666299819946289,0,10.64429988861084,10.654381427476393,47.60093461996583,-0.03321662634105493,0.0029714048355478084,0.005730895029649014,EURMAD
2023-05-22,10.608699798583984,10.738100051879883,10.608699798583984,10.608699798583984,0,10.635729885101318,10.646075676768682,43.43362977719674,-0.03487770058904793,-0.005400187725324468,0.0058797573982696276,EURMAD
2023-05-23,10.738100051879883,10.738100051879883,10.661100387573242,10.738100051879883,0,10.641869926452637,10.662807381334353,53.32058112098548,-0.025459118035080053,0.012197560092441329,0.0071480088911962305,EURMAD
2023-05-24,10.661100387573242,10.661100387573242,10.628499984741211,10.661100387573242,0,10.649199962615967,10.662497018832331,47.94989096498165,-0.023932177653609443,-0.007170697230853285,0.006995409694247005,EURMAD
2023-05-25,10.628499984741211,10.654399871826172,10.628499984741211,10.628499984741211,0,10.644679927825928,10.656315739906672,45.844460474086794,-0.025063727407962588,-0.0030578834873397076,0.0065606684879088925,EURMAD
2023-05-26,10.654399871826172,10.654399871826172,10.580599784851074,10.654399871826172,0,10.643019962310792,10.655967400255673,47.805287923453726,-0.023598554856500087,0.0024368337133315876,0.006622440124694509,EURMAD
2023-05-29,10.580599784851074,10.615300178527832,10.580599784851074,10.580599784851074,0,10.644429969787598,10.642264197454837,43.02493064694254,-0.028068884669105287,-0.006926723969714166,0.006207050521060287,EURMAD
2023-05-30,10.615300178527832,10.625,10.615300178527832,10.615300178527832,0,10.642189979553223,10.637361648559018,45.77079974426956,-0.028483283919364055,0.003279624443071727,0.005887314893703365,EURMAD
2023-05-31,10.625,10.625,10.518099784851074,10.625,0,10.641269969940186,10.63511407609374,46.54630847681175,-0.027709584936237874,0.0009137585663181458,0.005897285121903313,EURMAD
2023-06-01,10.518099784851074,10.554800033569336,10.518099784851074,10.518099784851074,0,10.629609966278077,10.613838750413256,39.79242689836017,-0.035315284264060054,-0.010061196719898913,0.006688096257118393,EURMAD
2023-06-02,10.554800033569336,10.590900421142578,10.554800033569336,10.554800033569336,0,10.618459987640382,10.603104438259814,42.857913377265156,-0.03794405695347258,0.0034892470568799183,0.006724869421216651,EURMAD
2023-06-05,10.590900421142578,10.590900421142578,10.506500244140625,10.590900421142578,0,10.61668004989624,10.60088552605668,45.782185799510486,-0.036691422793140305,0.0034202815267390108,0.006666171858394647,EURMAD
2023-06-06,10.506500244140625,10.562000274658203,10.506500244140625,10.506500244140625,0,10.593520069122315,10.583724565708307,40.55655239406863,-0.04202465604325667,-0.007969121948636748,0.005457222085983571,EURMAD
2023-06-07,10.562000274658203,10.595800399780273,10.562000274658203,10.562000274658203,0,10.58361005783081,10.579774694608288,45.0020792153098,-0.04129684882136786,0.005282446983097877,0.005606747636475906,EURMAD
2023-06-08,10.595800399780273,10.60099983215332,10.595800399780273,10.595800399780273,0,10.580340099334716,10.582688459185013,47.57353798301691,-0.037559703850647,0.003200163249679866,0.005690150961050168,EURMAD
2023-06-09,10.60099983215332,10.60099983215332,10.503800392150879,10.60099983215332,0,10.575000095367432,10.586017799724704,47.97649176739286,-0.03378894091960305,0.0004907069005521958,0.005619232853378475,EURMAD
2023-06-12,10.503800392150879,10.555399894714355,10.503800392150879,10.503800392150879,0,10.567320156097413,10.571069180165827,41.54750990258077,-0.03820338180380034,-0.009168893646015475,0.005940254871151932,EURMAD
2023-06-13,10.555399894714355,10.555399894714355,10.55459976196289,10.555399894714355,0,10.561330127716065,10.568220219174648,45.70685671888267,-0.037110423525057,0.004912460313129641,0.006082904081401298,EURMAD
2023-06-14,10.55459976196289,10.571900367736816,10.55459976196289,10.55459976196289,0,10.554290103912354,10.565743772408874,45.652608069935496,-0.03589503462558952,-7.580316799415954e-05,0.006064484943893442,EURMAD
2023-06-15,10.571900367736816,10.574199676513672,10.571900367736816,10.571900367736816,0,10.559670162200927,10.56686315337759,47.11421460176063,-0.03315364132779486,0.0016391531809927251,0.005098301429739036,EURMAD
2023-06-16,10.574199676513672,10.574199676513672,10.555700302124023,10.574199676513672,0,10.561610126495362,10.56819706667506,47.3170029097585,-0.030444586148430375,0.00021749247503999314,0.004990571646460969,EURMAD
2023-06-19,10.555700302124023,10.573399543762207,10.555700302124023,10.555700302124023,0,10.558090114593506,10.56592492766578,45.79550542844789,-0.029450893738150796,-0.0017494822261335807,0.004886000645151709,EURMAD
2023-06-20,10.573399543762207,10.60099983215332,10.573399543762207,10.573399543762207,0,10.564780044555665,10.56728394877422,47.53377112218432,-0.02692483176194216,0.0016767472675045525,0.004097030789128668,EURMAD
2023-06-21,10.60099983215332,10.60099983215332,10.555000305175781,10.60099983215332,0,10.568680000305175,10.573414109388601,50.214936309205676,-0.022437155279160237,0.002610351408445233,0.003839853420724916,EURMAD
2023-06-22,10.555000305175781,10.61139965057373,10.555000305175781,10.555000305175781,0,10.564599990844727,10.570066144986269,45.99613126891839,-0.022334953289099957,-0.004339168729917353,0.003961794231612813,EURMAD
2023-06-23,10.61139965057373,10.61139965057373,10.484700202941895,10.61139965057373,0,10.565639972686768,10.577581327820353,51.38873875411749,-0.017501258042477374,0.005343376955687429,0.0043575379172322085,EURMAD
2023-06-26,10.484700202941895,10.583499908447266,10.484700202941895,10.484700202941895,0,10.563729953765868,10.560693850569724,41.38982413636956,-0.023621808779514808,-0.01193993740731325,0.00504655848263515,EURMAD
2023-06-27,10.583499908447266,10.583499908447266,10.513400077819824,10.583499908447266,0,10.56653995513916,10.564840406547457,49.62162193734651,-0.020266459672440007,0.00942322656757022,0.005709426940346392,EURMAD
2023-06-28,10.513400077819824,10.53969955444336,10.513400077819824,10.513400077819824,0,10.562419986724853,10.555487619506069,44.81248944238532,-0.022998677377378485,-0.00662350179372051,0.006115829273463078,EURMAD
2023-06-29,10.550800323486328,10.550800323486328,10.550800323486328,10.53969955444336,0,10.559199905395507,10.55261706222194,46.892043426126705,-0.02277924664771902,0.0025015196253226346,0.006153337573282256,EURMAD
2023-06-30,10.550800323486328,10.550800323486328,10.375,10.550800323486328,0,10.556859970092773,10.55228674608819,47.78638577409376,-0.021462203996861717,0.00105323391673795,0.00616662616828058,EURMAD
2023-07-03,10.375,10.378600120544434,10.375,10.375,0,10.53878993988037,10.520052792253974,37.12407891207438,-0.034209706881888735,-0.01666227377035967,0.00808621453710967,EURMAD
2023-07-04,10.378600120544434,10.378600120544434,10.333000183105469,10.378600120544434,0,10.519309997558594,10.49433412467042,37.431959003067334,-0.043520023379354456,0.0003469995705478457,0.00803536862596855,EURMAD
2023-07-05,10.333000183105469,10.333000183105469,10.28439998626709,10.333000183105469,0,10.492510032653808,10.465000680749519,35.088314983808615,-0.05395607805621161,-0.004393650098215018,0.007909724577500964,EURMAD
2023-07-06,10.28439998626709,10.3548002243042,10.28439998626709,10.28439998626709,0,10.465450000762939,10.432164190843622,32.73580952515947,-0.06539452886927499,-0.004703396494450951,0.007919818294529488,EURMAD
2023-07-07,10.3548002243042,10.3548002243042,10.333900451660156,10.3548002243042,0,10.439790058135987,10.41809801510918,39.10481820724125,-0.06799506788089005,0.0068453422787051466,0.008098693617013878,EURMAD
2023-07-10,10.333900451660156,10.432900428771973,10.333900451660156,10.333900451660156,0,10.424710083007813,10.402789367209357,37.955822398687076,-0.07092487298260863,-0.002018365607381556,0.00737784603635444,EURMAD
2023-07-11,10.432900428771973,10.432900428771973,10.381500244140625,10.432900428771973,0,10.409650135040284,10.408264105675286,46.043278597654734,-0.0645146095977438,0.009580117166303026,0.0074035954594674856,EURMAD
2023-07-12,10.381500244140625,10.447600364685059,10.381500244140625,10.381500244140625,0,10.396460151672363,10.40339794903262,42.91547750824591,-0.06285741387252486,-0.004926739690680471,0.007289331297678295,EURMAD
2023-07-13,10.447600364685059,10.503499984741211,10.447600364685059,10.447600364685059,0,10.387250232696534,10.411434751878517,47.824156381804755,-0.055569773259506405,0.006367106775510667,0.007605307853690839,EURMAD
2023-07-14,10.503499984741211,10.503499984741211,10.46679973602295,10.503499984741211,0,10.382520198822021,10.428173885126279,51.6134818483984,-0.044767580600842294,0.0053504745687922295,0.00784257127380759,EURMAD
2023-07-17,10.46679973602295,10.574399948120117,10.46679973602295,10.46679973602295,0,10.391700172424317,10.435196767107492,49.09259555050921,-0.03872180755405097,-0.0034940970887397116,0.005596524033007314,EURMAD
2023-07-18,10.574399948120117,10.612299919128418,10.574399948120117,10.574399948120117,0,10.411280155181885,10.460506436382515,55.89424390147511,-0.024960323916431548,0.010280144343150832,0.0063227639224027535,EURMAD
2023-07-19,10.612299919128418,10.612299919128418,10.598199844360352,10.612299919128418,0,10.439210128784179,10.488105251427225,58.021736804459486,-0.010870727095223742,0.0035841249805421693,0.0059333169290478405,EURMAD
2023-07-20,10.598199844360352,10.598199844360352,10.559800148010254,10.598199844360352,0,10.470590114593506,10.508122450142338,56.92167337153683,-0.0008327785461990089,-0.001328654002951013,0.005549879335112197,EURMAD
2023-07-21,10.559800148010254,10.559800148010254,10.440699577331543,10.559800148010254,0,10.491090106964112,10.517518395209231,53.923242366856066,0.003977977771075558,-0.003623228181579452,0.005733267353304377,EURMAD
2023-07-24,10.440699577331543,10.476799964904785,10.440699577331543,10.440699577331543,0,10.50177001953125,10.503551337413288,45.85508058999076,-0.001799144459232238,-0.01127867658566939,0.0070475331083838435,EURMAD
2023-07-25,10.476799964904785,10.476799964904785,10.474800109863281,10.476799964904785,0,10.50615997314453,10.49868745150265,48.3764095478814,-0.00342507375679979,0.003457659834559479,0.006466219318946551,EURMAD
2023-07-26,10.474800109863281,10.474800109863281,10.432000160217285,10.474800109863281,0,10.515489959716797,10.49434429847731,48.24238882968469,-0.004819450403427794,-0.00019088414861434533,0.006197423074056005,EURMAD
2023-07-27,10.432000160217285,10.432000160217285,10.40719985961914,10.432000160217285,0,10.51392993927002,10.48300900061185,45.34694109671546,-0.009271229224786737,-0.004085992018663442,0.006055078515604374,EURMAD
2023-07-28,10.40719985961914,10.40719985961914,10.366299629211426,10.40719985961914,0,10.504299926757813,10.469225520431356,43.70987992265838,-0.014631806648498724,-0.002377329391991534,0.005763619189029674,EURMAD
2023-07-31,10.366299629211426,10.535900115966797,10.366299629211426,10.366299629211426,0,10.49424991607666,10.45051172202773,41.07621326921753,-0.021927641452892388,-0.003929993750423799,0.005786971131782737,EURMAD
2023-08-01,10.535900115966797,10.535900115966797,10.47719955444336,10.535900115966797,0,10.490399932861328,10.466036884562106,53.56936099503768,-0.013864480131658752,0.016360754832654978,0.0072360309987182314,EURMAD
2023-08-02,10.47719955444336,10.534700393676758,10.47719955444336,10.47719955444336,0,10.476889896392823,10.46806646090415,49.64594085892065,-0.012071854601146015,-0.005571480450396349,0.007263348232050166,EURMAD
2023-08-03,10.534700393676758,10.534700393676758,10.485799789428711,10.534700393676758,0,10.470539951324463,10.48018172140826,53.25736234453363,-0.005942843382253926,0.005488187843956105,0.007569298899439654,EURMAD
2023-08-04,10.485799789428711,10.485799789428711,10.31350040435791,10.485799789428711,0,10.463139915466309,10.481203188321068,49.97475390568147,-0.004974089707669549,-0.004641859988481323,0.007621550341280648,EURMAD
2023-08-07,10.31350040435791,10.456399917602539,10.31350040435791,10.31350040435791,0,10.450419998168945,10.450711773055039,40.502109106573876,-0.01790309017103553,-0.01643168747552337,0.008537186261279722,EURMAD
2023-08-08,10.456399917602539,10.456399917602539,10.282899856567383,10.456399917602539,0,10.44837999343872,10.451745981154582,49.11657965243212,-0.016429233749075678,0.01385557838192808,0.009718001676268804,EURMAD
2023-08-09,10.282899856567383,10.33240032196045,10.282899856567383,10.282899856567383,0,10.429189968109132,10.42104668577509,41.29827639620955,-0.028927735908474972,-0.016592714739523506,0.011021867938934045,EURMAD
2023-08-10,10.33240032196045,10.448100090026855,10.33240032196045,10.33240032196045,0,10.419229984283447,10.40492916508152,44.03538632156661,-0.03444159379791856,0.004813862439927652,0.011174375792962404,EURMAD
2023-08-11,10.448100090026855,10.448100090026855,10.402999877929688,10.448100090026855,0,10.423320007324218,10.41277842416249,49.91388739075071,-0.029139460004602213,0.011197762810302603,0.011783310052988208,EURMAD
2023-08-14,10.402999877929688,10.525400161743164,10.402999877929688,10.402999877929688,0,10.426990032196045,10.411000506665616,47.80591227023378,-0.028251030675658484,-0.0043165945682525075,0.011799917315202363,EURMAD
2023-08-15,10.525400161743164,10.525400161743164,10.483799934387207,10.525400161743164,0,10.425940036773682,10.431800443952442,53.540558066429426,-0.017468893539078323,0.011765864197802456,0.011183405409414924,EURMAD
2023-08-16,10.483799934387207,10.483799934387207,10.432900428771973,10.483799934387207,0,10.426600074768066,10.441254896758762,51.47068736065769,-0.01214081114378196,-0.003952365393874668,0.011105928822900561,EURMAD
2023-08-17,10.432900428771973,10.446399688720703,10.432900428771973,10.432900428771973,0,10.416420078277588,10.439735902579345,48.97583572868504,-0.011888390214851441,-0.004855062661800913,0.011031679272026926,EURMAD
2023-08-18,10.432900428771973,10.446399688720703,10.432900428771973,10.432900428771973,0,10.411130142211913,10.438493089159822,48.97583572868504,-0.011555144299423503,0.0,0.01095486336096738,EURMAD
2023-08-21,10.368499755859375,10.5378999710083,10.368499755859375,10.368499755859375,0,10.416630077362061,10.42576702855974,45.723674362263324,-0.01629974725558192,-0.006172844584521497,0.00970065874150823,EURMAD
2023-08-22,10.5378999710083,10.5378999710083,10.505000114440918,10.5378999710083,0,10.424780082702636,10.446154836277659,54.31686366008254,-0.006317869192196568,0.016337967800326814,0.010101756834451409,EURMAD
2023-08-23,10.505000114440918,10.505000114440918,10.482999801635742,10.505000114440918,0,10.44699010848999,10.456853977761886,52.575877961759666,-0.0010498009291950439,-0.0031220505658524633,0.008249787589998425,EURMAD
2023-08-24,10.482999801635742,10.492799758911133,10.482999801635742,10.482999801635742,0,10.46205005645752,10.46160776392077,51.389683222719206,0.001334555815809324,-0.00209427059167111,0.008292888126083421,EURMAD
2023-08-25,10.492799758911133,10.492799758911133,10.492799758911133,10.492799758911133,0,10.466520023345947,10.467279035737198,51.9101617132841,0.003969195944936388,0.0009348428370532513,0.007559053983669355,EURMAD
2023-08-28,10.492799758911133,10.65820026397705,10.492799758911133,10.492799758911133,0,10.475500011444092,10.471919167223367,51.9101617132841,0.005988139682061799,0.0,0.00737752178020488,EURMAD
2023-08-29,10.65820026397705,10.65820026397705,10.619999885559082,10.65820026397705,0,10.48878002166748,10.505788457542218,60.242635220909584,0.020696034584704037,0.01576323849365835,0.008105057779114615,EURMAD
2023-08-30,10.619999885559082,10.661700248718262,10.619999885559082,10.619999885559082,0,10.502400016784668,10.526554171727103,57.75368702741812,0.02893613818636709,-0.0035841302914038087,0.008079420391924448,EURMAD
2023-08-31,10.661700248718262,10.687299728393555,10.661700248718262,10.661700248718262,0,10.525279998779297,10.551126185725495,59.7105486008943,0.038388827947533954,0.003926587910408896,0.007806200960072386,EURMAD
2023-09-01,10.687299728393555,10.746299743652344,10.687299728393555,10.687299728393555,0,10.550719928741454,10.575885011665143,60.90767171048482,0.04739942567812783,0.002401069161400482,0.00776788255827657,EURMAD
2023-09-04,10.746299743652344,10.746299743652344,10.651200294494629,10.746299743652344,0,10.588499927520752,10.606869508390089,63.59265817877436,0.05862540032327601,0.005520572713240135,0.007185770337775455,EURMAD
2023-09-05,10.651200294494629,10.651200294494629,10.586899757385254,10.651200294494629,0,10.599829959869385,10.614929651318187,56.818561937014486,0.05916630302899328,-0.008849506474439162,0.0066201161478611475,EURMAD
2023-09-06,10.647299766540527,10.647299766540527,10.647299766540527,10.586899757385254,0,10.608019924163818,10.609833306966744,52.72866431898416,0.05378643976088249,-0.006036928733995417,0.006885035350810663,EURMAD
2023-09-07,10.647299766540527,10.647299766540527,10.551600456237793,10.647299766540527,0,10.624449920654296,10.616645390525614,55.93716215184554,0.05377673064000987,0.0057051649245227765,0.0069623034514431905,EURMAD
2023-09-08,10.551600456237793,10.574299812316895,10.551600456237793,10.551600456237793,0,10.630329990386963,10.604819038836919,50.13126872990696,0.045522150528112704,-0.008988129610426943,0.007729077397810432,EURMAD
2023-09-11,10.574299812316895,10.601200103759766,10.574299812316895,10.574299812316895,0,10.63847999572754,10.59927008856055,51.41928672218357,0.040346890805407654,0.0021512713804172634,0.007740890743861088,EURMAD
2023-09-12,10.601200103759766,10.601200103759766,10.587300300598145,10.601200103759766,0,10.632779979705811,10.59962100041495,52.96953415898128,0.03797829870693192,0.002543931221955509,0.005782969590498581,EURMAD
2023-09-13,10.587300300598145,10.587300300598145,10.573100090026855,10.587300300598145,0,10.629510021209716,10.59738087317553,52.04535648900385,0.034580946825354175,-0.0013111537397253459,0.005693169528578163,EURMAD
2023-09-14,10.573100090026855,10.573100090026855,10.560999870300293,10.573100090026855,0,10.620650005340575,10.592966185330315,51.06513411363253,0.0303923387036118,-0.001341249437355363,0.005499707108700028,EURMAD
2023-09-15,10.560999870300293,10.596500396728516,10.560999870300293,10.560999870300293,0,10.60802001953125,10.587154128052129,50.197556461132045,0.025799054542250843,-0.0011444344254317729,0.005381969899333391,EURMAD
2023-09-18,10.606200218200684,10.606200218200684,10.606200218200684,10.596500396728516,0,10.593040084838867,10.588853449629653,52.73474147411424,0.024738272141815898,0.0033614739952849693,0.005120470160934829,EURMAD
2023-09-19,10.606200218200684,10.606200218200684,10.582500457763672,10.606200218200684,0,10.588540077209473,10.592007407551657,53.432805394452565,0.024399032120543396,0.0009153797111320916,0.0044237596226172765,EURMAD
2023-09-20,10.582500457763672,10.617899894714355,10.582500457763672,10.582500457763672,0,10.588100147247314,10.590278871226568,51.434009567870426,0.02196461495083213,-0.0022345194272631597,0.004032941160094593,EURMAD
2023-09-21,10.617899894714355,10.617899894714355,10.559700012207031,10.617899894714355,0,10.585160160064698,10.595300875497074,54.19047965216161,0.022630885757513042,0.0033450919366333487,0.0037163858509231497,EURMAD
2023-09-22,10.559700012207031,10.634200096130371,10.559700012207031,10.559700012207031,0,10.58597011566162,10.58882799126252,49.24204798525911,0.01825226529769175,-0.005481298852355598,0.0028718445453751232,EURMAD
2023-09-25,10.634200096130371,10.634200096130371,10.5024995803833,10.634200096130371,0,10.591960144042968,10.597077464874856,54.91716868735772,0.02055674581681366,0.0070551326114585144,0.0035929025432670965,EURMAD
2023-09-26,10.5024995803833,10.52910041809082,10.5024995803833,10.5024995803833,0,10.582090091705322,10.57988148587639,45.27920652969569,0.011621961539244552,-0.012384618923523383,0.005352518261105469,EURMAD
2023-09-27,10.52910041809082,10.52910041809082,10.511799812316895,10.52910041809082,0,10.57627010345459,10.570648564460832,47.2913167468776,0.006611334568653149,0.002532810166182342,0.005458447922731355,EURMAD
2023-09-28,10.511799812316895,10.5423002243042,10.511799812316895,10.511799812316895,0,10.570140075683593,10.559948791343752,46.10394116798259,0.0012301815291735352,-0.0016431228772593176,0.005464217796387886,EURMAD
2023-09-29,10.5423002243042,10.5423002243042,10.537500381469727,10.5423002243042,0,10.568270111083985,10.556739960972925,48.556213575443536,-0.0005667594290290623,0.0029015404147600954,0.005565628599747741,EURMAD
2023-10-02,10.537500381469727,10.537500381469727,10.51200008392334,10.537500381469727,0,10.562370109558106,10.553241855608706,48.18465571090793,-0.002351053802691183,-0.0004552936960955378,0.005426182570544589,EURMAD
2023-10-03,10.51200008392334,10.534700393676758,10.51200008392334,10.51200008392334,0,10.55295009613037,10.54574335166591,46.16357350072071,-0.005756424369200985,-0.002419956974922588,0.005428956905743061,EURMAD
2023-10-04,10.534700393676758,10.552399635314941,10.534700393676758,10.534700393676758,0,10.54817008972168,10.543735541122427,48.244712848374974,-0.006547998543609879,0.002159466283503386,0.005484536093385356,EURMAD
2023-10-05,10.552399635314941,10.552399635314941,10.546600341796875,10.552399635314941,0,10.541620063781739,10.545310830975609,49.87181374763659,-0.005681651358191431,0.0016800897013462546,0.005381192642995362,EURMAD
2023-10-06,10.546600341796875,10.546600341796875,10.462300300598145,10.546600341796875,0,10.540310096740722,10.545545287488567,49.32463557731344,-0.005400762859855135,-0.0005495710661542752,0.005103515964014056,EURMAD
2023-10-09,10.462300300598145,10.577400207519531,10.462300300598145,10.462300300598145,0,10.5231201171875,10.530409835326672,42.094643579408306,-0.011843935979747755,-0.00799310094880945,0.004972159140214484,EURMAD
2023-10-10,10.577400207519531,10.577400207519531,10.522600173950195,10.577400207519531,0,10.530610179901123,10.538953539361737,52.36201326467525,-0.007575273501835511,0.011001395832119787,0.004843107912538641,EURMAD
2023-10-11,10.522600173950195,10.522600173950195,10.456899642944336,10.522600173950195,0,10.52996015548706,10.535980200196002,47.99829405166554,-0.008516064568810933,-0.005180860371566398,0.005128428867999514,EURMAD
2023-10-12,10.456899642944336,10.514300346374512,10.456899642944336,10.456899642944336,0,10.524470138549805,10.521601917059336,43.33539552349906,-0.014397170418686045,-0.006243754387675771,0.005481438935552699,EURMAD
2023-10-13,10.514300346374512,10.514300346374512,10.397299766540527,10.514300346374512,0,10.521670150756837,10.520274358753005,48.08097958515028,-0.014261830620956317,0.00548926597654642,0.0057164337225159186,EURMAD
2023-10-16,10.397299766540527,10.468199729919434,10.397299766540527,10.397299766540527,0,10.507650089263915,10.4979153419871,40.61452147968167,-0.023326646770504667,-0.01112775705273894,0.0066747079829244296,EURMAD
2023-10-17,10.468199729919434,10.479999542236328,10.468199729919434,10.468199729919434,0,10.503270053863526,10.492512503429342,46.07892254423902,-0.024507042438409954,0.006819074660814328,0.007129251809687575,EURMAD
2023-10-18,10.479999542236328,10.498900413513184,10.479999542236328,10.479999542236328,0,10.497799968719482,10.490237419576067,46.953766571550865,-0.024211275754783657,0.0011272055005953074,0.00709555584536141,EURMAD
2023-10-19,10.498900413513184,10.504500389099121,10.498900413513184,10.498900413513184,0,10.492450046539307,10.491812509382815,48.397976123033494,-0.022195875934929887,0.0018035183303855007,0.007099871314449938,EURMAD
2023-10-20,10.504500389099121,10.554499626159668,10.504500389099121,10.504500389099121,0,10.488240051269532,10.49411939660396,48.842377104806296,-0.019917192827792363,0.0005333868658026208,0.007107040402044459,EURMAD
2023-10-23,10.554499626159668,10.613300323486328,10.554499626159668,10.554499626159668,0,10.497459983825683,10.505097620159543,52.75465109340231,-0.013916380111355764,0.0047597920137574246,0.006722370335362926,EURMAD
2023-10-24,10.613300323486328,10.613300323486328,10.602499961853027,10.613300323486328,0,10.501049995422363,10.52477083894623,56.92653748090941,-0.004365643522715956,0.005571149690594579,0.005995597515681754,EURMAD
2023-10-25,10.602499961853027,10.602499961853027,10.548700332641602,10.602499961853027,0,10.509039974212646,10.538903406747465,55.94928129391403,0.0023053109223969415,-0.0010176251782304524,0.005706029490403009,EURMAD
2023-10-26,10.548700332641602,10.548700332641602,10.515800476074219,10.548700332641602,0,10.518220043182373,10.540684666000944,51.23131502259665,0.0032138625201056925,-0.005074239981607387,0.005556290051702539,EURMAD
2023-10-27,10.515800476074219,10.52970027923584,10.515800476074219,10.515800476074219,0,10.518370056152344,10.536160267832448,48.53591665325002,0.001264575498460374,-0.0031188540322429903,0.005429661149980344,EURMAD
2023-10-30,10.52970027923584,10.56980037689209,10.52970027923584,10.52970027923584,0,10.531610107421875,10.534985724451246,49.73906005272254,0.0008317614117920868,0.0013218017204916777,0.003757446932003524,EURMAD
2023-10-31,10.56980037689209,10.620100021362305,10.56980037689209,10.56980037689209,0,10.54177017211914,10.541315661258672,53.14246811968981,0.0036820514827162754,0.003808284812752527,0.003363612836512911,EURMAD
2023-11-01,10.516599655151367,10.516599655151367,10.516599655151367,10.620100021362305,0,10.555780220031739,10.555640090368422,57.06940974809429,0.009885731279693388,0.004758807420827127,0.003571897151138775,EURMAD
2023-11-02,10.516599655151367,10.57699966430664,10.516599655151367,10.516599655151367,0,10.557550144195556,10.548541829419866,48.13097714905835,0.006377066792921937,-0.009745705407928962,0.004989332175290997,EURMAD
2023-11-03,10.57699966430664,10.609800338745117,10.57699966430664,10.57699966430664,0,10.56480007171631,10.553715981217461,52.77904594675109,0.00837367435791947,0.005743302125767125,0.0052931337396384046,EURMAD
2023-11-06,10.609800338745117,10.660699844360352,10.609800338745117,10.609800338745117,0,10.570330142974854,10.56391313713158,55.130549732769445,0.012459119563674292,0.003101132218918945,0.00517650696850992,EURMAD
2023-11-07,10.660699844360352,10.660699844360352,10.586999893188477,10.660699844360352,0,10.575070095062255,10.581510720264083,58.577702879928545,0.019578342100865953,0.004797404662683302,0.005098051261509299,EURMAD
2023-11-08,10.55459976196289,10.55459976196289,10.55459976196289,10.586999893188477,0,10.573520088195801,10.582508751704882,52.310973363059695,0.01905376716215379,-0.006913237615526979,0.0056034342501581945,EURMAD
2023-11-09,10.55459976196289,10.581899642944336,10.55459976196289,10.55459976196289,0,10.57411003112793,10.57743438993361,49.789189162773305,0.01584101260058368,-0.0030603694675043203,0.0054398820255616214,EURMAD
2023-11-10,10.581899642944336,10.593400001525879,10.581899642944336,10.581899642944336,0,10.580719947814941,10.578246254117378,51.893535537898266,0.015321141126642956,0.0025865387221815084,0.005367063720293354,EURMAD
2023-11-13,10.593400001525879,10.593400001525879,10.583999633789062,10.593400001525879,0,10.587089920043946,10.581001480918923,52.791127452185044,0.015656642039585833,0.001086795279636954,0.005364259403286664,EURMAD
2023-11-14,10.622900009155273,10.622900009155273,10.622900009155273,10.583999633789062,0,10.588509845733643,10.581546599622584,51.938067753360286,0.014991188724115645,-0.0008873796642685505,0.005258272056053191,EURMAD
2023-11-15,10.622900009155273,10.682000160217285,10.622900009155273,10.622900009155273,0,10.58878984451294,10.5890654013558,55.166660101320375,0.017402146255747653,0.003675394625111572,0.00516298428097977,EURMAD
2023-11-16,10.682000160217285,10.682000160217285,10.674200057983398,10.682000160217285,0,10.605329895019532,10.605962630239706,59.60627567101763,0.023807300004786924,0.005563466756824953,0.004099710155475314,EURMAD
2023-11-17,10.674200057983398,10.680899620056152,10.674200057983398,10.674200057983398,0,10.615049934387207,10.618369435284013,58.778976330328256,0.02793204421680251,-0.0007302098967323367,0.003872172633655254,EURMAD
2023-11-20,10.680899620056152,10.742199897766113,10.680899620056152,10.680899620056152,0,10.622159862518311,10.629738559788038,59.301469031921606,0.031379805525846294,0.0006276406696859027,0.003795750146318789,EURMAD
2023-11-21,10.742199897766113,10.742199897766113,10.73840045928955,10.742199897766113,0,10.630309867858887,10.65018607578405,63.82030953481768,0.03861348904083961,0.005739242937444544,0.003919096382831954,EURMAD
2023-11-22,10.73840045928955,10.73840045928955,10.708999633789062,10.73840045928955,0,10.645449924468995,10.666225054603231,63.35080254941865,0.04353777602977438,-0.00035369277361452234,0.002909324620340916,EURMAD
2023-11-23,10.708999633789062,10.71030044555664,10.708999633789062,10.708999633789062,0,10.660889911651612,10.674002250818836,59.69132440130214,0.04455431364750595,-0.002737914795778895,0.0028553773106789197,EURMAD
2023-11-24,10.71030044555664,10.71030044555664,10.704299926757812,10.71030044555664,0,10.673729991912841,10.680601922589345,59.8019642276411,0.044946773248016214,0.000121469027179133,0.002853432366407744,EURMAD
2023-11-27,10.704299926757812,10.704299926757812,10.697699546813965,10.704299926757812,0,10.684819984436036,10.684910650619974,58.997502091636406,0.04426336803656561,-0.0005602568134601693,0.0029083715055214635,EURMAD
2023-11-28,10.697699546813965,10.697699546813965,10.685199737548828,10.697699546813965,0,10.696189975738525,10.687235904473425,58.07211671178427,0.04269698472111472,-0.000616610146297214,0.00288957375917017,EURMAD
2023-11-29,10.685199737548828,10.687999725341797,10.685199737548828,10.685199737548828,0,10.70241994857788,10.686865692305316,56.2720006819653,0.03998605021952706,-0.0011684576866677343,0.0028097190122900744,EURMAD
2023-11-30,10.687999725341797,10.687999725341797,10.656200408935547,10.687999725341797,0,10.703019905090333,10.687071880130132,56.596560257807255,0.037629778052542306,0.0002620435613505112,0.002200911855490033,EURMAD
2023-12-01,10.656200408935547,10.656200408935547,10.632399559020996,10.656200408935547,0,10.701219940185547,10.681458885367478,51.88640989736032,0.03281816888585887,-0.0029752355186585255,0.002396126664402706,EURMAD
2023-12-04,10.632399559020996,10.632399559020996,10.624799728393555,10.632399559020996,0,10.696369934082032,10.672539007849934,48.62458947934431,0.02677575009956712,-0.0022335212365743873,0.0024607574940475846,EURMAD
2023-12-05,10.624799728393555,10.624799728393555,10.59060001373291,10.624799728393555,0,10.684629917144775,10.663859138857864,47.59569641043363,0.02113027025854919,-0.0007147803828528865,0.0011578851993217672,EURMAD
2023-12-06,10.59060001373291,10.59060001373291,10.554300308227539,10.59060001373291,0,10.669849872589111,10.650539297926054,43.16890943359358,0.013738190350252921,-0.0032188573464824177,0.001299194319603064,EURMAD
2023-12-07,10.554300308227539,10.554300308227539,10.554200172424316,10.554300308227539,0,10.654379940032959,10.633041299799052,39.02052195473006,0.004894411175513369,-0.0034275400315658677,0.0013938863585482642,EURMAD
2023-12-08,10.554200172424316,10.583100318908691,10.554200172424316,10.554200172424316,0,10.638769912719727,10.61870654936728,39.00938546518643,-0.0020982404491167728,-9.487678036323999e-06,0.0013779730290884532,EURMAD
2023-12-11,10.583100318908691,10.606800079345703,10.583100318908691,10.583100318908691,0,10.626649951934814,10.6122326892839,43.97877648171046,-0.005247477296451919,0.0027382602198398054,0.0019107439562423812,EURMAD
2023-12-12,10.606800079345703,10.625699996948242,10.606800079345703,10.606800079345703,0,10.617560005187988,10.611244942022408,47.7392650247097,-0.005764448611536466,0.0022393967479139576,0.0021900972386841543,EURMAD
2023-12-13,10.625699996948242,10.644100189208984,10.625699996948242,10.625699996948242,0,10.61161003112793,10.613873133827104,50.58783071367637,-0.004596105660914063,0.0017818679961114636,0.002336389219658706,EURMAD
2023-12-14,10.644100189208984,10.711299896240234,10.644100189208984,10.644100189208984,0,10.607220077514649,10.619368962078354,53.25896768876038,-0.0021605383749712104,0.0017316687150989996,0.002437577428599071,EURMAD
2023-12-15,10.711299896240234,10.7298002243042,10.711299896240234,10.711299896240234,0,10.612730026245117,10.636083677380514,61.454320372781815,0.00513295152249249,0.006313329058982076,0.0030450171067257135,EURMAD
2023-12-18,10.7298002243042,10.7298002243042,10.694899559020996,10.7298002243042,0,10.622470092773437,10.653123049548455,63.35904778911607,0.012264538706261874,0.0017271786098023156,0.002901256108848428,EURMAD
2023-12-19,10.694899559020996,10.71090030670166,10.694899559020996,10.694899559020996,0,10.629480075836181,10.660718778543462,57.57865197552048,0.014928099084560387,-0.0032526854697768615,0.003159298560609593,EURMAD
2023-12-20,10.71090030670166,10.71090030670166,10.650099754333496,10.71090030670166,0,10.641510105133056,10.669842692754044,59.40713081948696,0.01812122627188728,0.0014961101403863086,0.002852662466953235,EURMAD
2023-12-21,10.650099754333496,10.650099754333496,10.61340045928955,10.650099754333496,0,10.651090049743653,10.666253067586672,50.49980903155979,0.015566267881911955,-0.005676511836275933,0.0033050118436149215,EURMAD
2023-12-22,10.61340045928955,10.61340045928955,10.561699867248535,10.61340045928955,0,10.657010078430176,10.656643502441739,46.015010198992364,0.01045954739757704,-0.0034459109201312454,0.0035784549470911035,EURMAD
2023-12-25,10.561699867248535,10.561699867248535,10.561699867248535,10.561699867248535,0,10.65487003326416,10.639381023315702,40.55137943756649,0.0022150946912216085,-0.004871256129392876,0.0038628072577214403,EURMAD
2023-12-26,10.561699867248535,10.561699867248535,10.561699867248535,10.561699867248535,0,10.650360012054444,10.625257176758033,40.55137943756649,-0.004269477596563931,0.0,0.003769743808653575,EURMAD
2023-12-27,10.53909969329834,10.53909969329834,10.53909969329834,10.561699867248535,0,10.643959999084473,10.613701302301761,40.55137943756649,-0.009301327934895909,0.0,0.0036955038467598863,EURMAD
2023-12-28,10.53909969329834,10.626199722290039,10.53909969329834,10.53909969329834,0,10.633459949493409,10.600137373392048,38.08261903609666,-0.014940525661126358,-0.0021398235354402884,0.0036264957792570334,EURMAD
2023-12-29,10.626199722290039,10.626199722290039,10.623700141906738,10.626199722290039,0,10.624949932098389,10.604875982282593,50.571922784595486,-0.012240287656288373,0.008264465801294696,0.004086147248996273,EURMAD
2024-01-01,10.623700141906738,10.623700141906738,10.623700141906738,10.623700141906738,0,10.614339923858642,10.60829855675971,50.258616095265396,-0.010184622837986268,-0.00023522806352471726,0.003998006290668324,EURMAD
2024-01-02,10.541399955749512,10.541399955749512,10.541399955749512,10.623700141906738,0,10.607219982147218,10.611098844968259,50.258616095265396,-0.008457995155978892,0.0,0.00392475578668575,EURMAD
2024-01-03,10.541399955749512,10.541399955749512,10.502799987792969,10.541399955749512,0,10.590269947052002,10.59842631965576,40.64350276497487,-0.013574093786253627,-0.007746847619746089,0.0044177629944868735,EURMAD
2024-01-04,10.502799987792969,10.502799987792969,10.46679973602295,10.502799987792969,0,10.57553997039795,10.581039713862523,37.06216353762692,-0.020506942364500347,-0.0036617496839677077,0.0042533204097875725,EURMAD
2024-01-05,10.46679973602295,10.516799926757812,10.46679973602295,10.46679973602295,0,10.560879898071288,10.560268808800783,34.04874971238675,-0.02857677894318833,-0.0034276813622902136,0.004252342111565639,EURMAD
2024-01-08,10.516799926757812,10.531499862670898,10.516799926757812,10.516799926757812,0,10.556389904022216,10.552365375702061,41.199620692843766,-0.030585019976779648,0.0047770275533962625,0.00446203576556378,EURMAD
2024-01-09,10.531499862670898,10.543999671936035,10.531499862670898,10.531499862670898,0,10.553369903564453,10.548571646060031,43.15119769753242,-0.030637236497474518,0.0013977574942436455,0.004498294814312035,EURMAD
2024-01-10,10.543999671936035,10.567999839782715,10.543999671936035,10.543999671936035,0,10.551599884033203,10.547740378037487,44.82805642707254,-0.029331868798834648,0.001186897348728344,0.0045220176624408935,EURMAD
2024-01-11,10.567999839782715,10.574700355529785,10.567999839782715,10.567999839782715,0,10.554489898681641,10.551423916536619,47.99964635623908,-0.0260603352033133,0.002276192013791478,0.004522657986603334,EURMAD
2024-01-12,10.574700355529785,10.574700355529785,10.566800117492676,10.574700355529785,0,10.549339962005615,10.555655996353558,48.88313624483835,-0.02266566990274299,0.0006340382142935308,0.0035697537778985517,EURMAD
2024-01-15,10.566800117492676,10.566800117492676,10.556500434875488,10.566800117492676,0,10.54364995956421,10.557682200197032,47.85084667104255,-0.02037795203314552,-0.0007470885955627171,0.003569524443306687,EURMAD
2024-01-16,10.556500434875488,10.556500434875488,10.529399871826172,10.556500434875488,0,10.536929988861084,10.557467333774932,46.47296719851758,-0.019174980212659065,-0.0009747210605542955,0.003566716174955144,EURMAD
2024-01-17,10.529399871826172,10.529399871826172,10.526000022888184,10.529399871826172,0,10.53572998046875,10.552364158875157,42.96708999699244,-0.02017583090752062,-0.002567191960679005,0.002685333970626405,EURMAD
2024-01-18,10.526000022888184,10.526000022888184,10.51159954071045,10.526000022888184,0,10.538049983978272,10.547570679604798,42.533584832227774,-0.021001262211569838,-0.0003228910459640577,0.002385584479537033,EURMAD
2024-01-19,10.51159954071045,10.51159954071045,10.489999771118164,10.51159954071045,0,10.542529964447022,10.541030472533096,40.66224861712673,-0.022557393438759732,-0.0013680868465154594,0.002108133625719712,EURMAD
2024-01-22,10.489999771118164,10.494500160217285,10.489999771118164,10.489999771118164,0,10.539849948883056,10.531752163184926,37.96419371179476,-0.025242578801455196,-0.0020548508824590472,0.0015845575310042155,EURMAD
2024-01-23,10.494500160217285,10.494500160217285,10.486499786376953,10.494500160217285,0,10.536149978637695,10.524979071736263,38.87425199632601,-0.026699686393364175,0.000429017082680172,0.001499695429542527,EURMAD
2024-01-24,10.486499786376953,10.518899917602539,10.486499786376953,10.486499786376953,0,10.530399990081786,10.517982838034571,37.812300271160176,-0.028175231435332293,-0.0007623396748955846,0.0014010475989964136,EURMAD
2024-01-25,10.518899917602539,10.518899917602539,10.49590015411377,10.518899917602539,0,10.525489997863769,10.518149579774201,44.43268615336014,-0.026425574131863527,0.003089699316799477,0.0015935088378756694,EURMAD
2024-01-26,10.49590015411377,10.49590015411377,10.487799644470215,10.49590015411377,0,10.517609977722168,10.514104229654123,41.08871405764336,-0.026588352829026718,-0.0021865179504447774,0.001626747586875482,EURMAD
2024-01-29,10.487799644470215,10.5068998336792,10.487799644470215,10.487799644470215,0,10.509709930419922,10.509321577802503,39.94837793383133,-0.027059079325962188,-0.0007717784586945831,0.0016267673205844454,EURMAD
2024-01-30,10.5068998336792,10.52560043334961,10.5068998336792,10.5068998336792,0,10.504749870300293,10.508881260689174,43.901766721886155,-0.025595854743343693,0.0018211817403523956,0.0018132332962157278,EURMAD
2024-01-31,10.52560043334961,10.527000427246094,10.52560043334961,10.52560043334961,0,10.504369926452636,10.511921110263799,47.54301785422973,-0.02266597733603959,0.0017798399115280805,0.0017750995444002192,EURMAD
2024-02-01,10.527000427246094,10.527000427246094,10.509499549865723,10.527000427246094,0,10.504469966888427,10.51466280426058,47.816099979742184,-0.020000507178048466,0.00013300845926544902,0.0017727275981618612,EURMAD
2024-02-02,10.509499549865723,10.528400421142578,10.509499549865723,10.509499549865723,0,10.504259967803955,10.513724030734242,44.6845070305043,-0.019080331236427384,-0.0016624752227686335,0.0018004009388436749,EURMAD
2024-02-05,10.528400421142578,10.528400421142578,10.480999946594238,10.528400421142578,0,10.508100032806396,10.516392465353938,48.59978647760841,-0.0166341941861603,0.0017984558814787555,0.0017270065475504944,EURMAD
2024-02-06,10.480999946594238,10.483799934387207,10.480999946594238,10.480999946594238,0,10.506750011444092,10.509957461943083,40.80031699121998,-0.018309376014608247,-0.004502153475579473,0.0023121478000500528,EURMAD
2024-02-07,10.483799934387207,10.513500213623047,10.483799934387207,10.483799934387207,0,10.506480026245118,10.505201547842013,41.39858657655654,-0.019189825702818908,0.0002671489177785702,0.002303584991399344,EURMAD
2024-02-08,10.513500213623047,10.513500213623047,10.47920036315918,10.513500213623047,0,10.505940055847168,10.506710396165836,47.46353946670378,-0.01729169619525095,0.0028329689064765518,0.0022661622047311504,EURMAD
2024-02-09,10.47920036315918,10.47920036315918,10.46049976348877,10.47920036315918,0,10.504270076751709,10.501708571982807,42.05087886902538,-0.018343671732646172,-0.0032624577701936275,0.0024004840786869975,EURMAD
2024-02-12,10.46049976348877,10.465900421142578,10.46049976348877,10.46049976348877,0,10.501540088653565,10.494216061347526,39.41195624824975,-0.020450610127587865,-0.0017845445284312422,0.002450171213063654,EURMAD
2024-02-13,10.465900421142578,10.483699798583984,10.465900421142578,10.465900421142578,0,10.497440147399903,10.489067763128444,40.57185361318986,-0.021437468258048042,0.0005162905956614949,0.0023602391538880226,EURMAD
2024-02-14,10.483699798583984,10.483699798583984,10.455499649047852,10.483699798583984,0,10.49325008392334,10.488091769574906,44.352948994840794,-0.020546452715271002,0.0017007019678354496,0.0023522806309644274,EURMAD
2024-02-15,10.455499649047852,10.468899726867676,10.455499649047852,10.455499649047852,0,10.486100006103516,10.482165929479077,40.009634163410475,-0.021863800583894033,-0.002689904335103299,0.0024490940608402454,EURMAD
2024-02-16,10.468899726867676,10.50529956817627,10.468899726867676,10.468899726867676,0,10.48204002380371,10.47975389264064,42.87239721240455,-0.021577798539963666,0.0012816295987390092,0.002494221133360818,EURMAD
2024-02-19,10.50529956817627,10.528200149536133,10.50529956817627,10.50529956817627,0,10.47972993850708,10.484398560919844,49.87041235528577,-0.018204130981898103,0.003476950038519888,0.0027049946527857496,EURMAD
2024-02-20,10.528200149536133,10.539899826049805,10.528200149536133,10.528200149536133,0,10.48444995880127,10.492362486122806,53.712149051782724,-0.013526662661464073,0.0021799075039454774,0.002327653461320651,EURMAD
2024-02-21,10.539899826049805,10.563799858093262,10.539899826049805,10.539899826049805,0,10.490059947967529,10.501005638836805,55.58488391371947,-0.00877452197443418,0.0011112703356221942,0.0023355030409524676,EURMAD
2024-02-22,10.563799858093262,10.563799858093262,10.559800148010254,10.563799858093262,0,10.495089912414551,10.512422769610705,59.2149888178722,-0.00304478501133687,0.0022675767737740937,0.002279907728162181,EURMAD
2024-02-23,10.559800148010254,10.559800148010254,10.52970027923584,10.559800148010254,0,10.503149890899659,10.521036838410623,58.35541291226318,0.0011599583578192352,-0.00037862418227696537,0.0019056319133596115,EURMAD
2024-02-26,10.57349967956543,10.57349967956543,10.57349967956543,10.52970027923584,0,10.510069942474365,10.522612009469754,52.21283556214505,0.0020399249316156443,-0.0028504203064947387,0.0020855864350500766,EURMAD
2024-02-27,10.57349967956543,10.59179973602295,10.57349967956543,10.57349967956543,0,10.52082986831665,10.531864313123512,58.97928658227772,0.00620007968174896,0.004159605607764627,0.002357848459443903,EURMAD
2024-02-28,10.59179973602295,10.625699996948242,10.59179973602295,10.59179973602295,0,10.531639862060548,10.54276166274159,61.43624573481787,0.010848637568841468,0.0017307473411936058,0.002358822867218989,EURMAD
2024-02-29,10.625699996948242,10.625699996948242,10.609100341796875,10.625699996948242,0,10.548659896850586,10.557841359870071,65.5523775519569,0.017071333222924423,0.003200613849410061,0.002041070824714957,EURMAD
2024-03-01,10.609100341796875,10.609100341796875,10.554499626159668,10.609100341796875,0,10.562679958343505,10.567161174765854,62.05938131604879,0.02042793045296243,-0.001562217562714463,0.0022775522969790555,EURMAD
2024-03-04,10.554499626159668,10.604499816894531,10.554499626159668,10.554499626159668,0,10.567599964141845,10.564859075019275,52.205451242797885,0.018469333525915843,-0.00514659244215987,0.0029182677088083254,EURMAD
2024-03-05,10.604499816894531,10.604499816894531,10.575300216674805,10.604499816894531,0,10.575229930877686,10.572066482632957,58.67627416633819,0.020712962732567064,0.004737334076069022,0.0031845603465207937,EURMAD
2024-03-06,10.575300216674805,10.575300216674805,10.56190013885498,10.575300216674805,0,10.578769969940186,10.572654434276927,54.072172584325,0.01990543388568966,-0.0027535103704945385,0.003362289416160744,EURMAD
2024-03-07,10.56190013885498,10.563799858093262,10.56190013885498,10.56190013885498,0,10.578579998016357,10.570699107836573,52.05358270040593,0.01797695996150317,-0.0012671108663842023,0.003322749075445455,EURMAD
2024-03-08,10.563799858093262,10.619199752807617,10.563799858093262,10.563799858093262,0,10.578979969024658,10.569444698792333,52.3253073009101,0.016412726256874066,0.00017986529064906165,0.0033206140199425966,EURMAD
2024-03-11,10.619199752807617,10.634499549865723,10.619199752807617,10.619199752807617,0,10.587929916381835,10.578491072249657,59.52851785034291,0.01941951223465921,0.005244315062625127,0.0035177383676974804,EURMAD
2024-03-12,10.634499549865723,10.634499549865723,10.633999824523926,10.634499549865723,0,10.594029903411865,10.588674431816214,61.268956884250876,0.02277444788303029,0.0014407674226168954,0.003333986462838497,EURMAD
2024-03-13,10.633999824523926,10.633999824523926,10.625200271606445,10.633999824523926,0,10.598249912261963,10.596915412308524,61.17641802594512,0.025103556721207454,-4.699095988991431e-05,0.0033131648511697874,EURMAD
2024-03-14,10.629400253295898,10.629400253295898,10.629400253295898,10.625200271606445,0,10.598199939727783,10.602058113999055,59.473014584413605,0.0259403180372324,-0.0008274922947795194,0.0031772737279689256,EURMAD
2024-03-15,10.629400253295898,10.629400253295898,10.57979965209961,10.629400253295898,0,10.600229930877685,10.607029412053027,60.04485865201365,0.026635325379290364,0.00039528494353913146,0.0031302963851550986,EURMAD
2024-03-18,10.57979965209961,10.615799903869629,10.57979965209961,10.57979965209961,0,10.60275993347168,10.60207854660695,50.908951105140225,0.022919567214195524,-0.004666359344301596,0.0030416621520206574,EURMAD
2024-03-19,10.615799903869629,10.615799903869629,10.5600004196167,10.615799903869629,0,10.60388994216919,10.604573338836527,56.12666002602216,0.02261898398143991,0.003402734735423296,0.002845537951394143,EURMAD
2024-03-20,10.5600004196167,10.5600004196167,10.555500030517578,10.5600004196167,0,10.602359962463378,10.596469171705648,47.66945179578673,0.01767447718937376,-0.005256267521827507,0.0032118752721060776,EURMAD
2024-03-21,10.555500030517578,10.615900039672852,10.555500030517578,10.555500030517578,0,10.601719951629638,10.58902023694418,47.05362934971642,0.013240151914869713,-0.0004261731932094781,0.0031900242819518955,EURMAD
2024-03-22,10.58329963684082,10.58329963684082,10.58329963684082,10.615900039672852,0,10.606929969787597,10.593907473803938,55.38421476421802,0.014433314872702496,0.005722136230462471,0.0036794654432978453,EURMAD
2024-03-25,10.58329963684082,10.58329963684082,10.570899963378906,10.58329963684082,0,10.603339958190919,10.59197877617428,50.74344600921819,0.012603044999814017,-0.003070903334639552,0.003418003373628429,EURMAD
2024-03-26,10.570899963378906,10.606100082397461,10.570899963378906,10.570899963378906,0,10.596979999542237,10.588146264756938,49.05960928868257,0.01003630069218886,-0.0011716264196801607,0.0033667921063940914,EURMAD
2024-03-27,10.606100082397461,10.622699737548828,10.606100082397461,10.606100082397461,0,10.59419002532959,10.591410595237033,53.75138573522137,0.010718931590062653,0.0033299074951518293,0.0035897834868525,EURMAD
2024-03-28,10.622699737548828,10.622699737548828,10.586999893188477,10.622699737548828,0,10.593939971923827,10.597099530202813,55.81800275001699,0.012455792315968495,0.0015651045174387423,0.0036270659526147953,EURMAD
2024-03-29,10.586999893188477,10.586999893188477,10.548199653625488,10.586999893188477,0,10.589699935913085,10.595263232563843,50.582990330242815,0.010826783450641031,-0.003360712930081333,0.003771170217623813,EURMAD
2024-04-01,10.548199653625488,10.548199653625488,10.548199653625488,10.548199653625488,0,10.586539936065673,10.586706218211415,45.57957595741297,0.006331936500412638,-0.003664894677854136,0.0036566432303712882,EURMAD
2024-04-02,10.494799613952637,10.494799613952637,10.494799613952637,10.548199653625488,0,10.57977991104126,10.579705024650336,45.57957595741297,0.0027381739439604758,0.0,0.0034255318772422375,EURMAD
2024-04-03,10.494799613952637,10.542099952697754,10.494799613952637,10.494799613952637,0,10.573259830474854,10.564267677250754,39.364539428483695,-0.004368488476666599,-0.005062479041577306,0.0033969018125079354,EURMAD
2024-04-04,10.542099952697754,10.597700119018555,10.542099952697754,10.542099952697754,0,10.571919822692871,10.560237181877481,46.34367569619019,-0.006113356644480206,0.00450702638306999,0.0037654291471626252,EURMAD
2024-04-05,10.597700119018555,10.597700119018555,10.583499908447266,10.597700119018555,0,10.570099830627441,10.56704862499404,53.16737692828954,-0.0029754098142493746,0.005274107300279551,0.0036900963188209054,EURMAD
2024-04-08,10.583499908447266,10.583499908447266,10.518099784851074,10.583499908447266,0,10.570119857788086,10.57003976744008,51.37050830402608,-0.001615776989250861,-0.001339933231909951,0.0035775443699623388,EURMAD
2024-04-09,10.518099784851074,10.564800262451172,10.518099784851074,10.518099784851074,0,10.564839839935303,10.560596134242079,43.99571374501957,-0.005749228060082601,-0.006179441976844724,0.004076640848321066,EURMAD
2024-04-10,10.564800262451172,10.564800262451172,10.564800262451172,10.564800262451172,0,10.560709857940674,10.561360521189187,49.56379888982709,-0.005196774383261271,0.0044400108912598935,0.004205393883690703,EURMAD
2024-04-11,10.570199966430664,10.570199966430664,10.44540023803711,10.564800262451172,0,10.554919910430907,10.561985928691366,49.56379888982708,-0.004704717805886105,0.0,0.0041536785920540074,EURMAD
2024-04-12,10.44540023803711,10.44540023803711,10.365400314331055,10.44540023803711,0,10.540759944915772,10.540788530390591,38.27892331575859,-0.013790376648028513,-0.011301683084196767,0.005342186860735272,EURMAD
2024-04-15,10.365400314331055,10.44789981842041,10.365400314331055,10.365400314331055,0,10.522480010986328,10.508899763834311,32.877579036515456,-0.027133375333972864,-0.00765886628400636,0.005674861539278731,EURMAD
2024-04-16,10.44789981842041,10.468000411987305,10.44789981842041,10.44789981842041,0,10.512450027465821,10.497808864668146,41.971115576825426,-0.03069692240746491,0.007959123775981292,0.006449993768303659,EURMAD
2024-04-17,10.468000411987305,10.468000411987305,10.459199905395508,10.468000411987305,0,10.509770107269286,10.492389145998901,43.96308049134216,-0.0315355866117617,0.001923888428893239,0.006330656974469567,EURMAD
2024-04-18,10.459199905395508,10.476499557495117,10.459199905395508,10.459199905395508,0,10.501480102539062,10.486354738616464,43.26285786252813,-0.03253531451576386,-0.0008407056023534976,0.0061072601696746595,EURMAD
2024-04-19,10.476499557495117,10.476499557495117,10.446200370788574,10.476499557495117,0,10.489360046386718,10.484562887503492,45.11352266089235,-0.03156777507630082,0.001654012950903061,0.005809042033795338,EURMAD
2024-04-22,10.446200370788574,10.46049976348877,10.446200370788574,10.446200370788574,0,10.47563009262085,10.477587884464414,42.4988588165047,-0.03286701377039236,-0.0028921097681778862,0.005835820657028801,EURMAD
2024-04-23,10.46049976348877,10.46969985961914,10.46049976348877,10.46049976348877,0,10.46987009048462,10.474480953377933,44.14417326332505,-0.032369690665515094,0.0013688606567592299,0.005617136970384699,EURMAD
2024-04-24,10.46969985961914,10.506099700927734,10.46969985961914,10.46969985961914,0,10.460360050201416,10.473611663603606,45.23003459823302,-0.030877253890148282,0.0008795082776524854,0.005374365441855025,EURMAD
2024-04-25,10.506099700927734,10.513400077819824,10.506099700927734,10.506099700927734,0,10.454489994049073,10.47951857948072,49.41969780600641,-0.026452397236507608,0.0034766843172826523,0.005548041455743214,EURMAD
2024-04-26,10.513400077819824,10.513400077819824,10.496500015258789,10.513400077819824,0,10.461289978027343,10.48567885190601,50.241811127413776,-0.022101811134868754,0.0006948703229463504,0.004060942612598316,EURMAD
2024-04-29,10.496500015258789,10.507100105285645,10.496500015258789,10.496500015258789,0,10.474399948120118,10.48764633615197,48.285254142495745,-0.019789512927513186,-0.0016074783072974608,0.002995168750275741,EURMAD
2024-04-30,10.507100105285645,10.507100105285645,10.50469970703125,10.507100105285645,0,10.48031997680664,10.491183385085364,49.610728169465766,-0.01690677053582057,0.0010098690050441839,0.0018594372680992945,EURMAD
2024-05-01,10.50469970703125,10.50469970703125,10.459199905395508,10.50469970703125,0,10.483989906311034,10.493640898166433,49.302562150213696,-0.014647026693268117,-0.00022845487625910987,0.0018087683830001736,EURMAD
2024-05-02,10.459199905395508,10.485799789428711,10.459199905395508,10.459199905395508,0,10.483989906311034,10.48737889948081,43.75448368392551,-0.016339268238358073,-0.004331375756061573,0.002326999037471283,EURMAD
2024-05-03,10.485799789428711,10.496399879455566,10.485799789428711,10.485799789428711,0,10.484919929504395,10.487091788562246,47.47572708904595,-0.015356967950653555,0.0025432044777613516,0.0024125378014102005,EURMAD
2024-05-06,10.496399879455566,10.496399879455566,10.458200454711914,10.496399879455566,0,10.489939880371093,10.488784168724667,48.92588570766834,-0.013566760054148475,0.0010108995250455166,0.002180830056438564,EURMAD
2024-05-07,10.458200454711914,10.458200454711914,10.4576997756958,10.458200454711914,0,10.489709949493408,10.483223493449621,44.19088438799454,-0.015056816125563088,-0.003639288249528194,0.0025053520302989437,EURMAD
2024-05-08,10.4576997756958,10.4576997756958,10.43529987335205,10.4576997756958,0,10.488509941101075,10.478582817494381,44.13059949618645,-0.016092591531798206,-4.787429905184215e-05,0.0024854760853939713,EURMAD
2024-05-09,10.43529987335205,10.454700469970703,10.43529987335205,10.43529987335205,0,10.481429958343506,10.470713191286684,41.40889569614594,-0.018507591919867394,-0.002141953089512927,0.002203145603729166,EURMAD
2024-05-10,10.454700469970703,10.465200424194336,10.454700469970703,10.454700469970703,0,10.475559997558594,10.46780178741105,44.59599667254475,-0.018641147571484495,0.0018591316832392568,0.0023116009714531636,EURMAD
2024-05-13,10.465200424194336,10.488499641418457,10.465200424194336,10.465200424194336,0,10.47243003845215,10.467328812280737,46.298574439073164,-0.017695747274181883,0.0010043285557335135,0.0023272614883737834,EURMAD
2024-05-14,10.488499641418457,10.488499641418457,10.481399536132812,10.488499641418457,0,10.47056999206543,10.47117805394214,49.9723649825938,-0.014894761082928198,0.0022263517448033454,0.002432526438622802,EURMAD
2024-05-15,10.481399536132812,10.481399536132812,10.476499557495117,10.481399536132812,0,10.468239974975585,10.473036505249533,48.875068225590624,-0.013096905530423086,-0.0006769419391127185,0.002437760444523749,EURMAD
2024-05-16,10.476499557495117,10.478300094604492,10.476499557495117,10.476499557495117,0,10.469969940185546,10.473666151112365,48.090256706179865,-0.011929958244939698,-0.0004674927828868247,0.001976077965404631,EURMAD
2024-05-17,10.478300094604492,10.478300094604492,10.451299667358398,10.478300094604492,0,10.469219970703126,10.47450868629275,48.41802619386395,-0.010736096776135184,0.0001718643807975262,0.0017930570137087549,EURMAD
2024-05-20,10.451299667358398,10.451299667358398,10.431400299072266,10.451299667358398,0,10.464709949493407,10.470288864668323,43.93769467256683,-0.011832266781448553,-0.0025767946138511855,0.0019079745630336952,EURMAD
2024-05-21,10.431400299072266,10.44320011138916,10.431400299072266,10.431400299072266,0,10.462029933929443,10.463218216378129,40.9315195645133,-0.014143662782439392,-0.0019040089672562877,0.001644229698788959,EURMAD
2024-05-22,10.44320011138916,10.44320011138916,10.390700340270996,10.44320011138916,0,10.460579967498779,10.45957856092559,43.404274801267164,-0.014852108663548691,0.0011311820061150613,0.001702018510276753,EURMAD
2024-05-23,10.390700340270996,10.447500228881836,10.390700340270996,10.390700340270996,0,10.456120014190674,10.447055248079298,36.152689824330274,-0.019425919985371465,-0.005027172759134335,0.0022393155255999385,EURMAD
2024-05-24,10.447500228881836,10.47350025177002,10.447500228881836,10.447500228881836,0,10.455399990081787,10.44713615367976,46.556052166243894,-0.018256967143365443,0.005466415809404213,0.002854391760067841,EURMAD
2024-05-27,10.47350025177002,10.47350025177002,10.446700096130371,10.47350025177002,0,10.456229972839356,10.451929626059805,50.529676438871086,-0.015058988394093475,0.002488635780672821,0.00295307597967333,EURMAD
2024-05-28,10.446700096130371,10.468500137329102,10.446700096130371,10.446700096130371,0,10.452050018310548,10.450978802436271,46.677188997149536,-0.014519741238208539,-0.0025588537733713945,0.0029549109072733617,EURMAD
2024-05-29,10.468500137329102,10.468500137329102,10.437299728393555,10.468500137329102,0,10.450760078430175,10.454164499689513,50.015557315081246,-0.012192752388106243,0.0020867873106460433,0.003053253160499923,EURMAD
2024-05-30,10.437299728393555,10.446399688720703,10.437299728393555,10.437299728393555,0,10.44684009552002,10.451098177635703,45.61399384143117,-0.012719585740995853,-0.002980408704804871,0.0031856660618812633,EURMAD
2024-05-31,10.446399688720703,10.446399688720703,10.440199851989746,10.446399688720703,0,10.443650054931641,10.450243906923884,47.076882167871766,-0.012261471609717134,0.0008718692155973429,0.0032065239968535847,EURMAD
2024-06-03,10.440199851989746,10.48859977722168,10.440199851989746,10.440199851989746,0,10.442540073394776,10.448417715117676,46.16577477110071,-0.012257392281870949,-0.0005934902852368085,0.0031099498056906772,EURMAD
2024-06-04,10.48859977722168,10.48859977722168,10.483799934387207,10.48859977722168,0,10.448260021209716,10.455723544591132,53.6993046447202,-0.008253548148594803,0.004635919418986001,0.003365980424523177,EURMAD
2024-06-05,10.483799934387207,10.483799934387207,10.444100379943848,10.483799934387207,0,10.452320003509522,10.460828342735873,52.90856584896612,-0.005405469146090525,-0.0004576247484336937,0.003373098781661276,EURMAD
2024-06-06,10.444100379943848,10.444100379943848,10.417499542236328,10.444100379943848,0,10.457660007476807,10.457786894955504,46.77364581187345,-0.006279383454183218,-0.0037867523886204735,0.0031682072779266107,EURMAD
2024-06-07,10.417499542236328,10.417499542236328,10.407099723815918,10.417499542236328,0,10.454659938812256,10.450461921733835,43.162201909795876,-0.009014518373613,-0.002546972619930199,0.0027650921434546364,EURMAD
2024-06-10,10.407099723815918,10.407099723815918,10.378000259399414,10.407099723815918,0,10.448019886016846,10.44257788574876,41.80324776941094,-0.011884315938056389,-0.0009983027480102713,0.0025909636782969823,EURMAD
2024-06-11,10.378000259399414,10.378000259399414,10.32349967956543,10.378000259399414,0,10.44114990234375,10.430836499139787,38.180891240170574,-0.0163186238301698,-0.0027961166116158287,0.002611565503211417,EURMAD
2024-06-12,10.32349967956543,10.373000144958496,10.32349967956543,10.32349967956543,0,10.426649856567384,10.411320713762631,32.5005693297629,-0.023954454059122554,-0.005251549284229662,0.0027806088141018002,EURMAD
2024-06-13,10.373000144958496,10.410900115966797,10.373000144958496,10.373000144958496,0,10.420219898223877,10.404353337616424,41.07524177013355,-0.025715201824704437,0.004794930685283916,0.0033211406643679875,EURMAD
2024-06-14,10.410900115966797,10.410900115966797,10.410900115966797,10.410900115966797,0,10.416669940948486,10.405543660952855,46.66209964724424,-0.023778294816169776,0.0036537135330825254,0.003566742316967274,EURMAD
2024-06-17,10.410900115966797,10.410900115966797,10.362299919128418,10.410900115966797,0,10.413739967346192,10.40651756186448,46.66209964724424,-0.021989797361435137,0.0,0.0035668940082678865,EURMAD
2024-06-18,10.362299919128418,10.371399879455566,10.362299919128418,10.362299919128418,0,10.401109981536866,10.398477990457922,40.89556920794925,-0.024214895714644413,-0.004668203161784512,0.0033503881109451135,EURMAD
2024-06-19,10.371399879455566,10.383299827575684,10.371399879455566,10.371399879455566,0,10.389869976043702,10.393554697548403,42.33260246409307,-0.02495633040157763,0.0008781795931567249,0.003409632954011239,EURMAD
2024-06-20,10.383299827575684,10.383299827575684,10.33549976348877,10.383299827575684,0,10.383789920806885,10.39169017573518,44.24177837407708,-0.024303540287439418,0.0011473810920827887,0.0033292080369098564,EURMAD
2024-06-21,10.33549976348877,10.33549976348877,10.297300338745117,10.33549976348877,0,10.375589942932129,10.381473737144923,38.69949212038865,-0.02732824214469254,-0.004603552327360094,0.0035222317324578073,EURMAD
2024-06-24,10.297300338745117,10.326199531555176,10.297300338745117,10.297300338745117,0,10.36461000442505,10.366169482890411,34.93324874602247,-0.032433837401068644,-0.00369594365224557,0.0036417168141778277,EURMAD
2024-06-25,10.326199531555176,10.326199531555176,10.318300247192383,10.326199531555176,0,10.359429931640625,10.358902219011277,39.713357586203315,-0.03375898254983589,0.0028064824623323936,0.0037725566789038305,EURMAD
2024-06-26,10.318300247192383,10.318300247192383,10.259699821472168,10.318300247192383,0,10.35890998840332,10.351520042316933,38.872717144546556,-0.03504262627596155,-0.0007649749880054291,0.003391403859401068,EURMAD
2024-06-27,10.259699821472168,10.293600082397461,10.259699821472168,10.259699821472168,0,10.347579956054688,10.334825456708794,33.249814035321805,-0.04032366171683499,-0.005679271228433147,0.003347629541929436,EURMAD
2024-06-28,10.293600082397461,10.316399574279785,10.293600082397461,10.293600082397461,0,10.335849952697753,10.327329934106732,38.76782245901135,-0.04129740186915676,0.0033042156705545,0.003293965522528439,EURMAD
2024-07-01,10.316399574279785,10.369500160217285,10.316399574279785,10.316399574279785,0,10.326399898529052,10.325342595956378,42.2269155102939,-0.03977091515037401,0.0022149191439166938,0.003449027345992754,EURMAD
2024-07-02,10.369500160217285,10.369500160217285,10.357500076293945,10.369500160217285,0,10.327119922637939,10.333371244003816,49.39690399159674,-0.03388577579277552,0.0051472013617896994,0.0036502126370384497,EURMAD
2024-07-03,10.357500076293945,10.379899978637695,10.357500076293945,10.357500076293945,0,10.325729942321777,10.337758304420204,47.948668754083755,-0.02984602058862329,-0.001157248058047955,0.0036572211614429037,EURMAD
2024-07-04,10.379899978637695,10.379899978637695,10.36139965057373,10.379899978637695,0,10.325389957427978,10.345420427005202,50.845663727202044,-0.024553957827594175,0.002162674600893144,0.003710272096075405,EURMAD
2024-07-05,10.36139965057373,10.36139965057373,10.343600273132324,10.36139965057373,0,10.327979946136475,10.348325740381297,48.44736093421997,-0.021603747272601836,-0.001782322382878343,0.003419436634457005,EURMAD
2024-07-08,10.343600273132324,10.343600273132324,10.339200019836426,10.343600273132324,0,10.332609939575196,10.347466564517847,46.189964736808896,-0.020466025553645295,-0.001717854541053332,0.00321665059871843,EURMAD
2024-07-09,10.339200019836426,10.339200019836426,10.320500373840332,10.339200019836426,0,10.33390998840332,10.34596355639395,45.62400103236796,-0.019692434435004458,-0.00042540828915516027,0.0031147008023056657,EURMAD
2024-07-10,10.320500373840332,10.320500373840332,10.314399719238281,10.320500373840332,0,10.334130001068115,10.341333886838747,43.20141445020303,-0.020353638972110843,-0.00180861633010454,0.0031651046538214685,EURMAD
2024-07-11,10.314399719238281,10.349499702453613,10.314399719238281,10.314399719238281,0,10.339599990844727,10.336436765456844,42.41021826878488,-0.021126388318759126,-0.0005911200407989758,0.0024811403411397065,EURMAD
2024-07-12,10.349499702453613,10.349499702453613,10.348099708557129,10.349499702453613,0,10.345189952850342,10.3388118449108,48.27924669194911,-0.018691063495465343,0.0034030078502642613,0.0024935589126818813,EURMAD
2024-07-15,10.348099708557129,10.361100196838379,10.348099708557129,10.348099708557129,0,10.348359966278077,10.340500547391951,48.06882611188627,-0.016681722323710346,-0.00013527164952253923,0.00242853599768765,EURMAD
2024-07-16,10.361100196838379,10.367199897766113,10.361100196838379,10.361100196838379,0,10.347519969940185,10.344245938200393,50.23775780192939,-0.01388027108894363,0.001256316487799225,0.0017968900727889784,EURMAD
2024-07-17,10.367199897766113,10.40429973602295,10.367199897766113,10.367199897766113,0,10.348489952087402,10.348419385394159,51.266203905925316,-0.011040636331413722,0.0005887117016392107,0.0017650857076853255,EURMAD
2024-07-18,10.40429973602295,10.40429973602295,10.371600151062012,10.40429973602295,0,10.350929927825927,10.358579449144848,57.0768136525235,-0.005730500790567916,0.0035785784611743754,0.00199162906568886,EURMAD
2024-07-19,10.371600151062012,10.384699821472168,10.371600151062012,10.371600151062012,0,10.351949977874757,10.360946849493423,51.27394059856297,-0.0041133472350427525,-0.0031428914766575833,0.0021822282962257024,EURMAD
2024-07-22,10.384699821472168,10.384699821472168,10.356300354003906,10.384699821472168,0,10.35605993270874,10.365265571671376,53.32134889534505,-0.0017544828812159352,0.0012630327258436047,0.0021085886187429334,EURMAD
2024-07-23,10.356300354003906,10.362500190734863,10.356300354003906,10.356300354003906,0,10.357769966125488,10.363635532095472,48.55773952744871,-0.0021518602609393866,-0.002734741297918064,0.002324292164130792,EURMAD
2024-07-24,10.362500190734863,10.38029956817627,10.362500190734863,10.362500190734863,0,10.361969947814941,10.363429106393543,49.61597570755424,-0.001944099320523307,0.0005986536233046902,0.00221914406441173,EURMAD
2024-07-25,10.38029956817627,10.38029956817627,10.332900047302246,10.38029956817627,0,10.36855993270874,10.36649646308131,52.628880791737124,-0.0003392753197939413,0.0017176720978322457,0.002223695042656724,EURMAD
2024-07-26,10.332900047302246,10.352999687194824,10.332900047302246,10.332900047302246,0,10.366899967193604,10.360388023848753,44.92462216414812,-0.0028592265533919914,-0.00456629604595804,0.0025301000124062878,EURMAD
2024-07-29,10.352999687194824,10.352999687194824,10.348400115966797,10.352999687194824,0,10.367389965057374,10.359044689911675,48.37573834953721,-0.003197573465170578,0.0019452080055517573,0.002616214737745875,EURMAD
2024-07-30,10.348400115966797,10.410099983215332,10.348400115966797,10.348400115966797,0,10.366119956970214,10.357109312830787,47.64005970777679,-0.003793137856233031,-0.00044427425548132504,0.0025841948289729508,EURMAD
2024-07-31,10.410099983215332,10.410099983215332,10.406800270080566,10.410099983215332,0,10.370409965515137,10.366743980173432,57.07114033698234,0.0007054052401826993,0.005962261466227803,0.0032266730077761523,EURMAD
2024-08-01,10.406800270080566,10.406800270080566,10.387800216674805,10.406800270080566,0,10.370660018920898,10.374026941974728,56.4851729874323,0.003958641031578836,-0.0003169722807740971,0.0030319408130337873,EURMAD
2024-08-02,10.387800216674805,10.387800216674805,10.35319995880127,10.387800216674805,0,10.372280025482178,10.376531173738378,53.1041461568482,0.004946685997806455,-0.0018257344152541322,0.0029048204909166517,EURMAD
2024-08-05,10.746399879455566,10.75629997253418,10.416199684143066,10.742300033569336,0,10.408040046691895,10.443034602798551,78.70990444643483,0.03394361048432515,0.0341265532162891,0.011157750774195254,EURMAD
2024-08-06,10.416199684143066,10.416199684143066,10.393699645996094,10.416199684143066,0,10.414029979705811,10.438155526679372,51.08022163174776,0.030261473754753965,-0.030356659971069178,0.015450971607362484,EURMAD
2024-08-07,10.393699645996094,10.393699645996094,10.375100135803223,10.393699645996094,0,10.417149925231934,10.430072639282411,49.7817474317556,0.025236873857981124,-0.0021601005001109508,0.01547727183372729,EURMAD
2024-08-08,10.375100135803223,10.41409969329834,10.375100135803223,10.375100135803223,0,10.416629981994628,10.42007763864983,48.680119040945,0.01952890020429443,-0.00178949852568,0.01548403617860434,EURMAD
2024-08-09,10.41409969329834,10.41409969329834,10.373700141906738,10.41409969329834,0,10.424749946594238,10.418990739495014,51.12251830169626,0.01794536531621027,0.003758957213389591,0.01543153176507469,EURMAD
2024-08-12,10.373700141906738,10.39009952545166,10.373700141906738,10.373700141906738,0,10.426819992065429,10.410756085388053,48.545139120660345,0.013277442255089866,-0.0038793129105149093,0.015497059319368022,EURMAD
2024-08-13,10.39009952545166,10.39009952545166,10.389699935913086,10.39009952545166,0,10.430989933013915,10.4070003472178,49.654723843087645,0.010777140626684556,0.0015808615364418799,0.015499375280564165,EURMAD
2024-08-14,10.389699935913086,10.452799797058105,10.389699935913086,10.389699935913086,0,10.428949928283691,10.40385481788967,49.626642348244,0.008663522343496766,-3.845868247898121e-05,0.015380539364316758,EURMAD
2024-08-15,10.452799797058105,10.452799797058105,10.41510009765625,10.452799797058105,0,10.433549880981445,10.412753905011202,54.046211652802256,0.011942431160619549,0.006073309290377971,0.015502332019092638,EURMAD
2024-08-16,10.41510009765625,10.41510009765625,10.405900001525879,10.41510009765625,0,10.43627986907959,10.413180485492118,51.15826590240177,0.011367897305389008,-0.003606660429147923,0.01554282125382199,EURMAD
2024-08-19,10.405900001525879,10.405900001525879,10.404999732971191,10.405900001525879,0,10.402639865875244,10.411856761134619,50.44979448167505,0.010054304453365859,-0.0008833420748823873,0.01007622772608688,EURMAD
2024-08-20,10.404999732971191,10.429300308227539,10.404999732971191,10.404999732971191,0,10.401519870758056,10.410610028741269,50.376275923860234,0.008838741001369499,-8.651520335145602e-05,0.0031644270328162,EURMAD
2024-08-21,10.429300308227539,10.440600395202637,10.429300308227539,10.429300308227539,0,10.4050799369812,10.414008261375136,52.39296020174256,0.00972415750813127,0.002335471012012036,0.003159052806089273,EURMAD
2024-08-22,10.440600395202637,10.440600395202637,10.429499626159668,10.440600395202637,0,10.411629962921143,10.418843194798317,53.34251449990582,0.011208474729297535,0.0010834942557156335,0.0030726735053292803,EURMAD
2024-08-23,10.429499626159668,10.429499626159668,10.384499549865723,10.429499626159668,0,10.413169956207275,10.420780727773108,52.240190303129864,0.011358137987704353,-0.0010632309084513958,0.002901334361180249,EURMAD
2024-08-26,10.384499549865723,10.415599822998047,10.384499549865723,10.384499549865723,0,10.414249897003174,10.414184149971764,47.917310528739534,0.007756208380527596,-0.004314691778795843,0.0029709741035658056,EURMAD
2024-08-27,10.415599822998047,10.425000190734863,10.415599822998047,10.415599822998047,0,10.416799926757813,10.41444154506745,50.938938446426086,0.00732672738966933,0.0029948745226462403,0.0030804923347275883,EURMAD
2024-08-28,10.40719985961914,10.40719985961914,10.40719985961914,10.425000190734863,0,10.42032995223999,10.416361298825162,51.84827521831157,0.007656630850028989,0.0009025277369105744,0.0030850899112474634,EURMAD
2024-08-29,10.40719985961914,10.42549991607666,10.40719985961914,10.40719985961914,0,10.415769958496094,10.414695582605884,49.959946080339115,0.006407877735949086,-0.0017074657832181206,0.002380058024980283,EURMAD
2024-08-30,10.42549991607666,10.430399894714355,10.42549991607666,10.42549991607666,0,10.416809940338135,10.416660006873297,51.899500627403505,0.0068163192273882345,0.0017584034807023308,0.0021820096906583577,EURMAD
2024-09-02,10.507200241088867,10.507200241088867,10.507200241088867,10.430399894714355,0,10.419259929656983,10.419158168298944,52.4311597045778,0.007449525880071306,0.00046999939351977105,0.002155921982315715,EURMAD
2024-09-03,10.507200241088867,10.507200241088867,10.429300308227539,10.507200241088867,0,10.42947998046875,10.435165817897111,59.910567778933135,0.013987256434070616,0.007363125781345126,0.0031083224595115653,EURMAD
2024-09-04,10.429300308227539,10.451600074768066,10.429300308227539,10.429300308227539,0,10.42947998046875,10.434099361593551,51.12902598450726,0.012735771409843721,-0.007413957198293075,0.004029267714217724,EURMAD
2024-09-05,10.451600074768066,10.465200424194336,10.451600074768066,10.451600074768066,0,10.430579948425294,10.437281309443463,53.24189304985972,0.013389024959224116,0.002138184334661064,0.0040741216490446765,EURMAD
2024-09-06,10.465200424194336,10.465200424194336,10.44379997253418,10.465200424194336,0,10.43415002822876,10.442357512125438,54.53297020479545,0.014833179973980037,0.0013012695978582567,0.004066893967541827,EURMAD
2024-09-09,10.44379997253418,10.44379997253418,10.405500411987305,10.44379997253418,0,10.440080070495606,10.442619777654299,52.09542639677895,0.014088442830608727,-0.0020449156053122808,0.0038343655262637905,EURMAD
2024-09-10,10.405500411987305,10.413999557495117,10.405500411987305,10.405500411987305,0,10.439070129394532,10.435870802078481,47.96343778810587,0.010289171659492169,-0.003667205485321179,0.003944609052629203,EURMAD
2024-09-11,10.413999557495117,10.434100151062012,10.413999557495117,10.413999557495117,0,10.437970066070557,10.431894212154234,48.93144642664333,0.00787327369802071,0.0008167935391190095,0.003942304639038855,EURMAD
2024-09-12,10.434100151062012,10.439299583435059,10.434100151062012,10.434100151062012,0,10.440660095214843,10.432295291955647,51.24158746072159,0.00749421838655806,0.001930151183118456,0.003945178217529408,EURMAD
2024-09-13,10.439299583435059,10.476200103759766,10.439299583435059,10.439299583435059,0,10.442040061950683,10.433568799497356,51.84836253554835,0.007526603065324267,0.0004983115264154403,0.003912171088608139,EURMAD
2024-09-16,10.476200103759766,10.495100021362305,10.476200103759766,10.476200103759766,0,10.446620082855224,10.441319945726885,56.030435262275624,0.010409833673561408,0.0035347697448266935,0.0040582847562894275,EURMAD
2024-09-17,10.495100021362305,10.499899864196777,10.495100021362305,10.495100021362305,0,10.445410060882569,10.45109814129696,58.040556906640035,0.014057830184793119,0.0018040813859365734,0.0033188129427052207,EURMAD
2024-09-18,10.499899864196777,10.499899864196777,10.488300323486328,10.499899864196777,0,10.452470016479491,10.4599711818242,58.55870662255255,0.017138637362039688,0.00045734131401342637,0.0021058908882403506,EURMAD
2024-09-19,10.488300323486328,10.493000030517578,10.488300323486328,10.488300323486328,0,10.456140041351318,10.465121934853677,56.735325071691314,0.018431743585409777,-0.001104728698413826,0.0021055494565142283,EURMAD
2024-09-20,10.493000030517578,10.493000030517578,10.480199813842773,10.493000030517578,0,10.458920001983643,10.47019067951984,57.315252266976955,0.01960971804113676,0.0004480904327963664,0.002079967337732389,EURMAD
2024-09-23,10.480199813842773,10.480199813842773,10.427599906921387,10.480199813842773,0,10.462559986114503,10.472010522124009,55.14708006911354,0.019288060024800657,-0.00121988150553487,0.0019925898305182313,EURMAD
2024-09-24,10.427599906921387,10.443400382995605,10.427599906921387,10.427599906921387,0,10.46476993560791,10.463935864814442,47.238913612555685,0.014620237835654137,-0.0050189793950216055,0.0023151285823910053,EURMAD
2024-09-25,10.443400382995605,10.463399887084961,10.443400382995605,10.443400382995605,0,10.467710018157959,10.460202140847379,49.57798438668705,0.01205693662972962,0.001515255304696872,0.002345650170634348,EURMAD
2024-09-26,10.463399887084961,10.463399887084961,10.4483003616333,10.463399887084961,0,10.470639991760255,10.460783549254213,52.45141658382813,0.01150665325751632,0.0019150375697478683,0.002344476554590081,EURMAD
2024-09-27,10.4483003616333,10.488699913024902,10.4483003616333,10.4483003616333,0,10.471540069580078,10.458513878777682,50.128701393027704,0.00973986906083546,-0.0014430802238857288,0.0024042775267891963,EURMAD
2024-09-30,10.488699913024902,10.518199920654297,10.488699913024902,10.488699913024902,0,10.472790050506593,10.464002248640812,55.77201078429843,0.011467397005663571,0.0038666146639458887,0.0024587965467237835,EURMAD
2024-10-01,10.518199920654297,10.518199920654297,10.482999801635742,10.518199920654297,0,10.475100040435791,10.47385637082508,59.38601807316074,0.015043467690642132,0.002812551400461105,0.002554280552080374,EURMAD
2024-10-02,10.482999801635742,10.482999801635742,10.454700469970703,10.482999801635742,0,10.473410034179688,10.475518812790655,53.74289439867495,0.01486581024074951,-0.0033465915540770164,0.002788027303188573,EURMAD
2024-10-03,10.454700469970703,10.454700469970703,10.447500228881836,10.454700469970703,0,10.470050048828124,10.471733659550663,49.65747431613742,0.012299712445008382,-0.0026995451874971543,0.0028919053052570386,EURMAD
2024-10-04,10.447500228881836,10.447500228881836,10.446499824523926,10.447500228881836,0,10.46550006866455,10.46732758124724,48.644256586998445,0.0095746910943042,-0.0006887085009799065,0.0028808081264070887,EURMAD
2024-10-07,10.446499824523926,10.446499824523926,10.434300422668457,10.446499824523926,0,10.462130069732666,10.463540716388456,48.496196142376775,0.007250785231507351,-9.575538032957631e-05,0.0028684991673869255,EURMAD
2024-10-08,10.434300422668457,10.434300422668457,10.428500175476074,10.434300422668457,0,10.462800121307373,10.458224299348457,46.632216424506026,0.0043742595758136105,-0.0011677980242559283,0.002385065632311522,EURMAD
2024-10-09,10.428500175476074,10.428500175476074,10.417400360107422,10.428500175476074,0,10.46131010055542,10.452819913189842,45.73220444177553,0.001608024490325377,-0.0005558827096622254,0.002334703980693651,EURMAD
2024-10-10,10.417400360107422,10.417400360107422,10.39780044555664,10.417400360107422,0,10.456710147857667,10.446379994447584,43.98276583720585,-0.001463034133013963,-0.0010643731295852943,0.002231075968410198,EURMAD
2024-10-11,10.39780044555664,10.39780044555664,10.38379955291748,10.39780044555664,0,10.45166015625,10.437547349194684,41.00022809083372,-0.005415987387452859,-0.0018814592770992622,0.0022571674823896994,EURMAD
2024-10-14,10.38379955291748,10.38379955291748,10.3681001663208,10.38379955291748,0,10.441170120239258,10.427775022598828,38.96744262090568,-0.009568190206021399,-0.001346524460867471,0.001665717342604288,EURMAD
2024-10-15,10.3681001663208,10.387999534606934,10.3681001663208,10.3681001663208,0,10.426160144805909,10.416925048730095,36.76621076345936,-0.013964674077785233,-0.0015119115615312984,0.0009887396142057745,EURMAD
2024-10-16,10.387999534606934,10.396100044250488,10.387999534606934,10.387999534606934,0,10.416660118103028,10.411665864344064,41.29304632844927,-0.015662657144487113,0.0019192878123199808,0.0012306987427487062,EURMAD
2024-10-17,10.396100044250488,10.396100044250488,10.391300201416016,10.396100044250488,0,10.410800075531006,10.40883571523614,43.07942102234551,-0.016168299437209654,0.0007797949563406181,0.0011580073100236844,EURMAD
2024-10-18,10.391300201416016,10.399399757385254,10.391300201416016,10.391300201416016,0,10.405180072784423,10.405647439996118,42.25887989963566,-0.016763097249501868,-0.0004616964836854365,0.001157457839628804,EURMAD
2024-10-21,10.399399757385254,10.415800094604492,10.399399757385254,10.399399757385254,0,10.400470066070557,10.404511497703233,44.1906538481169,-0.016391956059313983,0.0007794554879796411,0.0012257420912845482,EURMAD
2024-10-22,10.415800094604492,10.415800094604492,10.377099990844727,10.415800094604492,0,10.39862003326416,10.406563969867097,47.98531762796942,-0.014606083997554364,0.0015770465220930063,0.001348594211336787,EURMAD
2024-10-23,10.377099990844727,10.377099990844727,10.337400436401367,10.377099990844727,0,10.393480014801025,10.40120688277212,40.915638052089065,-0.016127633149405796,-0.0037155190583787467,0.0017559408230301452,EURMAD
2024-10-24,10.337400436401367,10.337400436401367,10.334099769592285,10.337400436401367,0,10.38548002243042,10.38960571070471,35.188356580825015,-0.020302855396058916,-0.0038256887259816574,0.0020485788786762473,EURMAD
2024-10-25,10.334099769592285,10.348199844360352,10.334099769592285,10.334099769592285,0,10.379109954833984,10.379513721411541,34.75279489183298,-0.023605970401471055,-0.0003192936976166294,0.0020135607650970137,EURMAD
2024-10-28,10.334400177001953,10.334400177001953,10.334400177001953,10.348199844360352,0,10.37554998397827,10.373820289220415,38.268113177261576,-0.02480007482134816,0.0013644221637529874,0.00208498269232483,EURMAD
2024-10-29,10.334400177001953,10.334400177001953,10.313799858093262,10.334400177001953,0,10.372179985046387,10.366652996089785,36.21182025084674,-0.026553832947319833,-0.001333533132907072,0.002074593080763882,EURMAD
2024-10-30,10.313799858093262,10.330400466918945,10.313799858093262,10.313799858093262,0,10.36476001739502,10.357043334635872,33.332403227363855,-0.029268582469530458,-0.001993373447501612,0.0019709656326971285,EURMAD
2024-10-31,10.330400466918945,10.353599548339844,10.330400466918945,10.330400466918945,0,10.358190059661865,10.352199176869156,37.63591988699663,-0.029737712787509807,0.001609553128244734,0.002056490192502647,EURMAD
2024-11-01,10.353599548339844,10.353599548339844,10.340800285339355,10.353599548339844,0,10.354419994354249,10.352453789863826,43.158078717623056,-0.027915734743377385,0.0022457097859069908,0.002250452530750928,EURMAD
2024-11-04,10.340800285339355,10.371999740600586,10.340800285339355,10.340800285339355,0,10.348560047149657,10.350334970859377,41.00099204643045,-0.0271911548656103,-0.0012362138346890816,0.0022270909121011317,EURMAD
2024-11-05,10.374300003051758,10.374300003051758,10.374300003051758,10.371999740600586,0,10.344180011749268,10.354274019903233,47.844131714569635,-0.023824747933522517,0.003017121924834276,0.0024191045611256868,EURMAD
2024-11-06,10.241900444030762,10.241900444030762,10.241900444030762,10.374300003051758,0,10.343900012969971,10.357915107748418,48.32006677713176,-0.020732245806195593,0.0002217761770826332,0.0021254913311306626,EURMAD
2024-11-07,10.241900444030762,10.300200462341309,10.241900444030762,10.241900444030762,0,10.33435001373291,10.336821532527026,30.862866021258185,-0.028634868553627513,-0.012762264343815888,0.004477929939708937,EURMAD
2024-11-08,10.300200462341309,10.309200286865234,10.300200462341309,10.300200462341309,0,10.330960083007813,10.330163156129622,40.975141079824695,-0.029849345102441305,0.005692304726953923,0.004946354270913891,EURMAD
2024-11-11,10.309200286865234,10.309200286865234,10.239399909973145,10.309200286865234,0,10.327060127258301,10.326351725354279,42.376304033477204,-0.02974275987122965,0.0008737523659689828,0.0049302240075977865,EURMAD
2024-11-12,10.239399909973145,10.239399909973145,10.195099830627441,10.239399909973145,0,10.31756010055542,10.31054230437589,35.36450202092372,-0.03488842532681424,-0.006770687827359567,0.005332145713566815,EURMAD
2024-11-13,10.195099830627441,10.237299919128418,10.195099830627441,10.195099830627441,0,10.305690097808839,10.289552763694353,31.771364377923405,-0.04205625017199566,-0.0043264331635836095,0.005434855807143502,EURMAD
2024-11-14,10.237299919128418,10.237299919128418,10.17609977722168,10.237299919128418,0,10.296380043029785,10.280052246500546,38.21166769540624,-0.0438264050258681,0.0041392521115097836,0.005632518109097018,EURMAD
2024-11-15,10.17609977722168,10.204999923706055,10.17609977722168,10.17609977722168,0,10.27863006591797,10.261151797540752,33.302181243957804,-0.04959589487800464,-0.0059781526760182,0.005723357861850569,EURMAD
2024-11-18,10.204999923706055,10.215399742126465,10.204999923706055,10.204999923706055,0,10.265050029754638,10.250942365934444,37.3928676158713,-0.05124553028616141,0.0028400022717018913,0.0059034077398468525,EURMAD
2024-11-19,10.215399742126465,10.215399742126465,10.212900161743164,10.215399742126465,0,10.249390029907227,10.244480070696628,38.846374712333514,-0.051124369888233545,0.00101909049467519,0.0057732344310045675,EURMAD
2024-11-20,10.212900161743164,10.212900161743164,10.204000473022461,10.212900161743164,0,10.233250045776368,10.238738269068726,38.61433201499767,-0.05064622647441119,-0.00024468747639827537,0.005759599408814173,EURMAD
2024-11-21,10.204000473022461,10.204000473022461,10.181400299072266,10.204000473022461,0,10.229460048675538,10.232422306151221,37.74971557999551,-0.05040439439316202,-0.000871416402761005,0.004205890485732771,EURMAD
2024-11-22,10.181400299072266,10.181400299072266,10.139300346374512,10.181400299072266,0,10.217580032348632,10.22314557759141,35.57150979447978,-0.05144337864014048,-0.0022148346631251092,0.0036472319315274723,EURMAD
2024-11-25,10.188799858093262,10.188799858093262,10.188799858093262,10.139300346374512,0,10.200590038299561,10.207900990097428,31.881111910700753,-0.05502954909283453,-0.004134986491159731,0.003681671668781585,EURMAD
2024-11-26,10.188799858093262,10.199000358581543,10.188799858093262,10.188799858093262,0,10.195530033111572,10.20442805700576,39.79045201968157,-0.05326343043184956,0.004881945501934881,0.0037261644016151367,EURMAD
2024-11-27,10.199000358581543,10.208100318908691,10.199000358581543,10.199000358581543,0,10.195920085906982,10.203441202746811,41.302948036631385,-0.05045901343136627,0.0010011483815905997,0.0034899105635155868,EURMAD
2024-11-28,10.208100318908691,10.217599868774414,10.208100318908691,10.208100318908691,0,10.19300012588501,10.204288314776242,42.68616729174424,-0.046960866371483334,0.000892240416433765,0.003206030452919991,EURMAD
2024-11-29,10.217599868774414,10.227399826049805,10.217599868774414,10.217599868774414,0,10.197150135040284,10.206708597321365,44.16536633973468,-0.042927187445002346,0.0009305893916546903,0.002510965445279573,EURMAD
2024-12-02,10.227399826049805,10.227399826049805,10.181500434875488,10.227399826049805,0,10.199390125274657,10.210470638908353,45.72168792007,-0.03849593599693257,0.0009591251762892661,0.002375500952470497,EURMAD
2024-12-03,10.181500434875488,10.181500434875488,10.17609977722168,10.181500434875488,0,10.19600019454956,10.205203329084195,40.08589896007319,-0.03824694756580449,-0.004487884697477851,0.002774888571892931,EURMAD
2024-12-04,10.17609977722168,10.17609977722168,10.142399787902832,10.17609977722168,0,10.192320156097413,10.199911774200102,39.46942089559423,-0.038046830202508986,-0.0005304382873971836,0.0027753965387164277,EURMAD
2024-12-05,10.142399787902832,10.142399787902832,10.129300117492676,10.142399787902832,0,10.18616008758545,10.189455049418779,35.7724773685737,-0.04014477922020454,-0.003311680315309262,0.0029286563912668206,EURMAD
2024-12-06,10.129300117492676,10.194000244140625,10.129300117492676,10.129300117492676,0,10.18095006942749,10.178517789068579,34.42275939135581,-0.04237596906200025,-0.0012915750398422299,0.002886391959153104,EURMAD
2024-12-09,10.194000244140625,10.20680046081543,10.194000244140625,10.194000244140625,0,10.186420059204101,10.18133278089986,45.38365608726748,-0.038479871580811675,0.00638742320767216,0.0033053035098890354,EURMAD
2024-12-10,10.20680046081543,10.20680046081543,10.195199966430664,10.20680046081543,0,10.188220119476318,10.185963268157234,47.26174260774478,-0.03396775659350304,0.0012556617979444518,0.00295695743101287,EURMAD
2024-12-11,10.195199966430664,10.195199966430664,10.131600379943848,10.195199966430664,0,10.18784008026123,10.187642667843312,45.727088925737284,-0.030970922390912037,-0.0011365456226268833,0.0029682838355047066,EURMAD
2024-12-12,10.131600379943848,10.137900352478027,10.131600379943848,10.131600379943848,0,10.180190086364746,10.1774531609525,38.370725977011034,-0.033343501668275266,-0.006238189216124068,0.0035253996313778847,EURMAD
2024-12-13,10.137900352478027,10.137900352478027,10.13129997253418,10.137900352478027,0,10.172220134735108,10.170261741229867,39.41054012577387,-0.0343198152399129,0.0006218141555061063,0.003510400347959155,EURMAD
2024-12-16,10.13129997253418,10.13129997253418,10.128700256347656,10.13129997253418,0,10.162610149383545,10.163177783285196,38.674322270897534,-0.03522015031019521,-0.0006510598560217629,0.0034584505047337176,EURMAD
2024-12-17,10.128700256347656,10.15369987487793,10.128700256347656,10.128700256347656,0,10.157330131530761,10.156909142023824,38.37028233012737,-0.03573155656748561,-0.00025660242945835243,0.0032270085716820936,EURMAD
2024-12-18,10.15369987487793,10.15369987487793,10.142200469970703,10.15369987487793,0,10.155090141296387,10.156325638906388,43.010070706000164,-0.03373076219608073,0.0024681961058732327,0.0033619275783107532,EURMAD
2024-12-19,10.142200469970703,10.142200469970703,10.101300239562988,10.142200469970703,0,10.155070209503174,10.153757426372627,41.463737409097384,-0.032696123553579426,-0.0011325334655279962,0.0032059267765667623,EURMAD
2024-12-20,10.101300239562988,10.11870002746582,10.101300239562988,10.101300239562988,0,10.152270221710205,10.1442197560436,36.44488314641544,-0.034775600278688756,-0.004032678167702697,0.0034376871737806167,EURMAD
2024-12-23,10.11870002746582,10.123499870300293,10.11870002746582,10.11870002746582,0,10.144740200042724,10.139579805393094,39.78414065503993,-0.03462049952943147,0.0017225295249301276,0.002662881980935566,EURMAD
2024-12-24,10.123499870300293,10.1427001953125,10.123499870300293,10.123499870300293,0,10.136410140991211,10.136656180830766,40.70958776941787,-0.033721552795732634,0.00047435370368176244,0.002608801907645813,EURMAD
2024-12-25,10.1427001953125,10.1427001953125,10.1427001953125,10.1427001953125,0,10.131160163879395,10.137755092554718,44.3912989322065,-0.03110130874076944,0.001896609399733018,0.002740408683305385,EURMAD
2024-12-26,10.1427001953125,10.1427001953125,10.1427001953125,10.1427001953125,0,10.13227014541626,10.138654202147041,44.3912989322065,-0.028693980108069894,0.0,0.001861283631238633,EURMAD
2024-12-27,10.192299842834473,10.192299842834473,10.192299842834473,10.1427001953125,0,10.132750129699707,10.139389837268034,44.3912989322065,-0.026480899497174804,0.0,0.0018526915446933343,EURMAD
2024-12-30,10.192299842834473,10.208200454711914,10.192299842834473,10.192299842834473,0,10.138850116729737,10.149009838280113,53.67292708610907,-0.020488560760421493,0.004890181762928991,0.0023751006600533984,EURMAD
2024-12-31,10.208200454711914,10.208200454711914,10.17650032043457,10.208200454711914,0,10.146800136566162,10.159771768540441,56.19701815668662,-0.014291795722765954,0.001560061234719301,0.0023715192267917467,EURMAD
2025-01-02,10.1141996383667,10.1141996383667,10.1141996383667,10.208200454711914,0,10.152250194549561,10.168576984207983,56.19701815668662,-0.009273910912945382,0.0,0.0023043241613901976,EURMAD
2025-01-03,10.1141996383667,10.1141996383667,10.046500205993652,10.1141996383667,0,10.14945011138916,10.158690194055021,40.913484354707315,-0.012735474705863226,-0.009208363096144478,0.0038509135090905766,EURMAD
2025-01-06,10.046500205993652,10.078700065612793,10.046500205993652,10.046500205993652,0,10.143970108032226,10.138292014407499,33.786689799526926,-0.020702917015476885,-0.0066935036674814485,0.004214563384192447,EURMAD
2025-01-07,10.078700065612793,10.078700065612793,10.077799797058105,10.078700065612793,0,10.139970111846925,10.127457114626642,39.21056299679504,-0.024140634672873418,0.0032050822633666876,0.004327397102712083,EURMAD
2025-01-08,10.077799797058105,10.077799797058105,10.022299766540527,10.077799797058105,0,10.135400104522706,10.118428511432361,39.11409122428271,-0.02663071255499183,-8.93238759787085e-05,0.004318584772146255,EURMAD
2025-01-09,10.022299766540527,10.030200004577637,10.022299766540527,10.022299766540527,0,10.123360061645508,10.100950557815665,33.62212168410092,-0.03270549723264082,-0.00550715747833963,0.004503433338509688,EURMAD
2025-01-10,10.030200004577637,10.030200004577637,10.013799667358398,10.030200004577637,0,10.112110042572022,10.088086820863296,35.02074650627445,-0.03646201327931742,0.0007882659889584254,0.004533266223485291,EURMAD
2025-01-13,10.013799667358398,10.013799667358398,9.963800430297852,10.013799667358398,0,10.09921998977661,10.074580065680586,33.445277190694796,-0.040297920122217334,-0.001635095732064551,0.004518426360408153,EURMAD
2025-01-14,9.963800430297852,9.980299949645996,9.963800430297852,9.963800430297852,0,10.07637004852295,10.054438313792815,29.14113771717176,-0.04683256781168588,-0.004993033485933163,0.004081271498184211,EURMAD
2025-01-15,9.980299949645996,10.022600173950195,9.980299949645996,9.980299949645996,0,10.053579998016357,10.040958611220665,32.240104100408416,-0.050102400579802975,0.0016559463894894044,0.004091336725195232,EURMAD
2025-01-16,10.022600173950195,10.022600173950195,10.00510025024414,10.022600173950195,0,10.035019969940185,10.037620713535125,39.540453350320306,-0.04871889097409188,0.004238372044689909,0.004544496991790117,EURMAD
2025-01-17,10.00510025024414,10.012999534606934,10.00510025024414,10.00510025024414,0,10.024110031127929,10.031707902027673,37.72940903105686,-0.04847574897495477,-0.001746046275650004,0.0037383737154582097,EURMAD
2025-01-20,10.012999534606934,10.012999534606934,10.003800392150879,10.012999534606934,0,10.020759963989258,10.028306380678448,39.08566975015334,-0.04710268057660372,0.0007895257583852011,0.003199442539143294,EURMAD
2025-01-21,10.003800392150879,10.053400039672852,10.003800392150879,10.003800392150879,0,10.013269996643066,10.023850746400706,38.046423855177764,-0.046223966778644154,-0.0009187199524238743,0.002949246484847132,EURMAD
2025-01-22,10.053400039672852,10.0802001953125,10.053400039672852,10.053400039672852,0,10.01083002090454,10.029223345177458,46.33215513866837,-0.041052079906370054,0.004958080487180494,0.0034608450560267246,EURMAD
2025-01-23,10.0802001953125,10.0802001953125,10.062299728393555,10.0802001953125,0,10.016620063781739,10.038491863383829,50.207180856936716,-0.034394297663036255,0.0026657802866580926,0.003014201455635107,EURMAD
2025-01-24,10.062299728393555,10.131600379943848,10.062299728393555,10.062299728393555,0,10.01983003616333,10.04282056611287,47.728340845397256,-0.030214086170616383,-0.0017758047034888147,0.003102315732342511,EURMAD
2025-01-27,10.131600379943848,10.131600379943848,10.129199981689453,10.131600379943848,0,10.031610107421875,10.058962350445775,56.65142737910072,-0.021066414522451282,0.006887158345595834,0.003630045489377563,EURMAD
2025-01-28,10.129199981689453,10.129199981689453,10.098799705505371,10.129199981689453,0,10.048150062561035,10.071732828853715,56.29297317832195,-0.013850846971989128,-0.0002369219239189979,0.0029864730089653514,EURMAD
2025-01-29,10.098799705505371,10.098799705505371,10.059000015258789,10.098799705505371,0,10.060000038146972,10.076654079154016,51.82092106585099,-0.010464873379079975,-0.0030012514551037706,0.0033292061848756087,EURMAD
2025-01-30,10.059000015258789,10.084400177001953,10.059000015258789,10.059000015258789,0,10.063640022277832,10.073444249354884,46.60131543657026,-0.010867691314516037,-0.00394103174705851,0.003496538312905523,EURMAD
2025-01-31,10.084400177001953,10.084400177001953,10.07509994506836,10.084400177001953,0,10.071570014953613,10.075436236199804,50.05859718588668,-0.009033217349212919,0.002525117974414348,0.0034703673629738244,EURMAD
2025-02-03,10.07509994506836,10.07509994506836,10.009099960327148,10.07509994506836,0,10.077780055999757,10.075375092357723,48.8124291250314,-0.008234907617829634,-0.0009222394758593433,0.003512637121512413,EURMAD
2025-02-04,10.009099960327148,10.063300132751465,10.009099960327148,10.009099960327148,0,10.078310012817383,10.063325068352162,41.010111434898434,-0.012780562222255654,-0.006550801987181942,0.004176302576297482,EURMAD
2025-02-05,10.063300132751465,10.08430004119873,10.063300132751465,10.063300132751465,0,10.079300022125244,10.06332053460658,48.316262350324436,-0.011872664613841621,0.005415089532440298,0.004237893810439443,EURMAD
2025-02-06,10.08430004119873,10.08430004119873,10.048999786376953,10.08430004119873,0,10.079710006713867,10.067134990350608,50.855967330402294,-0.009350841430670442,0.0020867814901912585,0.004202853286813831,EURMAD
2025-02-07,10.048999786376953,10.048999786376953,10.047900199890137,10.048999786376953,0,10.078380012512207,10.063837680537215,46.701588183669855,-0.010084466484558519,-0.0035005161168906174,0.004319800980872999,EURMAD
2025-02-10,10.047900199890137,10.047900199890137,10.009400367736816,10.047900199890137,0,10.070009994506837,10.0609399567832,46.57396087208401,-0.010632037554396234,-0.0001094224808628752,0.003557413526777697,EURMAD
2025-02-11,10.018500328063965,10.018500328063965,10.018500328063965,10.009400367736816,0,10.058030033111573,10.051569122411129,42.223090767787745,-0.014011095087958836,-0.0038316296328003707,0.003671347855014151,EURMAD
2025-02-12,10.018500328063965,10.037199974060059,10.018500328063965,10.018500328063965,0,10.050000095367432,10.045556614348008,43.565071465398994,-0.015772911476043205,0.0009091414063604475,0.003664408100923387,EURMAD
2025-02-13,10.037199974060059,10.066300392150879,10.037199974060059,10.037199974060059,0,10.047820091247559,10.044037225204745,46.32406178873366,-0.015481794019997608,0.0018665114921154746,0.00356883017246067,EURMAD
2025-02-14,10.066300392150879,10.110799789428711,10.066300392150879,10.066300392150879,0,10.04601011276245,10.048085073740404,50.38879893266469,-0.01275587896861552,0.0028992565821173155,0.003602505962853429,EURMAD
2025-02-17,10.110799789428711,10.110799789428711,10.10219955444336,10.110799789428711,0,10.049580097198486,10.059487749320096,55.88968403622919,-0.006925014926496331,0.00442063077240662,0.003865750848631331,EURMAD
2025-02-18,10.10219955444336,10.10219955444336,10.099900245666504,10.10219955444336,0,10.058890056610107,10.06725353206978,54.628969633509,-0.0029638152350450753,-0.0008505988808465981,0.0030722350460100465,EURMAD
2025-02-19,10.099900245666504,10.099900245666504,10.069499969482422,10.099900245666504,0,10.062550067901611,10.073189298178274,54.276462219983706,-9.956174256586792e-06,-0.00022760476710681488,0.0026456167655518705,EURMAD
2025-02-20,10.069499969482422,10.072500228881836,10.069499969482422,10.069499969482422,0,10.06107006072998,10.072518511142665,49.709286793847625,-0.0001206589285018822,-0.0030099580634102008,0.0027655523927208325,EURMAD
2025-02-21,10.072500228881836,10.081999778747559,10.072500228881836,10.072500228881836,0,10.06342010498047,10.07251518709524,50.15506939694217,3.332010705392463e-05,0.00029795515254060767,0.0025014749379661328,EURMAD
2025-02-24,10.081999778747559,10.087300300598145,10.081999778747559,10.081999778747559,0,10.066830062866211,10.074239658304753,51.6174256910809,0.0009113780859415499,0.0009431173640963575,0.0025074423610177065,EURMAD
2025-02-25,10.087300300598145,10.087300300598145,10.064900398254395,10.087300300598145,0,10.074620056152344,10.076614320539916,52.45559528666912,0.0020117628257345643,0.0005257411195107586,0.002035902292183718,EURMAD
2025-02-26,10.064900398254395,10.065999984741211,10.064900398254395,10.064900398254395,0,10.079260063171386,10.074484516488003,48.622150004947734,0.0010640747531276418,-0.0022206042921535385,0.0022433939245723542,EURMAD
2025-02-27,10.065999984741211,10.065999984741211,10.057600021362305,10.065999984741211,0,10.082140064239502,10.072941874352221,48.81987734472512,0.0003971741908816995,0.000109249614333784,0.002189543885857902,EURMAD
2025-02-28,10.057600021362305,10.057600021362305,10.011899948120117,10.057600021362305,0,10.081270027160645,10.070152446535873,47.321631144044076,-0.0007999349999749938,-0.0008344887136538803,0.002005534606713832,EURMAD
2025-03-03,10.011899948120117,10.046099662780762,10.011899948120117,10.011899948120117,0,10.071380043029786,10.059561083187553,40.1095799377774,-0.005374314881079201,-0.004543834825914805,0.0017559430146816093,EURMAD
2025-03-04,10.046099662780762,10.08810043334961,10.046099662780762,10.046099662780762,0,10.065770053863526,10.057113552204498,46.66098372213019,-0.006168802622619651,0.0034159065549856926,0.002242180845909682,EURMAD
2025-03-05,10.08810043334961,10.144200325012207,10.08810043334961,10.08810043334961,0,10.064590072631836,10.062747530594518,53.40252029559151,-0.003370475963089703,0.004180803692845458,0.0027001807782129463,EURMAD
2025-03-06,10.144200325012207,10.198699951171875,10.144200325012207,10.144200325012207,0,10.072060108184814,10.077557129579551,60.57088887313454,0.003335560224304146,0.005560996545706631,0.0030200259089910395,EURMAD
2025-03-07,10.198699951171875,10.209699630737305,10.198699951171875,10.198699951171875,0,10.084680080413818,10.09958309714179,66.03701812712873,0.01289911362346885,0.005372491119412404,0.003345629414346472,EURMAD
2025-03-10,10.209699630737305,10.21150016784668,10.209699630737305,10.209699630737305,0,10.097450065612794,10.119604285068247,67.03047006099877,0.021122394985601645,0.0010785374232100686,0.0033445189025948217,EURMAD
2025-03-11,10.21150016784668,10.218099594116211,10.21150016784668,10.21150016784668,0,10.109870052337646,10.136312627391597,67.19960248743725,0.027468058329496614,0.00017635554173933699,0.003354902428787294,EURMAD
2025-03-12,10.218099594116211,10.218700408935547,10.218099594116211,10.218099594116211,0,10.125189971923827,10.15118298497789,67.8505947917296,0.03265315554260084,0.0006462739226418268,0.0031431253043814633,EURMAD
2025-03-13,10.218700408935547,10.218700408935547,10.190999984741211,10.218700408935547,0,10.140460014343262,10.163458880242919,67.91303215650319,0.03639136615905336,5.8799076462445754e-05,0.003145674041616083,EURMAD
2025-03-14,10.206100463867188,10.206100463867188,10.206100463867188,10.190999984741211,0,10.153800010681152,10.168466353788062,61.94027046855463,0.036695726778559035,-0.0027107580304550627,0.0033504222301993345,EURMAD
2025-03-17,10.206100463867188,10.206100463867188,10.196100234985352,10.206100463867188,0,10.17322006225586,10.175308919256995,63.80885758025023,0.037720597658266186,0.0014817465556458131,0.002645665949637987,EURMAD
2025-03-18,10.196100234985352,10.196100234985352,10.194499969482422,10.196100234985352,0,10.188220119476318,10.179089158480332,61.650189050431855,0.03729595575682865,-0.0009798285757856018,0.0027343233455037284,EURMAD
2025-03-19,10.194499969482422,10.194499969482422,10.172900199890137,10.194499969482422,0,10.1988600730896,10.181891124117076,61.29284908855792,0.03641057746621712,-0.00015694878100935838,0.0026001948917983306,EURMAD
2025-03-20,10.172900199890137,10.172900199890137,10.143500328063965,10.172900199890137,0,10.201730060577393,10.180256410621269,56.52998890325379,0.03357891111759237,-0.002118766948545292,0.002228246208831488,EURMAD
2025-03-21,10.143500328063965,10.143500328063965,10.079299926757812,10.143500328063965,0,10.1962100982666,10.17357348651994,50.74942565774334,0.028632414532191675,-0.0028900187014996304,0.0015653729912232504,EURMAD
2025-03-24,10.079299926757812,10.079299926757812,10.049799919128418,10.079299926757812,0,10.183170127868653,10.156432839290462,40.91131532719265,0.019309259387785715,-0.006329215677997269,0.002295884345029162,EURMAD
2025-03-25,10.049799919128418,10.049799919128418,10.018600463867188,10.049799919128418,0,10.167000102996827,10.137045035624634,37.33026293576425,0.009431467604635202,-0.0029267913291358694,0.00228652779514672,EURMAD
2025-03-26,10.018600463867188,10.038200378417969,10.018600463867188,10.018600463867188,0,10.147050189971925,10.11550965894146,33.945990731499364,-0.0009038695979235456,-0.0031044852148595092,0.0021837957266049703,EURMAD
2025-03-27,10.038200378417969,10.038200378417969,10.031700134277344,10.038200378417969,0,10.129000186920166,10.101453426119006,37.76317824530962,-0.007427529554878021,0.0019563525485890576,0.0024461265302004077,EURMAD
2025-03-28,10.031700134277344,10.080900192260742,10.031700134277344,10.031700134277344,0,10.113070201873779,10.088771009420523,36.999517363930934,-0.01297255293345323,-0.0006475507457094354,0.002445710075621872,EURMAD
2025-03-31,10.080900192260742,10.080900192260742,10.067500114440918,10.080900192260742,0,10.100550174713135,10.087339951755109,45.91472879306905,-0.013244318158065482,0.004904458598726125,0.00307820395703716,EURMAD
2025-04-01,10.067500114440918,10.06980037689209,10.067500114440918,10.067500114440918,0,10.087690162658692,10.083732708607073,44.084926040968824,-0.01437525930647432,-0.0013292540908312889,0.0030770407096269064,EURMAD
2025-04-02,10.06980037689209,10.06980037689209,10.045700073242188,10.06980037689209,0,10.075220203399658,10.081199557386167,44.49385519161938,-0.014914006970160543,0.0002284839756665491,0.003094814248455718,EURMAD
2025-04-03,10.045700073242188,10.172200202941895,10.045700073242188,10.045700073242188,0,10.062500190734863,10.074745105723624,41.102183055115496,-0.017088673869961823,-0.0023933248672145524,0.003104819368639224,EURMAD
2025-04-04,10.172200202941895,10.172200202941895,10.165200233459473,10.172200202941895,0,10.065370178222656,10.092464214308764,58.83834925052279,-0.008506551563332465,0.012592465311268342,0.005289503699597137,EURMAD
2025-04-07,10.107799530029297,10.107799530029297,10.107799530029297,10.165200233459473,0,10.073960208892823,10.105688945063438,57.80109205855298,-0.0022441279306608664,-0.0006881470422099856,0.00478089414270967,EURMAD
2025-04-08,10.107799530029297,10.107799530029297,10.102800369262695,10.107799530029297,0,10.07976016998291,10.106072687784502,50.01480662456556,-0.0018910700541301395,-0.005646785317738989,0.005087751411215685,EURMAD
2025-04-09,10.102800369262695,10.151200294494629,10.102800369262695,10.102800369262695,0,10.08818016052246,10.105477720780536,49.3907777101021,-0.0019917005532814613,-0.0004945844792182408,0.0049421922518339,EURMAD
2025-04-10,10.151200294494629,10.151200294494629,10.148799896240234,10.151200294494629,0,10.099480152130127,10.11379091600128,55.21657886804888,0.0018131180263214475,0.004790743503077399,0.005091818969011832,EURMAD
2025-04-11,10.148799896240234,10.20680046081543,10.148799896240234,10.148799896240234,0,10.111190128326417,10.120156185135635,54.87916974489163,0.004581954169234237,-0.00023646447560454753,0.005077497918955398,EURMAD
2025-04-14,10.213800430297852,10.213800430297852,10.213800430297852,10.20680046081543,0,10.123780155181885,10.135909689804688,61.06946422020559,0.011325879897809088,0.005715017062922101,0.005149646069658293,EURMAD
2025-04-15,10.195199966430664,10.195199966430664,10.195199966430664,10.213800430297852,0,10.138410186767578,10.150071642621626,61.75148470243825,0.017038914659273985,0.0006858142773824571,0.005076241181490834,EURMAD
2025-04-16,10.205499649047852,10.205499649047852,10.205499649047852,10.195199966430664,0,10.150950145721435,10.158276792405086,58.803517458617556,0.01983696569199367,-0.0018211109561150352,0.005171758967835483,EURMAD
2025-04-17,10.205499649047852,10.205499649047852,10.196200370788574,10.205499649047852,0,10.166930103302002,10.166862766340133,59.943844095212285,0.02262473573333601,0.0010102482198584006,0.00501493973603172,EURMAD
2025-04-22,10.24940013885498,10.24940013885498,10.24940013885498,10.196200370788574,0,10.16933012008667,10.17219687623985,58.37279518112114,0.023809231537256892,-0.0009112026435810217,0.0032202982380545617,EURMAD
2025-04-23,10.24940013885498,10.24940013885498,10.214400291442871,10.24940013885498,0,10.17775011062622,10.186233833078964,64.15987889121072,0.028709781183378524,0.005217607160685089,0.0035552159216488055,EURMAD
2025-04-24,10.214400291442871,10.214400291442871,10.214400291442871,10.214400291442871,0,10.188410186767578,10.191355007326948,58.40696046603085,0.02943005554352318,-0.0034148191053080534,0.0031503698642507444,EURMAD
2025-04-25,10.214400291442871,10.214400291442871,10.194100379943848,10.214400291442871,0,10.199570178985596,10.195545058984388,58.40696046603085,0.0296589878137965,0.0,0.0031271515217552296,EURMAD
2025-04-28,10.194100379943848,10.194100379943848,10.184399604797363,10.194100379943848,0,10.203860187530518,10.195282390067927,55.084560386445155,0.027880990381024873,-0.0019873816298378033,0.002969779371181366,EURMAD
2025-04-29,10.184399604797363,10.214599609375,10.184399604797363,10.184399604797363,0,10.207420158386231,10.193303701836916,53.517870205193226,0.025396389356416194,-0.0009516067906855108,0.0029959931802069698,EURMAD
2025-04-30,10.214599609375,10.214599609375,10.191300392150879,10.214599609375,0,10.208200073242187,10.197175685025659,57.56428169843465,0.025569464253797136,0.0029653200728112505,0.002540944539264195,EURMAD
2025-05-01,10.191300392150879,10.191300392150879,10.191300392150879,10.191300392150879,0,10.205950069427491,10.196107449957518,53.68162755809814,0.02355504732356728,-0.002280972149190985,0.0026337627767971604,EURMAD
2025-05-02,10.166899681091309,10.166899681091309,10.166899681091309,10.191300392150879,0,10.205560111999512,10.19523343944722,53.68162755809814,0.0217083668531739,0.0,0.002572807734892109,EURMAD
2025-05-05,10.126299858093262,10.126299858093262,10.126299858093262,10.166899681091309,0,10.201700115203858,10.190081847018872,49.61686263235586,0.01806765315961556,-0.002394268652738729,0.0026433706761457457,EURMAD
2025-05-06,10.123499870300293,10.123499870300293,10.123499870300293,10.126299858093262,0,10.194710063934327,10.178485121759671,43.68911929288675,0.011770610645907453,-0.003993333687904443,0.002881686128027838,EURMAD
2025-05-07,10.1358003616333,10.1358003616333,10.1358003616333,10.123499870300293,0,10.182120037078857,10.168487803312512,43.304869618476296,0.006479531466260013,-0.00027650650604926774,0.0020291264932976757,EURMAD
2025-05-08,10.087400436401367,10.087400436401367,10.087400436401367,10.1358003616333,0,10.1742600440979,10.16254463209811,45.569681318295174,0.003241494021972713,0.0012150433635202962,0.002004121095008283,EURMAD
2025-05-09,10.063799858093262,10.063799858093262,10.063799858093262,10.087400436401367,0,10.16156005859375,10.148882051062337,38.972589620139644,-0.003193332700993423,-0.00477514586959904,0.0023407753839082275,EURMAD
2025-05-12,9.998600006103516,9.998600006103516,9.998600006103516,10.063799858093262,0,10.148530006408691,10.133412561431596,36.219139019577575,-0.010081139568908881,-0.0023396095413185103,0.002355741572539268,EURMAD
2025-05-13,9.998600006103516,10.018899917602539,9.998600006103516,9.998600006103516,0,10.129950046539307,10.10890118773558,29.928298208403334,-0.020563812463819886,-0.006478651494376875,0.0028630718217376658,EURMAD
2025-05-14,10.085800170898438,10.085800170898438,10.085800170898438,10.018899917602539,0,10.110380077362061,10.092537320438662,33.784522671939584,-0.026923021222431842,0.0020302753872174506,0.0026994434225000126,EURMAD
2025-05-15,10.057999610900879,10.057999610900879,10.057999610900879,10.085800170898438,0,10.099830055236817,10.091312384158622,44.60420981175024,-0.026261719887511248,0.006677405088991728,0.0038225893361902422,EURMAD
2025-05-16,10.050200462341309,10.050200462341309,10.050200462341309,10.057999610900879,0,10.086499977111817,10.085255516293577,41.56478638069157,-0.02766203593673744,-0.0027564059892614123,0.0038391307351379462,EURMAD
2025-05-19,10.076600074768066,10.076600074768066,10.076600074768066,10.050200462341309,0,10.074830055236816,10.078881870120435,40.72635177065935,-0.029066067074795754,-0.0007754174648324508,0.0038223835701263497,EURMAD
2025-05-20,10.076600074768066,10.076600074768066,10.070799827575684,10.076600074768066,0,10.069860076904297,10.078466998238186,44.78634390256642,-0.02772890225062774,0.002626774712173985,0.003847882954831018,EURMAD
2025-05-21,10.070799827575684,10.117300033569336,10.070799827575684,10.070799827575684,0,10.064590072631836,10.07707296720864,44.07207674087923,-0.026827964888060052,-0.0005756155002029084,0.003847242738776098,EURMAD
2025-05-22,10.117300033569336,10.117300033569336,10.092700004577637,10.117300033569336,0,10.062740039825439,10.084386979274221,50.84088465512687,-0.022106952346518938,0.004617329982701701,0.004155352807494134,EURMAD
2025-05-23,10.092700004577637,10.092700004577637,10.092700004577637,10.092700004577637,0,10.063269996643067,10.085898438420298,47.56141448979948,-0.020118617740985556,-0.0024314816117023685,0.003926876951550643,EURMAD
2025-05-26,10.092700004577637,10.1181001663208,10.092700004577637,10.092700004577637,0,10.066160011291505,10.087135086812541,47.56141448979948,-0.01833153373105567,0.0,0.003836721476734416,EURMAD
2025-05-27,10.1181001663208,10.131500244140625,10.1181001663208,10.1181001663208,0,10.078110027313233,10.092765101268588,51.32150225864566,-0.014696266590133789,0.0025166864894075047,0.0030454741035215544,EURMAD
2025-05-28,10.131500244140625,10.14490032196045,10.131500244140625,10.131500244140625,0,10.089370059967042,10.099807854518048,53.2269549911632,-0.010611691920422217,0.0013243669858524765,0.0030320610116180797,EURMAD
2025-05-29,10.104499816894531,10.104499816894531,10.104499816894531,10.14490032196045,0,10.095280075073243,10.108006484962122,55.118902841492016,-0.006221643542049904,0.0013226153577376998,0.002334637504269898,EURMAD
2025-05-30,10.133299827575684,10.133299827575684,10.133299827575684,10.104499816894531,0,10.099930095672608,10.107368908949832,48.72026778366083,-0.005934077341555266,-0.0039823461821959505,0.0025517919027642417,EURMAD
2025-06-02,10.133299827575684,10.168999671936035,10.133299827575684,10.133299827575684,0,10.108240032196045,10.11208362142726,52.916380591272535,-0.0033437146248171956,0.0028502163593491225,0.0026129169716618997,EURMAD
2025-06-03,10.168999671936035,10.168999671936035,10.141300201416016,10.168999671936035,0,10.117479991912841,10.122431994247037,57.55305116904941,0.0015717276762998722,0.003523022605449899,0.0026955786695924354,EURMAD
2025-06-04,10.141300201416016,10.141300201416016,10.132599830627441,10.141300201416016,0,10.124530029296874,10.125862577368668,53.177300980629994,0.0031953018858192905,-0.002723913011469903,0.0029051657245370744,EURMAD
2025-06-05,10.121700286865234,10.121700286865234,10.121700286865234,10.132599830627441,0,10.126060009002686,10.127087532506627,51.84398369264772,0.003736872592357443,-0.0008579147264923259,0.0025833171960243776,EURMAD
2025-06-06,10.113800048828125,10.113800048828125,10.113800048828125,10.121700286865234,0,10.128960037231446,10.1261080332991,50.14764335593461,0.0032491154088436502,-0.0010756907352900136,0.0024654280066841176,EURMAD
2025-06-09,10.124300003051758,10.124300003051758,10.124300003051758,10.113800048828125,0,10.131070041656494,10.123870217940741,48.89873999816228,0.00219972409220226,-0.0007805247945704696,0.0024878718519479835,EURMAD
2025-06-10,10.12279987335205,10.12279987335205,10.12279987335205,10.124300003051758,0,10.13169002532959,10.123948360688198,50.65759692512555,0.00219008651333219,0.0010381809184420998,0.0023771347098788514,EURMAD
2025-06-11,10.131400108337402,10.131400108337402,10.131400108337402,10.12279987335205,0,10.130819988250732,10.123739544808899,50.39074168057883,0.0020379089867379463,-0.00014817120188603816,0.0023356177963642175,EURMAD
2025-06-12,10.131400108337402,10.214099884033203,10.131400108337402,10.131400108337402,0,10.129469966888427,10.125132374541353,51.95338599848717,0.002581516177134091,0.00084959053749456,0.0023086109729195496,EURMAD
2025-06-13,10.214099884033203,10.214099884033203,10.179100036621094,10.214099884033203,0,10.140429973602295,10.141308285358052,63.77105429987619,0.009575133362700328,0.00816271934890267,0.003112052960234566,EURMAD
2025-06-16,10.179100036621094,10.202500343322754,10.179100036621094,10.179100036621094,0,10.145009994506836,10.148179512860423,57.34278192371518,0.012153334117801506,-0.0034266208289994715,0.003340775940477328,EURMAD
2025-06-17,10.201299667358398,10.201299667358398,10.201299667358398,10.202500343322754,0,10.148360061645509,10.158056027489938,60.229298194910854,0.015901483573152575,0.002298858112944613,0.003236714065494124,EURMAD
2025-06-18,10.17240047454834,10.17240047454834,10.17240047454834,10.201299667358398,0,10.154360008239745,10.16591850746602,60.00493202235384,0.018561073997444666,-0.00011768448164195533,0.0030634516282430323,EURMAD
2025-06-19,10.170000076293945,10.170000076293945,10.170000076293945,10.17240047454834,0,10.158340072631836,10.167097046935533,54.721100308446054,0.01812792776385308,-0.002832893234430589,0.0032267836222053315,EURMAD
2025-06-20,10.178299903869629,10.178299903869629,10.178299903869629,10.170000076293945,0,10.163170051574706,10.167624870455244,54.29344711609486,0.017390497346712053,-0.00023597166277522508,0.0031949768003931285,EURMAD
2025-06-23,10.178299903869629,10.178299903869629,10.160300254821777,10.178299903869629,0,10.169620037078857,10.169565785621494,55.58593902398069,0.01727665067440043,0.0008161089000411348,0.0031646945417710963,EURMAD
2025-06-24,10.160300254821777,10.215499877929688,10.160300254821777,10.160300254821777,0,10.17322006225586,10.167881143657908,52.1422882635983,0.015554700215929529,-0.001768433748057352,0.003248832799039883,EURMAD
2025-06-25,10.228099822998047,10.228099822998047,10.228099822998047,10.215499877929688,0,10.182490062713622,10.176539095343685,60.27095064552584,0.018431720928404616,0.005432873214717748,0.0036110635335105516,EURMAD
2025-06-26,10.228099822998047,10.26360034942627,10.228099822998047,10.228099822998047,0,10.192160034179688,10.185913773099024,61.8632617544635,0.021480872706556298,0.0012334144406953573,0.003612296968954589,EURMAD
2025-06-27,10.26360034942627,10.26360034942627,10.236499786376953,10.26360034942627,0,10.197110080718994,10.200038605158523,65.99822934707993,0.026456963840901793,0.0034708818883835146,0.002781424930157482,EURMAD
2025-06-30,10.236499786376953,10.236499786376953,10.231499671936035,10.236499786376953,0,10.20285005569458,10.2066679108346,60.596825588636435,0.02789223860215806,-0.0026404538492023066,0.002667282674057975,EURMAD
2025-07-01,10.26099967956543,10.26099967956543,10.26099967956543,10.231499671936035,0,10.205749988555908,10.211182776489407,59.62719775929551,0.028300011823214177,-0.0004884593899540102,0.002611085457257748,EURMAD
2025-07-02,10.26099967956543,10.26099967956543,10.238100051879883,10.26099967956543,0,10.211719989776611,10.220240395230501,63.35300540170388,0.03065026197170795,0.0028832535381211333,0.0027291935369641853,EURMAD
2025-07-03,10.241800308227539,10.241800308227539,10.241800308227539,10.238100051879883,0,10.218289947509765,10.223487605530389,58.81552764840423,0.03031558438695825,-0.0022317150765681637,0.002650991034876357,EURMAD
2025-07-04,10.241800308227539,10.241800308227539,10.231499671936035,10.241800308227539,0,10.225469970703125,10.226817187838963,59.32250615628526,0.03000307300342797,0.00036142021751173203,0.0026355651163538127,EURMAD
2025-07-07,10.231499671936035,10.231499671936035,10.21619987487793,10.231499671936035,0,10.230789947509766,10.227668548583885,57.21118682743613,0.028594609360558465,-0.0010057446915098245,0.0026895910782978733,EURMAD
2025-07-08,10.21619987487793,10.222200393676758,10.21619987487793,10.21619987487793,0,10.236379909515382,10.225583335182801,54.12959232558705,0.025944751078913697,-0.0014953621217494995,0.002664995962019878,EURMAD
2025-07-09,10.199399948120117,10.199399948120117,10.199399948120117,10.222200393676758,0,10.237049961090088,10.224968254908974,55.14993356023836,0.02405165847093116,0.0005873533086977467,0.002048043953764799,EURMAD
2025-07-10,10.199399948120117,10.203499794006348,10.199399948120117,10.199399948120117,0,10.234179973602295,10.220319471856454,50.54881879248241,0.02047553432088911,-0.0022304831326477315,0.0021205759815581524,EURMAD
2025-07-11,10.191699981689453,10.191699981689453,10.191699981689453,10.203499794006348,0,10.228169918060303,10.21726134861098,51.33503745310641,0.017767441461259637,0.0004019693224193155,0.0016974585245679828,EURMAD
2025-07-14,10.182900428771973,10.182900428771973,10.182900428771973,10.191699981689453,0,10.223689937591553,10.212613827352522,48.92412205981479,0.014501942751527608,-0.0011564475479115544,0.0015569258724261604,EURMAD
2025-07-15,10.182900428771973,10.192899703979492,10.182900428771973,10.182900428771973,0,10.218830013275147,10.207211391246966,47.1459149351416,0.011076280649326975,-0.0008634038416839296,0.0015627952614211628,EURMAD
2025-07-16,10.192899703979492,10.192899703979492,10.170999526977539,10.192899703979492,0,10.212020015716552,10.204609266289243,49.39668371146132,0.009063794908895417,0.0009819672967896764,0.0011768450577241572,EURMAD
2025-07-17,10.170999526977539,10.170999526977539,10.160499572753906,10.170999526977539,0,10.205309963226318,10.198498404596204,44.88803212542447,0.005636747289781141,-0.002148571813514799,0.0011647786601521048,EURMAD
2025-07-18,10.160499572753906,10.185400009155273,10.160499572753906,10.160499572753906,0,10.197179889678955,10.191589526079422,42.867785474899016,0.0020498988491031156,-0.0010323424158837913,0.0011115844797591472,EURMAD
2025-07-21,10.185400009155273,10.18850040435791,10.185400009155273,10.185400009155273,0,10.192569923400878,10.19046415936594,48.75767187132954,0.0012026888851597306,0.0024507098517221326,0.001506421122714694,EURMAD
2025-07-22,10.18850040435791,10.202699661254883,10.18850040435791,10.18850040435791,0,10.189799976348876,10.190107113000844,49.45636601744247,0.0007725395120790068,0.0003043960178146232,0.001474894331859761,EURMAD
2025-07-23,10.202699661254883,10.205699920654297,10.202699661254883,10.202699661254883,0,10.18784990310669,10.19239666722885,52.641237010154306,0.0015594282797977144,0.001393655232216462,0.0015472658306828664,EURMAD
2025-07-24,10.205699920654297,10.212400436401367,10.205699920654297,10.205699920654297,0,10.188479900360107,10.19481544057893,53.31069094793011,0.0023975022432960458,0.00029406524733910366,0.0013735180157104572,EURMAD
2025-07-25,10.212400436401367,10.212400436401367,10.20680046081543,10.212400436401367,0,10.18936996459961,10.198012712546646,54.84584574208302,0.0035613050122584866,0.0006565464200558591,0.001382834675316756,EURMAD
2025-07-28,10.20680046081543,10.20680046081543,10.190400123596191,10.20680046081543,0,10.190880012512206,10.199610484959152,53.269413790554744,0.003985809926817296,-0.0005483505685868195,0.0013345548547256674,EURMAD
2025-07-29,10.164600372314453,10.164600372314453,10.164600372314453,10.190400123596191,0,10.191629981994629,10.19793587380225,48.84175561734462,0.0029646879030487128,-0.0016068049220909764,0.0014154605563390403,EURMAD
2025-07-30,10.151599884033203,10.151599884033203,10.151599884033203,10.164600372314453,0,10.188800048828124,10.191874873531741,42.81310253903498,7.277809097772092e-05,-0.002531770192418459,0.0015904737089825311,EURMAD
2025-07-31,10.116800308227539,10.116800308227539,10.116800308227539,10.151599884033203,0,10.186860084533691,10.18455214816837,40.12542303736503,-0.0032308685829782746,-0.0012789964981466673,0.0014978426259889643,EURMAD
2025-08-01,10.110699653625488,10.110699653625488,10.110699653625488,10.116800308227539,0,10.182490158081055,10.172233631815491,33.97674781251571,-0.008558411271197386,-0.0034279893024938835,0.001807190739634053,EURMAD
2025-08-04,10.110699653625488,10.15719985961914,10.110699653625488,10.110699653625488,0,10.175020122528077,10.161045635780944,33.02143619618762,-0.013121542106047102,-0.00060302214298813,0.0014979875495615888,EURMAD
2025-08-05,10.15719985961914,10.17609977722168,10.15719985961914,10.15719985961914,0,10.1718900680542,10.160346403751525,45.58105580743767,-0.012837693226668279,0.004599108626174964,0.002253938036257692,EURMAD
2025-08-06,10.190099716186523,10.190099716186523,10.190099716186523,10.17609977722168,0,10.169230079650879,10.16321065347337,49.708884289218936,-0.01096132027052299,0.0018607409388169405,0.0022974780796831485,EURMAD
2025-08-07,10.190099716186523,10.201600074768066,10.190099716186523,10.190099716186523,0,10.167670059204102,10.16809957396667,52.578337963571,-0.008249507919986243,0.0013757666759697251,0.0023512280407239905,EURMAD
2025-08-08,10.19729995727539,10.19729995727539,10.19729995727539,10.201600074768066,0,10.166590023040772,10.174190574112377,54.85694191334667,-0.005113449605568476,0.0011285815548276457,0.0023738595403515763,EURMAD
2025-08-11,10.18690013885498,10.18690013885498,10.18690013885498,10.19729995727539,0,10.165639972686767,10.178392280142015,53.81569282525473,-0.0029411802463314984,-0.0004215140234041792,0.0023715549694891397,EURMAD
2025-08-12,10.18690013885498,10.18690013885498,10.17710018157959,10.18690013885498,0,10.165289974212646,10.179939163544372,51.280531080511615,-0.0020353572292250988,-0.0010198600084320164,0.0023368697320552997,EURMAD
2025-08-13,10.214200019836426,10.214200019836426,10.214200019836426,10.17710018157959,0,10.16653995513916,10.17942298500532,48.940877297632504,-0.002084234850565636,-0.0009620156418350678,0.00219893858662612,EURMAD
2025-08-14,10.188400268554688,10.188400268554688,10.188400268554688,10.214200019836426,0,10.172799968719483,10.18574608224734,56.94875317554018,0.0008607539378271412,0.003645423312623519,0.002392450467914133,EURMAD
2025-08-15,10.1875,10.1875,10.1875,10.188400268554688,0,10.179959964752197,10.186228661575948,50.962896990203376,0.0011001723571091304,-0.0025258709670492596,0.0022347694157045296,EURMAD
2025-08-18,10.1875,10.190500259399414,10.1875,10.1875,0,10.18763999938965,10.186459814016683,50.762391909870715,0.0012033970190525878,-8.836211092588808e-05,0.002206982583160064,EURMAD
2025-08-19,10.193300247192383,10.193300247192383,10.193300247192383,10.190500259399414,0,10.190970039367675,10.187194440449906,51.44795932775152,0.0015098940479472134,0.00029450399012653783,0.001746584912323445,EURMAD
2025-08-20,10.168999671936035,10.168999671936035,10.168999671936035,10.193300247192383,0,10.192690086364745,10.188304587130355,52.11800966937104,0.0019561811275998764,0.0002747645082865624,0.0016619727924365578,EURMAD
2025-08-21,10.168999671936035,10.168999671936035,10.168999671936035,10.168999671936035,0,10.190580081939697,10.18479460254957,46.16352710229199,0.0003450361567036708,-0.0023839752255939706,0.0017800061814401598,EURMAD
2025-08-22,10.168999671936035,10.168999671936035,10.15470027923584,10.168999671936035,0,10.187320041656495,10.181922796983471,46.16352710229199,-0.0009211889476343771,0.0,0.0017207922806128297,EURMAD
2025-08-25,10.15470027923584,10.186200141906738,10.15470027923584,10.15470027923584,0,10.18306007385254,10.176973248302083,42.82450735857731,-0.003043440068740466,-0.0014061749593382578,0.0017551583810759008,EURMAD
2025-08-26,10.186200141906738,10.186200141906738,10.175800323486328,10.186200141906738,0,10.182990074157715,10.17865086532111,51.198439932897806,-0.0021586797930837065,0.003101998267276196,0.0020560873686947725,EURMAD
2025-08-27,10.175800323486328,10.175800323486328,10.15470027923584,10.175800323486328,0,10.182860088348388,10.178132584987512,48.66429327695004,-0.002270506348050816,-0.0010209713411799548,0.002059218624531524,EURMAD
2025-08-28,10.18340015411377,10.18340015411377,10.18340015411377,10.15470027923584,0,10.17691011428833,10.173872165759935,43.91498807876759,-0.004015439442742519,-0.002073551325667,0.001692433456422883,EURMAD
2025-08-29,10.179100036621094,10.179100036621094,10.179100036621094,10.18340015411377,0,10.176410102844239,10.175604527278814,50.92983922420655,-0.0030473435643596503,0.002826265087962687,0.0018487309986105634,EURMAD
2025-09-01,10.179100036621094,10.196200370788574,10.179100036621094,10.179100036621094,0,10.175570106506347,10.176240074431956,49.92232440359614,-0.0025971656412320243,-0.00042226735938866167,0.0018525614321474096,EURMAD
2025-09-02,10.196200370788574,10.196200370788574,10.182700157165527,10.196200370788574,0,10.176140117645264,10.179869219224068,53.83356420416551,-0.0008507355896227864,0.0016799455851654876,0.0019337836276666887,EURMAD
2025-09-03,10.251099586486816,10.251099586486816,10.251099586486816,10.182700157165527,0,10.175080108642579,10.180383935213424,50.48142088561639,-0.0005496950622561059,-0.0013240435782062576,0.0019793894266096172,EURMAD
2025-09-04,10.251099586486816,10.251099586486816,10.250399589538574,10.251099586486816,0,10.183290100097656,10.19324132635404,63.039081033698025,0.005148791964156629,0.006717219231203275,0.002754351291774973,EURMAD
2025-09-05,10.285599708557129,10.285599708557129,10.285599708557129,10.250399589538574,0,10.19143009185791,10.203633737842136,62.86338310071217,0.009498902647505858,-6.828505979639132e-05,0.002756660277787248,EURMAD
2025-09-08,10.253899574279785,10.253899574279785,10.253899574279785,10.285599708557129,0,10.20452003479004,10.218536641608498,67.73351871515364,0.015606846122866003,0.003434024079849385,0.002750977494280936,EURMAD
2025-09-09,10.231499671936035,10.231499671936035,10.231499671936035,10.253899574279785,0,10.211289978027343,10.22496626573055,60.090792498217674,0.01768563048601912,-0.0030819918308672145,0.002982472291769516,EURMAD
2025-09-10,10.231499671936035,10.231499671936035,10.22130012512207,10.231499671936035,0,10.216859912872314,10.226154157767912,55.33911879045218,0.017325875250399747,-0.0021845252317407304,0.003076830637812571,EURMAD
2025-09-11,10.22130012512207,10.22130012512207,10.20930004119873,10.22130012512207,0,10.223519897460937,10.225271606377758,53.27341223531115,0.016032930801431533,-0.0009968770112890324,0.002992495510772585,EURMAD
2025-09-12,10.20930004119873,10.226900100708008,10.20930004119873,10.20930004119873,0,10.226109886169434,10.222367685436115,50.867578854004385,0.01387995702215683,-0.0011740271566672567,0.0029372994351155434,EURMAD
2025-09-15,10.226900100708008,10.232500076293945,10.226900100708008,10.226900100708008,0,10.230889892578125,10.223191760940095,54.138835697271354,0.013438971406401379,0.0017239242101079189,0.002960395311060148,EURMAD
2025-09-16,10.256699562072754,10.256699562072754,10.256699562072754,10.232500076293945,0,10.234519863128662,10.224884181913522,55.161778928550426,0.013387040883463541,0.0005475731190089927,0.002930586407675297,EURMAD
2025-09-17,10.256699562072754,10.285400390625,10.256699562072754,10.256699562072754,0,10.241919803619385,10.230668796487928,59.37843162057025,0.015124239015841923,0.002364963166223033,0.0029273271673509018,EURMAD
2025-09-18,10.285400390625,10.2878999710083,10.285400390625,10.285400390625,0,10.245349884033203,10.240619995421941,63.734423158750886,0.018602460468272852,0.0027982518527085443,0.002211186959915088,EURMAD
2025-09-19,10.2878999710083,10.2878999710083,10.269499778747559,10.2878999710083,0,10.249099922180175,10.24921635461946,64.0955304122648,0.021314965620060633,0.0002430221759357476,0.002207045499486433,EURMAD
2025-09-22,10.285900115966797,10.285900115966797,10.285900115966797,10.269499778747559,0,10.247489929199219,10.252904249915478,59.40617500480389,0.021729420523083576,-0.0017885275238478382,0.002009868338328443,EURMAD
2025-09-23,10.310999870300293,10.310999870300293,10.310999870300293,10.285900115966797,0,10.25068998336792,10.258903498288444,62.06987195065445,0.023114796187975628,0.0015969947487781688,0.0017847308666978474,EURMAD
2025-09-24,10.302800178527832,10.302800178527832,10.302800178527832,10.310999870300293,0,10.258640003204345,10.268375565926961,65.77166386222616,0.02593904759661214,0.0024402098066782507,0.0016604964410844563,EURMAD
2025-09-25,10.302800178527832,10.302800178527832,10.272000312805176,10.302800178527832,0,10.266790008544922,10.274634586399845,63.5883411677913,0.027202072033533753,-0.0007952373073031316,0.001637648889827339,EURMAD
2025-09-26,10.272000312805176,10.27970027923584,10.272000312805176,10.272000312805176,0,10.273060035705566,10.274155627564449,56.06047556281731,0.025424656625514075,-0.0029894655034508055,0.0019509305347287513,EURMAD
2025-09-29,10.27970027923584,10.304300308227539,10.27970027923584,10.27970027923584,0,10.278340053558349,10.275163746050154,57.41768939413567,0.02435659735586171,0.0007496073010302418,0.0019133168053237528,EURMAD
2025-09-30,10.304300308227539,10.337599754333496,10.304300308227539,10.304300308227539,0,10.285520076751709,10.280461302809677,61.50832850087954,0.025204626196856594,0.0023930687007858165,0.002003499912906604,EURMAD
2025-10-01,10.329700469970703,10.329700469970703,10.329700469970703,10.337599754333496,0,10.293610095977783,10.290850112177644,66.23652154369594,0.028238170121221984,0.0032316067185433894,0.00209988614711223,EURMAD
2025-10-02,10.346599578857422,10.346599578857422,10.346599578857422,10.329700469970703,0,10.298040103912353,10.297913813594564,64.22120936069243,0.029662933473240116,-0.0007641313796736826,0.002021668842634059,EURMAD
2025-10-03,10.343000411987305,10.343000411987305,10.343000411987305,10.346599578857422,0,10.303910064697266,10.306765770915083,66.56493980893319,0.03178923899101882,0.001635972788934792,0.0020549372932618256,EURMAD
2025-10-06,10.343000411987305,10.343000411987305,10.3125,10.343000411987305,0,10.31126012802124,10.313353887473667,65.57962771413091,0.03280576431597915,-0.00034785987828034326,0.0019170074534340118,EURMAD
2025-10-07,10.3125,10.3125,10.309000015258789,10.3125,0,10.31392011642456,10.313198635205728,57.774929719857475,0.030795251129243084,-0.0029488940126073393,0.0022023888230462865,EURMAD
2025-10-08,10.261699676513672,10.261699676513672,10.261699676513672,10.309000015258789,0,10.31372013092041,10.312435249760828,56.93753361770159,0.02858991864028937,-0.0003393924597537845,0.0020680290603248444,EURMAD
2025-10-09,10.261699676513672,10.268400192260742,10.261699676513672,10.261699676513672,0,10.309610080718993,10.303210600079527,47.01899601627396,0.022763036606422204,-0.0045882567344170955,0.002524087260987143,EURMAD
2025-10-10,10.268400192260742,10.268400192260742,10.264399528503418,10.268400192260742,0,10.30925006866455,10.296881435021566,48.390531489150476,0.01847292189183314,0.0006529635399881162,0.0023662516653766754,EURMAD
2025-10-13,10.264399528503418,10.271200180053711,10.264399528503418,10.264399528503418,0,10.30771999359131,10.290975633836448,47.59823772558156,0.01458206200783252,-0.0003896092558156594,0.0023517913830313755,EURMAD
2025-10-14,10.271200180053711,10.282400131225586,10.271200180053711,10.271200180053711,0,10.304409980773926,10.287380096785041,49.123164844002886,0.01190999228497347,0.0006625474321617641,0.0022031327328109022,EURMAD
2025-10-15,10.282400131225586,10.332300186157227,10.282400131225586,10.282400131225586,0,10.298890018463135,10.286474648501503,51.62016116206118,0.010574207355876553,0.0010904228303938446,0.0019033064318770294,EURMAD
2025-10-16,10.402400016784668,10.402400016784668,10.402400016784668,10.332300186157227,0,10.299149990081787,10.294806564438908,60.84149070173079,0.013387779587102244,0.0048529578984291,0.0025475508246581508,EURMAD
2025-10-17,10.402400016784668,10.402400016784668,10.349900245666504,10.402400016784668,0,10.304730033874511,10.314369010319954,69.60584346282059,0.021031587287408726,0.006784532907915031,0.0033136695450772247,EURMAD
2025-10-20,10.349900245666504,10.369099617004395,10.349900245666504,10.349900245666504,0,10.305420017242431,10.320829234928416,58.96215464089929,0.022592633376085303,-0.005046890240084423,0.0037574851706812687,EURMAD
2025-10-21,10.363100051879883,10.363100051879883,10.363100051879883,10.369099617004395,0,10.311079978942871,10.329605668033139,61.293186302882546,0.02508978305797349,0.0018550296024282265,0.003633240124369306,EURMAD
2025-10-22,10.363100051879883,10.380399703979492,10.363100051879883,10.363100051879883,0,10.316489982604981,10.335695556005273,60.143524912436234,0.026281718120085173,-0.0005786003940663198,0.0036405515958887677,EURMAD
2025-10-23,10.380399703979492,10.3927001953125,10.380399703979492,10.380399703979492,0,10.328359985351563,10.343823582909677,62.337201573549386,0.028296092844842136,0.0016693510641607734,0.0031706025030043823,EURMAD
2025-10-24,10.3927001953125,10.3927001953125,10.377799987792969,10.3927001953125,0,10.340789985656738,10.35271023971019,63.860300251244915,0.03053307983986464,0.001184972802954043,0.003165697195574883,EURMAD
2025-10-27,10.400300025939941,10.400300025939941,10.400300025939941,10.377799987792969,0,10.352130031585693,10.357272012088876,60.660128255362366,0.030749129109736373,-0.0014337185947355113,0.0032405938841288274,EURMAD
2025-10-28,10.41819953918457,10.41819953918457,10.41819953918457,10.400300025939941,0,10.365040016174316,10.365095287334524,63.624463972925945,0.03236285589290233,0.0021680932542000875,0.003252752740102196,EURMAD
2025-10-29,10.41819953918457,10.41819953918457,10.405799865722656,10.41819953918457,0,10.378619956970216,10.374750605852714,65.83032403421183,0.03468624567252654,0.001721057392573666,0.0032553279881413016,EURMAD
2025-10-30,10.396200180053711,10.396200180053711,10.396200180053711,10.405799865722656,0,10.385969924926759,10.380395925829067,62.98106291128723,0.035122132708917064,-0.0011901935085114612,0.003082453880438967,EURMAD
2025-10-31,10.396200180053711,10.396200180053711,10.373700141906738,10.396200180053711,0,10.385349941253661,10.383269426597185,60.78749076012359,0.03429760053068698,-0.000922532221724448,0.0022457581686251313,EURMAD
2025-11-03,10.373700141906738,10.386799812316895,10.373700141906738,10.373700141906738,0,10.387729930877686,10.381529556653467,55.875325918116346,0.031465868851908496,-0.002164255954799854,0.001636507485443655,EURMAD
2025-11-04,10.356100082397461,10.356100082397461,10.356100082397461,10.386799812316895,0,10.389499950408936,10.382487784955908,58.00315704608698,0.029933678209209447,0.0012627770449269438,0.001580974798037259,EURMAD
2025-11-05,10.36340045928955,10.36340045928955,10.36340045928955,10.356100082397461,0,10.388799953460694,10.37769002085437,51.709735367303495,0.02594313810287474,-0.002955648561073554,0.0018603354237816429,EURMAD
2025-11-06,10.389699935913086,10.389699935913086,10.389699935913086,10.36340045928955,0,10.3871000289917,10.375091918751675,53.01526692359007,0.023103364516904534,0.0007049349498366997,0.0017838005547942688,EURMAD
2025-11-07,10.373900413513184,10.373900413513184,10.373900413513184,10.389699935913086,0,10.386800003051757,10.377747921871931,57.47546242623119,0.022713148423598284,0.0025377265625166068,0.0019416463341823825,EURMAD
2025-11-10,10.365599632263184,10.365599632263184,10.365599632263184,10.373900413513184,0,10.38641004562378,10.377048374897612,54.14981903779153,0.02088822350465236,-0.0015206909244115385,0.0019488282157273254,EURMAD
2025-11-11,10.365599632263184,10.39780044555664,10.365599632263184,10.365599632263184,0,10.382940006256103,10.374966785327716,52.433256124115644,0.018558226006851086,-0.000800160105565273,0.0017958902556066084,EURMAD
2025-11-12,10.39780044555664,10.418899536132812,10.39780044555664,10.39780044555664,0,10.38090009689331,10.379118359914793,57.995964443103915,0.019089965483470195,0.003106507528346958,0.002012330710983499,EURMAD
2025-11-13,10.415499687194824,10.415499687194824,10.415499687194824,10.418899536132812,0,10.382210063934327,10.386351301045343,61.19794827268974,0.020972139358880426,0.0020291878735938518,0.0020912511845669023,EURMAD
2025-11-14,10.403499603271484,10.403499603271484,10.403499603271484,10.415499687194824,0,10.384140014648438,10.391651007617977,60.398964102808726,0.02193656525072818,-0.0003263155505240922,0.0020663300187779682,EURMAD
2025-11-17,10.403499603271484,10.403499603271484,10.374699592590332,10.403499603271484,0,10.387119960784911,10.393805297736797,57.54331064735234,0.021484908582356965,-0.0011521371305971417,0.0019604166375958845,EURMAD
2025-11-18,10.374699592590332,10.376799583435059,10.374699592590332,10.374699592590332,0,10.385909938812256,10.390331533164712,51.27726036701227,0.018588767507704773,-0.0027683002623555275,0.002143722279094398,EURMAD
2025-11-19,10.376799583435059,10.379799842834473,10.376799583435059,10.376799583435059,0,10.387979888916016,10.38787117866841,51.69034817213937,0.016275393941013405,0.00020241461701941965,0.0018970976190573904,EURMAD
2025-11-20,10.379799842834473,10.379799842834473,10.358499526977539,10.379799842834473,0,10.389619827270508,10.38640366306224,52.31242213676966,0.014516784130700344,0.00028913147789833005,0.0018893739490286234,EURMAD
2025-11-21,10.358499526977539,10.358499526977539,10.353799819946289,10.358499526977539,0,10.386499786376953,10.38133018377411,47.62381128493712,0.011274351998638465,-0.0020520931212019144,0.001803031813893679,EURMAD
2025-11-24,10.353799819946289,10.368200302124023,10.353799819946289,10.353799819946289,0,10.384489727020263,10.376324663078142,46.63073850346097,0.00823059689554384,-0.0004537053864809293,0.00175361204193843,EURMAD
2025-11-25,10.368200302124023,10.368200302124023,10.351400375366211,10.368200302124023,0,10.384749794006348,10.37484750654103,50.06662480810546,0.0069008489184589905,0.0013908403125577617,0.0018053706969671645,EURMAD
2025-11-26,10.351400375366211,10.3818998336792,10.351400375366211,10.351400375366211,0,10.380109786987305,10.370584391781971,46.32007203036243,0.004440216329880897,-0.0016203320024952284,0.0015028151227915662,EURMAD
2025-11-27,10.390000343322754,10.390000343322754,10.390000343322754,10.3818998336792,0,10.376409816741944,10.372641744854194,53.171253817073975,0.004894774750351161,0.002946408911548737,0.0016873408919252982,EURMAD
2025-11-28,10.390000343322754,10.390000343322754,10.389800071716309,10.390000343322754,0,10.373859882354736,10.37579785366666,54.82055275931468,0.005841323857609382,0.0007802531110228106,0.0017252469260064709,EURMAD
2025-12-01,10.389800071716309,10.412500381469727,10.389800071716309,10.389800071716309,0,10.372489929199219,10.37834371149387,54.76919395298739,0.006500378285203112,-1.9275418655206877e-05,0.0016959160456851824,EURMAD
2025-12-02,10.412500381469727,10.412500381469727,10.40429973602295,10.412500381469727,0,10.376270008087157,10.384554015125843,59.410903685799454,0.008753504004697987,0.0021848649249001095,0.0015575758246976546,EURMAD
2025-12-03,10.40429973602295,10.429800033569336,10.40429973602295,10.40429973602295,0,10.379020023345948,10.388144146198044,57.1299905858135,0.009764835868892874,-0.0007875769648346687,0.0015999332569385184,EURMAD
2025-12-04,10.437000274658203,10.437000274658203,10.437000274658203,10.429800033569336,0,10.384020042419433,10.395717943901916,62.013716495760484,0.01248012148278832,0.002450938380609724,0.0017430751652332552,EURMAD
2025-12-05,10.437000274658203,10.437000274658203,10.41670036315918,10.437000274658203,0,10.3918701171875,10.403223822221241,63.285524361950465,0.015039636606372753,0.0006903527455648373,0.0014986773519823692,EURMAD
2025-12-08,10.41670036315918,10.422300338745117,10.41670036315918,10.41670036315918,0,10.398160171508788,10.405674102391774,57.44589246529593,0.01525419669351713,-0.001944994822728252,0.0016939343257978395,EURMAD
2025-12-09,10.422300338745117,10.435700416564941,10.422300338745117,10.422300338745117,0,10.403570175170898,10.408697054456018,58.5813062429608,0.015695184025702247,0.0005375959172007061,0.0016714126630662553,EURMAD
2025-12-10,10.435700416564941,10.435700416564941,10.413999557495117,10.435700416564941,0,10.412000179290771,10.41360675665764,61.24592981140005,0.01693077650206476,0.0012857121157801021,0.0015015832058812525,EURMAD
2025-12-11,10.413999557495117,10.434499740600586,10.413999557495117,10.413999557495117,0,10.415210151672364,10.413678174991727,55.06735930484459,0.015974767302736836,-0.002079482756651152,0.0015483354000671015,EURMAD
2025-12-12,10.434499740600586,10.448599815368652,10.434499740600586,10.434499740600586,0,10.419660091400146,10.417463914193338,59.24959235012268,0.016679050858083855,0.0019685216032792052,0.0016317959975740124,EURMAD
2025-12-15,10.448599815368652,10.448599815368652,10.444199562072754,10.448599815368652,0,10.42554006576538,10.423124987134305,61.87787317727529,0.018165557603936122,0.0013512937964053062,0.0016474751493690122,EURMAD
2025-12-16,10.444199562072754,10.444199562072754,10.424599647521973,10.444199562072754,0,10.428709983825684,10.426956728032204,60.565060063338244,0.018772167382879346,-0.0004211332976334914,0.001567046364562735,EURMAD
2025-12-17,10.424599647521973,10.424599647521973,10.38949966430664,10.424599647521973,0,10.430739974975586,10.426528167939434,54.97058816684198,0.017469977674204884,-0.0018766315632225972,0.0016848397164878782,EURMAD
2025-12-18,10.38949966430664,10.402799606323242,10.38949966430664,10.38949966430664,0,10.426709938049317,10.419795712733471,46.65858138714037,0.013450656846250908,-0.0033670341693817774,0.0018189214212508684,EURMAD
2025-12-19,10.402799606323242,10.402799606323242,10.39490032196045,10.402799606323242,0,10.42328987121582,10.416705511567974,49.75860308246145,0.011209296508338795,0.0012801330618734674,0.0018666208604623527,EURMAD
2025-12-22,10.39490032196045,10.401200294494629,10.39490032196045,10.39490032196045,0,10.421109867095947,10.412740931639332,47.97523905173607,0.00869536134845994,-0.0007593421638143472,0.001788418061232028,EURMAD
2025-12-23,10.401200294494629,10.418700218200684,10.401200294494629,10.401200294494629,0,10.418999862670898,10.410642633976657,49.528878951613116,0.00712922350400369,0.0006060637754139453,0.001791717836831758,EURMAD
2025-12-24,10.418700218200684,10.419500350952148,10.418700218200684,10.418700218200684,0,10.417299842834472,10.412107649290117,53.66795954017776,0.007216953026876638,0.001682490790540614,0.0018322392892169072,EURMAD
2025-12-26,10.418700218200684,10.419500350952148,10.418700218200684,10.418700218200684,0,10.41776990890503,10.413306298182947,53.66795954017776,0.007203442504607693,0.0,0.0017038830538168024,EURMAD
2025-12-29,10.375399589538574,10.375399589538574,10.375399589538574,10.419500350952148,0,10.416269969940185,10.414432489595528,53.86856978561711,0.007174595078391022,7.679775161073543e-05,0.0015662270553419952,EURMAD
2025-12-30,10.375399589538574,10.375399589538574,10.371700286865234,10.375399589538574,0,10.408949947357177,10.407335598676081,42.8547216373876,0.0035522225937665297,-0.004232521707199122,0.0019279789356427951,EURMAD
