Date,Open,High,Low,Close,Volume,SMA_10,EMA_10,RSI,MACD,Returns,Volatility,Pair
2015-02-05,1.131721019744873,1.1460003852844238,1.1316953897476196,1.131874680519104,0,1.1313117504119874,1.1383775678707875,36.97063889408384,-0.016088478015311436,-0.012099805787988194,0.01260669302405777,EURUSD
2015-02-06,1.1470915079116821,1.147599697113037,1.132002830505371,1.147196888923645,0,1.1325639843940736,1.1399810807894888,45.436253182214045,-0.014365714460099266,0.013537018424613745,0.011198205750185666,EURUSD
2015-02-09,1.1314777135849,1.1359995603561401,1.1271694898605347,1.1314393281936646,0,1.1344534158706665,1.1384280348629754,39.552648913180676,-0.014109272479802204,-0.013735707342063086,0.010111905683217718,EURUSD
2015-02-10,1.1326054334640503,1.1350003480911255,1.127559781074524,1.1326953172683716,0,1.1352458596229553,1.1373857225730473,40.21715517311835,-0.013647374107743415,0.0011100808001009987,0.00957531185967111,EURUSD
2015-02-11,1.1319515705108643,1.1331958770751953,1.128860592842102,1.1321951150894165,0,1.1347915530204773,1.1364419757578417,40.02842786875997,-0.01316986445607271,-0.00044160346681876295,0.008921698509073038,EURUSD
2015-02-12,1.130825161933899,1.1398193836212158,1.1306205987930298,1.131196141242981,0,1.135096549987793,1.1354881876642304,39.62846118148798,-0.012725353503555192,-0.000882333648256961,0.008566268098261035,EURUSD
2015-02-13,1.1404849290847778,1.1450005769729614,1.138200283050537,1.140393853187561,0,1.1357803821563721,1.1363801268502904,45.07061021997058,-0.011498351052259714,0.008130961209320775,0.008821783621492888,EURUSD
2015-02-16,1.1397050619125366,1.1435000896453857,1.1397050619125366,1.1400039196014404,0,1.136690580844879,1.1370389982595903,44.88587766792556,-0.010437094818915194,-0.00034192887398565297,0.00876930599238128,EURUSD
2015-02-17,1.1333627700805664,1.1442302465438843,1.1325156688690186,1.1334012746810913,0,1.1366134405136108,1.1363775939725904,41.76434657871609,-0.010013391725822274,-0.005791773876231532,0.008970787813910704,EURUSD
2015-02-18,1.1404979228973389,1.1415003538131714,1.1347800493240356,1.1404719352722168,0,1.1360868453979491,1.1371220196634315,46.08817736510145,-0.009003276586063258,0.0062384441848408745,0.008546571331262347,EURUSD
2015-02-19,1.1400818824768066,1.1450005769729614,1.135620355606079,1.1400039196014404,0,1.1368997693061829,1.1376460014703422,45.84553764589237,-0.008146608976387526,-0.0004103701777322666,0.00750919486685188,EURUSD
2015-02-20,1.1366735696792603,1.1375994682312012,1.1282098293304443,1.1366735696792603,0,1.1358474373817444,1.1374691956901455,44.067641750700936,-0.007648260740645618,-0.0029213495365388864,0.006056109602058532,EURUSD
2015-02-23,1.1379412412643433,1.1393024921417236,1.1296601295471191,1.1381484270095825,0,1.1365183472633362,1.1375926922936794,45.08332506492501,-0.007053004863037282,0.0012975205632153042,0.004051051115057528,EURUSD
2015-02-24,1.1334141492843628,1.1347401142120361,1.1290695667266846,1.1332985162734985,0,1.136578667163849,1.1368119330172828,42.359292455717394,-0.006893147640290254,-0.004261228694772967,0.004322706604489158,EURUSD
2015-02-25,1.1340696811676025,1.1388003826141357,1.1337804794311523,1.1339025497436523,0,1.1367494106292724,1.136282954240259,42.82266702855739,-0.006641163982225029,0.0005329870828207905,0.004321086219597966,EURUSD
2015-02-26,1.1362732648849487,1.1378804445266724,1.1202698945999146,1.1363636255264282,0,1.1372661590576172,1.1362976217468352,44.77080744216676,-0.006171732974206368,0.0021704473487005327,0.004347094889497299,EURUSD
2015-02-27,1.120360255241394,1.1249998807907104,1.117680549621582,1.1205360889434814,0,1.1352803826332092,1.1334318885098618,36.22301480977735,-0.006996207518994435,-0.013928232325823187,0.005475041608372326,EURUSD
2015-03-02,1.117093801498413,1.1240400075912476,1.1163954734802246,1.1161960363388062,0,1.1328995943069458,1.1302980972060335,34.28975684909673,-0.007908649520908195,-0.003873193061338487,0.005488601489282969,EURUSD
2015-03-03,1.1176680326461792,1.1214005947113037,1.115599513053894,1.1179054975509644,0,1.1313500165939332,1.1280448972687482,35.74442840185084,-0.00839703139698278,0.0015315062556262582,0.0054287334493318224,EURUSD
2015-03-04,1.1184055805206299,1.118806004524231,1.1062803268432617,1.118217945098877,0,1.1291246175765992,1.126258178692408,36.023205377252026,-0.00865904951376617,0.000279493703713829,0.00479134670126554,EURUSD
2015-03-05,1.1079963445663452,1.1108901500701904,1.1010500192642212,1.1082050800323486,0,1.12594473361969,1.1229757971178516,31.331852414707058,-0.009564402806994332,-0.008954305473646285,0.005226663954071884,EURUSD
2015-03-06,1.103399634361267,1.103399634361267,1.0852224826812744,1.1032048463821411,0,1.122597861289978,1.1193810788022678,29.281071185902462,-0.010563608181967554,-0.004512011125288762,0.0052544709366665185,EURUSD
2015-03-09,1.0845634937286377,1.0910003185272217,1.0837758779525757,1.0845986604690552,0,1.1172428846359252,1.1130570027416835,23.19674986227089,-0.012710332543666159,-0.016865576664300552,0.006585412167517599,EURUSD
2015-03-10,1.0835762023925781,1.0837054252624512,1.0705904960632324,1.0833414793014526,0,1.1122471809387207,1.107654180298005,22.85124023623682,-0.01434767995672992,-0.0011591210771538796,0.006685289970322248,EURUSD
2015-03-11,1.070939064025879,1.0714553594589233,1.0561401844024658,1.0708701610565186,0,1.1059439420700072,1.1009661767995529,19.714254467046487,-0.016461858673606722,-0.011511899510185497,0.006766753237998318,EURUSD
2015-03-12,1.0549412965774536,1.0681501626968384,1.0501554012298584,1.0548745393753052,0,1.097795033454895,1.0925858790860532,16.571940454247198,-0.01920667097993345,-0.014937031829733827,0.006723249463627028,EURUSD
2015-03-13,1.062597632408142,1.0629997253417969,1.0486302375793457,1.0626314878463745,0,1.0920045733451844,1.0871396261333843,22.98300650270407,-0.020519497598537884,0.0073534322628197035,0.007719221376065056,EURUSD
2015-03-16,1.0484488010406494,1.0613998174667358,1.0484488010406494,1.0481630563735962,0,1.0852012753486633,1.08005297708615,19.90974794753751,-0.022468401903267043,-0.013615662285804575,0.008128036469264204,EURUSD
2015-03-17,1.057283639907837,1.064900279045105,1.055297613143921,1.0572947263717651,0,1.0791401982307434,1.075915113319898,26.582504279928273,-0.023010818758647744,0.008712070075969303,0.009144422461455307,EURUSD
2015-03-18,1.0595914125442505,1.064599871635437,1.0580499172210693,1.0598047971725464,0,1.0732988834381103,1.0729859649294704,28.349618252382456,-0.022973324108429116,0.002374050241785275,0.00931445585055955,EURUSD
2015-03-19,1.0843987464904785,1.0914051532745361,1.0621405839920044,1.0849988460540771,0,1.0709782600402833,1.0751701251339443,43.14240939903202,-0.020672362017470025,0.02377234840675002,0.012937179483879095,EURUSD
2015-03-20,1.067270040512085,1.0814902782440186,1.065719723701477,1.066894292831421,0,1.0673472046852113,1.0736654283516671,37.198979195456275,-0.020078269331289755,-0.01668624191490975,0.013743449738297612,EURUSD
2015-03-23,1.082602620124817,1.094369649887085,1.0769503116607666,1.0826611518859863,0,1.0671534538269043,1.075301014448816,44.38468202412959,-0.018126244774159694,0.014778276686364,0.013903820008558809,EURUSD
2015-03-24,1.0947985649108887,1.1030004024505615,1.0893305540084839,1.094499111175537,0,1.0682692170143127,1.0787915774900378,49.094296257933486,-0.015445975280100388,0.010934131393676827,0.014320372098679068,EURUSD
2015-03-25,1.0910598039627075,1.1012972593307495,1.0910003185272217,1.0902034044265747,0,1.0702025413513183,1.0808664551148626,47.5216715788541,-0.013512703989457364,-0.003924815200944898,0.01376721813045663,EURUSD
2015-03-26,1.0966475009918213,1.1045196056365967,1.0912598371505737,1.0960465669631958,0,1.0743197441101073,1.083626475450923,49.87377840188638,-0.011377920593702129,0.005359699403703955,0.012445823857227898,EURUSD
2015-03-27,1.0885539054870605,1.089538335800171,1.0805296897888184,1.0886367559432983,0,1.0769202709197998,1.0845374355404458,46.99709597828829,-0.010166802623188254,-0.006760489237631284,0.01280645694966091,EURUSD
2015-03-30,1.0881984233856201,1.0884946584701538,1.0811103582382202,1.0884946584701538,0,1.0809534311294555,1.0852569306185744,46.94117979035599,-0.009113395434766636,-0.00013052790324119545,0.011572097749079758,EURUSD
2015-03-31,1.0829074382781982,1.0843517780303955,1.071765422821045,1.0830246210098267,0,1.0835264205932618,1.0848510561442566,44.7347012744347,-0.008620576318909556,-0.005025323200037679,0.011743956443615077,EURUSD
2015-04-01,1.0741022825241089,1.0800302028656006,1.072129726409912,1.073814034461975,0,1.0849273443222045,1.0828443249292963,41.22114119524281,-0.008870971934874072,-0.008504503378015116,0.012246820434290498,EURUSD
2015-04-02,1.0769827365875244,1.0896902084350586,1.0752688646316528,1.0769942998886108,0,1.084126889705658,1.081780684012808,42.88908988704962,-0.008712360751697235,0.002961653810223508,0.009473293533114536,EURUSD
2015-04-03,1.0870983600616455,1.1021955013275146,1.0865904092788696,1.087074637413025,0,1.0861449241638184,1.0827432209946655,47.932503888873065,-0.007684677079149882,0.009359694406420482,0.00806555338670233,EURUSD
2015-04-06,1.1001462936401367,1.103594422340393,1.0968520641326904,1.100134253501892,0,1.087892234325409,1.0859052269050702,53.644019051024245,-0.005750144404633062,0.012013541333229849,0.007609746117276165,EURUSD
2015-04-07,1.0934817790985107,1.095554232597351,1.0837700366973877,1.0934817790985107,0,1.0877905011177063,1.087282781849332,50.59917164136723,-0.004699637909430843,-0.006046965979111696,0.007185245495455191,EURUSD
2015-04-08,1.0824971199035645,1.088999629020691,1.078950047492981,1.0824151039123535,0,1.0870116710662843,1.0863977494971542,45.92883399318158,-0.004705846078644882,-0.010120584903829721,0.007795783117174163,EURUSD
2015-04-09,1.0784345865249634,1.0790047645568848,1.067000150680542,1.078527569770813,0,1.085259771347046,1.0849668077287284,44.379210538788456,-0.004967198836999254,-0.003591537227713437,0.007533530902993454,EURUSD
2015-04-10,1.0667235851287842,1.068349838256836,1.0571495294570923,1.0669056177139282,0,1.083086657524109,1.0816829549987648,40.0308538496377,-0.00604246342615089,-0.010775757970984845,0.007936294104690822,EURUSD
2015-04-13,1.0608278512954712,1.0619995594024658,1.0521597862243652,1.0609854459762573,0,1.0803357362747192,1.077919771540127,37.98891653466284,-0.007288311622637433,-0.005548917954294907,0.007980380473942814,EURUSD
2015-04-14,1.0574960708618164,1.0706901550292969,1.0532501935958862,1.0572947263717651,0,1.077762746810913,1.0741697633276974,36.731028262169765,-0.008475762210868654,-0.0034785770327849797,0.007941491477007113,EURUSD
2015-04-15,1.0647926330566406,1.0668703317642212,1.0574603080749512,1.0647132396697998,0,1.0768526673316956,1.0724503953898978,40.96261079184483,-0.008717720873475887,0.007016504587601835,0.008124646619374697,EURUSD
2015-04-16,1.0677144527435303,1.0762397050857544,1.0627998113632202,1.0676802396774292,0,1.0759212613105773,1.0715830943512672,42.61567849718365,-0.00857125861851693,0.0027866658336563876,0.00811577771933762,EURUSD
2015-04-17,1.0759977102279663,1.0846904516220093,1.073509693145752,1.0755579471588135,0,1.0747695922851563,1.07230579486173,46.86945578979731,-0.007730409718042619,0.007378339683203672,0.007859268908640254,EURUSD
2015-04-20,1.0810226202011108,1.0818647146224976,1.0716196298599243,1.0810226202011108,0,1.0728584289550782,1.073890672196163,49.657290976482905,-0.006547600795857811,0.005080779754110587,0.0068168175190433155,EURUSD
2015-04-21,1.0748181343078613,1.076500415802002,1.0661594867706299,1.0747487545013428,0,1.0709851264953614,1.074046687160741,46.63202983184548,-0.006046761430641645,-0.005803639611723255,0.0068001097698073545,EURUSD
2015-04-22,1.073825478553772,1.0799999237060547,1.0710101127624512,1.074171543121338,0,1.0701607704162597,1.0740693882444858,46.35223808146209,-0.005631502306662206,-0.0005370663400049436,0.006124122997696292,EURUSD
2015-04-23,1.0725010633468628,1.0818202495574951,1.0671299695968628,1.0725815296173096,0,1.0695661664009095,1.07379886849409,45.541632131227686,-0.005368818858775493,-0.0014802230744337397,0.006051131717862393,EURUSD
2015-04-24,1.0815136432647705,1.0897995233535767,1.078771948814392,1.0815019607543945,0,1.071025800704956,1.0751994307232362,50.745808311146206,-0.004390228273469576,0.008316786081770111,0.005442830503059965,EURUSD
2015-04-27,1.0867438316345215,1.0904899835586548,1.082390546798706,1.086897373199463,0,1.0736169934272766,1.0773263293552773,53.632025332283675,-0.003143091884538096,0.004988814297946176,0.004951711777736422,EURUSD
2015-04-28,1.0877013206481934,1.0988999605178833,1.0861797332763672,1.0877959728240967,0,1.0766671180725098,1.0792299008950625,54.114294467017075,-0.0020584888532446666,0.0008267566439954521,0.004552261782147648,EURUSD
2015-04-29,1.0972130298614502,1.1175994873046875,1.096059799194336,1.096912145614624,0,1.0798870086669923,1.0824448544804373,58.796364223328595,-0.0004580540180496584,0.008380406821014708,0.0047084710116305295,EURUSD
2015-04-30,1.1113210916519165,1.1247594356536865,1.107299566268921,1.1114321947097778,0,1.084262204170227,1.087715279976681,64.93382923458267,0.0019593624218794403,0.013237203319521829,0.005710527520769301,EURUSD
2015-05-01,1.1215037107467651,1.1289701461791992,1.118599534034729,1.1214659214019775,0,1.0888530015945435,1.0938517602358258,68.43300383281988,0.004631431990752999,0.009027745228146644,0.005840053885183391,EURUSD
2015-05-04,1.1190940141677856,1.1223105192184448,1.1124002933502197,1.1185932159423828,0,1.0926100611686707,1.098350206727927,66.39034557153627,0.006442992248896884,-0.0025615628658635092,0.006201396776581733,EURUSD
2015-05-05,1.1150012016296387,1.1209995746612549,1.1068999767303467,1.1149141788482666,0,1.096626603603363,1.101361838022534,63.76526852579277,0.007495396987810654,-0.003288985702471603,0.005824472589067493,EURUSD
2015-05-06,1.1184431314468384,1.1365302801132202,1.1178054809570312,1.1186307668685913,0,1.1010725259780885,1.1045016432672716,65.2596657667284,0.008530992941711446,0.0033335193782932926,0.005637902779186171,EURUSD
2015-05-07,1.1339282989501953,1.1390599012374878,1.1238203048706055,1.1341469287872314,0,1.1072290658950805,1.1098916951799915,70.69374427395549,0.010482894506605334,0.013870673307220915,0.006032409891002227,EURUSD
2015-05-08,1.1245051622390747,1.1289000511169434,1.1185194253921509,1.1246949434280396,0,1.111548364162445,1.1125831948614548,64.11456065612235,0.011138694399089877,-0.008334004280467489,0.007356009081647677,EURUSD
2015-05-11,1.1196954250335693,1.1202975511550903,1.1134605407714844,1.1194071769714355,0,1.1147993445396422,1.1138239188814514,60.71056345050698,0.011103744917756453,-0.004701511718801732,0.00782687280005235,EURUSD
2015-05-12,1.1146035194396973,1.127789855003357,1.113598108291626,1.114441990852356,0,1.1174639463424683,1.113936295603434,57.61718868347178,0.010553741218691126,-0.004435549656303772,0.008157572498158773,EURUSD
2015-05-13,1.1218937635421753,1.1382806301116943,1.1205499172210693,1.1221455335617065,0,1.1199872851371766,1.1154288843231197,60.94235924606479,0.010617083707990416,0.006912466303839349,0.008051573332231207,EURUSD
2015-05-14,1.134803295135498,1.1443794965744019,1.1342240571975708,1.1350480318069458,0,1.1223488688468932,1.1189960020474516,65.78428165790417,0.011574977726771296,0.011498061400544435,0.007804206993026272,EURUSD
2015-05-15,1.140393853187561,1.1451002359390259,1.1324695348739624,1.1404979228973389,0,1.1242520689964295,1.1229054422019766,67.6107470548441,0.012628305062351464,0.0048014629669170805,0.007497704277247247,EURUSD
2015-05-18,1.1444004774093628,1.1447004079818726,1.1338794231414795,1.144505262374878,0,1.126843273639679,1.1268326822334132,68.92433516825062,0.013629323017924744,0.0035136753843081348,0.007358010504198537,EURUSD
2015-05-19,1.132541298866272,1.1326183080673218,1.1120996475219727,1.1326183080673218,0,1.1286136865615846,1.1278846142032146,61.01896424318568,0.01331002935723924,-0.01038610716641919,0.008247339884214106,EURUSD
2015-05-20,1.1146780252456665,1.1150758266448975,1.1065741777420044,1.1146656274795532,0,1.1282171726226806,1.1254811620716398,51.42557219022481,0.011476066592068124,-0.015850600736273313,0.009872305538093703,EURUSD
2015-05-21,1.1103092432022095,1.1180005073547363,1.1085859537124634,1.1100751161575317,0,1.1258099913597106,1.1226800628145293,49.29156249145183,0.009542225156720985,-0.004118285527832555,0.008551620321459074,EURUSD
2015-05-22,1.1110987663269043,1.1209995746612549,1.1006996631622314,1.1111851930618286,0,1.1244590163230896,1.1205900864958565,49.83369575071304,0.008006917059777852,0.0010000016108273613,0.0083025708130374,EURUSD
2015-05-25,1.0992151498794556,1.1010003089904785,1.096070647239685,1.0992997884750366,0,1.1224482774734497,1.1167191232193436,44.36468461507137,0.005764669984767323,-0.010696150975556318,0.008787598287527142,EURUSD
2015-05-26,1.0971288681030273,1.0971288681030273,1.0875203609466553,1.0971167087554932,0,1.1207157492637634,1.1131550478622798,43.42206495722972,0.0037680806465503203,-0.001985882051857568,0.008739236012861445,EURUSD
2015-05-27,1.0887553691864014,1.093000054359436,1.0821995735168457,1.08888578414917,0,1.1173897743225099,1.108742454459896,39.973525065850566,0.0015042621862284555,-0.007502323627592844,0.00837290778657425,EURUSD
2015-05-28,1.0897995233535767,1.0950000286102295,1.0868797302246094,1.0900014638900757,0,1.1128851175308228,1.1053350016290195,40.66144415449055,-0.00019752725134436488,0.0010246067651416002,0.006884428863971881,EURUSD
2015-05-29,1.0957943201065063,1.1003496646881104,1.0929105281829834,1.0960345268249512,0,1.108438777923584,1.103644006210098,44.37385855310046,-0.0010473170637390616,0.005534912690249305,0.006991920270779147,EURUSD
2015-06-01,1.095902442932129,1.0979998111724854,1.0888904333114624,1.0957943201065063,0,1.1035676836967467,1.1022167905548996,44.255140932980645,-0.0017203333551065736,-0.00021915980981057626,0.006640173380104538,EURUSD
2015-06-02,1.0922753810882568,1.116629719734192,1.091941475868225,1.0922993421554565,0,1.0995357871055602,1.1004136181186372,42.47456342035651,-0.002506822042670942,-0.003189447040307769,0.006290442215448998,EURUSD
2015-06-03,1.1148271560668945,1.1283293962478638,1.1086794137954712,1.1150012016296387,0,1.0995693445205688,1.1030659060297283,55.10905063753048,-0.0012834745658401037,0.020783551356337915,0.008605026178527722,EURUSD
2015-06-04,1.126227617263794,1.1376047134399414,1.1232597827911377,1.1257838010787964,0,1.1011402130126953,1.107196432402286,59.64287452951532,0.0005497654312203171,0.009670482357685639,0.008958055393809578,EURUSD
2015-06-05,1.121604323387146,1.128020167350769,1.105180025100708,1.120787262916565,0,1.102100419998169,1.1096674924957912,56.781070740225616,0.001581215200235242,-0.004438275055515528,0.009150872683903494,EURUSD
2015-06-08,1.1105434894561768,1.1242802143096924,1.1088072061538696,1.1108149290084839,0,1.1032519340515137,1.1098761173162808,51.472597202975365,0.0015757977536596801,-0.008897615308484652,0.008912236748083849,EURUSD
2015-06-09,1.1281970739364624,1.1339694261550903,1.1216697692871094,1.128095269203186,0,1.1063497900962829,1.113188690386627,58.68124017364871,0.002932084182801109,0.015556452963885414,0.009912470074157484,EURUSD
2015-06-10,1.1293309926986694,1.138200283050537,1.1266602277755737,1.1299052238464355,0,1.1104517340660096,1.1162280601065921,59.36216183715706,0.004105671536914324,0.0016044342110643761,0.009253966922934712,EURUSD
2015-06-11,1.131298542022705,1.132054090499878,1.118879795074463,1.131196141242981,0,1.1145712018013,1.1189495294041172,59.870126047617724,0.005081339694568809,0.0011425006003165095,0.0092501932778044,EURUSD
2015-06-12,1.1245051622390747,1.1293296813964844,1.1152499914169312,1.1240627765655518,0,1.11737402677536,1.1198792107061961,55.72503988286925,0.005218801727641997,-0.0063060369615396406,0.009741806387962175,EURUSD
2015-06-15,1.1217930316925049,1.1258105039596558,1.1191502809524536,1.1219944953918457,0,1.119994044303894,1.1202638079217686,54.54584682399911,0.005102035286960405,-0.0018400050395988021,0.009806649535660803,EURUSD
2015-06-16,1.1277008056640625,1.133009672164917,1.1211603879928589,1.1277008056640625,0,1.1235341906547547,1.1216159893294584,57.23463853079963,0.005407612994330346,0.005085862983867706,0.0096293234861356,EURUSD
2015-06-17,1.1242396831512451,1.129110336303711,1.122949481010437,1.124201774597168,0,1.1244542479515076,1.1220861321054056,55.082957272770386,0.0053062755233228565,-0.003102800893038382,0.007525728848952524,EURUSD
2015-06-18,1.1364152431488037,1.1428401470184326,1.1341005563735962,1.1369967460632324,0,1.1255755424499512,1.1247971528250105,60.87520670139646,0.00618709117696814,0.011381383444843962,0.007764265128798575,EURUSD
2015-06-19,1.1372941732406616,1.1387965679168701,1.12959885597229,1.1370742321014404,0,1.1272042393684387,1.1270293490570886,60.9080836784607,0.006812861972165463,6.814974491020642e-05,0.0075398901410819365,EURUSD
2015-06-22,1.1362345218658447,1.1410002708435059,1.1316006183624268,1.1372941732406616,0,1.1298521637916565,1.128895680726829,61.00824045838531,0.007243043945637906,0.0001934272477661647,0.006646142814368628,EURUSD
2015-06-23,1.1346230506896973,1.1346230506896973,1.113770604133606,1.13490629196167,0,1.130533266067505,1.1299885191331638,59.233829750952616,0.007307053037121092,-0.0020996162076409863,0.004862059114542781,EURUSD
2015-06-24,1.1177055835723877,1.1239995956420898,1.1162832975387573,1.1172186136245728,0,1.1292646050453186,1.1276667181316018,48.078980943652134,0.0058629484632484186,-0.015585144308720156,0.007028482216604487,EURUSD
2015-06-25,1.1207119226455688,1.1224100589752197,1.1156704425811768,1.1206992864608765,0,1.128214919567108,1.126399912373288,50.07157485420079,0.004942373784469378,0.003115480528033343,0.007125641006481346,EURUSD
2015-06-26,1.1203854084014893,1.1219995021820068,1.1136304140090942,1.1202975511550903,0,1.127838397026062,1.1252903921517974,49.833857124618625,0.004132755207933547,-0.00035846842292086567,0.0068686867932961715,EURUSD
2015-06-29,1.0982975959777832,1.119740605354309,1.0982975959777832,1.0975021123886108,0,1.1253891587257385,1.1202379776493998,38.62759792362181,0.0016329021741996463,-0.020347664549454803,0.009365237110130507,EURUSD
2015-06-30,1.121604323387146,1.1238796710968018,1.1123000383377075,1.122296690940857,0,1.1248487472534179,1.1206122891569374,51.42314858969298,0.0016336343864200575,0.022591827635104034,0.012106226504724068,EURUSD
2015-07-01,1.1134989261627197,1.1167594194412231,1.106119990348816,1.1134989261627197,0,1.1237784624099731,1.119318950430716,47.628649722775826,0.0009137751471808286,-0.007839072189334995,0.01231395800961303,EURUSD
2015-07-02,1.1037039756774902,1.1121602058410645,1.1037039756774902,1.103363037109375,0,1.1204150915145874,1.1164178752813811,43.63386288092963,-0.00046919147638946335,-0.00910273805855788,0.011736398868764939,EURUSD
2015-07-03,1.108598232269287,1.1119993925094604,1.108270287513733,1.1086965799331665,0,1.11757732629776,1.1150140033998874,46.19136463974574,-0.001121897620292911,0.004833896591066145,0.011966463825506826,EURUSD
2015-07-06,1.0997954607009888,1.1091405153274536,1.0997954607009888,1.0995051860809326,0,1.1137984275817872,1.1121942184328046,42.60382633383178,-0.0023537085232983035,-0.008290269870579015,0.01205784041412845,EURUSD
2015-07-07,1.1048015356063843,1.105265498161316,1.0916804075241089,1.1048991680145264,0,1.1107977151870727,1.1108678456294812,45.289299541879345,-0.0028616904893741246,0.004905826731768315,0.012336149464548883,EURUSD
2015-07-08,1.1009942293167114,1.109010100364685,1.0975021123886108,1.1009942293167114,0,1.1091752767562866,1.109072642663523,43.69539266032641,-0.0035385752821153194,-0.003534203672930669,0.011486927154521005,EURUSD
2015-07-09,1.1072357892990112,1.1116199493408203,1.102290391921997,1.1071009635925293,0,1.107815444469452,1.1087141555597058,46.84592123700178,-0.003541425587392899,0.005546563381724434,0.011618146552581182,EURUSD
2015-07-10,1.1063048839569092,1.1219995021820068,1.1056197881698608,1.1063048839569092,0,1.1064161777496337,1.108276106177379,46.48079318954901,-0.0035668055343989202,-0.0007190668798957578,0.01161594374022826,EURUSD
2015-07-13,1.1129041910171509,1.119759440422058,1.1007699966430664,1.1129041910171509,0,1.1079563856124879,1.1091175761482466,49.96252490029824,-0.003019602302496871,0.005965179360537531,0.009600949985849929,EURUSD
2015-07-14,1.0985147953033447,1.1074001789093018,1.0968496799468994,1.099045991897583,0,1.1056313157081603,1.1072863790117622,43.5546592269438,-0.0036619677650746585,-0.012452284061309937,0.007087517693604987,EURUSD
2015-07-15,1.100897192955017,1.1040000915527344,1.0936096906661987,1.1008002758026123,0,1.1043614506721497,1.1061070875191894,44.52460441834784,-0.003983570847148066,0.0015961878920103256,0.006858299024005848,EURUSD
2015-07-16,1.0938884019851685,1.0950000286102295,1.0859402418136597,1.0943553447723389,0,1.103460681438446,1.103970407019762,41.69023461302215,-0.0047042678073454525,-0.005854768727755255,0.006506393923124323,EURUSD
2015-07-17,1.0886012315750122,1.0910003185272217,1.0843905210494995,1.0886012315750122,0,1.1014511466026307,1.101176011484353,39.285675392734845,-0.00567432411033697,-0.005257993415770934,0.006315244470702756,EURUSD
2015-07-20,1.0832945108413696,1.0871999263763428,1.0821573734283447,1.0830246210098267,0,1.09980309009552,1.0978757586708026,37.05505726919132,-0.006814532892976732,-0.005122730347380866,0.006026925629716741,EURUSD
2015-07-21,1.083482265472412,1.0940704345703125,1.081270456314087,1.0835410356521606,0,1.0976672768592834,1.0952694453946858,37.40947262252039,-0.007589004897730733,0.00047682631799483843,0.005655778965683351,EURUSD
2015-07-22,1.093900442123413,1.097000002861023,1.0881404876708984,1.0939961671829224,0,1.0969674706459045,1.0950379402652741,44.253123691713895,-0.007275272985637127,0.009649040679358345,0.006684641261965179,EURUSD
2015-07-23,1.0927051305770874,1.1019999980926514,1.0923947095870972,1.0927051305770874,0,1.0955278873443604,1.0946137930492401,43.6188924654338,-0.007049551211264049,-0.0011801107211915074,0.006324191008993931,EURUSD
2015-07-24,1.0988407135009766,1.0996019840240479,1.092789888381958,1.0989010334014893,0,1.0947875022888183,1.0953932912951034,47.50714620009162,-0.006298106846931217,0.0056702422739880465,0.006699874377578493,EURUSD
2015-07-27,1.0974057912826538,1.112999439239502,1.0974057912826538,1.0972371101379395,0,1.0932207942008971,1.0957285310847098,46.578144396196855,-0.005770329706760391,-0.0015141702600819373,0.0062837656981435,EURUSD
2015-07-28,1.1091023683547974,1.1100996732711792,1.1023000478744507,1.109004020690918,0,1.0942165970802307,1.0981422564676566,53.50280109181143,-0.004352399427964393,0.010724127396219085,0.006022649988082151,EURUSD
2015-07-29,1.106549620628357,1.108598232269287,1.1014198064804077,1.1065986156463623,0,1.0947964310646057,1.0996797763183304,52.01841511516436,-0.0033837695614882257,-0.0021689777491131768,0.0060928707882044655,EURUSD
2015-07-30,1.0983941555023193,1.099000096321106,1.091130018234253,1.098406195640564,0,1.0952015161514281,1.0994482161951,47.213906925263885,-0.0032398364236974064,-0.007403244401325337,0.006289997445331751,EURUSD
2015-07-31,1.0941756963729858,1.1110296249389648,1.0923899412155151,1.0939244031906128,0,1.0957338333129882,1.0984438865579205,44.77736137595695,-0.0034476689878322198,-0.004080268727305825,0.006182661576245861,EURUSD
2015-08-03,1.0969001054763794,1.09954035282135,1.0943995714187622,1.0969001054763794,0,1.0971213817596435,1.0981631990885492,46.74256371686307,-0.0033338331336563165,0.0027202083408026656,0.00587944834746311,EURUSD
2015-08-04,1.0953983068466187,1.0995995998382568,1.0933502912521362,1.09560227394104,0,1.0983275055885315,1.0976975763344565,45.9741112857207,-0.00331018381900261,-0.001183181156478863,0.005928171222829275,EURUSD
2015-08-05,1.0886012315750122,1.0918794870376587,1.0850305557250977,1.0888975858688354,0,1.0978176474571228,1.09609757806798,42.12151597406335,-0.003788779172894108,-0.006119636871587453,0.0054893612966929635,EURUSD
2015-08-06,1.0904054641723633,1.093460202217102,1.0877498388290405,1.0903104543685913,0,1.0975781798362731,1.0950453737590002,43.20166457015703,-0.004007862613450985,0.0012975219323574372,0.005508801454707012,EURUSD
2015-08-07,1.0922038555145264,1.0968605279922485,1.0859096050262451,1.0927051305770874,0,1.096958589553833,1.0946198749986524,45.07270974265026,-0.0039428072341387566,0.0021963250915382204,0.005197841374637027,EURUSD
2015-08-10,1.095902442932129,1.0999999046325684,1.0927098989486694,1.0965032577514648,0,1.0968852043151855,1.0949623082264364,47.99868326292367,-0.003543921139751216,0.0034758939700150204,0.00533309741855856,EURUSD
2015-08-11,1.1017948389053345,1.108589768409729,1.0961499214172363,1.1016976833343506,0,1.0961545705795288,1.0961869218824207,51.78176913112979,-0.0027766468467702587,0.004737264158738208,0.004205549326482262,EURUSD
2015-08-12,1.1043744087219238,1.1210297346115112,1.103302240371704,1.104203701019287,0,1.0959150791168213,1.0976445180891237,53.53791988215147,-0.0019439530771547808,0.002274687260258146,0.004261933075415788,EURUSD
2015-08-13,1.1155858039855957,1.1189061403274536,1.1081806421279907,1.1160963773727417,0,1.097684097290039,1.100999401595236,60.82904900262501,-0.0003207008354177976,0.010770364510168218,0.004704816732440602,EURUSD
2015-08-14,1.1158970594406128,1.1190000772476196,1.110109567642212,1.1160963773727417,0,1.099901294708252,1.103744306282055,60.82904900262501,0.0009547326968311065,0.0,0.004317594724093565,EURUSD
2015-08-17,1.1094961166381836,1.112599492073059,1.1062498092651367,1.1092993021011353,0,1.1011412143707275,1.1047543055218878,55.0978840703109,0.0014009070073042196,-0.006090043305764126,0.005002679721895081,EURUSD
2015-08-18,1.107714056968689,1.1099998950958252,1.102189540863037,1.107800006866455,0,1.102360987663269,1.1053080694027182,53.891727329126766,0.001614907123486109,-0.0013515696186234827,0.0050116284602418825,EURUSD
2015-08-19,1.103095293045044,1.1080001592636108,1.1020400524139404,1.1030831336975098,0,1.1037795424461365,1.104903535638135,50.17063738650605,0.0013878927494850313,-0.004257874291125452,0.004740063000858988,EURUSD
2015-08-20,1.1120007038116455,1.1219995021820068,1.110839605331421,1.1118029356002808,0,1.1059287905693054,1.1061579719948886,56.19253405546647,0.0018898127763491424,0.007904936297541187,0.005179057080581165,EURUSD
2015-08-21,1.1235954761505127,1.1369102001190186,1.123204231262207,1.1236965656280518,0,1.1090279340744018,1.1093468072009183,62.79675092852484,0.0032102982380581846,0.010697606245615221,0.005872387713606813,EURUSD
2015-08-24,1.13779878616333,1.1705996990203857,1.1372941732406616,1.1376951932907104,0,1.1131471276283265,1.114501059217244,68.76527098551156,0.005324981667038875,0.012457658135525795,0.006623368286560159,EURUSD
2015-08-25,1.1582385301589966,1.1589996814727783,1.140029788017273,1.1583056449890137,0,1.1188079237937927,1.1224655293575656,75.09934681541976,0.008565239968617133,0.01811596974290519,0.008050421989569434,EURUSD
2015-08-26,1.1554815769195557,1.1558955907821655,1.135500431060791,1.1550945043563843,0,1.1238970041275025,1.1283980702664416,72.62815186213842,0.010750134941112766,-0.002772274007746711,0.00839473389858866,EURUSD
2015-08-27,1.1339540481567383,1.1361596584320068,1.1211603879928589,1.1340054273605347,0,1.1256879091262817,1.1294175897380947,58.91647593442433,0.01065711904877098,-0.018257447261945337,0.010704738787534217,EURUSD
2015-08-28,1.1245051622390747,1.1310003995895386,1.1156704425811768,1.1247961521148682,0,1.1265578866004944,1.1285773283520535,54.11214554748227,0.009728151659973872,-0.008121015141084098,0.011142470782229985,EURUSD
2015-08-31,1.121176838874817,1.126400113105774,1.1185895204544067,1.1214030981063843,0,1.1277682662010193,1.1272729228528409,52.416201001779214,0.008618795104997856,-0.0030165946088135387,0.01097138008643106,EURUSD
2015-09-01,1.1225990056991577,1.1332305669784546,1.122536063194275,1.1225864887237549,0,1.1292469143867492,1.1264208439202796,52.96982577263917,0.0077458227524278556,0.0010552767505003224,0.010936995768288185,EURUSD
2015-09-02,1.1296244859695435,1.1299996376037598,1.1222903728485107,1.1293437480926514,0,1.1318729758262633,1.126952281042529,56.10996888008214,0.007512639203603344,0.006019366380027202,0.010830635481519718,EURUSD
2015-09-03,1.1215037107467651,1.1249998807907104,1.1089695692062378,1.121604323387146,0,1.1328531146049499,1.1259799251051865,51.84058214142985,0.006626941413018672,-0.006853028334886102,0.011002549444820566,EURUSD
2015-09-04,1.1125946044921875,1.1160004138946533,1.109460473060608,1.1125946044921875,0,1.1317429184913634,1.1235462304482775,47.32604788551677,0.005138773928341278,-0.008032885311773708,0.010746805680854645,EURUSD
2015-09-07,1.1158970594406128,1.1180005073547363,1.1124200820922852,1.115200161933899,0,1.1294934153556824,1.1220287634456632,48.71693271436764,0.00412211995218259,0.0023418749571417763,0.009777951281539169,EURUSD
2015-09-08,1.1158970594406128,1.122999906539917,1.1153706312179565,1.1163954734802246,0,1.1253023982048034,1.1210045289064925,49.37733026935826,0.0033739729437629595,0.0010718358794468141,0.0069748940682022986,EURUSD
2015-09-09,1.1207997798919678,1.1209995746612549,1.1133204698562622,1.1207369565963745,0,1.1218666434288025,1.1209558793955618,51.8049229952557,0.0030956971835403024,0.0038888397698495503,0.00737529986367394,EURUSD
2015-09-10,1.1219441890716553,1.1279997825622559,1.1174894571304321,1.1220699548721313,0,1.1206730961799622,1.12115843857312,52.557199083837546,0.002948732308684976,0.0011893944140157764,0.005122114897466616,EURUSD
2015-09-11,1.1282861232757568,1.1342202425003052,1.125579833984375,1.1290887594223022,0,1.1211023569107055,1.122600315091153,56.41491890395384,0.0033598897377014048,0.006255229025333486,0.004929505312961271,EURUSD
2015-09-14,1.1344043016433716,1.1372101306915283,1.128770112991333,1.1344043016433716,0,1.1224024772644043,1.1247464944642835,59.125614232868195,0.00406776414288279,0.004707816083289185,0.004941236580654533,EURUSD
2015-09-15,1.1310937404632568,1.1330032348632812,1.1259803771972656,1.1307612657546997,0,1.1232199549674988,1.1258400892443592,56.53067277829986,0.004285397761032428,-0.003211408739718591,0.00513222352705684,EURUSD
2015-09-16,1.1272940635681152,1.1311602592468262,1.1214998960494995,1.1271796226501465,0,1.1230035424232483,1.1260836407726842,54.02044242291948,0.004121356869350334,-0.0031674617914708714,0.004898662349882375,EURUSD
2015-09-17,1.129394769668579,1.134000301361084,1.1287955045700073,1.12920343875885,0,1.1237634539604187,1.1266508767701688,55.23017192823684,0.004107311793434931,0.00179546903442529,0.004318982598785234,EURUSD
2015-09-18,1.1406019926071167,1.1460003852844238,1.1351704597473145,1.1400948762893677,0,1.1265134811401367,1.1290952403191141,61.15359980540358,0.00491833346809023,0.009645239428679675,0.003957485086591456,EURUSD
2015-09-21,1.1293054819107056,1.1329994201660156,1.118390679359436,1.12920343875885,0,1.127913808822632,1.1291149127627025,53.52678008558945,0.00462886730228762,-0.009553097515853759,0.0054864363023395995,EURUSD
2015-09-22,1.1190940141677856,1.1209995746612549,1.1130800247192383,1.1190940141677856,0,1.128183662891388,1.1272929311999902,47.59349801712257,0.0035428771217902444,-0.008952704396805733,0.006369785036721285,EURUSD
2015-09-23,1.1121985912322998,1.1190601587295532,1.110679268836975,1.1120749711990356,0,1.1273174643516541,1.1245260293816348,43.95077181584252,0.0020917317905966293,-0.006272076232996082,0.006534839259986217,EURUSD
2015-09-24,1.118806004524231,1.1296104192733765,1.1166696548461914,1.1189937591552734,0,1.1270098447799684,1.1235201620677508,48.16249480082819,0.0014828832707505235,0.006221512160082154,0.006885650431812008,EURUSD
2015-09-25,1.1181179285049438,1.1204394102096558,1.1118301153182983,1.1178929805755615,0,1.1258902668952941,1.12249703816008,47.55028828281564,0.0009011548483213172,-0.0009837218221332433,0.006494819800996249,EURUSD
2015-09-28,1.120046615600586,1.1241399049758911,1.1152101755142212,1.1201720237731934,0,1.1244670391082763,1.1220743082715552,48.995834205924155,0.0006169191616332004,0.0020386953288304976,0.006286747883119088,EURUSD
2015-09-29,1.1233556270599365,1.1280303001403809,1.1194798946380615,1.123103380203247,0,1.1237012505531312,1.1222614122591354,50.87136517117672,0.0006210373654955692,0.0026168805931965355,0.006353888375704937,EURUSD
2015-09-30,1.1254037618637085,1.1262022256851196,1.115799903869629,1.1255937814712524,0,1.1235426664352417,1.1228672975704295,52.47043636846885,0.0008158510182145751,0.0022174283435552056,0.006346055072652439,EURUSD
2015-10-01,1.1171561479568481,1.1209995746612549,1.1138957738876343,1.11720609664917,0,1.1223429322242737,1.1218379883120186,46.93003257817884,0.0002900822871789721,-0.007451786745942268,0.006699401770682664,EURUSD
2015-10-02,1.119494915008545,1.1315301656723022,1.115180253982544,1.1193444728851318,0,1.12026789188385,1.1213846218707664,48.42520390925812,4.5432157331104506e-05,0.0019140391753817987,0.005699891478960179,EURUSD
2015-10-05,1.1221455335617065,1.1287994384765625,1.1196954250335693,1.1226998567581177,0,1.1196175336837768,1.1216237554866484,50.76901931212602,0.00012090290977040397,0.002997632948807283,0.005164706070651383,EURUSD
2015-10-06,1.119795799255371,1.1279997825622559,1.1176055669784546,1.1195199489593506,0,1.1196601271629334,1.1212412452089577,48.51866092237508,-7.501325286130012e-05,-0.00283237570542616,0.0043603552842128995,EURUSD
2015-10-07,1.1272940635681152,1.128426194190979,1.1214194297790527,1.1267986297607422,0,1.121132493019104,1.1222516787638277,53.58962803051856,0.0003529815355336474,0.0065016088441813835,0.004170511133691569,EURUSD
2015-10-08,1.124201774597168,1.1313101053237915,1.123974323272705,1.1239995956420898,0,1.1216330766677856,1.1225694818326026,51.48924879624243,0.0004609977330953807,-0.0024840588590764323,0.003936655475826752,EURUSD
2015-10-09,1.128604531288147,1.137869954109192,1.1270017623901367,1.1286935806274414,0,1.1227131366729737,1.1236829543407552,54.69604442710851,0.0009148212173886172,0.004176144727765729,0.004063469246754855,EURUSD
2015-10-12,1.1369062662124634,1.1399999856948853,1.135839581489563,1.1369967460632324,0,1.1243956089019775,1.126103643744842,59.7629840249097,0.0019223163897912343,0.007356438964750023,0.004539075449941392,EURUSD
2015-10-13,1.1353960037231445,1.1410002708435059,1.1347002983093262,1.135550618171692,0,1.125640332698822,1.1278212754588146,58.535054820233555,0.002574397090327807,-0.0012718839315483121,0.004599055684546755,EURUSD
2015-10-14,1.138511300086975,1.1450005769729614,1.138511300086975,1.138498306274414,0,1.1269307851791381,1.1297625537889235,60.32451803462565,0.0032910918799646804,0.0025958227273639167,0.00461070032391214,EURUSD
2015-10-15,1.1474995613098145,1.1494200229644775,1.1365302801132202,1.147552251815796,0,1.1299654006958009,1.1329970443392638,65.2807642107555,0.004537351637198039,0.007952533167141729,0.003942314012858508,EURUSD
2015-10-16,1.1366994380950928,1.1399999856948853,1.1339398622512817,1.1368157863616943,0,1.1317125320434571,1.1336913610706147,56.2993954835621,0.004605588087270851,-0.009355970882470088,0.005494359207071867,EURUSD
2015-10-19,1.1360021829605103,1.1379995346069336,1.1308494806289673,1.1361054182052612,0,1.1330530881881713,1.1341302805496414,55.75284389690136,0.004549896813882848,-0.0006248753447615218,0.005508705099149738,EURUSD
2015-10-20,1.1331958770751953,1.1390001773834229,1.1325798034667969,1.132900595664978,0,1.134391152858734,1.1339067014797024,53.24162862285943,0.00419875801455194,-0.0028208848306928713,0.005507771316305388,EURUSD
2015-10-21,1.1356022357940674,1.1378000974655151,1.13379967212677,1.1353960037231445,0,1.1352508902549743,1.1341774837057828,54.94338637219142,0.004074864065134465,0.002202671679858881,0.005207809294112706,EURUSD
2015-10-22,1.1347002983093262,1.1352026462554932,1.113800287246704,1.134803295135498,0,1.1363312602043152,1.1342912676020946,54.4366130006464,0.0038840773619879254,-0.0005220280727630255,0.00510747602152193,EURUSD
2015-10-23,1.1084016561508179,1.1140943765640259,1.1011033058166504,1.108094573020935,0,1.1342713594436646,1.129528232223702,37.60460395122193,0.0015597272992498024,-0.02353599273905338,0.009117615284306583,EURUSD
2015-10-26,1.1020376682281494,1.1060001850128174,1.1006003618240356,1.1020376682281494,0,1.1307754516601562,1.1245299478608741,34.96431077845287,-0.0007622912496050294,-0.0054660540176395545,0.008571750366636391,EURUSD
2015-10-27,1.106096863746643,1.107800006866455,1.1031999588012695,1.1065986156463623,0,1.1278802514076234,1.1212697056400538,38.46781368160813,-0.0022090132103647075,0.004138649294579855,0.008864641746213157,EURUSD
2015-10-28,1.103594422340393,1.1099998950958252,1.1027060747146606,1.1037039756774902,0,1.1244008183479308,1.1180759365559512,37.10175498589218,-0.0035482223428315862,-0.0026157993765257848,0.00868019566729876,EURUSD
2015-10-29,1.0925976037979126,1.0981999635696411,1.0910003185272217,1.0928961038589478,0,1.1189352035522462,1.113497785156496,32.465902104085586,-0.005419191097749465,-0.009792364670887621,0.007961737743190337,EURUSD
2015-10-30,1.099203109741211,1.107200264930725,1.0969964265823364,1.0993843078613281,0,1.1151920557022095,1.1109316983755564,37.513560605659016,-0.006305715118105182,0.005936707047880407,0.008451415066011795,EURUSD
2015-11-02,1.1024993658065796,1.1060001850128174,1.1004005670547485,1.102596640586853,0,1.1118411779403687,1.1094162333230648,39.90832016584311,-0.006672170755742446,0.002921937945224995,0.008648743625517912,EURUSD
2015-11-03,1.1016976833343506,1.1031999588012695,1.0937999486923218,1.1016006469726562,0,1.1087111830711365,1.1079952176229906,39.40407930331932,-0.006962696221625153,-0.0009033163874566652,0.008673278373063401,EURUSD
2015-11-04,1.0965032577514648,1.0966956615447998,1.084799885749817,1.0963950157165527,0,1.1048110842704773,1.1058860900036382,36.78782344630884,-0.007526232954964351,-0.00472551579413949,0.008507628405229827,EURUSD
2015-11-05,1.0866022109985352,1.0900002717971802,1.0837054252624512,1.0868029594421387,0,1.1000110507011414,1.1024164299015473,32.50515659634394,-0.008647159580411845,-0.00874872298479501,0.008589711740548598,EURUSD
2015-11-06,1.0884946584701538,1.0895025730133057,1.0711684226989746,1.0883997678756714,0,1.098041570186615,1.0998679458968426,33.8850192394804,-0.009299454587641032,0.0014692713335564545,0.0054133089061462305,EURUSD
2015-11-09,1.0732377767562866,1.0790001153945923,1.072995901107788,1.0733413696289062,0,1.0951719403266906,1.095044932029945,28.059264574485738,-0.010905774985210615,-0.013835355988871645,0.0065701350608862175,EURUSD
2015-11-10,1.0759745836257935,1.0762755870819092,1.0676004886627197,1.0759514570236206,0,1.0921072244644165,1.091573391119704,30.296242004017515,-0.011831793681332359,0.0024317402352773687,0.006395006622618513,EURUSD
2015-11-11,1.0738024711608887,1.0772960186004639,1.0708003044128418,1.0737563371658325,0,1.0891124606132507,1.0883339267644545,29.466388351110083,-0.012597580925566731,-0.002040166257928022,0.006399299571248139,EURUSD
2015-11-12,1.0764957666397095,1.0799999237060547,1.0693997144699097,1.0762988328933716,0,1.087452733516693,1.086145727878803,31.79665230640549,-0.012851174338931681,0.002367851661998044,0.006053912926500945,EURUSD
2015-11-13,1.080894112586975,1.0811045169830322,1.072199821472168,1.0815019607543945,0,1.0856644988059998,1.0853014065834559,36.42557955211865,-0.012488342177139566,0.004834278085237287,0.0059115517934149086,EURUSD
2015-11-16,1.070102334022522,1.0759999752044678,1.070102334022522,1.06999933719635,0,1.0824047684669496,1.0825192121494365,31.35860734608029,-0.012979342879201772,-0.0106357861339621,0.0062956430640275715,EURUSD
2015-11-17,1.0689013004302979,1.069198489189148,1.064400553703308,1.068798542022705,0,1.0791245579719544,1.0800245448536672,30.87575280850028,-0.013311907227955055,-0.001122239175204931,0.006288000805673707,EURUSD
2015-11-18,1.0643960237503052,1.0691996812820435,1.063230276107788,1.0643846988677979,0,1.0759235262870788,1.0771809364926,29.101915552376056,-0.013772862143432762,-0.0041297241541460306,0.00627264356660344,EURUSD
2015-11-19,1.0673041343688965,1.0734001398086548,1.067000150680542,1.066996693611145,0,1.0739428997039795,1.075329255968699,31.60602967711924,-0.013768689210010843,0.002453995013387056,0.00611862532345874,EURUSD
2015-11-20,1.0726966857910156,1.0730005502700806,1.0664005279541016,1.0726161003112793,0,1.0723645329475402,1.0748359549400772,36.77948271661419,-0.013160239919028482,0.00526656430500827,0.006454120015407568,EURUSD
2015-11-23,1.0639996528625488,1.0653995275497437,1.0602991580963135,1.0641014575958252,0,1.071440541744232,1.0728842281502131,32.73854035589952,-0.013212791147907188,-0.007938201480457985,0.0053749991713734,EURUSD
2015-11-24,1.063897728919983,1.0672005414962769,1.0623831748962402,1.0642033815383911,0,1.0702657341957091,1.071305892402609,32.83367158683093,-0.013095259959753802,9.57840456268233e-05,0.005266129758525709,EURUSD
2015-11-25,1.0643960237503052,1.0689996480941772,1.0576001405715942,1.0643846988677979,0,1.0693285703659057,1.070047493578098,33.015173433668394,-0.012839479327831915,0.00017037845636669324,0.0052679644374592875,EURUSD
2015-11-26,1.0624960660934448,1.0629997253417969,1.0602003335952759,1.0624960660934448,0,1.067948293685913,1.0686745067627064,32.043843151171515,-0.012643422708436214,-0.0017743892564051622,0.005147098150047412,EURUSD
2015-11-27,1.0604453086853027,1.06380033493042,1.0569998025894165,1.0604453086853027,0,1.065842628479004,1.067178288930451,30.97808333865744,-0.012509325689235018,-0.0019301317657413053,0.004677654625807177,EURUSD
2015-11-30,1.0583018064498901,1.0597037076950073,1.056400179862976,1.0583018064498901,0,1.064672875404358,1.0655643830248944,29.860186833446363,-0.012432699135258574,-0.002021322757389532,0.0035612226401500434,EURUSD
2015-12-01,1.0572947263717651,1.0639996528625488,1.056602120399475,1.0572947263717651,0,1.063522493839264,1.0640608090879617,29.324752570561145,-0.012311317777147446,-0.0009516000747492592,0.003561475398587069,EURUSD
2015-12-02,1.062699317932129,1.0639996528625488,1.0562005043029785,1.0625863075256348,0,1.0633426547050475,1.0637927178948114,35.8352787454417,-0.011653798070886845,0.00500483074575464,0.003850854949378461,EURUSD
2015-12-03,1.0611993074417114,1.0892000198364258,1.0541995763778687,1.0613007545471191,0,1.062773060798645,1.0633396336497765,34.991932566240976,-0.011108391723004152,-0.0012098339395217872,0.0037471606632323794,EURUSD
2015-12-04,1.0918341875076294,1.0951943397521973,1.0857999324798584,1.0915957689285278,0,1.06467102766037,1.0684771127913675,59.30017307128656,-0.0081377913946874,0.028545173695213588,0.009910100831249748,EURUSD
2015-12-07,1.0883049964904785,1.0883049964904785,1.0798004865646362,1.0883997678756714,0,1.0671008586883546,1.0720994137157862,56.88363285084561,-0.005972611262533789,-0.002927824698325421,0.00948044530589003,EURUSD
2015-12-08,1.0835996866226196,1.0900002717971802,1.0831419229507446,1.0834001302719116,0,1.0690205335617065,1.0741540894532635,53.229323500280906,-0.00460701260587526,-0.004593567319035707,0.009714675541473771,EURUSD
2015-12-09,1.0895025730133057,1.099000096321106,1.0881984233856201,1.0893957614898682,0,1.0715216398239136,1.076925302550828,56.812415571751615,-0.0030063135884754733,0.005534087591859249,0.009760753081252264,EURUSD
2015-12-10,1.1016976833343506,1.1023049354553223,1.092799425125122,1.1017948389053345,0,1.0754515171051025,1.0814470364334656,63.10700455480435,-0.0007288444951081274,0.011381609745304333,0.010023530606548897,EURUSD
2015-12-11,1.0947985649108887,1.1030004024505615,1.0928006172180176,1.0948106050491333,0,1.0788880467414856,1.0838767761817687,57.98068266863778,0.0005066564470082024,-0.00633896040313664,0.010388189932573181,EURUSD
2015-12-14,1.098997712135315,1.1040000915527344,1.0947027206420898,1.0983941555023193,0,1.0828972816467286,1.086516299694596,59.78572735589313,0.001754734925592416,0.003273214962167037,0.010223735240046486,EURUSD
2015-12-15,1.0992271900177002,1.107000470161438,1.0922002792358398,1.0992997884750366,0,1.0870977878570556,1.0888405703819488,60.25045077629503,0.00278482143597536,0.0008245063652065898,0.010147707706976391,EURUSD
2015-12-16,1.0936013460159302,1.0958002805709839,1.0913218259811401,1.0936251878738403,0,1.0902016758918762,1.0897105008350199,55.89200368885508,0.003107458723091927,-0.00516201372972902,0.01053222381716863,EURUSD
2015-12-17,1.0874056816101074,1.0888975858688354,1.0833531618118286,1.087453007698059,0,1.0928169012069702,1.0893000475373906,51.5259834363127,0.002832456940023098,-0.005643780194730885,0.010815516348885525,EURUSD
2015-12-18,1.0843987464904785,1.0870002508163452,1.0805997848510742,1.0844104290008545,0,1.0920983672142028,1.088411025985293,49.474330477551725,0.002342008160462594,-0.002797894415359825,0.005807869672783649,EURUSD
2015-12-21,1.0870156288146973,1.091999888420105,1.0852001905441284,1.0869920253753662,0,1.0919575929641723,1.0881530258743972,51.248112510677046,0.002137003178882324,0.0023806451002967854,0.005818629718499687,EURUSD
2015-12-22,1.091202735900879,1.0984002351760864,1.0905005931854248,1.09129798412323,0,1.0927473783493042,1.088724836465094,54.140044085855735,0.0022955287124724055,0.003961352657004813,0.005714844793154423,EURUSD
2015-12-23,1.0950024127960205,1.095494270324707,1.0884946584701538,1.0950024127960205,0,1.0933080434799194,1.0898662139798079,56.52912581943152,0.0026890797373313458,0.003394516187773089,0.0055532365571213105,EURUSD
2015-12-24,1.0910003185272217,1.0966956615447998,1.0910003185272217,1.0909169912338257,0,1.0922202587127685,1.0900572643896294,53.235323039979086,0.0026408700767770465,-0.0037309703745428413,0.0041502923367674315,EURUSD
2015-12-25,1.0965152978897095,1.0975021123886108,1.0947027206420898,1.0969964265823364,0,1.0924388408660888,1.0913189302428488,57.22910803155736,0.003057972791303154,0.00557277537829437,0.004151969117047785,EURUSD
2015-12-28,1.0965994596481323,1.0999999046325684,1.0958002805709839,1.0965994596481323,0,1.09225937128067,1.0922790264983548,56.887475534024595,0.0033182470966359734,-0.0003618671169611787,0.004010429337877363,EURUSD
2015-12-29,1.0976948738098145,1.0999999046325684,1.0910003185272217,1.0975261926651,0,1.0920820116996766,1.0932330567104902,57.52494752707315,0.0035582783503542714,0.0008450970943074676,0.004010994096401385,EURUSD
2015-12-30,1.0928006172180176,1.0950000286102295,1.0910003185272217,1.0928006172180176,0,1.0919995546340941,1.0931544313482224,53.20484930210912,0.0033288178627552956,-0.0043056607474738495,0.0038997974390828057,EURUSD
2015-12-31,1.0938047170639038,1.093900442123413,1.0865998268127441,1.093398094177246,0,1.092594063282013,1.093198733680772,53.67851399927703,0.0031587678608113734,0.0005467392219722367,0.00337209580828515,EURUSD
2016-01-01,1.0859060287475586,1.0866966247558594,1.0859060287475586,1.0859060287475586,0,1.0927436232566834,1.0918727873292786,47.2235492500777,0.0023918828066544773,-0.0068520930021604975,0.0040039153078632456,EURUSD
2016-01-04,1.0855052471160889,1.094599723815918,1.0805997848510742,1.0853991508483887,0,1.0925843358039855,1.0906957625145712,46.81339238815541,0.0017233543100831916,-0.00046677878725343014,0.0039277888387347646,EURUSD
2016-01-05,1.082602620124817,1.0841047763824463,1.0712006092071533,1.0827549695968628,0,1.091730034351349,1.0892519819840787,44.63546225865093,0.0009690072193706545,-0.0024361372030363704,0.003700001068089698,EURUSD
2016-01-06,1.0751993656158447,1.0772031545639038,1.072199821472168,1.0751993656158447,0,1.0897497296333314,1.0866969608262178,39.045515869991796,-0.00023577451935286042,-0.006978129118013876,0.0038507253780739317,EURUSD
2016-01-07,1.0777952671051025,1.0875996351242065,1.0774004459381104,1.0778998136520386,0,1.0884480118751525,1.0850974795218216,41.84861828486892,-0.0009615845907435805,0.0025115788964840124,0.004008677105378974,EURUSD
2016-01-08,1.0927051305770874,1.0928961038589478,1.0808006525039673,1.0925976037979126,0,1.0880081295967101,1.0864611384811107,54.195165569652566,-0.00034680768813699636,0.013635580932217062,0.005889979561266902,EURUSD
2016-01-11,1.093900442123413,1.0945948362350464,1.0852001905441284,1.0941038131713867,0,1.0877585649490356,1.0878507156975243,55.243876834658884,0.00025896080595622095,0.0013785581885210618,0.0059164318217464155,EURUSD
2016-01-12,1.085894227027893,1.0901999473571777,1.082399845123291,1.0857999324798584,0,1.0865859389305115,1.087477846021585,48.633039557748255,6.819679823255598e-05,-0.007589664336749347,0.00633537990457895,EURUSD
2016-01-13,1.0843987464904785,1.0883997678756714,1.0805997848510742,1.0843987464904785,0,1.0857457518577576,1.0869180097432019,47.59799196624543,-0.00019381487418779209,-0.0012904642443472003,0.006234460466411554,EURUSD
2016-01-14,1.0888028144836426,1.0950000286102295,1.0839990377426147,1.0886012315750122,0,1.0852660655975341,1.0872240500762582,50.96852756800783,-6.164498259786377e-05,0.003875405701209589,0.006398337346655371,EURUSD
2016-01-15,1.0857763290405273,1.0981999635696411,1.0857763290405273,1.085894227027893,0,1.0852648854255675,1.0869822640674645,48.791506148971195,-0.00017333394898444432,-0.0024866815033844913,0.006050277856998473,EURUSD
2016-01-18,1.0919057130813599,1.0927051305770874,1.0875996351242065,1.0920010805130005,0,1.085925078392029,1.087894776148471,53.605849298891414,0.0002282921695984097,0.005623801410034268,0.006297846224630679,EURUSD
2016-01-19,1.0895025730133057,1.0910003185272217,1.0861997604370117,1.0895025730133057,0,1.086599838733673,1.088187102851168,51.47364977032244,0.00034104374777621516,-0.0022880082669158863,0.006290017203892873,EURUSD
2016-01-20,1.0911551713943481,1.0975996255874634,1.0892889499664307,1.09129798412323,0,1.0882097005844116,1.0887527176279066,52.92273788251935,0.000568719018675834,0.0016479181916557728,0.005692410411625033,EURUSD
2016-01-21,1.0877013206481934,1.0922002792358398,1.0781996250152588,1.0877013206481934,0,1.089189851284027,1.088561554540686,49.7196711102976,0.00045370262585997523,-0.003295766625946994,0.005871364800251794,EURUSD
2016-01-22,1.0860947370529175,1.0864002704620361,1.0795987844467163,1.0862009525299072,0,1.0885501861572267,1.0881323541750898,48.40358612844732,0.00023873218187175915,-0.001379393487719649,0.0038201899046131815,EURUSD
2016-01-25,1.079901933670044,1.0850000381469727,1.079202651977539,1.079901933670044,0,1.0871299982070923,1.086635914083263,43.229904212280374,-0.00043489838479593423,-0.005799128462548264,0.004076898681534016,EURUSD
2016-01-26,1.0853756666183472,1.0879995822906494,1.082000494003296,1.0853049755096436,0,1.0870805025100707,1.0863939252516959,48.3314155285792,-0.0005267036291993765,0.00500327082593266,0.00385656278920928,EURUSD
2016-01-27,1.0864014625549316,1.091200351715088,1.0853049755096436,1.0864958763122559,0,1.0872902154922486,1.0864124618081612,49.41051487004384,-0.0004976278605983708,0.0010972959946609073,0.0038443623874840262,EURUSD
2016-01-28,1.0904054641723633,1.0950000286102295,1.0870002508163452,1.090798020362854,0,1.0875098943710326,1.0872098360908324,53.212081704244376,-0.00012598574884781222,0.003959650601896625,0.0038533935552934177,EURUSD
2016-01-29,1.0936970710754395,1.0947147607803345,1.082000494003296,1.0936970710754395,0,1.0882901787757873,1.0883893333607608,55.631614663871815,0.00039788588556555204,0.0026577337494810838,0.003796608414884741,EURUSD
2016-02-01,1.0826259851455688,1.091200351715088,1.0826259851455688,1.0825908184051514,0,1.0873491525650025,1.0873350579142864,45.84957249164461,-8.21765612908365e-05,-0.010154779567405514,0.004703801111443049,EURUSD
2016-02-02,1.0898945331573486,1.0939997434616089,1.0895264148712158,1.0897282361984253,0,1.0873717188835144,1.0877701812386753,51.72438406997372,0.00011200928364152318,0.006592904421440338,0.005213918920221556,EURUSD
2016-02-03,1.0922038555145264,1.107800006866455,1.0906004905700684,1.0922038555145264,0,1.087462306022644,1.0885763038342846,53.604544557827644,0.0004603580331363766,0.0022717767915581,0.0052390609006749906,EURUSD
2016-02-04,1.1092008352279663,1.1238000392913818,1.107200264930725,1.1091023683547974,0,1.0896024107933044,1.0923083155652868,63.930985790681554,0.002076064111501408,0.015471940292968833,0.0069661623878406135,EURUSD
2016-02-05,1.119996428489685,1.1217050552368164,1.1110000610351562,1.119996428489685,0,1.0929819583892821,1.0973425179151775,68.75859163834576,0.004187313680963811,0.009822411750006088,0.007261718499873567,EURUSD
2016-02-08,1.1147029399871826,1.1190000772476196,1.108799934387207,1.114504098892212,0,1.096442174911499,1.1004628053655474,64.10047572746117,0.005355573362300081,-0.004903881349764272,0.007144494817674871,EURUSD
2016-02-09,1.1190940141677856,1.1313996315002441,1.1164003610610962,1.1189812421798706,0,1.0998098015785218,1.1038297938772423,66.11564541598835,0.006566995387863317,0.004017161796092905,0.007123335297614779,EURUSD
2016-02-10,1.1289994716644287,1.1309019327163696,1.1166322231292725,1.1289994716644287,0,1.104060161113739,1.108406098929458,70.15301134928254,0.008240452655800645,0.008952991441609548,0.007310694271901119,EURUSD
2016-02-11,1.1284006834030151,1.1368002891540527,1.1276004314422607,1.128095269203186,0,1.1077898859977722,1.1119859480701357,69.34984814565895,0.00938552749666921,-0.000800888294402502,0.007457640621486464,EURUSD
2016-02-12,1.131733775138855,1.133375644683838,1.122999906539917,1.1317979097366333,0,1.1115999698638916,1.1155881229185898,70.82293914558338,0.01047107566244887,0.003282205532217697,0.007453415500074216,EURUSD
2016-02-15,1.1225990056991577,1.1239490509033203,1.112999439239502,1.1225990056991577,0,1.1156007885932921,1.116862828878693,62.753487348133675,0.01046843215786275,-0.0081276913116195,0.007059285499794565,EURUSD
2016-02-16,1.117817997932434,1.1192004680633545,1.112999439239502,1.1174057722091675,0,1.1183685421943665,1.11696154584787,58.688059306983114,0.009932787627628059,-0.004626080607256444,0.007423124323385339,EURUSD
2016-02-17,1.1146035194396973,1.1180005073547363,1.1108001470565796,1.1147029399871826,0,1.1206184506416321,1.116550890236836,56.631723153462545,0.009184318401016744,-0.00241884576687057,0.007588041838863391,EURUSD
2016-02-18,1.1121985912322998,1.115200161933899,1.1074001789093018,1.112297534942627,0,1.120937967300415,1.115777552910616,54.791742372025574,0.008301362127028922,-0.0021578888493676285,0.006011832768538293,EURUSD
2016-02-19,1.1110000610351562,1.1150000095367432,1.1067994832992554,1.1110987663269043,0,1.120048201084137,1.11492686444085,53.8526837762759,0.007419356585447678,-0.0010777409623446976,0.004996730149786961,EURUSD
2016-02-22,1.1123965978622437,1.1124955415725708,1.1006003618240356,1.1123965978622437,0,1.1198374509811402,1.1144668159720124,54.756747496108574,0.006747306251296159,0.001168061359324346,0.004806028267663069,EURUSD
2016-02-23,1.1027060747146606,1.1051994562149048,1.0991994142532349,1.102803349494934,0,1.1182196617126465,1.1123461857034527,47.36948833647727,0.0053786053362494535,-0.00862394615890183,0.005224025664077555,EURUSD
2016-02-24,1.1024993658065796,1.1040000915527344,1.0959985256195068,1.1027060747146606,0,1.1155903220176697,1.110593438250945,47.29980574361053,0.0042372068552507525,-8.82068233815092e-05,0.003818068390092366,EURUSD
2016-02-25,1.1014914512634277,1.105000376701355,1.0991994142532349,1.1013944149017334,0,1.1129202365875244,1.1089208885510884,46.310544191345066,0.0031900276972520736,-0.001189491781177221,0.0038025283878674056,EURUSD
2016-02-26,1.1024993658065796,1.107000470161438,1.0926001071929932,1.1024993658065796,0,1.109990382194519,1.1077533389611776,47.31027744412974,0.0024213788257334556,0.0010032290793346998,0.0034796570145342394,EURUSD
2016-02-29,1.0925976037979126,1.0962003469467163,1.0864002704620361,1.0923947095870972,0,1.106969952583313,1.104960860893163,39.97884805722463,0.0009854975462004756,-0.009165226332887633,0.003672458051703645,EURUSD
2016-03-01,1.0886961221694946,1.0894005298614502,1.0838005542755127,1.0888975858688354,0,1.1041191339492797,1.1020402654341943,37.79585918986353,-0.0004296842377529142,-0.0032013371060571894,0.0036174159933757147,EURUSD
2016-03-02,1.0877013206481934,1.0879995822906494,1.0826002359390259,1.0875948667526245,0,1.1014083266258239,1.0994138293102724,36.9856832102339,-0.0016374688214852995,-0.0011963651431659006,0.003643844595500046,EURUSD
2016-03-03,1.0870037078857422,1.0937999486923218,1.0855995416641235,1.086897373199463,0,1.0988683104515076,1.0971381100173978,36.53413095374021,-0.0026207186925082393,-0.0006413174376633801,0.003688769824574027,EURUSD
2016-03-04,1.0947985649108887,1.1040000915527344,1.090800404548645,1.094894528388977,0,1.0972478866577149,1.0967301860849576,44.848207402818005,-0.002723255713747319,0.0073577831603117705,0.004797534993685322,EURUSD
2016-03-07,1.0993964672088623,1.0999042987823486,1.0941996574401855,1.0993964672088623,0,1.0959478735923767,1.0972149644711222,48.90602240824696,-0.0024134277109806312,0.004111755701719844,0.0050596953242610385,EURUSD
2016-03-08,1.1013944149017334,1.1060001850128174,1.1006003618240356,1.1016006469726562,0,1.0958276033401488,1.098012361289583,50.814139366508535,-0.0019673495201233404,0.0020048998059725154,0.0043904432116223325,EURUSD
2016-03-09,1.1001946926116943,1.1015156507492065,1.0947985649108887,1.1004005670547485,0,1.0955970525741576,1.0984465805196129,49.72530805526658,-0.0016911709934428476,-0.0010893965260511118,0.004401535038824,EURUSD
2016-03-10,1.0986958742141724,1.1160004138946533,1.0827666521072388,1.0989010334014893,0,1.0953477144241333,1.0985292083163176,48.33170567051079,-0.001575140120167573,-0.0013627161764127038,0.004406197921939445,EURUSD
2016-03-11,1.1179054975509644,1.12100088596344,1.1083770990371704,1.1178430318832397,0,1.0968820810317994,1.1020408126012124,62.593228209946666,4.4760187867920465e-05,0.017237219645811264,0.007083360928993785,EURUSD
2016-03-14,1.1162956953048706,1.1168005466461182,1.1095995903015137,1.1167943477630615,0,1.0993220448493957,1.1047232735397303,61.57982151022036,0.0012297470499569307,-0.000938131821971,0.006133237064488254,EURUSD
2016-03-15,1.1101982593536377,1.112999439239502,1.1074001789093018,1.1101982593536377,0,1.101452112197876,1.1057187255058953,55.49387751611342,0.001617957657964908,-0.0059062695138417665,0.00645073329474629,EURUSD
2016-03-16,1.1110000610351562,1.1110987663269043,1.1057995557785034,1.1109012365341187,0,1.1037827491760255,1.1066610002382995,55.993049546427464,0.0019597509560382864,0.0006331996781279159,0.006376858464193693,EURUSD
2016-03-17,1.1217050552368164,1.1344043016433716,1.1207997798919678,1.1218937635421753,0,1.1072823882102967,1.1094305935662767,62.98433503580843,0.0030821011251882524,0.009895143372377513,0.006726968355689709,EURUSD
2016-03-18,1.1315417289733887,1.1339025497436523,1.1258002519607544,1.1317979097366333,0,1.1109727263450622,1.1134973783245232,67.92816727310783,0.004716385984049554,0.008828060656284942,0.006843141591239291,EURUSD
2016-03-21,1.1275991201400757,1.1289994716644287,1.1238000392913818,1.1279042959213257,0,1.1138235092163087,1.1161168178875782,64.29269912985092,0.005632458933970019,-0.003440202338077847,0.007158137573342306,EURUSD
2016-03-22,1.1236965656280518,1.126199722290039,1.1191942691802979,1.1235954761505127,0,1.1160229921340943,1.1174765739353845,60.43783160082528,0.0059422688254500144,-0.003820199804535185,0.0074420804032820234,EURUSD
2016-03-23,1.122296690940857,1.122296690940857,1.1165997982025146,1.122296690940857,0,1.118212604522705,1.1183529588454704,59.283982909280816,0.006013672412301441,-0.0011559188669088005,0.0074451814798176495,EURUSD
2016-03-24,1.1182055473327637,1.1190000772476196,1.1149640083312988,1.118105411529541,0,1.1201330423355103,1.1183079502425741,55.59529438233155,0.005666736438563635,-0.003734555617198043,0.007600271251433496,EURUSD
2016-03-25,1.1166945695877075,1.1177055835723877,1.1156729459762573,1.1167943477630615,0,1.1200281739234925,1.1180327497917535,54.453926373140405,0.005225756028325534,-0.001172576174804485,0.005323267923755611,EURUSD
2016-03-28,1.1159967184066772,1.1218056678771973,1.115536093711853,1.1159967184066772,0,1.119948410987854,1.117662562267194,53.7311962290316,0.004757077228018991,-0.0007142132819546454,0.005319732319888313,EURUSD
2016-03-29,1.1200968027114868,1.122399926185608,1.1170001029968262,1.1202723979949951,0,1.1209558248519897,1.118137077854067,57.02397053449684,0.004676746884647365,0.0038312653772156757,0.0050127925938339354,EURUSD
2016-03-30,1.1290122270584106,1.1361995935440063,1.1287955045700073,1.12920343875885,0,1.122786045074463,1.1201491434731183,62.95446807645992,0.005272961441405544,0.007972204599380639,0.005482207867351798,EURUSD
2016-03-31,1.1334012746810913,1.1410002708435059,1.1311999559402466,1.1334655284881592,0,1.1239432215690612,1.122570304384944,65.40775735295496,0.0060199861415868305,0.0037744214930781617,0.004752337738579841,EURUSD
2016-04-01,1.1379023790359497,1.1437996625900269,1.1341983079910278,1.1379671096801758,0,1.1245601415634154,1.1253697235295315,67.83090019396977,0.006895758567113663,0.003971520155554131,0.004066297044443749,EURUSD
2016-04-04,1.1397050619125366,1.1412007808685303,1.1359995603561401,1.1390039920806885,0,1.125670111179352,1.1278486814479236,68.38032317749501,0.0075860351767027545,0.0009111707989557516,0.003816892393111685,EURUSD
2016-04-05,1.1387057304382324,1.140706181526184,1.134000301361084,1.1389002799987793,0,1.1272005915641785,1.1298580630026245,68.25475333515851,0.008032126312419896,-9.10550644512842e-05,0.0034606601949776564,EURUSD
2016-04-06,1.138096570968628,1.142799735069275,1.133144497871399,1.138200283050537,0,1.1287909507751466,1.131374830284063,67.35571108235858,0.00823425349909157,-0.0006146253192974571,0.0034209543170565246,EURUSD
2016-04-07,1.1399649381637573,1.145304799079895,1.134000301361084,1.1404979228973389,0,1.1310302019119263,1.1330335743955677,68.80802521549764,0.008482065117464188,0.0020186604071505965,0.002903672184388842,EURUSD
2016-04-08,1.1369062662124634,1.14199960231781,1.1350003480911255,1.1373976469039917,0,1.1330905318260194,1.133827042124372,64.62982346362561,0.008332242344725849,-0.002718353037830301,0.003123485906002568,EURUSD
2016-04-11,1.140706181526184,1.1450005769729614,1.1374363899230957,1.1403028964996338,0,1.135521149635315,1.1350044701926012,66.67215091325818,0.00835166330425885,0.0025542954159876174,0.0029955883547422035,EURUSD
2016-04-12,1.1412137746810913,1.1463998556137085,1.1353057622909546,1.141291856765747,0,1.13762309551239,1.1361476313877186,67.36299262831972,0.008350594922793775,0.0008672785705876596,0.002958360276106795,EURUSD
2016-04-13,1.1386020183563232,1.1393024921417236,1.1273995637893677,1.138498306274414,0,1.1385525822639466,1.1365750268216632,63.36724146304829,0.008031747064242811,-0.0024477091243334526,0.0023381324720060694,EURUSD
2016-04-14,1.128006100654602,1.1293998956680298,1.1236006021499634,1.1279042959213257,0,1.137996459007263,1.134998530294329,51.01001365599952,0.006845301368388013,-0.00930524911166175,0.003740959995055063,EURUSD
2016-04-15,1.1265066862106323,1.1318004131317139,1.124758243560791,1.1270017623901367,0,1.1368999242782594,1.1335445724935667,50.11341539934472,0.005765743788026523,-0.0008001862697506468,0.003397891613950422,EURUSD
2016-04-18,1.130096673965454,1.133199691772461,1.1274974346160889,1.1299946308135986,0,1.1359989881515502,1.1328991285517542,53.05984412156243,0.005092977423654554,0.002655602256659062,0.003546312544094764,EURUSD
2016-04-19,1.1310042142868042,1.1386020183563232,1.1305055618286133,1.1309019327163696,0,1.1351991534233092,1.1325360020362296,53.947840207336384,0.004580219000237529,0.0008029258529465011,0.003576973059215045,EURUSD
2016-04-20,1.1358860731124878,1.1385993957519531,1.1322002410888672,1.1359634399414062,0,1.1349754691123963,1.1331591725644434,58.647641836852245,0.004530055922916665,0.004475637611547123,0.003934584783372799,EURUSD
2016-04-21,1.1305055618286133,1.1393998861312866,1.1278001070022583,1.1305055618286133,0,1.1339762330055236,1.1326766978852014,52.43368080547626,0.004003743509489288,-0.004804624797673518,0.00409733567771458,EURUSD
2016-04-22,1.1293054819107056,1.1309019327163696,1.1239995956420898,1.12920343875885,0,1.1331568121910096,1.1320451962258646,51.04412305081731,0.0034418907069710958,-0.00115180598285336,0.00404855833964701,EURUSD
2016-04-25,1.1233052015304565,1.1279042959213257,1.1226998567581177,1.123406171798706,0,1.1314671397209168,1.1304744645118356,45.289466480124354,0.002500008774194873,-0.005133943770589289,0.004088457916953591,EURUSD
2016-04-26,1.1266716718673706,1.1339025497436523,1.1257964372634888,1.1269001960754395,0,1.130027973651886,1.1298245975233998,49.01991875889411,0.0020123025438196773,0.0031102056980327752,0.004288427150510605,EURUSD
2016-04-27,1.1298030614852905,1.134000301361084,1.1291996240615845,1.1299052238464355,0,1.1291686654090882,1.1298392568548608,52.048242643802375,0.0018469816152142382,0.002666631687048726,0.004433542980269322,EURUSD
2016-04-28,1.1327978372573853,1.1366000175476074,1.1299052238464355,1.132900595664978,0,1.1296682953834534,1.1303958639112457,54.9226424896912,0.0019353554872707512,0.0026509938668533017,0.00334912421171443,EURUSD
2016-04-29,1.1357957124710083,1.1460003852844238,1.1357957124710083,1.135589361190796,0,1.1305270552635194,1.131340136143891,57.39165985285886,0.0021970273607447854,0.0023733463784081366,0.0033681018585397936,EURUSD
2016-05-02,1.1461974382400513,1.15280020236969,1.1450163125991821,1.146302580833435,0,1.132157850265503,1.134060580632899,65.50006941638537,0.003231619399936436,0.00943406129783142,0.004334452523637318,EURUSD
2016-05-03,1.1526048183441162,1.1613997220993042,1.1503998041152954,1.1524986028671265,0,1.1343175172805786,1.1374129483118494,69.15593559589257,0.004499639200851835,0.0054052238364381555,0.004500182288489795,EURUSD
2016-05-04,1.150244951248169,1.15280020236969,1.146999478340149,1.1504037380218506,0,1.135761547088623,1.139774910077304,66.58679472818807,0.005274712342676846,-0.0018176723512414172,0.004540236770151725,EURUSD
2016-05-05,1.1491215229034424,1.1495997905731201,1.1390001773834229,1.1493064165115356,0,1.1376416325569152,1.1415079112471642,65.22000455287744,0.005734317078694984,-0.0009538577405892035,0.004110426043064368,EURUSD
2016-05-06,1.140198826789856,1.1471836566925049,1.1393284797668457,1.1406019926071167,0,1.138781487941742,1.1413431987671554,55.48988098575986,0.005334687918485681,-0.007573632043958556,0.005002982930970546,EURUSD
2016-05-09,1.1387965679168701,1.142999529838562,1.1375994682312012,1.1387965679168701,0,1.1403205275535584,1.1408801749761943,53.70035218403184,0.004816771502364814,-0.0015828700124570494,0.004630081408981668,EURUSD
2016-05-10,1.1383687257766724,1.1405993700027466,1.1361995935440063,1.1387965679168701,0,1.1415101647377015,1.1405013373290445,53.70035218403184,0.00435610454953661,0.0,0.004604681955708851,EURUSD
2016-05-11,1.1375011205673218,1.1445995569229126,1.1373976469039917,1.1374363899230957,0,1.1422632813453675,1.1399440741643265,52.228651652101945,0.0038370367032358743,-0.0011943994494666432,0.004616875767479814,EURUSD
2016-05-12,1.1425960063934326,1.143105387687683,1.1379995346069336,1.142700433731079,0,1.1432432651519775,1.1404452304491906,57.125835586036466,0.003806556424255314,0.004627989621766249,0.00475130488051825,EURUSD
2016-05-13,1.1375269889831543,1.1380059719085693,1.1283994913101196,1.1376951932907104,0,1.143453848361969,1.1399452236931031,51.698948788506314,0.003340017863722622,-0.004380185998552388,0.004988230971920396,EURUSD
2016-05-16,1.1316953897476196,1.1344043016433716,1.1305439472198486,1.1316953897476196,0,1.1419931292533874,1.1384452538848333,46.051425347295535,0.002457816510993416,-0.00527364761534832,0.004040067816251476,EURUSD
2016-05-17,1.1316057443618774,1.1347993612289429,1.130399465560913,1.1316057443618774,0,1.1399038434028625,1.1372017066988411,45.97062145184718,0.001731472611149254,-7.921335242178085e-05,0.0033450388331470095,EURUSD
2016-05-18,1.1313753128051758,1.1316953897476196,1.1259993314743042,1.1316057443618774,0,1.1380240440368652,1.1361842590012112,45.97062145184718,0.0011426678735375617,0.0,0.0033943671908983363,EURUSD
2016-05-19,1.1221959590911865,1.123103380203247,1.118200421333313,1.122296690940857,0,1.1353230714797973,1.1336592466266013,37.95091576779207,-7.427078778987628e-05,-0.008226410538654472,0.003962354651634962,EURUSD
2016-05-20,1.1201595067977905,1.1239995956420898,1.1198960542678833,1.1205987930297852,0,1.1333227515220643,1.1312846186999073,36.69355870952035,-0.0011623112157783666,-0.0015128779446443863,0.0035160665562554536,EURUSD
2016-05-23,1.1220952272415161,1.1243029832839966,1.1190000772476196,1.1221708059310913,0,1.1316601753234863,1.1296275618328497,38.71796987208064,-0.0018761160921234588,0.0014028329417130614,0.003656928258505683,EURUSD
2016-05-24,1.1217050552368164,1.122999906539917,1.1145998239517212,1.121604323387146,0,1.1299409508705138,1.128168791206358,38.24337596894417,-0.0024591741771855524,-0.000504809553903196,0.0036379145175412493,EURUSD
2016-05-25,1.1136974096298218,1.1171000003814697,1.112999439239502,1.113796591758728,0,1.127576971054077,1.1255556640340616,32.35639382233224,-0.0035108002805448457,-0.006961217486073257,0.0040187529925102775,EURUSD
2016-05-26,1.1156978607177734,1.1219995021820068,1.1156978607177734,1.1158970594406128,0,1.1248966336250306,1.12379955410798,35.24434601457649,-0.0041271560703135535,0.0018858629101818902,0.003578848680152952,EURUSD
2016-05-27,1.1192944049835205,1.1201996803283691,1.112599492073059,1.1192066669464111,0,1.1230477809906005,1.1229644837149673,39.618671393450356,-0.004299008514025315,0.002965871697392375,0.003861975504514664,EURUSD
2016-05-30,1.1110987663269043,1.1150000095367432,1.1100010871887207,1.1110000610351562,0,1.1209782481193542,1.1207891341368197,33.56413824794339,-0.005039317213397787,-0.007332520573385626,0.004123791193469672,EURUSD
2016-05-31,1.1150012016296387,1.1175994873046875,1.1121997833251953,1.1148396730422974,0,1.1193016409873962,1.1197074139378156,38.3139475961445,-0.0052556091999331755,0.0034559962162050706,0.004431224975243951,EURUSD
2016-06-01,1.113598108291626,1.1190000772476196,1.1117039918899536,1.113598108291626,0,1.1175008773803712,1.1185966310930537,37.38323163212187,-0.005464217953540684,-0.0011136711230264051,0.0044037293420031345,EURUSD
2016-06-02,1.1192944049835205,1.1219995021820068,1.1150000095367432,1.1189061403274536,0,1.1171618223190307,1.1186529054993082,43.68200903479003,-0.005141954815149674,0.004766559853420338,0.0041382237849349615,EURUSD
2016-06-03,1.1153992414474487,1.1350003480911255,1.113800287246704,1.115200161933899,0,1.1166219592094422,1.118025133941961,40.61045935764006,-0.005126505278686411,-0.0033121441200332224,0.004235052017573447,EURUSD
2016-06-06,1.1350995302200317,1.1379995346069336,1.1333242654800415,1.1350995302200317,0,1.1179148316383363,1.1211295696288828,57.77818960310288,-0.00346856523408845,0.017843763806153712,0.007199014920904569,EURUSD
2016-06-07,1.1364669799804688,1.1379995346069336,1.1340054273605347,1.1364023685455322,0,1.119394636154175,1.1239064421591827,58.62154971238725,-0.002026151426923972,0.001147774526210954,0.007175241622115866,EURUSD
2016-06-08,1.1356538534164429,1.14199960231781,1.1356538534164429,1.1357828378677368,0,1.1215932607650756,1.1260657868334651,58.02798149024547,-0.0009223863451583991,-0.0005451684147652625,0.006616081839763837,EURUSD
2016-06-09,1.1406019926071167,1.1416958570480347,1.130799651145935,1.140706181526184,0,1.1240741729736328,1.1287276767775958,61.37504073362741,0.0003456437554190117,0.004334757925811061,0.006657557252595723,EURUSD
2016-06-10,1.131196141242981,1.1324002742767334,1.1273995637893677,1.1315033435821533,0,1.1253038406372071,1.1292323434693334,52.88546179009341,0.0006010461491634533,-0.008067667286345337,0.007393978415697257,EURUSD
2016-06-13,1.1241008043289185,1.1302001476287842,1.1236965656280518,1.1239995956420898,0,1.1266037940979003,1.1282809347734708,47.157662705985004,0.00019570863167395203,-0.006631662188737231,0.00730779965532783,EURUSD
2016-06-14,1.1287955045700073,1.1299946308135986,1.1190000772476196,1.1291015148162842,0,1.1280299782752992,1.1284301311448914,51.04032834001761,0.0002828969081445365,0.004539075631321499,0.007353036663730202,EURUSD
2016-06-15,1.1213024854660034,1.1260005235671997,1.1190940141677856,1.1213024854660034,0,1.1288004159927367,1.1271341955669119,45.53271793403576,-0.00027416187650231016,-0.0069072880054985575,0.007779867384235514,EURUSD
2016-06-16,1.1261261701583862,1.1299996376037598,1.1132001876831055,1.1262656450271606,0,1.1295363664627076,1.126976277286957,49.283335649961955,-0.00031155803194238274,0.004426245036899701,0.007760905409366269,EURUSD
2016-06-17,1.1270017623901367,1.129600167274475,1.1226003170013428,1.1252011060714722,0,1.1305364608764648,1.1266535188841416,48.511718695014345,-0.00042222698173555173,-0.0009451934899983305,0.007660980223938531,EURUSD
2016-06-20,1.13490629196167,1.1383998394012451,1.130799651145935,1.13490629196167,0,1.1305171370506286,1.1281540230800557,55.37191991006205,0.00027008114264970295,0.00862529003733603,0.005702488370265501,EURUSD
2016-06-21,1.1322848796844482,1.1350003480911255,1.12440025806427,1.1322976350784302,0,1.1301066637039185,1.12890740707976,53.315646206584354,0.0006013119600418726,-0.0022985658831186084,0.0057293321842800905,EURUSD
2016-06-22,1.1252011060714722,1.1335041522979736,1.1237596273422241,1.1250618696212769,0,1.1290345668792725,1.1282082184509448,47.99196461416074,0.00027675866700005436,-0.006390338752806923,0.006041459444153488,EURUSD
2016-06-23,1.1327978372573853,1.1422044038772583,1.1320003271102905,1.1328235864639282,0,1.1282463073730469,1.1290473762714872,53.37063458994874,0.0006384933716716557,0.0068989244522741355,0.006336997601761948,EURUSD
2016-06-24,1.1330032348632812,1.1335169076919556,1.0919057130813599,1.1324002742767334,0,1.128336000442505,1.1296569940906227,53.048405721706345,0.0008808589815194612,-0.0003736788254172785,0.0057825329216941185,EURUSD
2016-06-27,1.10349702835083,1.1081929206848145,1.0973997116088867,1.103594422340393,0,1.1262954831123353,1.1249183446814899,36.776534010802656,-0.001237194429977606,-0.025437870857757172,0.009844481215929367,EURUSD
2016-06-28,1.1016006469726562,1.1110000610351562,1.1016006469726562,1.1015034914016724,0,1.123535680770874,1.1206610986306138,35.91536361681216,-0.0030493368138122534,-0.0018946552251383197,0.009592160299244834,EURUSD
2016-06-29,1.107800006866455,1.1128050088882446,1.10515558719635,1.1073951721191406,0,1.1221449494361877,1.118249111992164,40.16688260320635,-0.003964364586490632,0.005348762635305926,0.009738359342284272,EURUSD
2016-06-30,1.1125946044921875,1.1154004335403442,1.1053999662399292,1.1128050088882446,0,1.1207988858222961,1.1172592750641785,43.85043009569753,-0.004204534813287308,0.004885190856261046,0.009768875781500043,EURUSD
2016-07-01,1.1103708744049072,1.1170001029968262,1.1074001789093018,1.1106051206588745,0,1.1193392872810364,1.1160494288086686,42.69924288702188,-0.004520277102570303,-0.0019768856284785308,0.009771823518900774,EURUSD
2016-07-04,1.1131023168563843,1.1150000095367432,1.1099998950958252,1.1131023168563843,0,1.1171588897705078,1.1155135902718896,44.48100780749343,-0.004516933876394402,0.002248500525576791,0.009249044705691217,EURUSD
2016-07-05,1.1145538091659546,1.1180005073547363,1.1075999736785889,1.1146035194396973,0,1.1153894782066345,1.1153481228478546,45.57659531822563,-0.0043430854574866284,0.0013486654017149657,0.009303293022872318,EURUSD
2016-07-06,1.106439471244812,1.109000325202942,1.103399634361267,1.1065007448196411,0,1.113533365726471,1.1137395086609065,40.88666561984012,-0.0048037607632756,-0.007269647438516436,0.009358282495200114,EURUSD
2016-07-07,1.1100010871887207,1.1108001470565796,1.1057995557785034,1.1099025011062622,0,1.1112412571907044,1.1130418709236984,43.514601536608936,-0.004838579823142952,0.0030743370960637506,0.009044222725194612,EURUSD
2016-07-08,1.1065007448196411,1.1108001470565796,1.1010003089904785,1.1065741777420044,0,1.1086586475372315,1.1118659267088449,41.56749306014065,-0.005076226479468149,-0.0029987529183332917,0.009029706186241588,EURUSD
2016-07-11,1.1047039031982422,1.107200264930725,1.1019999980926514,1.1043988466262817,0,1.1087390899658203,1.1105082757847424,40.2983036407424,-0.005378098832208522,-0.0019658249392385807,0.003971274052072185,EURUSD
2016-07-12,1.1058032512664795,1.1124002933502197,1.1053999662399292,1.1058032512664795,0,1.109169065952301,1.1096528167814217,41.53934947398459,-0.005441287355710811,0.001271646239479507,0.003922266428918435,EURUSD
2016-07-13,1.1060723066329956,1.1119993925094604,1.1044000387191772,1.1062926054000854,0,1.1090588092803955,1.1090418692575423,41.99183631717526,-0.005389748263970873,0.0004425327317907346,0.0035202374178228166,EURUSD
2016-07-14,1.109594702720642,1.1170001029968262,1.1091995239257812,1.1094961166381836,0,1.1087279200553894,1.1091244596903862,44.99338181948684,-0.005032396247015791,0.002895717843960144,0.0032536956678193745,EURUSD
2016-07-15,1.1106421947479248,1.115700364112854,1.1058766841888428,1.1106051206588745,0,1.1087279200553894,1.1093936707755658,46.03441425574194,-0.004606602793369108,0.000999556468977314,0.003218487535778554,EURUSD
2016-07-18,1.105534315109253,1.109000325202942,1.1038258075714111,1.1053143739700317,0,1.1079491257667542,1.108651980447287,41.954967778509605,-0.004642560902660353,-0.004763841432411153,0.0034321135945688734,EURUSD
2016-07-19,1.107137680053711,1.1080701351165771,1.100199580192566,1.1071866750717163,0,1.107207441329956,1.1083855612880922,43.85124638592117,-0.004468469180715751,0.0016939082181295362,0.0034566217674342086,EURUSD
2016-07-20,1.1014549732208252,1.1030004024505615,1.0984002351760864,1.1013579368591309,0,1.106693160533905,1.1071078113919173,39.522473984783765,-0.0047461203764269655,-0.005264458418638318,0.003066916557662945,EURUSD
2016-07-21,1.1017341613769531,1.1057995557785034,1.0986005067825317,1.1019526720046997,0,1.1058981776237489,1.106170513321514,40.17144464560953,-0.004862123263147833,0.0005400016885199754,0.0028384714162212245,EURUSD
2016-07-22,1.1033143997192383,1.1040000915527344,1.0968003273010254,1.1032899618148804,0,1.1055697560310365,1.1056467766839442,41.686698141064404,-0.004790921514175039,0.0012135637438472902,0.002773712722070869,EURUSD
2016-07-25,1.0969241857528687,1.0998003482818604,1.0953621864318848,1.097044587135315,0,1.1048343300819397,1.104082742220557,36.97668231470722,-0.005178745799085727,-0.005660682953456786,0.003229800489319756,EURUSD
2016-07-26,1.0989856719970703,1.1023997068405151,1.0979998111724854,1.0991184711456299,0,1.1041658520698547,1.1031801474796612,39.424247868734625,-0.005258141647704662,0.001890428187363291,0.0032765768987449524,EURUSD
2016-07-27,1.0988044738769531,1.1010003089904785,1.0982855558395386,1.0987803936004639,0,1.1034146308898927,1.102380192228898,39.157278083214884,-0.005287393679169083,-0.00030758972216493596,0.003258560947740598,EURUSD
2016-07-28,1.1068191528320312,1.1119993925094604,1.1060845851898193,1.1073460578918457,0,1.1031996250152587,1.1032830768948885,48.6459015263482,-0.004566755883662843,0.007795610789262497,0.004112007205830812,EURUSD
2016-07-29,1.1083648204803467,1.1196001768112183,1.1074001789093018,1.108438491821289,0,1.1029829621315002,1.1042204250633247,49.72282358068408,-0.0038629650935679827,0.0009865334523546654,0.004111591930384876,EURUSD
2016-08-01,1.1167818307876587,1.1184005737304688,1.115599513053894,1.1168068647384644,0,1.1041322112083436,1.1065088686406228,57.13786366686455,-0.0025999771467553057,0.007549695340717699,0.004421028350192928,EURUSD
2016-08-02,1.1167070865631104,1.1232004165649414,1.1163579225540161,1.1168068647384644,0,1.1050942301750184,1.108381231567503,57.13786366686455,-0.0015808273064119582,0.0,0.004425796036559798,EURUSD
2016-08-03,1.1218559741973877,1.1219995021820068,1.1164003610610962,1.1219062805175781,0,1.107149064540863,1.1108403313766075,61.18367649629629,-0.00035754195844828196,0.004566067724080414,0.0039800852006829255,EURUSD
2016-08-04,1.1152374744415283,1.1155610084533691,1.1117781400680542,1.1151504516601562,0,1.1084688425064086,1.11162398960998,53.92194153151821,6.60205216542753e-05,-0.006021740830530975,0.0046976222283785524,EURUSD
2016-08-05,1.1134493350982666,1.116146206855774,1.1049113273620605,1.1134741306304932,0,1.1094872593879699,1.111960378886437,52.26436444270723,0.00026339548208453856,-0.0015032240960558552,0.00477475412431303,EURUSD
2016-08-08,1.1087703704833984,1.110600233078003,1.1073706150054932,1.1089547872543335,0,1.1106782793998717,1.1114139076806,47.981947801602,5.451490560992589e-05,-0.004058777165842797,0.0045507050573898415,EURUSD
2016-08-09,1.1086843013763428,1.1121997833251953,1.107200264930725,1.1083648204803467,0,1.1116029143333435,1.1108595281896447,47.435531170333526,-0.0001568220967389511,-0.000532002549398336,0.004567788024342504,EURUSD
2016-08-10,1.111815333366394,1.1200001239776611,1.111815333366394,1.111580491065979,0,1.112882924079895,1.1109906123489781,50.72908912349897,-6.409164335252626e-05,0.002901274495737516,0.004590286089463446,EURUSD
2016-08-11,1.1186057329177856,1.1190940141677856,1.113800287246704,1.1186434030532837,0,1.1140126585960388,1.11238202884067,57.08884134113217,0.0005727139888389576,0.006353936619138967,0.004376685705767728,EURUSD
2016-08-12,1.1138957738876343,1.1219995021820068,1.1132633686065674,1.113908290863037,0,1.1145596385002137,1.1126595310265548,52.22213245711775,0.0006873793779282877,-0.004232905836947021,0.004682231671787067,EURUSD
2016-08-15,1.1166945695877075,1.1205737590789795,1.1155484914779663,1.1166945695877075,0,1.1145484089851379,1.1133931744013097,54.67086065240923,0.0009916507989500278,0.0025013537896478866,0.004070091696219489,EURUSD
2016-08-16,1.1184431314468384,1.13237464427948,1.1179429292678833,1.1184055805206299,0,1.1147082805633546,1.1143045209684588,56.15689230229045,0.0013552301257506727,0.0015322103102499707,0.004098938782656941,EURUSD
2016-08-17,1.1279042959213257,1.129433035850525,1.1256000995635986,1.1275991201400757,0,1.1152775645256043,1.1167217208178435,63.147733539917034,0.0023580292816245407,0.008220219730275424,0.0046606947064485975,EURUSD
2016-08-18,1.1301988363265991,1.1340440511703491,1.129611611366272,1.1298924684524536,0,1.116751766204834,1.1191164022059543,64.66146421421186,0.00329977117189606,0.002033833009813746,0.0040629854408703965,EURUSD
2016-08-19,1.1349449157714844,1.1352026462554932,1.130600094795227,1.1349449157714844,0,1.1188988447189332,1.1219943137633233,67.79953680113957,0.004403043137907403,0.004471617839838071,0.00404068010580836,EURUSD
2016-08-22,1.1300712823867798,1.1332728862762451,1.1273956298828125,1.1298158168792725,0,1.120984947681427,1.1234164052389504,61.79988478744844,0.004808093990099627,-0.004519249190807928,0.004118251527870251,EURUSD
2016-08-23,1.131861925125122,1.1357183456420898,1.1310003995895386,1.1319260597229004,0,1.1233410716056824,1.124963615145123,63.24112890234467,0.0052389868904250125,0.0018677759791474458,0.004031541183368527,EURUSD
2016-08-24,1.1303266286849976,1.1313496828079224,1.1246000528335571,1.1300839185714722,0,1.1251914143562316,1.125894579404459,61.07486895714749,0.005369926057911423,-0.0016274394741642162,0.004184608902881813,EURUSD
2016-08-25,1.1262530088424683,1.1299996376037598,1.1260627508163452,1.1263798475265503,0,1.1259650588035583,1.1259828099721119,56.857516220321614,0.005115836535316776,-0.0032776955622942916,0.00409161926045594,EURUSD
2016-08-26,1.1289230585098267,1.1340440511703491,1.1234692335128784,1.1290504932403564,0,1.1274792790412902,1.126540570566338,59.05295630227612,0.005071506378997004,0.002370999196825707,0.0037239412837930122,EURUSD
2016-08-29,1.1196954250335693,1.12100088596344,1.116071343421936,1.1199462413787842,0,1.127804446220398,1.1253416016231463,49.75719429766388,0.004252714724786388,-0.00806363569749946,0.004726923361323965,EURUSD
2016-08-30,1.1191942691802979,1.1191942691802979,1.1140000820159912,1.1192818880081177,0,1.1278920769691467,1.1242398355113228,49.14920019119812,0.0035097504564509663,-0.0005932011253045877,0.004713168783899524,EURUSD
2016-08-31,1.1150758266448975,1.1164453029632568,1.1125946044921875,1.1153244972229004,0,1.1266646146774293,1.1226188649134277,45.57663454423845,0.0025719694946158,-0.003535651588412514,0.0038457916936951034,EURUSD
2016-09-01,1.1158223152160645,1.1200001239776611,1.112999439239502,1.116071343421936,0,1.1252825021743775,1.1214284064604292,46.36892996376896,0.0018675081017094364,0.0006696223394135892,0.003745668875841186,EURUSD
2016-09-02,1.1200717687606812,1.125112533569336,1.1154004335403442,1.1200717687606812,0,1.1237951874732972,1.121181745060475,50.52380283582726,0.0016134197656092475,0.0035843813769822486,0.0036035881138497287,EURUSD
2016-09-05,1.116071343421936,1.1184431314468384,1.1141316890716553,1.1161960363388062,0,1.1224332094192504,1.120275252565626,46.74536619319892,0.0010867859214422904,-0.003460253646213496,0.0035133063234330975,EURUSD
2016-09-06,1.115200161933899,1.1253999471664429,1.1144545078277588,1.1153244972229004,0,1.1207730531692506,1.119375115230585,45.913837036194245,0.0005922715451545102,-0.0007808118713308332,0.003351921102693885,EURUSD
2016-09-07,1.1248594522476196,1.1265066862106323,1.1232799291610718,1.1253657341003418,0,1.1203012347221375,1.1204643186614498,55.692900201295906,0.000999092322672146,0.009002973486589294,0.004708211406990403,EURUSD
2016-09-08,1.1241008043289185,1.1329994201660156,1.1238480806350708,1.1241008043289185,0,1.1200733304023742,1.1211254978737168,54.359530263114415,0.0012055348039448077,-0.0011240166046414535,0.004610620536283422,EURUSD
2016-09-09,1.126887559890747,1.128668189048767,1.1206001043319702,1.1271415948867798,0,1.1198824405670167,1.1222193336942736,57.02325371749634,0.0015961093872907117,0.0027050870759555146,0.004632422258084566,EURUSD
2016-09-12,1.1241008043289185,1.1262530088424683,1.1214659214019775,1.1241133213043213,0,1.1202991485595704,1.1225636950779185,53.66419983366973,0.001642354152424863,-0.002686684260607586,0.0038608390956574724,EURUSD
2016-09-13,1.1241259574890137,1.1260005235671997,1.1219995021820068,1.1243535280227661,0,1.1208063125610352,1.122889119249709,53.89619368994705,0.0016790313088883568,0.0002136855011789507,0.0038466888287817655,EURUSD
2016-09-14,1.121956706047058,1.1275228261947632,1.1214534044265747,1.12186861038208,0,1.1214607238769532,1.1227035721828673,51.04874182147038,0.0014904056645939079,-0.002210085688133967,0.0037143062963943215,EURUSD
2016-09-15,1.1245431900024414,1.1281588077545166,1.1220952272415161,1.1247328519821167,0,1.122326874732971,1.1230725321463673,54.06145550485661,0.0015541238696130666,0.0025530989757001077,0.003766107268436257,EURUSD
2016-09-16,1.1247961521148682,1.124985933303833,1.115599513053894,1.124593734741211,0,1.1227790713310242,1.1233491144363388,53.88797851229814,0.0015752370552437611,-0.00012368914152427468,0.003639707693602354,EURUSD
2016-09-19,1.116071343421936,1.1209995746612549,1.1153992414474487,1.1158473491668701,0,1.1227442026138306,1.121985157114617,44.26977774009741,0.0008761099377110337,-0.007777373556463463,0.004338567141306317,EURUSD
2016-09-20,1.1179429292678833,1.1213276386260986,1.1165997982025146,1.118067979812622,0,1.1230185508728028,1.1212729430597088,46.86295234884029,0.0004955209377357495,0.0019900846181244436,0.004373121404761411,EURUSD
2016-09-21,1.1155734062194824,1.1169440746307373,1.112599492073059,1.1153992414474487,0,1.1220219016075135,1.1202049973120252,44.20107424854405,-2.119909921294294e-05,-0.002386919591079395,0.0031549200953409147,EURUSD
2016-09-22,1.1193194389343262,1.1258726119995117,1.1182055473327637,1.1193194389343262,0,1.1215437650680542,1.120043986697898,48.80154237290521,-0.00011307284317707555,0.003514613728614613,0.0034436174970030866,EURUSD
2016-09-23,1.1209505796432495,1.122999906539917,1.1196001768112183,1.1210134029388428,0,1.1209309458732606,1.1202202441962514,50.69328970772492,-4.863408560162874e-05,0.0015133874616966025,0.003342559997979052,EURUSD
2016-09-26,1.123974323272705,1.1279042959213257,1.1221996545791626,1.123923897743225,0,1.120912003517151,1.1208936357502466,53.848575469236025,0.00023458257878128386,0.002596306874433685,0.0033828227741966085,EURUSD
2016-09-27,1.1250745058059692,1.1260005235671997,1.1193996667861938,1.124985933303833,0,1.1209752440452576,1.1216376898508986,54.98068505016749,0.0005385234565224994,0.0009449354736030813,0.0033961133582647626,EURUSD
2016-09-28,1.1218308210372925,1.123721718788147,1.1184005737304688,1.121956706047058,0,1.1209840536117555,1.121695692795655,51.12819688978332,0.0005288689960185611,-0.0026926801190115812,0.0034351828105480477,EURUSD
2016-09-29,1.1224603652954102,1.1249998807907104,1.1199462413787842,1.1224982738494873,0,1.1207605957984925,1.1218416166236245,51.77873896885378,0.0005584799528428608,0.0004826993764646126,0.0033257399922025947,EURUSD
2016-09-30,1.1222084760665894,1.1249998807907104,1.1154004335403442,1.121956706047058,0,1.120496892929077,1.1218625419733397,51.046973830710755,0.0005321129865958341,-0.00048246649019068055,0.0033268338902083363,EURUSD
2016-10-03,1.1235954761505127,1.1243535280227661,1.1206001043319702,1.1234692335128784,0,1.121259081363678,1.1221546677078011,53.0429535982558,0.0006260486030591483,0.001348115713973863,0.0020222604738255588,EURUSD
2016-10-04,1.1213276386260986,1.1249998807907104,1.1140000820159912,1.121038556098938,0,1.1215561389923097,1.1219517383243713,49.54672152506216,0.0004986102341839604,-0.0021635460424137554,0.0021466596473639432,EURUSD
2016-10-05,1.121076226234436,1.1239995956420898,1.1192004680633545,1.121076226234436,0,1.1221238374710083,1.1217925543080194,49.60216353760444,0.00039608821542769235,3.3602890188833e-05,0.001940689120613493,EURUSD
2016-10-06,1.120824933052063,1.1212018728256226,1.114951491355896,1.120824933052063,0,1.122274386882782,1.1216166231705726,49.21365246568971,0.000291204690851643,-0.00022415352006621703,0.0016332022395651403,EURUSD
2016-10-07,1.1145787239074707,1.1201971769332886,1.110600233078003,1.1144545078277588,0,1.1216184973716736,1.12031442038097,40.54399861534014,-0.00030246965188962527,-0.005683693355176489,0.0023756289423739383,EURUSD
2016-10-10,1.1195449829101562,1.1201971769332886,1.1150758266448975,1.1196954250335693,0,1.121195650100708,1.1202018757723518,48.570911458016326,-0.0003460733096778412,0.004702674868286794,0.002752449151098428,EURUSD
2016-10-11,1.1143302917480469,1.1143302917480469,1.105600357055664,1.1140819787979126,0,1.120105254650116,1.1190891672315446,42.02633795447231,-0.0008240881451520021,-0.00501336891279025,0.0030627573226467437,EURUSD
2016-10-12,1.1061947345733643,1.1061947345733643,1.1006003618240356,1.1061947345733643,0,1.1185290575027467,1.1167447249300573,34.908927561586395,-0.0018183917504572822,-0.007079590528031532,0.00360348005502847,EURUSD
2016-10-13,1.1013215780258179,1.1048502922058105,1.0986005067825317,1.1011881828308105,0,1.1163980484008789,1.1139162627301942,31.28683013715836,-0.0029760651785160075,-0.004525922593985765,0.0036591431723417443,EURUSD
2016-10-14,1.1049723625183105,1.1058276891708374,1.098538875579834,1.1049723625183105,0,1.114699614048004,1.1122900990553062,36.638244118489624,-0.003547287117980691,0.003436451413574071,0.00402085846519339,EURUSD
2016-10-17,1.0968520641326904,1.1012003421783447,1.0965272188186646,1.0967799425125122,0,1.1120306849479675,1.1094700705929799,31.007997393371568,-0.004607927132348921,-0.007414140193630958,0.0042739051295122244,EURUSD
2016-10-18,1.1012003421783447,1.1029006242752075,1.09719979763031,1.1015641689300537,0,1.110083246231079,1.1080326339269932,37.088085529287994,-0.005004753217051849,0.0043620659278120755,0.004780963307383898,EURUSD
2016-10-19,1.0975743532180786,1.100473165512085,1.0955997705459595,1.0976948738098145,0,1.107745110988617,1.1061530411784153,34.4442599737407,-0.0055672843389655835,-0.0035125462768069715,0.004766234469381944,EURUSD
2016-10-20,1.0975743532180786,1.1029006242752075,1.0916005373001099,1.0975141525268555,0,1.1054140329360962,1.104582334150859,34.32119826213396,-0.005958985527265703,-0.00016463708382985498,0.004768866926141169,EURUSD
2016-10-21,1.0930275917053223,1.093135118484497,1.0862481594085693,1.0930395126342773,0,1.1032725334167481,1.1024836393296622,31.335937594986888,-0.0065549165861420455,-0.004077068056276056,0.004660140262175796,EURUSD
2016-10-24,1.0884946584701538,1.0901999473571777,1.0860475301742554,1.0882576704025269,0,1.1001287579536438,1.0998970995247284,28.484581271263053,-0.007328571735246037,-0.004374811867711936,0.004071883090180051,EURUSD
2016-10-25,1.0875475406646729,1.0900002717971802,1.0853402614593506,1.0875475406646729,0,1.0974753141403197,1.0976517251865365,28.07600675291252,-0.007907843848415474,-0.0006525382335154095,0.00404626143799346,EURUSD
2016-10-26,1.0887197256088257,1.0948106050491333,1.0876659154891968,1.0887316465377808,0,1.0957290053367614,1.0960298927049446,29.88205008630294,-0.008177113054343987,0.0010887853899097522,0.0038145245264771884,EURUSD
2016-10-27,1.0911074876785278,1.0942115783691406,1.0893957614898682,1.091202735900879,0,1.0947304606437682,1.095152227831478,33.62767271643597,-0.008097768545074047,0.0022696955406378283,0.003837327356062362,EURUSD
2016-10-28,1.0900014638900757,1.0952903032302856,1.089751958847046,1.0900371074676514,0,1.0932369351387023,1.0942222059471458,32.73924950855297,-0.008036306385247327,-0.0010682051967778605,0.0035227059512066773,EURUSD
2016-10-31,1.0984183549880981,1.0984183549880981,1.0939244031906128,1.0984665155410767,0,1.0934055924415589,1.0949938986005876,44.21677642576982,-0.007224139019010423,0.007733138638746251,0.003867272928626845,EURUSD
2016-11-01,1.0973334312438965,1.1050944328308105,1.0961787700653076,1.0973334312438965,0,1.0929825186729432,1.0954192681720982,43.15085344313285,-0.006595887675790557,-0.001031514644415088,0.0035817385783462863,EURUSD
2016-11-02,1.1059499979019165,1.1119760274887085,1.10515558719635,1.1057054996490479,0,1.0937835812568664,1.097289492076998,52.30056165570427,-0.005360643842648338,0.007629466274130747,0.004181453390165983,EURUSD
2016-11-03,1.1097548007965088,1.1128422021865845,1.1060845851898193,1.1097548007965088,0,1.0950076460838318,1.0995559118441818,55.990050152694074,-0.004008749080216312,0.0036621877604354758,0.004264241836678395,EURUSD
2016-11-04,1.1102476119995117,1.1125946044921875,1.1084016561508179,1.1102476119995117,0,1.0967284560203552,1.101499857326969,56.43173081107754,-0.0028645759472427645,0.00044407215237929343,0.003874073127012762,EURUSD
2016-11-07,1.1096316576004028,1.1112345457077026,1.1033873558044434,1.1101243495941162,0,1.098915123939514,1.1030679468300866,56.27959088900585,-0.0019453321637510346,-0.00011102244586103094,0.0033456905355361303,EURUSD
2016-11-08,1.1050456762313843,1.1068068742752075,1.1030588150024414,1.1052166223526,0,1.1006820321083068,1.103458615106907,50.44786535842588,-0.0015944575017772245,-0.004420880636759716,0.003851225377308069,EURUSD
2016-11-09,1.1020498275756836,1.1301988363265991,1.093398094177246,1.1019041538238525,0,1.101999282836914,1.1031759857827153,46.914343261368565,-0.001565627748942422,-0.002997121525096569,0.0041210852888719125,EURUSD
2016-11-10,1.0920368432998657,1.0955302715301514,1.0866104364395142,1.0920606851577759,0,1.1020850777626037,1.1011550220327262,38.32389632348432,-0.0023104323917482184,-0.008933144168590035,0.005186329745742776,EURUSD
2016-11-11,1.0889687538146973,1.0925379991531372,1.0856997966766357,1.0889687538146973,0,1.1019782423973083,1.0989393369021754,36.08854469202501,-0.003114288872690496,-0.002831281617497239,0.0052595543660632505,EURUSD
2016-11-14,1.082602620124817,1.0874292850494385,1.0710800886154175,1.0824854373931885,0,1.1003801345825195,1.0959477188096323,31.88842794590326,-0.004225788122179663,-0.005953629430410667,0.004755514557113927,EURUSD
2016-11-15,1.0746910572052002,1.0816657543182373,1.072369933128357,1.0750375986099243,0,1.0981505513191223,1.0921458787733216,27.87492623444757,-0.0056425933274568685,-0.006880313144165595,0.005048393024845424,EURUSD
2016-11-16,1.0726161003112793,1.0760787725448608,1.067121982574463,1.0727311372756958,0,1.094853115081787,1.0886159257737533,26.752010012866833,-0.006872314055376361,-0.0021454703883946324,0.00374685568676727,EURUSD
2016-11-17,1.0705492496490479,1.0750375986099243,1.0666905641555786,1.0706638097763062,0,1.0909440159797668,1.0853519046833084,25.75069579289753,-0.007922368511043665,-0.0019271627601300523,0.002977811591899829,EURUSD
2016-11-18,1.0624734163284302,1.0639996528625488,1.057305932044983,1.062304139137268,0,1.0861496686935426,1.0811614018567555,22.141677701536608,-0.009321645659640332,-0.0078079323898924136,0.002881967850426282,EURUSD
2016-11-21,1.0585371255874634,1.0650999546051025,1.0585371255874634,1.0584250688552856,0,1.0809797406196595,1.0770275231292155,20.69245454370943,-0.01062115734374558,-0.0036515628049164084,0.0024867940071679894,EURUSD
2016-11-22,1.0638750791549683,1.065870761871338,1.0587276220321655,1.0638864040374756,0,1.076846718788147,1.0746382287488991,27.852291744512755,-0.011082592382642087,0.005159869454052668,0.004009271848828963,EURUSD
2016-11-23,1.0634112358093262,1.0645092725753784,1.0529640913009644,1.0633772611618042,0,1.0729940295219422,1.0725907800967,27.602109527647485,-0.011358433598268158,-0.0004785688337957117,0.004141994714290743,EURUSD
2016-11-24,1.0546298027038574,1.0587612390518188,1.0522550344467163,1.0545185804367065,0,1.0692398190498351,1.069304925613065,23.625675376686416,-0.01215178305754705,-0.008330703550515128,0.004058455542015159,EURUSD
2016-11-25,1.0564124584197998,1.0628122091293335,1.0541073083877563,1.0561892986297607,0,1.0659618735313416,1.0669202661615549,25.796840010472764,-0.012501594623546941,0.0015843421102759159,0.004366002437609776,EURUSD
2016-11-28,1.0611205101013184,1.0684902667999268,1.056747317314148,1.0612331628799438,0,1.063836646080017,1.0658862473830801,32.07483475767363,-0.012230835658164185,0.004775530538632333,0.004861485744828428,EURUSD
2016-11-29,1.062022089958191,1.0633999109268188,1.056859016418457,1.062134861946106,0,1.0625463724136353,1.0652041773036303,33.16350198108198,-0.011807389413248215,0.0008496710220731174,0.004601612581486457,EURUSD
2016-11-30,1.0648492574691772,1.066699743270874,1.058500051498413,1.0648492574691772,0,1.0617581844329833,1.0651396464246388,36.46472996630408,-0.011124539414242962,0.0025556034551939,0.004732251531426114,EURUSD
2016-12-01,1.0592098236083984,1.0637166500091553,1.0587612390518188,1.0592098236083984,0,1.0606127858161927,1.064061496821686,32.83596623137713,-0.010912636966147193,-0.005295992668654326,0.004942419866270817,EURUSD
2016-12-02,1.0663254261016846,1.0691757202148438,1.0627998113632202,1.0663141012191772,0,1.0610137820243835,1.0644710612575934,40.82498055385269,-0.010055532994088123,0.006707148529435658,0.00487269319839267,EURUSD
2016-12-05,1.0570825338363647,1.0741138458251953,1.054185152053833,1.0582010746002197,0,1.060991382598877,1.0633310636835254,35.61499021212205,-0.009916612826105897,-0.00760847728608427,0.00537219616939996,EURUSD
2016-12-06,1.0758472681045532,1.078515887260437,1.07260000705719,1.0757315158843994,0,1.0621758937835692,1.0655856913564115,50.35718022699951,-0.008296322645317877,0.016566266756818937,0.007414227142856648,EURUSD
2016-12-07,1.071926236152649,1.0769003629684448,1.0713521242141724,1.0720411539077759,0,1.0630422830581665,1.0667594118202959,47.872208218124335,-0.007226707389043074,-0.003430560434579788,0.007543144961602672,EURUSD
2016-12-08,1.0760092735290527,1.0856584310531616,1.0609999895095825,1.0761945247650146,0,1.0652098774909973,1.0684748869011538,50.81403899030168,-0.005975011067007374,0.003874264380708814,0.00685051888732423,EURUSD
2016-12-09,1.062134861946106,1.063151240348816,1.0538407564163208,1.062134861946106,0,1.0658044338226318,1.067322155091145,42.14363674613298,-0.006047814560174336,-0.013064239313035575,0.008362347501292415,EURUSD
2016-12-12,1.0546298027038574,1.062699317932129,1.0527424812316895,1.0547411441802979,0,1.0651552319526671,1.0650346985619,38.43000670514122,-0.006625745613800804,-0.006961185467786013,0.008531998365595792,EURUSD
2016-12-13,1.0642826557159424,1.065303087234497,1.0606703758239746,1.0641694068908691,0,1.0653586864471436,1.0648773728035306,45.076305465397716,-0.00625092140125405,0.008938935171528328,0.009050412198539148,EURUSD
2016-12-14,1.0630381107330322,1.0666667222976685,1.0615001916885376,1.062925100326538,0,1.0651662707328797,1.06452241417135,44.39518022075303,-0.005985281058649594,-0.0011692748882591308,0.009020582203166235,EURUSD
2016-12-15,1.0515247583389282,1.052520751953125,1.0403661727905273,1.051414132118225,0,1.0643867015838624,1.062139090161691,38.58643340730082,-0.006627203826119699,-0.010829519600935922,0.00952721243234436,EURUSD
2016-12-16,1.041775107383728,1.0472300052642822,1.0403661727905273,1.0418837070465088,0,1.0619436621665954,1.0584562932316577,34.5551402274093,-0.00781487290805094,-0.009064387457410228,0.009470460870333965,EURUSD
2016-12-19,1.0448229312896729,1.0481960773468018,1.0413411855697632,1.0449975728988647,0,1.0606233119964599,1.0560092531711498,36.875627190720365,-0.00840792493663467,0.0029886884988181706,0.009399960076394811,EURUSD
2016-12-20,1.040474534034729,1.0419923067092896,1.0355182886123657,1.0405826568603516,0,1.057108426094055,1.0532044174782773,34.981747754846026,-0.009128937065387976,-0.0042248098493339326,0.007030786715594213,EURUSD
2016-12-21,1.0393929481506348,1.0451505184173584,1.0385295152664185,1.039047360420227,0,1.0538090467453003,1.0506304071040864,34.32160929813668,-0.009712272927123289,-0.001475419977454595,0.007053720850485287,EURUSD
2016-12-22,1.0427528619766235,1.0497585535049438,1.0427528619766235,1.0428615808486938,0,1.0504757523536683,1.0492178932394696,37.478234303831634,-0.00975435297917926,0.003670882169340306,0.007031640212356592,EURUSD
2016-12-23,1.0439503192901611,1.0467915534973145,1.0429704189300537,1.0437650680541992,0,1.0486387729644775,1.0482264704785114,38.23548628540848,-0.009604087909790504,0.0008663539074573734,0.0061695103004014784,EURUSD
2016-12-26,1.0455876588821411,1.0470107793807983,1.044600248336792,1.045478343963623,0,1.04771249294281,1.047726811112168,39.72631219880159,-0.009240238989035587,0.001641438252592442,0.005954430885094408,EURUSD
2016-12-27,1.0455766916275024,1.0461344718933105,1.0435363054275513,1.0456969738006592,0,1.045865249633789,1.0473577497828028,39.92558327923467,-0.008832429745158743,0.00020911943159651614,0.0049046511204743634,EURUSD
2016-12-28,1.0462440252304077,1.048218011856079,1.0387451648712158,1.046233057975769,0,1.0441960453987122,1.0471532603633422,40.445506585414364,-0.008369502058692024,0.0005126572884317504,0.004954928802146361,EURUSD
2016-12-29,1.041775107383728,1.0490977764129639,1.041775107383728,1.0416991710662842,0,1.0432245492935182,1.0461616077638771,37.49027999369416,-0.008273108074225988,-0.004333534363994307,0.003924948746380201,EURUSD
2016-12-30,1.0569037199020386,1.0590976476669312,1.0509997606277466,1.0575296878814697,0,1.0447891473770141,1.048228531421621,50.962956412098,-0.006840472037615619,0.015196821937547789,0.005510101904924074,EURUSD
2017-01-02,1.0530749559402466,1.0540739297866821,1.0465724468231201,1.052698016166687,0,1.0455591917037963,1.049041165011633,47.591462460428076,-0.006025514800566123,-0.004568828440610462,0.005794947822391293,EURUSD
2017-01-03,1.0459157228469849,1.0492078065872192,1.0347682237625122,1.0460032224655151,0,1.0461012482643128,1.0484888118214295,43.31548492179033,-0.0058524063226228495,-0.006359652624358891,0.006032994309921067,EURUSD
2017-01-04,1.0418403148651123,1.0478885173797607,1.0391337871551514,1.0419923067092896,0,1.046395742893219,1.0473076290737677,40.94210348574027,-0.005970045024758175,-0.0038345156784235224,0.006165064388023344,EURUSD
2017-01-05,1.0498688220977783,1.060895323753357,1.048657774925232,1.0500892400741577,0,1.0471185088157653,1.047813376528384,47.22828965299083,-0.005348268183652083,0.0077706268201145345,0.006539097709917026,EURUSD
2017-01-06,1.0605578422546387,1.060895323753357,1.0539628267288208,1.0605915784835815,0,1.0488011598587037,1.0501366859747834,54.058917367413486,-0.003962378783359588,0.010001377034090986,0.007170910965980824,EURUSD
2017-01-09,1.0534077882766724,1.0560777187347412,1.0513478517532349,1.0531858205795288,0,1.0495719075202943,1.050691074084737,49.220801010899876,-0.0034221853961791115,-0.0069826670834416404,0.007669758989461514,EURUSD
2017-01-10,1.0587612390518188,1.0625863075256348,1.0561892986297607,1.0588620901107788,0,1.0508884191513062,1.052176713362199,52.71397302832819,-0.0025071498693005623,0.0053896182614066035,0.007802144645521083,EURUSD
2017-01-11,1.0554089546203613,1.056747317314148,1.0456969738006592,1.0552419424057007,0,1.0517893075942992,1.0527340277337447,50.3357183374425,-0.0020504568960053593,-0.00341890387699062,0.007942851072670105,EURUSD
2017-01-12,1.0596587657928467,1.0686043500900269,1.0575296878814697,1.0597710609436035,0,1.0535964965820312,1.0540134883173553,53.18162732108924,-0.0013079847754884355,0.004292019067757558,0.007779722704381311,EURUSD
2017-01-13,1.0617965459823608,1.0667804479599,1.0600003004074097,1.0616837739944458,0,1.0540119051933288,1.0554080857131898,54.370788250683894,-0.0005587889416773795,0.001804836083313388,0.006199735198669141,EURUSD
2017-01-16,1.0626879930496216,1.0633434057235718,1.058133840560913,1.0628687143325806,0,1.0550289750099182,1.0567645636439882,55.131116155810126,0.0001290809715208674,0.0011160953639486326,0.005948065751825599,EURUSD
2017-01-17,1.0603891611099243,1.071799874305725,1.0601418018341064,1.0602991580963135,0,1.0564585685729981,1.0574072171807745,53.06610912066446,0.00046156053741230885,-0.002417566912655489,0.005523193723162262,EURUSD
2017-01-18,1.0697818994522095,1.0714668035507202,1.0659617185592651,1.0696789026260376,0,1.0592272281646729,1.0596384327162767,59.08993592442765,0.001465032005511624,0.00884631894508403,0.005649247449414461,EURUSD
2017-01-19,1.0629477500915527,1.0676802396774292,1.058974266052246,1.062778353691101,0,1.0604961395263672,1.060209327438972,53.63589077849583,0.0016840609386368222,-0.00645104705533206,0.005993785328088113,EURUSD
2017-01-20,1.0661321878433228,1.0695186853408813,1.0626766681671143,1.0659730434417725,0,1.0610342860221862,1.0612572758031174,55.675642868029854,0.0020913202716104085,0.003005979317866281,0.0052120040261210655,EURUSD
2017-01-23,1.0711455345153809,1.0756157636642456,1.070835828781128,1.0713750123977661,0,1.06285320520401,1.0630968642748715,58.96322610136339,0.002817491685425555,0.005067641240300125,0.004647482295557503,EURUSD
2017-01-24,1.0757546424865723,1.077284336090088,1.0727771520614624,1.0760787725448608,0,1.0645748734474183,1.0654572112330514,61.63182453340959,0.0037295499651295305,0.004390395606266306,0.004569997419799413,EURUSD
2017-01-25,1.0727887153625488,1.076878309249878,1.0712143182754517,1.0728693008422852,0,1.0663376092910766,1.0668048638892755,58.82111273251513,0.00414559731380737,-0.002982562043283732,0.00451829308992525,EURUSD
2017-01-26,1.0755001306533813,1.076658010482788,1.0670650005340576,1.0751993656158447,0,1.0678804397583008,1.0683311369304698,60.23882982771233,0.004610191175035139,0.0021718067352010095,0.0044303275685778675,EURUSD
2017-01-27,1.0682847499847412,1.0724780559539795,1.0660525560379028,1.068296194076538,0,1.06854168176651,1.0683247836843002,54.27679487304293,0.004370971072576113,-0.006420364222734398,0.005074850044144255,EURUSD
2017-01-30,1.071914792060852,1.0740330219268799,1.0620898008346558,1.0713980197906494,0,1.0693946123123168,1.0688835538854544,56.36652958706686,0.004381175367529355,0.002903525942814511,0.005124998901241681,EURUSD
2017-01-31,1.0707095861434937,1.0810343027114868,1.0686043500900269,1.0708587169647217,0,1.0704505681991576,1.0692426744453212,55.88825748652832,0.004296220953045049,-0.0005033636575444422,0.005025782786446403,EURUSD
2017-02-01,1.080263614654541,1.0808473825454712,1.0739407539367676,1.0803803205490112,0,1.071520709991455,1.0712677010096283,62.01619468638937,0.004940259564340632,0.008891559113678227,0.005033641897828437,EURUSD
2017-02-02,1.076843500137329,1.0826611518859863,1.076843500137329,1.0767391920089722,0,1.0729167938232422,1.0722625175549636,58.66025142221088,0.005098088569263082,-0.0033702284934149507,0.004602225012564249,EURUSD
2017-02-03,1.0763335227966309,1.079715371131897,1.0728923082351685,1.0761713981628418,0,1.0739366292953492,1.0729732231200324,58.13197174570766,0.005118351801129295,-0.000527327184098314,0.004593639448314795,EURUSD
2017-02-06,1.0783414840698242,1.0788882970809937,1.0706638097763062,1.0782949924468994,0,1.0746286273002625,1.0739408175430991,59.59749861996391,0.005245302289768272,0.001973286307072275,0.004385877429582048,EURUSD
2017-02-07,1.0743216276168823,1.0743446350097656,1.0656777620315552,1.0743216276168823,0,1.0744529128074647,1.0740100557383325,55.67094569121346,0.004968025822463806,-0.0036848588353365352,0.004364578675035214,EURUSD
2017-02-08,1.067896842956543,1.0707440376281738,1.0642147064208984,1.0678056478500366,0,1.0739465475082397,1.072881981576824,49.86844480565469,0.00417437748836047,-0.0060652039383213285,0.004683682869855935,EURUSD
2017-02-09,1.0692099332809448,1.0710078477859497,1.0657345056533813,1.0692213773727417,0,1.0733487486839295,1.0722164171760817,51.0619344628778,0.003617937672987015,0.0013258307123169555,0.004638221769066815,EURUSD
2017-02-10,1.0656890869140625,1.066894292831421,1.0609854459762573,1.0658594369888306,0,1.0731050729751588,1.0710606025965814,48.13150465433112,0.002872561517234473,-0.003144288409358209,0.004279133143665809,EURUSD
2017-02-13,1.061931848526001,1.0658026933670044,1.0593445301055908,1.061954379081726,0,1.0721607089042664,1.0694049255938805,44.90764245953302,0.0019443270149557268,-0.0036637644435899563,0.004250327957575211,EURUSD
2017-02-14,1.0599170923233032,1.0633207559585571,1.056178092956543,1.059849739074707,0,1.071059811115265,1.0676676189540306,43.22714220560333,0.001027028677682118,-0.0019818553870826205,0.004261593110363896,EURUSD
2017-02-15,1.0578652620315552,1.0587948560714722,1.0522106885910034,1.0578316450119019,0,1.0688049435615539,1.0658792600554616,41.61887955314623,0.00013565605312515494,-0.0019041322447906905,0.0024548685478090588,EURUSD
2017-02-16,1.0601868629455566,1.0674750804901123,1.0600519180297852,1.0607378482818604,0,1.0672048091888429,1.0649444579148069,44.803663471137234,-0.00033242487111073693,0.0027473211674677867,0.0028368618701041814,EURUSD
2017-02-17,1.06670081615448,1.0676915645599365,1.0625863075256348,1.0672245025634766,0,1.0663101196289062,1.0653590114872922,51.202285748588665,-0.00017791271953004895,0.006115228463020372,0.0037262384427803265,EURUSD
2017-02-20,1.0626766681671143,1.063151240348816,1.0605241060256958,1.062665343284607,0,1.064747154712677,1.0648692536322584,47.07193470155535,-0.0004185223128221338,-0.004271977702834273,0.0037278840904633754,EURUSD
2017-02-21,1.061030387878418,1.061255693435669,1.0526647567749023,1.0609403848648071,0,1.0634090304374695,1.064154913856358,45.573998560128466,-0.0007398681380599292,-0.0016232376737422838,0.0036468538778873707,EURUSD
2017-02-22,1.0542184114456177,1.0556206703186035,1.0496814250946045,1.0542073249816895,0,1.0620491981506348,1.062346261333691,40.19696175744786,-0.0015203134546279973,-0.006346313119163338,0.003688964204804367,EURUSD
2017-02-23,1.0551751852035522,1.0595015287399292,1.0538963079452515,1.0554089546203613,0,1.0606679558753966,1.0610849328403582,41.522993276222046,-0.002018591455639207,0.0011398418605113037,0.003674837839917495,EURUSD
2017-02-24,1.0584698915481567,1.0618078708648682,1.0566245317459106,1.0584474802017212,0,1.0599267601966857,1.0606053959969697,44.85288668108081,-0.0021435868065722286,0.002879003032955074,0.0038281713459968284,EURUSD
2017-02-27,1.0552864074707031,1.0614584684371948,1.0552864074707031,1.055275321006775,0,1.0592588543891908,1.0596362914532977,42.15413959107947,-0.0024701390337480422,-0.002996992533197518,0.003776092367937212,EURUSD
2017-02-28,1.0582793951034546,1.062699317932129,1.0576637983322144,1.0584250688552856,0,1.0591163873672484,1.05941606916275,45.65092848576477,-0.0024465731265685964,0.0029847640571236678,0.0039022163415263406,EURUSD
2017-03-01,1.0569260120391846,1.05880606174469,1.0515247583389282,1.0569148063659668,0,1.059024703502655,1.0589612941087894,44.2690845360535,-0.0025207054135212292,-0.0014268959926961866,0.003880936405009524,EURUSD
2017-03-02,1.053629755973816,1.0545185804367065,1.050045132637024,1.0535852909088135,0,1.0583094477653503,1.0579838389815208,41.30095555732309,-0.0028156626501540938,-0.003150221226062011,0.0038515551528326944,EURUSD
2017-03-03,1.0508506298065186,1.057373046875,1.05035400390625,1.0509721040725708,0,1.0566842079162597,1.0567089780889845,39.08593943089673,-0.0032231265273285903,-0.0024802802950946168,0.0030434867781666953,EURUSD
2017-03-06,1.0618754625320435,1.0638071298599243,1.057820439338684,1.062044620513916,0,1.0566221356391907,1.0576790948935173,51.06221225931789,-0.0026223561562630504,0.010535499846702434,0.004707844948141156,EURUSD
2017-03-07,1.0581226348876953,1.060400366783142,1.0560777187347412,1.0579211711883545,0,1.0563202142715453,1.0577231087653058,47.33021258962445,-0.002450718846997102,-0.003882557517749352,0.00484405773532052,EURUSD
2017-03-08,1.0568925142288208,1.0575296878814697,1.0537296533584595,1.0570154190063477,0,1.0566010236740113,1.0575944379000406,46.52581753164284,-0.002360570487054181,-0.0008561622611157338,0.0043670530060848515,EURUSD
2017-03-09,1.0544073581695557,1.0614020824432373,1.052565097808838,1.0547411441802979,0,1.0565342426300048,1.0570756572237237,44.48158888905236,-0.0024444639747946972,-0.0021516004262148725,0.004418330664437284,EURUSD
2017-03-10,1.058133840560913,1.0669056177139282,1.058133840560913,1.0578428506851196,0,1.0564737796783448,1.0572151469439774,47.847138800709864,-0.0022349057727844013,0.0029407277055000236,0.004422924952077382,EURUSD
2017-03-13,1.068798542022705,1.0715816020965576,1.0656890869140625,1.0690041780471802,0,1.0578466653823853,1.0593586071445598,57.76820553975238,-0.001154890687936394,0.010551025943817516,0.005388860689372421,EURUSD
2017-03-14,1.065200924873352,1.0662117004394531,1.0627444982528687,1.0651443004608154,0,1.0585185885429382,1.0604105513838789,53.94626454395997,-0.0006034743384586427,-0.0036107226385362345,0.005561473784834162,EURUSD
2017-03-15,1.0612443685531616,1.0641003847122192,1.0610530376434326,1.0612443685531616,0,1.0589515447616578,1.0605621545055666,50.32354663407066,-0.00047568146083487584,-0.003661411797412417,0.005697284412203706,EURUSD
2017-03-16,1.0737909078598022,1.0745755434036255,1.0707095861434937,1.0737909078598022,0,1.0609721064567565,1.062967382388155,59.69984585331932,0.0006307255698654313,0.011822479042923772,0.006556427005522909,EURUSD
2017-03-17,1.077052354812622,1.078299641609192,1.0729843378067017,1.077470064163208,0,1.0636219024658202,1.0656042336199827,61.96684915469183,0.0017838748794336556,0.003426324693639682,0.00637956893747168,EURUSD
2017-03-20,1.0742292404174805,1.0777000188827515,1.0742292404174805,1.0742985010147095,0,1.0648472905158997,1.067185009509933,58.891409553796144,0.0024140081912729094,-0.002943527856582917,0.005901889225811738,EURUSD
2017-03-21,1.0736756324768066,1.0818997621536255,1.0736756324768066,1.073767900466919,0,1.066431963443756,1.0683818987748395,58.36947912113229,0.002837865207377277,-0.0004939042056647525,0.0056728099162838864,EURUSD
2017-03-22,1.0811277627944946,1.0820754766464233,1.0776559114456177,1.081244707107544,0,1.0688548922538756,1.0707205911989675,63.30467654112826,0.003734046986684003,0.0069631497061644065,0.005847800778969923,EURUSD
2017-03-23,1.0789697170257568,1.0804970264434814,1.077052354812622,1.0790164470672607,0,1.071282422542572,1.072228928629566,60.984368616505215,0.004215877528663148,-0.002060828622453159,0.005840215750438091,EURUSD
2017-03-24,1.078399658203125,1.08119797706604,1.0761598348617554,1.0783880949020386,0,1.073336946964264,1.0733487770427428,60.31302805189325,0.004495210942632832,-0.0005823378938569768,0.005902751067323748,EURUSD
2017-03-27,1.0845986604690552,1.0904886722564697,1.0839051008224487,1.0849517583847046,0,1.0749317049980163,1.0754584100140085,64.68620117620776,0.005186431519800472,0.006086550392845558,0.005319172226342097,EURUSD
2017-03-28,1.0862716436386108,1.0874292850494385,1.0846928358078003,1.0860947370529175,0,1.0770267486572265,1.0773922876574464,65.40116921929918,0.005760059255845551,0.0010534834008790739,0.005017716780032889,EURUSD
2017-03-29,1.0817476511001587,1.0826494693756104,1.0740907192230225,1.0817711353302002,0,1.0790794253349305,1.0781884417797651,60.418051503972805,0.005798938293318123,-0.0039808697853092045,0.00505834217976686,EURUSD
2017-03-30,1.0759977102279663,1.0769003629684448,1.0721906423568726,1.0759629011154175,0,1.079296624660492,1.077783798022611,54.41941400727733,0.005299979387670906,-0.005369189494051185,0.004164806386527775,EURUSD
2017-03-31,1.0687528848648071,1.0700910091400146,1.0672245025634766,1.0687072277069092,0,1.078420341014862,1.0761335125106652,48.00716666024988,0.004269858384702507,-0.006743423403340887,0.00451874056484675,EURUSD
2017-04-03,1.0668145418167114,1.068376064300537,1.064373254776001,1.0668829679489136,0,1.0776787877082825,1.0744515953176195,46.52288381399762,0.003268599175075604,-0.0017069780298106796,0.004470442089518356,EURUSD
2017-04-04,1.0670194625854492,1.067463755607605,1.0636826753616333,1.067008137702942,0,1.0770028114318848,1.073098239387678,46.64477854248703,0.0024568728895062453,0.00011732285338572623,0.004477494381101199,EURUSD
2017-04-05,1.0679539442062378,1.0689127445220947,1.065405249595642,1.0680338144302368,0,1.0756817221641541,1.0721774348499613,47.696838928927825,0.0018747268162144781,0.0009612642031981977,0.0036787350434735887,EURUSD
2017-04-06,1.0673270225524902,1.0683988332748413,1.0631964206695557,1.0672472715377808,0,1.074504804611206,1.0712810415204739,46.93258997020331,0.001334520894821889,-0.000736440065688071,0.0036690277889659876,EURUSD
2017-04-07,1.064305305480957,1.0660412311553955,1.0611655712127686,1.0644639730453491,0,1.073112392425537,1.0700415745249967,44.23173484855793,0.0006740449126270143,-0.0026079227997661825,0.003693713929648163,EURUSD
2017-04-10,1.0584250688552856,1.060782790184021,1.0570378303527832,1.0582010746002197,0,1.0704373240470886,1.0678887563568553,38.818402463302874,-0.00035070788286484245,-0.005883617110320483,0.0028884502686759065,EURUSD
2017-04-11,1.0597823858261108,1.0629477500915527,1.0579211711883545,1.0597598552703857,0,1.0678038358688355,1.0664107743411335,40.76164945231656,-0.0010252330351845362,0.0014730477104787365,0.00294806658166636,EURUSD
2017-04-12,1.0609629154205322,1.0623831748962402,1.0596587657928467,1.0611318349838257,0,1.065739905834198,1.0654509671852592,42.49296228887488,-0.0014325779148733897,0.00129461378124196,0.00311075007957453,EURUSD
2017-04-13,1.0671560764312744,1.0678056478500366,1.0611768960952759,1.0670650005340576,0,1.064850115776062,1.0657444277941317,49.38259301694461,-0.001262096133815227,0.0055913557153077775,0.003645453708253384,EURUSD
2017-04-14,1.0617965459823608,1.063151240348816,1.0607041120529175,1.0616387128829956,0,1.0641432642936706,1.064997934173925,44.17054148740304,-0.0015470111762752037,-0.005085245648902559,0.0033738856281398757,EURUSD
2017-04-17,1.0611205101013184,1.0669853687286377,1.0609742403030396,1.0610530376434326,0,1.0635602712631225,1.06428068025929,43.6352248229478,-0.0017993259873267942,-0.0005516709521382612,0.0033537046881831735,EURUSD
2017-04-18,1.0643846988677979,1.0708587169647217,1.063795804977417,1.0644525289535522,0,1.0633047103881836,1.0643119254764284,47.60452188297673,-0.0017053189001658975,0.0032038844332133998,0.0035570708170568183,EURUSD
2017-04-19,1.0728347301483154,1.0736525058746338,1.070159673690796,1.0728693008422852,0,1.0637882590293883,1.065867811906584,55.887456419343984,-0.000940809391748676,0.007907136917610913,0.004395714191921949,EURUSD
2017-04-20,1.0714898109436035,1.077818512916565,1.0710651874542236,1.0715012550354004,0,1.0642136573791503,1.0668920742936416,54.38261655953773,-0.00044024509035556214,-0.0012751281128192682,0.004415269786072229,EURUSD
2017-04-21,1.071329116821289,1.0737563371658325,1.0687072277069092,1.0714898109436035,0,1.0649162411689759,1.0677280264118165,54.36942803890569,-4.3960963078681914e-05,-1.0680427804499182e-05,0.004292932670359934,EURUSD
2017-04-24,1.0875357389450073,1.0877995491027832,1.0821690559387207,1.087393879890442,0,1.067835521697998,1.0713036361352029,66.52074541089144,0.0015357196903826864,0.014842949307033004,0.005587460839350359,EURUSD
2017-04-25,1.086767554283142,1.0940918922424316,1.085198998451233,1.0864840745925903,0,1.0705079436302185,1.074063715854728,65.44704677630506,0.0026832830881049485,-0.000836684217813688,0.005692363162007569,EURUSD
2017-04-26,1.0928484201431274,1.0950744152069092,1.0860711336135864,1.0928245782852173,0,1.0736772179603578,1.0774747817511805,69.18050114757915,0.00405758766193598,0.005835799935681951,0.0057654739841099326,EURUSD
2017-04-27,1.0909289121627808,1.0930753946304321,1.085257887840271,1.090893268585205,0,1.0760600447654725,1.079914506630094,66.81242451212823,0.00493401710796304,-0.0017672641505214193,0.005861420367523658,EURUSD
2017-04-28,1.0866730213165283,1.0948106050491333,1.0858235359191895,1.0864251852035522,0,1.0785386919975282,1.0810982663707227,61.56217397769621,0.005208021935710239,-0.004095802504536117,0.005731187581411655,EURUSD
2017-05-01,1.0906076431274414,1.0925379991531372,1.0885419845581055,1.0907504558563232,0,1.0815084338188172,1.082853209913559,64.47263939207576,0.005708383241024295,0.0039811951266213175,0.005657142545089294,EURUSD
2017-05-02,1.0909645557403564,1.0925379991531372,1.0889095067977905,1.090893268585205,0,1.0841525077819825,1.0843150387629492,64.56803692716028,0.006046743874659644,0.0001309307074914834,0.005714639800780891,EURUSD
2017-05-03,1.0935654640197754,1.0939722061157227,1.0905719995498657,1.0935654640197754,0,1.0862221240997314,1.0859969342641902,66.38677586134207,0.006456099062463139,0.0024495480094361977,0.005389155751667274,EURUSD
2017-05-04,1.0888738632202148,1.0968520641326904,1.0876303911209106,1.0888975858688354,0,1.0879617571830749,1.0865243254650347,60.54077221371016,0.006330878812234486,-0.004268494483888996,0.005662865773840618,EURUSD
2017-05-05,1.098140835762024,1.0999890565872192,1.0953261852264404,1.098152995109558,0,1.0906280755996705,1.0886386290367662,66.78613559021916,0.006898948255762871,0.008499797741160053,0.006017912512743484,EURUSD
2017-05-08,1.0966956615447998,1.0996261835098267,1.0919533967971802,1.0965152978897095,0,1.0915402173995972,1.0900707506463923,64.8308355121216,0.007134753901892665,-0.001491319722426554,0.004243870316321346,EURUSD
2017-05-09,1.0927289724349976,1.093400478363037,1.087263822555542,1.0927767753601074,0,1.0921694874763488,1.090562755139795,60.47796876040673,0.0069399644610070865,-0.003409457703688168,0.004430926964096586,EURUSD
2017-05-10,1.0886961221694946,1.0900371074676514,1.0859414339065552,1.0886842012405396,0,1.091755449771881,1.0902211998853848,56.041998715261855,0.006381790587971725,-0.003745114475203981,0.004199553381448874,EURUSD
2017-05-11,1.0866730213165283,1.0892000198364258,1.0839990377426147,1.087074637413025,0,1.091373586654663,1.089649097617683,54.353445239504154,0.005743349663165365,-0.0014784487785168832,0.004189870466402764,EURUSD
2017-05-12,1.0866022109985352,1.0933741331100464,1.0857645273208618,1.0864958763122559,0,1.0913806557655334,1.0890757846530599,53.726591378214124,0.005131526404487552,-0.0005324023584492021,0.003981564120441309,EURUSD
2017-05-15,1.0928006172180176,1.099000096321106,1.0923231840133667,1.0927289724349976,0,1.0915785074234008,1.0897400006134121,59.18591086234069,0.005090925805292024,0.0057368796869232686,0.004208212471889609,EURUSD
2017-05-16,1.0980684757232666,1.108930230140686,1.0979599952697754,1.0981770753860474,0,1.0923068881034852,1.0912740142084367,63.26542297285052,0.005435706473752244,0.004985776975336753,0.0044724881346748825,EURUSD
2017-05-17,1.109570026397705,1.1150261163711548,1.1083157062530518,1.1093976497650146,0,1.0938901066780091,1.094569220673269,69.9314248735557,0.006538976959628462,0.010217454571270101,0.0053945317828979905,EURUSD
2017-05-18,1.1154240369796753,1.11720609664917,1.1104941368103027,1.115635633468628,0,1.0965639114379884,1.0983994775451524,72.87805148705476,0.007826461345607383,0.005622856425677947,0.005129515935778655,EURUSD
2017-05-19,1.111086368560791,1.1198208332061768,1.1100751161575317,1.1113580465316772,0,1.0978844165802002,1.1007555809972478,67.95987486171637,0.008404751734573779,-0.003834215050707246,0.004991705322951235,EURUSD
2017-05-22,1.1202348470687866,1.1263290643692017,1.116233468055725,1.120485782623291,0,1.1002814650535584,1.104342890383801,72.26155739423028,0.009490186095236774,0.008213137179417185,0.005339970644941247,EURUSD
2017-05-23,1.1237092018127441,1.1266716718673706,1.1196328401565552,1.123885989189148,0,1.1033923864364623,1.1078961810756822,73.6792105021874,0.01050368891189013,0.0030345825164299622,0.004966595268165111,EURUSD
2017-05-24,1.1180930137634277,1.1202473640441895,1.1169440746307373,1.11793053150177,0,1.1063170194625855,1.10972060842588,67.20095774656122,0.010702964420965744,-0.005298987392550969,0.005213079342513862,EURUSD
2017-05-25,1.12311589717865,1.1250998973846436,1.119557499885559,1.1230907440185547,0,1.1099186301231385,1.1121515421700026,69.68790199296261,0.011148761736583523,0.004615861514984054,0.005027580850559067,EURUSD
2017-05-26,1.1210637092590332,1.123204231262207,1.1163455247879028,1.121076226234436,0,1.1133766651153565,1.1137742119998995,67.53501089354032,0.011210279448530036,-0.0017937266377162642,0.005148122276876161,EURUSD
2017-05-29,1.1175181865692139,1.11906898021698,1.1162956953048706,1.1176055669784546,0,1.1158643245697022,1.1144708219960002,63.873893798843,0.010853862906717415,-0.003095828075526108,0.005406216014236987,EURUSD
2017-05-30,1.1129412651062012,1.1201595067977905,1.1110740900039673,1.1129041910171509,0,1.1173370361328125,1.1141859799998457,59.1927613057762,0.01007588989377739,-0.004206650450045868,0.005667697914495123,EURUSD
2017-05-31,1.1173683404922485,1.125226378440857,1.1165823936462402,1.117168664932251,0,1.118114137649536,1.114728286351192,61.918983431115564,0.009691727875228207,0.0038318428032897422,0.0048593872490399655,EURUSD
2017-06-01,1.123822808265686,1.1257203817367554,1.1203100681304932,1.1243535280227661,0,1.11898592710495,1.1164783302914782,66.0359827961346,0.009853450667058672,0.006431314550834566,0.0049559898727714255,EURUSD
2017-06-02,1.1213276386260986,1.1281461715698242,1.1206239461898804,1.1215791702270508,0,1.1200080394744873,1.1174057557343096,63.19490586599008,0.00964655023060601,-0.0024675137548544335,0.004831591570214454,EURUSD
2017-06-05,1.127548336982727,1.1279042959213257,1.1236207485198975,1.128082513809204,0,1.1207677125930786,1.1193469844751995,66.80061956682407,0.009893301795715459,0.005798381206417069,0.0044740618756264556,EURUSD
2017-06-06,1.125821828842163,1.1279042959213257,1.1241259574890137,1.1256824731826782,0,1.1209473609924316,1.1204988915129228,64.29715393071365,0.00978242525918982,-0.0021275399601946576,0.004470637687514998,EURUSD
2017-06-07,1.127052664756775,1.1279934644699097,1.120523452758789,1.1271415948867798,0,1.1218684673309327,1.1217066557627149,65.15220884406062,0.009700472721108522,0.0012962107333662765,0.004040148791567505,EURUSD
2017-06-08,1.12546706199646,1.1270145177841187,1.1196452379226685,1.125517725944519,0,1.122111165523529,1.122399577613952,63.33429111581624,0.009396178791649668,-0.0014406964924613685,0.0038591733235566242,EURUSD
2017-06-09,1.1193194389343262,1.1217050552368164,1.1167818307876587,1.1184805631637573,0,1.1218515992164613,1.1216870295320984,56.03715475819609,0.008489323795555448,-0.006252378455307017,0.004344992011115455,EURUSD
2017-06-12,1.1202348470687866,1.1230995655059814,1.1194071769714355,1.1201971769332886,0,1.1221107602119447,1.1214161472414057,57.32869848799049,0.007819018286834067,0.001534773000145373,0.0042505636891551025,EURUSD
2017-06-13,1.1199086904525757,1.1225234270095825,1.1185808181762695,1.1196202039718628,0,1.1227823615074157,1.1210896121014888,56.72548767958404,0.007158718198612579,-0.0005150637524415913,0.003972711516490406,EURUSD
2017-06-14,1.121076226234436,1.1295095682144165,1.1198583841323853,1.1208877563476562,0,1.1231542706489563,1.1210529110553373,57.776591127775454,0.006660923524729245,0.0011321271010444889,0.003818080801394375,EURUSD
2017-06-15,1.1216169595718384,1.1228384971618652,1.1133625507354736,1.1215791702270508,0,1.1228768348693847,1.1211485945411033,58.37056947218487,0.006250161015345146,0.0006168448852073016,0.003175939333081217,EURUSD
2017-06-16,1.114740252494812,1.1199712753295898,1.113908290863037,1.1146905422210693,0,1.1221879720687866,1.119974403210188,50.71568045438997,0.005307591447511584,-0.006141900802764444,0.0036405364932643337,EURUSD
2017-06-19,1.1203352212905884,1.1213276386260986,1.1159842014312744,1.120824933052063,0,1.1214622139930726,1.1201290449996197,56.22158180916313,0.004997978758974675,0.005503223180462813,0.003583558667096804,EURUSD
2017-06-20,1.114466905593872,1.1165997982025146,1.1120872497558594,1.1144545078277588,0,1.1203394174575805,1.1190973109683722,49.977407103526076,0.004190265623179812,-0.005683693355176489,0.003909283279112727,EURUSD
2017-06-21,1.1136353015899658,1.1154489517211914,1.112866997718811,1.1136974096298218,0,1.1189949989318848,1.1181155107249992,49.27694565208224,0.003449294328653929,-0.0006793441927142041,0.0038297367645204507,EURUSD
2017-06-22,1.1168441772460938,1.117817997932434,1.114715337753296,1.1167196035385132,0,1.1181151866912842,1.1178617094183654,52.15939684518755,0.0030705397592356576,0.002713658021074039,0.004020412877546123,EURUSD
2017-06-23,1.114976406097412,1.120862603187561,1.1146284341812134,1.1149640083312988,0,1.1177635312080383,1.1173348546752622,50.36877173771706,0.002598755339210168,-0.0015721002852027155,0.0035580430701525356,EURUSD
2017-06-26,1.1199712753295898,1.12186861038208,1.1172560453414917,1.1198835372924805,0,1.1177321672439575,1.1177982515147562,55.02784584202686,0.002591949282370276,0.004412276023639805,0.003829720471465485,EURUSD
2017-06-27,1.118067979812622,1.1330161094665527,1.1180554628372192,1.118355631828308,0,1.117605710029602,1.1178995933899474,53.3526774881102,0.0024351948215233232,-0.0013643431779222226,0.0038512407738938333,EURUSD
2017-06-28,1.1336840391159058,1.1387965679168701,1.129726529121399,1.1339154243469238,0,1.1189084768295288,1.120811562654852,65.02839368085984,0.003525866999592342,0.013913098906810362,0.005889384661131361,EURUSD
2017-06-29,1.13779878616333,1.1435105800628662,1.13779878616333,1.1382650136947632,0,1.1205770611763,1.1239849173893812,67.47887558598174,0.004687177206743831,0.0038359027970225057,0.005943409806114155,EURUSD
2017-06-30,1.1440469026565552,1.1445000171661377,1.1392894983291626,1.144164800643921,0,1.1235244870185852,1.1276539870720248,70.49849902287464,0.006014258781433357,0.005183140022908317,0.005378986883540385,EURUSD
2017-07-03,1.1425045728683472,1.1425960063934326,1.1356925964355469,1.1423088312149048,0,1.1256728768348694,1.130318504188912,68.34851376119492,0.0068374019549417575,-0.0016221172229486935,0.005427247397801821,EURUSD
2017-07-04,1.1375269889831543,1.1379153728485107,1.1337867975234985,1.1371389627456665,0,1.1279413223266601,1.1315585875628673,62.61975740607861,0.006991984427181963,-0.004525806268817711,0.005256826617577327,EURUSD
2017-07-05,1.1359893083572388,1.1368803977966309,1.1315033435821533,1.1360150575637817,0,1.1301730871200562,1.1323688548357607,61.414616347524124,0.006943759062693733,-0.0009883622131555692,0.005275394685396474,EURUSD
2017-07-06,1.1344943046569824,1.1409013271331787,1.1330673694610596,1.1346874237060547,0,1.1319698691368103,1.1327904128121777,59.94695136298205,0.006720936386051424,-0.0011686762854835608,0.005359111385376831,EURUSD
2017-07-07,1.142126202583313,1.1438244581222534,1.1382910013198853,1.1424784660339355,0,1.134721314907074,1.1345518770343155,65.20236439383686,0.0070912759973331685,0.006866245421522477,0.005465623637152582,EURUSD
2017-07-10,1.1406410932540894,1.1417349576950073,1.1383039951324463,1.140380859375,0,1.1367710471153258,1.135611692005349,62.81272651699831,0.007133285406629275,-0.0018360141755821013,0.005572993772826427,EURUSD
2017-07-12,1.1473942995071411,1.149100422859192,1.1394842863082886,1.1473942995071411,0,1.1396749138832092,1.137753984278402,67.14805104316878,0.00764438446540372,0.006150085802023142,0.0056010654079288085,EURUSD
2017-07-13,1.1419044733047485,1.1455278396606445,1.137255311012268,1.1418914794921875,0,1.1404725193977356,1.1385062561354538,61.126659917136465,0.007518731311223492,-0.004795927622542107,0.00438859462364497,EURUSD
2017-07-14,1.140393853187561,1.1466838121414185,1.139237642288208,1.140393853187561,0,1.1406854033470153,1.1388494555994733,59.5612430326933,0.0072151327950582544,-0.0013115312019776892,0.004281770175348824,EURUSD
2017-07-17,1.1475127935409546,1.1487255096435547,1.1436283588409424,1.1475391387939453,0,1.141022837162018,1.140429397998468,64.26355570662784,0.0074650412675738576,0.006265629708904763,0.004432902284129363,EURUSD
2017-07-18,1.1473416090011597,1.1584800481796265,1.1472363471984863,1.1474337577819824,0,1.1415353298187256,1.141702917959107,64.14508675146288,0.0075673603460255645,-9.183217234198793e-05,0.004385204463687673,EURUSD
2017-07-19,1.154961109161377,1.1553213596343994,1.1510659456253052,1.1549744606018066,0,1.1433188796043396,1.144115925712325,68.60507218044113,0.008162824688319859,0.00657179795232854,0.0043885028333700135,EURUSD
2017-07-20,1.1528840065002441,1.1649987697601318,1.1480133533477783,1.1528440713882446,0,1.1450017809867858,1.1457028612897648,66.10334463584493,0.008366387358968774,-0.0018445336119830014,0.004451772763687885,EURUSD
2017-07-21,1.1628042459487915,1.1675150394439697,1.1620204448699951,1.1628718376159668,0,1.1478202223777771,1.148824493349074,71.39154723040168,0.009230466103609558,0.00869828494294711,0.004872902826584066,EURUSD
2017-07-24,1.1681560277938843,1.1681697368621826,1.1631693840026855,1.1681697368621826,0,1.150389349460602,1.1523418103514573,73.72391026974286,0.010224884819438174,0.004555875441164092,0.0046925936431128175,EURUSD
2017-07-25,1.1638869047164917,1.1706860065460205,1.1631559133529663,1.1638869047164917,0,1.152739953994751,1.1544409184178273,68.83803593070516,0.010545814470423132,-0.003666275551012843,0.004900171869855551,EURUSD
2017-07-26,1.1643340587615967,1.1655012369155884,1.1615750789642334,1.1644561290740967,0,1.1544461369514465,1.1562618658098762,69.13085251629661,0.010722483069147026,0.0004890718808658878,0.004697067550334148,EURUSD
2017-07-27,1.1730343103408813,1.1774957180023193,1.1654876470565796,1.1728004217147827,0,1.157537031173706,1.1592688759744045,73.11848660112891,0.011404346676872512,0.0071658282629512016,0.0044350398161497545,EURUSD
2017-07-28,1.1690027713775635,1.1763322353363037,1.1672561168670654,1.1688660383224487,0,1.1603842496871948,1.16101381458314,68.61760047223787,0.011494752290638122,-0.003354691317881242,0.004679828301545604,EURUSD
2017-07-31,1.1746878623962402,1.1824663877487183,1.1723741292953491,1.1747292280197144,0,1.1631032586097718,1.1635075261170624,71.43912772559108,0.011902307407864354,0.005016134873488509,0.0045831732146136405,EURUSD
2017-08-01,1.1823545694351196,1.1837540864944458,1.1791062355041504,1.182410478591919,0,1.1666009306907654,1.1669444265670363,74.65417395919893,0.012698727475179084,0.006538741344806143,0.004668847763842389,EURUSD
2017-08-02,1.180930256843567,1.186760425567627,1.1794956922531128,1.1811256408691406,0,1.1692160487174987,1.169522829167419,73.17045200379658,0.013075494291056922,-0.0010866257920078004,0.004649033644619485,EURUSD
2017-08-03,1.1851431131362915,1.18948495388031,1.1833997964859009,1.1851149797439575,0,1.1724431395530701,1.1723577656358803,74.84233576232938,0.01353991134432464,0.0033775736778360876,0.00442578889128637,EURUSD
2017-08-04,1.1887779235839844,1.1891002655029297,1.1736950874328613,1.1884952783584595,0,1.1750054836273194,1.1752918588581673,76.19591309109622,0.014019123325741845,0.0028522959141332738,0.00391255491756378,EURUSD
2017-08-07,1.177773118019104,1.1812511682510376,1.177773118019104,1.1778424978256226,0,1.1759727597236633,1.1757556113977046,64.43073658042275,0.01338501776069112,-0.008963250192756678,0.0051452360136314225,EURUSD
2017-08-08,1.18002450466156,1.1824523210525513,1.1718658208847046,1.1800941228866577,0,1.1775934815406799,1.1765444316684233,65.63843227159575,0.012915292405355938,0.0019116520801309989,0.004899279728317499,EURUSD
2017-08-09,1.1753367185592651,1.1760278940200806,1.169235110282898,1.1754610538482666,0,1.1786939740180968,1.1763474538829402,61.045464194659516,0.012030501592211973,-0.003926016534221866,0.005180806463540937,EURUSD
2017-08-10,1.1764705181121826,1.1764705181121826,1.1704667806625366,1.1761523485183716,0,1.1790291666984558,1.1763119801802913,61.4785924291241,0.011255335696996882,0.0005881051250842262,0.004699600812026481,EURUSD
2017-08-11,1.1769968271255493,1.1831799745559692,1.1749224662780762,1.177024483680725,0,1.1798450112342835,1.176441526271279,62.05185590685705,0.010589318091793976,0.0007415154707228755,0.004521237020043042,EURUSD
2017-08-14,1.1826341152191162,1.1839994192123413,1.1773293018341064,1.182550311088562,0,1.1806271195411682,1.177552214419876,65.55001360626801,0.01038764018188365,0.004694742959430176,0.004488208025584744,EURUSD
2017-08-15,1.1777037382125854,1.1792453527450562,1.1689002513885498,1.1775789260864258,0,1.1801439642906189,1.1775570710865213,60.1755664735099,0.009714675036547993,-0.00420395221710268,0.004204898948445431,EURUSD
2017-08-16,1.1739845275878906,1.1757513284683228,1.1683608293533325,1.1741223335266113,0,1.179443633556366,1.1769325733483558,56.69491458114685,0.008800975017208446,-0.002935338331250592,0.004278371013291367,EURUSD
2017-08-17,1.1774264574050903,1.1790227890014648,1.1666978597640991,1.1774264574050903,0,1.1786747813224792,1.1770223704495801,59.128538077178035,0.0082483940007132,0.002814122331320279,0.004223729177172135,EURUSD
2017-08-18,1.1717286109924316,1.176816701889038,1.1712207794189453,1.1715501546859741,0,1.1769802689552307,1.1760274221289244,53.382769693446086,0.007252696474575604,-0.004990802340272604,0.0042308384645534354,EURUSD
2017-08-21,1.175723671913147,1.1824663877487183,1.1731857061386108,1.1756268739700317,0,1.1767587065696716,1.1759545951909438,56.53814188746792,0.006715148139440075,0.003479765051245698,0.003541757621976795,EURUSD
2017-08-22,1.1811814308166504,1.1825922727584839,1.1746463775634766,1.1811953783035278,0,1.1768688321113587,1.176907464847777,60.473670312418996,0.006661677303593461,0.004736625588263044,0.003828422668731038,EURUSD
2017-08-23,1.1760832071304321,1.1818654537200928,1.1743566989898682,1.176221489906311,0,1.176944875717163,1.1767827421311468,55.62824113384534,0.006147090226116925,-0.0042108938864631185,0.0038626155845365865,EURUSD
2017-08-24,1.1816420555114746,1.1818934679031372,1.1785225868225098,1.1816558837890625,0,1.1774952292442322,1.1776687678871314,59.45107180056593,0.006107384304483432,0.004620213054587374,0.004124145808879916,EURUSD
2017-08-25,1.1798295974731445,1.188424825668335,1.1774818897247314,1.1802195310592651,0,1.1778147339820861,1.1781325430093375,58.028051551362104,0.005892095010747056,-0.0012155423160857826,0.004156381126656684,EURUSD
2017-08-28,1.1951429843902588,1.197604775428772,1.1917815208435059,1.1951857805252075,0,1.1790782809257507,1.1812331316485865,66.91445850036065,0.006850163527060138,0.01268090306259384,0.005611612644397971,EURUSD
2017-08-29,1.1965157985687256,1.2066947221755981,1.196300983428955,1.1963869333267212,0,1.1809590816497804,1.1839883683173382,67.50902410893083,0.00761854092398373,0.001004992546837169,0.005299998672066437,EURUSD
2017-08-30,1.1970313787460327,1.1986095905303955,1.189668893814087,1.1970456838607788,0,1.183251416683197,1.1863624256888727,67.8502535502183,0.0081862749280055,0.0005506166238591348,0.005078688814387972,EURUSD
2017-08-31,1.1890040636062622,1.1908164024353027,1.1824384927749634,1.1893434524536133,0,1.1844431161880493,1.1869044305551892,59.925662675718414,0.007923366871006365,-0.006434367134864782,0.00570652334619758,EURUSD
2017-09-01,1.191085934638977,1.1978631019592285,1.1851149797439575,1.1910432577133179,0,1.1863924264907837,1.18765694458394,61.00801343682999,0.007762686996684254,0.0014291962983425943,0.005301657159546048,EURUSD
2017-09-04,1.1882553100585938,1.1923214197158813,1.1879446506500244,1.1882835626602173,0,1.1876580953598022,1.187770875143263,58.25697766834666,0.007328187922860607,-0.0023170401538554763,0.005397131439831061,EURUSD
2017-09-05,1.18944251537323,1.193816065788269,1.187042236328125,1.1893434524536133,0,1.1884729027748109,1.1880567982905994,59.0212572921468,0.006988805920644214,0.0008919502269502111,0.005242793184725253,EURUSD
2017-09-06,1.1923640966415405,1.1949286460876465,1.1903769969940186,1.1924067735671997,0,1.1900914311408997,1.188847702886345,61.23065236840256,0.00688763132488468,0.0025756404571504188,0.004968537997343296,EURUSD
2017-09-07,1.1927480697631836,1.205690860748291,1.1915684938430786,1.1927765607833862,0,1.191203498840332,1.189562040685807,61.500497089714045,0.006759370649442431,0.00031011834583960507,0.004841415308650252,EURUSD
2017-09-08,1.2028627395629883,1.2093360424041748,1.2018941640853882,1.2029062509536743,0,1.1934721708297729,1.19198826073451,68.05897718568019,0.007389918103641202,0.008492529534312121,0.0053101048558255575,EURUSD
2017-09-11,1.2015330791473389,1.2029350996017456,1.1962437629699707,1.2017642259597778,0,1.19413001537323,1.193765708957286,66.67984219849436,0.007708619464498634,-0.0009493881946254223,0.0037652009942773395,EURUSD
2017-09-12,1.1958575248718262,1.1977481842041016,1.1927480697631836,1.1959433555603027,0,1.1940856575965881,1.194161644703289,60.00548683398452,0.007406123809776455,-0.00484360432249209,0.004124687774871561,EURUSD
2017-09-13,1.1971603631973267,1.1996002197265625,1.188565969467163,1.1974613666534424,0,1.1941272258758544,1.1947615941487713,61.099056846015564,0.0072058204203753196,0.0012693001604815457,0.004142141762799586,EURUSD
2017-09-14,1.1890465021133423,1.1910008192062378,1.1845674514770508,1.1890605688095093,0,1.1940989375114441,1.1937250440870872,52.537616822674536,0.006296620838047939,-0.007015506368619584,0.004245884830145922,EURUSD
2017-09-15,1.1922788619995117,1.198552131652832,1.1902352571487427,1.1921650171279907,0,1.1942111134529114,1.1934414028217968,55.04455266422868,0.005760176919031634,0.002610841196752256,0.00430657327659154,EURUSD
2017-09-18,1.1937447786331177,1.1968880891799927,1.1916821002960205,1.193716287612915,0,1.194754385948181,1.1934913818747273,56.28703916978962,0.005397991130348556,0.0013012212761127628,0.004232058235660278,EURUSD
2017-09-19,1.1961722373962402,1.2005378007888794,1.196000576019287,1.1959290504455566,0,1.1954129457473754,1.1939345943421507,58.06734156278424,0.005229228460561508,0.0018536756644800256,0.004253728050515941,EURUSD
2017-09-20,1.1992852687835693,1.2019230127334595,1.198667049407959,1.199256420135498,0,1.1960979104042053,1.19490219903185,60.66181227106313,0.00530284584883689,0.002782246730022697,0.004265089902953066,EURUSD
2017-09-21,1.187295913696289,1.1953572034835815,1.1866196393966675,1.1872113943099976,0,1.1955413937568664,1.193503870900604,48.873291201731945,0.004339235237059924,-0.010043745126784076,0.005434595760436458,EURUSD
2017-09-22,1.1944862604141235,1.2002496719360352,1.1940582990646362,1.194557547569275,0,1.1947065234184264,1.193695448476726,54.66036351961478,0.004120837607638039,0.0061877381690282895,0.005048139907297016,EURUSD
2017-09-25,1.1926769018173218,1.1938873529434204,1.185185194015503,1.1927196979522705,0,1.1938020706176757,1.1935180392904612,53.04276081502128,0.0037561581552230106,-0.0015385191117365249,0.005055004807189503,EURUSD
2017-09-26,1.185564637184143,1.186380386352539,1.1765259504318237,1.185564637184143,0,1.19276419878006,1.1920719661802215,47.18788246939141,0.002856861336013372,-0.00599894575432236,0.005170995211569861,EURUSD
2017-09-27,1.1781338453292847,1.1795234680175781,1.1719207763671875,1.1786059141159058,0,1.190878653526306,1.1896235930776187,42.29785791975662,0.0015646154199524531,-0.005869543380414122,0.005334686084058855,EURUSD
2017-09-28,1.175046682357788,1.1802752017974854,1.172195553779602,1.1749638319015503,0,1.1894689798355103,1.186958181954697,39.96359396810589,0.00024380519032685122,-0.0030901611562736964,0.005025163024309107,EURUSD
2017-09-29,1.1780644655227661,1.1831939220428467,1.1773293018341064,1.178175449371338,0,1.1880700230598449,1.1853613214849954,42.95325014373418,-0.0005375986408817646,0.0027333756006684418,0.0050355737636247466,EURUSD
2017-10-02,1.1807630062103271,1.1807630062103271,1.17311692237854,1.1807351112365723,0,1.1867719054222108,1.1845201923489184,45.291571876144246,-0.0009394935890081335,0.002172564253142495,0.005090294503245723,EURUSD
2017-10-03,1.1733232736587524,1.177163004875183,1.169741153717041,1.173378348350525,0,1.1845168352127076,1.1824944025310287,40.19233235059192,-0.001830526344529515,-0.006230663267346004,0.005212898696046551,EURUSD
2017-10-04,1.1747844219207764,1.1786754131317139,1.1747430562973022,1.1747568845748901,0,1.1820668816566466,1.181087581084458,41.520963215611964,-0.002397799530022393,0.0011748437546192925,0.0050758164762011865,EURUSD
2017-10-05,1.1756960153579712,1.177994966506958,1.1703845262527466,1.175723671913147,0,1.1809181094169616,1.1801123248714924,42.48594455950689,-0.0027377963460317734,0.0008229680123190697,0.0042743069156299844,EURUSD
2017-10-06,1.1713991165161133,1.1738742589950562,1.1671334505081177,1.1712344884872437,0,1.1785858035087586,1.1784981728016288,39.24739447970077,-0.0033310871578373646,-0.0038182300255964474,0.003518553132802158,EURUSD
2017-10-09,1.1742877960205078,1.1750881671905518,1.1720993518829346,1.1742464303970337,0,1.176738476753235,1.1777251287280661,42.41878751980847,-0.003517686163937217,0.002571595986453845,0.0038024135236859632,EURUSD
2017-10-10,1.1741912364959717,1.1817677021026611,1.1741912364959717,1.1741636991500854,0,1.175598382949829,1.1770775960775242,42.35338703476338,-0.003630394018456329,-7.045475703104653e-05,0.0034808132416345133,EURUSD
2017-10-11,1.181404709815979,1.1858035326004028,1.179634690284729,1.1814883947372437,0,1.175886631011963,1.1778795594702003,49.7415505371686,-0.0030930196807883448,0.006238223505342644,0.0036833638422036517,EURUSD
2017-10-12,1.1865352392196655,1.1880717277526855,1.1831799745559692,1.1865493059158325,0,1.177045178413391,1.1794558770057697,54.11714399240695,-0.0022330324027761694,0.004283504773412883,0.003678374064137357,EURUSD
2017-10-13,1.1831378936767578,1.1874369382858276,1.1806235313415527,1.1831799745559692,0,1.1775456309318542,1.1801329856512603,50.9375916565809,-0.0018025841036639623,-0.0028396050152021957,0.003804526574822396,EURUSD
2017-10-16,1.1815024614334106,1.182102918624878,1.1781060695648193,1.181404709815979,0,1.177612590789795,1.1803642082266637,49.29423683667926,-0.0015864125767386383,-0.0015004181765808644,0.0037949409830753,EURUSD
2017-10-17,1.1795096397399902,1.1795096397399902,1.1738604307174683,1.1794538497924805,0,1.1782201409339905,1.1801986885113576,47.481378291519974,-0.0015545928059312875,-0.0016513054394394766,0.0031770736232722926,EURUSD
2017-10-18,1.1772878170013428,1.1779812574386597,1.1732269525527954,1.1771907806396484,0,1.1784635305404663,1.1796517961710469,45.39573872420496,-0.0016924763617247596,-0.001918743283792046,0.0032559803680074066,EURUSD
2017-10-19,1.179356575012207,1.1857191324234009,1.1769968271255493,1.1795234680175781,0,1.1788435101509094,1.179628463779507,47.93443041675487,-0.0015951339851270063,0.0019815712255766282,0.003300456344514159,EURUSD
2017-10-20,1.18519926071167,1.1858035326004028,1.1764997243881226,1.184805989265442,0,1.1802006602287292,1.180569832049677,53.236657985489146,-0.0010792927189018364,0.004478521531023016,0.0031832113894321333,EURUSD
2017-10-23,1.1754748821258545,1.1778993606567383,1.1734058856964111,1.175364375114441,0,1.18031245470047,1.1796233853341793,44.51156132630935,-0.0014160211438036807,-0.007968911565727876,0.004234416607512911,EURUSD
2017-10-24,1.175530195236206,1.1777175664901733,1.174384355545044,1.1759172677993774,0,1.1804878115653992,1.178949545782397,45.07920468314466,-0.0016195973178623202,0.00047040109147666875,0.004235405566415674,EURUSD
2017-10-25,1.1759862899780273,1.1817537546157837,1.1753782033920288,1.1759034395217896,0,1.1799293160438538,1.1783957082804684,45.066786971255425,-0.0017617404813015103,-1.1759566737046256e-05,0.0036604942400685608,EURUSD
2017-10-26,1.1822147369384766,1.1835579872131348,1.1692214012145996,1.182075023651123,0,1.1794818878173827,1.1790646747114963,51.48944534522433,-0.0013607092915557395,0.005248376628478324,0.0038093364961631843,EURUSD
2017-10-27,1.1639004945755005,1.1644154787063599,1.157594919204712,1.163724422454834,0,1.1775363326072692,1.1762755379375578,37.46363267562234,-0.002494870029874141,-0.015524057973586802,0.006128496923806028,EURUSD
2017-10-30,1.160725712776184,1.1642799377441406,1.1598103046417236,1.1604562997817993,0,1.1754414916038514,1.1733993128183289,35.60353529676125,-0.0036157308782018838,-0.0028083304001996767,0.006139142914148507,EURUSD
2017-10-31,1.164985179901123,1.1658952236175537,1.1625608205795288,1.1652703285217285,0,1.1740231394767762,1.1719213156734924,40.30525673500483,-0.004068668214553206,0.004148392956145219,0.006419209311446891,EURUSD
2017-11-01,1.1651616096496582,1.165745735168457,1.160833477973938,1.165175199508667,0,1.172821581363678,1.1706947490980695,40.242729202406814,-0.004384755698895182,-8.163686205087117e-05,0.006422337819287163,EURUSD
2017-11-02,1.162912368774414,1.168729543685913,1.1628854274749756,1.1628718376159668,0,1.1711564183235168,1.1692724015558689,38.67810980108014,-0.004766177831072138,-0.0019768373834866404,0.006339137398309462,EURUSD
2017-11-03,1.1663167476654053,1.1686748266220093,1.1605236530303955,1.1661807298660278,0,1.1692938923835754,1.1687102794304431,42.15727583120397,-0.004746740201507116,0.0028454487786415683,0.006190078563917399,EURUSD
2017-11-06,1.1615345478057861,1.1626555919647217,1.1582788228988647,1.1614941358566284,0,1.1679068684577942,1.1673982533261131,38.799546660408176,-0.005051276735201782,-0.004018754460072271,0.005852930412429856,EURUSD
2017-11-07,1.1611839532852173,1.1617100238800049,1.1555883884429932,1.1612648963928223,0,1.1664416313171386,1.1662830975200602,38.63744098747125,-0.005250596236089811,-0.00019736601049391567,0.005835908860077987,EURUSD
2017-11-08,1.1602543592453003,1.1609547138214111,1.1581177711486816,1.1601063013076782,0,1.1648619174957275,1.1651600436632634,37.77834542333498,-0.005439345923223371,-0.0009977009455318653,0.005821206875363344,EURUSD
2017-11-09,1.1595547199249268,1.1652567386627197,1.1586410999298096,1.15968918800354,0,1.1626233339309693,1.1641653426342227,37.45545494226206,-0.005558513879875049,-0.0003595474860088599,0.005368941987130663,EURUSD
2017-11-10,1.164523959159851,1.1675150394439697,1.1623986959457397,1.164686679840088,0,1.1627195596694946,1.1642601312171073,43.66775085869386,-0.005189873883112872,0.004309337267471847,0.002846380650978735,EURUSD
2017-11-13,1.1661127805709839,1.1675150394439697,1.163873314857483,1.1661127805709839,0,1.163285207748413,1.1645969765541757,45.336320549082046,-0.004728146489645146,0.0012244501079825554,0.002670977963737189,EURUSD
2017-11-14,1.1664936542510986,1.177412509918213,1.166330337524414,1.1664936542510986,0,1.1634075403213502,1.1649418270445253,45.7980816657111,-0.004282129161424342,0.0003266182194900935,0.0023425092646667403,EURUSD
2017-11-15,1.1791757345199585,1.1859441995620728,1.1786059141159058,1.1792869567871094,0,1.1648187160491943,1.1675500324522678,58.48396603560106,-0.0028633378425788614,0.01096731430075737,0.004151039944576643,EURUSD
2017-11-17,1.1777315139770508,1.1821727752685547,1.177467942237854,1.1777453422546387,0,1.1663060665130616,1.1694037251436078,56.76000931838945,-0.0018420963692353798,-0.0013072429264127106,0.004098954639955094,EURUSD
2017-11-20,1.1732131242752075,1.1807490587234497,1.1725940704345703,1.1731857061386108,0,1.1670065641403198,1.17009135805179,51.88812885171873,-0.00138471751055258,-0.0038714957745441536,0.004356073762721589,EURUSD
2017-11-21,1.1738742589950562,1.1756683588027954,1.1715501546859741,1.1741223335266113,0,1.1682693839073182,1.1708242626835756,52.78464633739572,-0.0009358752796579939,0.0007983624272778211,0.004042710234560335,EURUSD
2017-11-22,1.174094796180725,1.179815649986267,1.1735574007034302,1.173722743988037,0,1.1695151686668397,1.1713512592843867,52.33657848652271,-0.0006054291043458004,-0.000340330412908485,0.004048015102559695,EURUSD
2017-11-23,1.181516408920288,1.185499906539917,1.1814465522766113,1.1814744472503662,0,1.1716519832611083,1.1731918389145646,59.51596974519328,0.00027873643973808093,0.00660437339400155,0.004320197032092931,EURUSD
2017-11-24,1.1850868463516235,1.1943720579147339,1.183726191520691,1.1853959560394287,0,1.1742226600646972,1.1754107693009035,62.58622624440084,0.0012811091604156832,0.00331916513149233,0.004268866402548333,EURUSD
2017-11-27,1.1928761005401611,1.1960434913635254,1.1908164024353027,1.1926485300064087,0,1.1770188450813293,1.1785449076109953,67.49590085402646,0.002630397287538555,0.006118271224082594,0.004404218325434157,EURUSD
2017-11-28,1.1904053688049316,1.192099690437317,1.1867464780807495,1.1904903650283813,0,1.179456603527069,1.180716808959611,64.77203392820215,0.0034853945138173525,-0.0018095565656847112,0.004593410503796468,EURUSD
2017-11-29,1.1849744319915771,1.1884952783584595,1.1820051670074463,1.184805989265442,0,1.1812878370285034,1.1814602962879437,58.11914151160711,0.003662090063130785,-0.004774818788897961,0.005068553351416735,EURUSD
2017-11-30,1.1850025653839111,1.1929757595062256,1.1815024614334106,1.18519926071167,0,1.1818790674209594,1.1821401080013483,58.43721096918648,0.003790165608154039,0.00033192898229006396,0.0038461070800493383,EURUSD
2017-12-01,1.18990957736969,1.1939870119094849,1.185213327407837,1.1898245811462402,0,1.1830869913101196,1.1835372849367831,62.08440111970224,0.0042162883563499065,0.003902567768893972,0.003925110713899336,EURUSD
2017-12-04,1.1857051849365234,1.1878741979599,1.1831238269805908,1.1859863996505737,0,1.184367060661316,1.1839825785211087,57.56982482420912,0.004195916619739615,-0.003225838124783831,0.003839951352746187,EURUSD
2017-12-05,1.186859130859375,1.187930703163147,1.1808885335922241,1.1867746114730835,0,1.1856322884559631,1.184490220876013,58.24138161141628,0.004195016440205146,0.0006646044362246251,0.003841322149385235,EURUSD
2017-12-06,1.183053970336914,1.1848341226577759,1.1781338453292847,1.1832919120788574,0,1.186589205265045,1.1842723465492575,54.162296934395016,0.003868682542281787,-0.0029345920957166705,0.004030762217167804,EURUSD
2017-12-07,1.1804981231689453,1.1809163093566895,1.1777175664901733,1.1804285049438477,0,1.1864846110343934,1.1835734662573647,50.99965458202294,0.003340500343198327,-0.002419865382143338,0.0035763176409011805,EURUSD
2017-12-08,1.1774401664733887,1.1777175664901733,1.1731857061386108,1.1772184371948242,0,1.1856668591499329,1.1824180064278118,47.64111331094858,0.002632540220425028,-0.002719408871930007,0.003445482899220733,EURUSD
2017-12-11,1.1769275665283203,1.1810418367385864,1.176885962486267,1.1769968271255493,0,1.184101688861847,1.181432337463764,47.40899777811852,0.002030191854088592,-0.00018824889440482995,0.002512328297245556,EURUSD
2017-12-12,1.1777175664901733,1.1792994737625122,1.1718933582305908,1.1777591705322266,0,1.1828285694122314,1.1807644889307571,48.341415767711034,0.0015959441253938778,0.0006477021765123325,0.0025781422694976623,EURUSD
2017-12-13,1.1743566989898682,1.177024483680725,1.1730480194091797,1.1742602586746216,0,1.1817739963531495,1.1795819016114597,44.44645274038081,0.000958418672671435,-0.002970821153550296,0.0023425797185918544,EURUSD
2017-12-14,1.1839923858642578,1.1859863996505737,1.177163004875183,1.1835860013961792,0,1.1816126704216003,1.180309919754136,54.88109640736157,0.0011919446613162243,0.007941802213491833,0.0036533689213973947,EURUSD
2017-12-15,1.1775233745574951,1.1814005374908447,1.1761661767959595,1.1774957180023193,0,1.1803797841072083,1.1797982467083512,48.477228493434424,0.0008754886305584186,-0.005145619656430234,0.0036640598605202834,EURUSD
2017-12-18,1.1746740341186523,1.18343186378479,1.174315333366394,1.1743566989898682,0,1.1792168140411377,1.1788088743958998,45.528440887276105,0.0003671698404463797,-0.0026658432506035945,0.0036309864363040932,EURUSD
2017-12-19,1.1782865524291992,1.1832919120788574,1.1777037382125854,1.1784253120422363,0,1.178381884098053,1.1787391357861428,49.79148848372948,0.0002892918313972537,0.003464546211443098,0.0038717843312040664,EURUSD
2017-12-20,1.183712124824524,1.1901220083236694,1.1830118894577026,1.1841325759887695,0,1.1784659504890442,1.1797197612775294,55.09989294363225,0.0006802598390573955,0.004843127424547955,0.004144406938774541,EURUSD
2017-12-21,1.1877753734588623,1.189202070236206,1.1850166320800781,1.1878176927566528,0,1.1792048692703248,1.1811921124555518,58.17480442625955,0.0012727909850720476,0.0031120812336458137,0.0041430383242168104,EURUSD
2017-12-22,1.185157060623169,1.1861974000930786,1.1817537546157837,1.1857331991195679,0,1.180056345462799,1.182017764576282,55.84508201037076,0.001556235655656879,-0.0017548935748273875,0.0040668759673946,EURUSD
2017-12-25,1.1856770515441895,1.1884952783584595,1.1849043369293213,1.1856067180633545,0,1.1809173345565795,1.1826703015739315,55.699325227658385,0.001750483154842719,-0.00010666906881517946,0.004064914288613998,EURUSD
2017-12-26,1.187126874923706,1.1877895593643188,1.1847498416900635,1.187253713607788,0,1.1818667888641357,1.1835036492164508,57.26353175422247,0.0020141071004293742,0.0013891584109138044,0.004069872979164153,EURUSD
2017-12-27,1.1860989332199097,1.1910432577133179,1.185564637184143,1.1857894659042358,0,1.1830197095870971,1.1839192522505935,55.39099759113565,0.0020808912056577977,-0.0012333064843425001,0.003925005375019859,EURUSD
2017-12-28,1.1900228261947632,1.195500135421753,1.1898245811462402,1.1900794506072998,0,1.1836690545082091,1.185039288315449,59.56310339038855,0.0024517220768855985,0.0036178299996894037,0.0032542480065128406,EURUSD
2017-12-29,1.1939870119094849,1.202284336090088,1.193801760673523,1.1941723823547363,0,1.1853367209434509,1.1866998508680466,63.10818521546524,0.0030408209093879535,0.003439208823703188,0.002662781372426964,EURUSD
2018-01-01,1.200494647026062,1.2015043497085571,1.199903964996338,1.200494647026062,0,1.1879505157470702,1.1892079956240493,67.80364388560943,0.003972052550692107,0.00529426468468408,0.0024931903275226303,EURUSD
2018-01-02,1.2010858058929443,1.2080942392349243,1.200855016708374,1.2011579275131226,0,1.1902237772941588,1.1913807105129717,68.26006245146274,0.0047092956982519585,0.0005525059930118204,0.0024999822809433506,EURUSD
2018-01-03,1.2061998844146729,1.2067092657089233,1.200494647026062,1.2063454389572144,0,1.1924450635910033,1.1941015702301065,71.64557170310094,0.0056470592401907105,0.004318758861985739,0.002436440475645313,EURUSD
2018-01-04,1.2011290788650513,1.209189772605896,1.200494647026062,1.2010425329208374,0,1.1937675476074219,1.1953635634466029,64.11671939936136,0.005894396471113117,-0.004395843731925475,0.0030804150795959886,EURUSD
2018-01-05,1.2066218852996826,1.2084592580795288,1.202154278755188,1.2068840265274048,0,1.1958826303482055,1.1974581930976578,68.09416458181117,0.0064869946865069306,0.0048636858782689085,0.0031068880498975565,EURUSD
2018-01-08,1.203948974609375,1.2054002285003662,1.195971965789795,1.2037460803985596,0,1.197696566581726,1.1986014453341853,63.99083767367502,0.006627034683314825,-0.0026000394900196344,0.003363995526523536,EURUSD
2018-01-09,1.1969597339630127,1.1975760459899902,1.1917957067489624,1.1970456838607788,0,1.198675763607025,1.1983185796117477,56.20286557864263,0.006126726299642504,-0.0055662873149811,0.004045203184363615,EURUSD
2018-01-10,1.1929330825805664,1.2016342878341675,1.1924494504928589,1.1929330825805664,0,1.1993901252746582,1.1973393983333511,52.018182707586554,0.005336855796638451,-0.0034356260046385367,0.004225876205785132,EURUSD
2018-01-11,1.1954858303070068,1.2059234380722046,1.1931180953979492,1.1956144571304321,0,1.1999436259269713,1.197025772660093,54.40201293871444,0.004871091340466371,0.002247715809897244,0.004138792832368368,EURUSD
2018-01-12,1.2042099237442017,1.2156133651733398,1.2041373252868652,1.2042099237442017,0,1.200947380065918,1.1983319819481126,61.07767132315307,0.005136343404216648,0.007189162495073287,0.004583514249320913,EURUSD
2018-01-15,1.2193039655685425,1.2299003601074219,1.2188136577606201,1.2192296981811523,0,1.202820885181427,1.2021315667177561,69.48473315439799,0.006483786789256651,0.012472721027119826,0.005766821512990031,EURUSD
2018-01-16,1.2269939184188843,1.2281240224838257,1.2196757793426514,1.2268433570861816,0,1.205389428138733,1.2066246195120152,72.70335123446722,0.008072944148430183,0.006244646858903913,0.005934303974821934,EURUSD
2018-01-17,1.227144479751587,1.2321492433547974,1.2199138402938843,1.227129340171814,0,1.2074678182601928,1.2103527505410694,72.81932084357717,0.009248824557480662,0.00023310480835259106,0.00590775144198083,EURUSD
2018-01-18,1.218145489692688,1.2262566089630127,1.2175078392028809,1.218397855758667,0,1.2092033505439759,1.211815496944269,63.893936507726785,0.009368170001043952,-0.007115374172313782,0.006272190909746733,EURUSD
2018-01-19,1.223585844039917,1.2294830083847046,1.222030758857727,1.2236607074737549,0,1.2108810186386108,1.2139691715859937,66.5548524323167,0.009774743120697149,0.004319485371886866,0.006241600203189612,EURUSD
2018-01-22,1.2255953550338745,1.2266627550125122,1.2214635610580444,1.2255502939224243,0,1.2130614399909974,1.2160748301926174,67.48149427601862,0.010132626471080597,0.0015442078323903985,0.006082121837314692,EURUSD
2018-01-23,1.225730538368225,1.2306995391845703,1.2223594188690186,1.2256253957748413,0,1.2159194111824037,1.2178112966621126,67.5200122304309,0.010303538913640997,6.128010640571446e-05,0.005561507748864765,EURUSD
2018-01-24,1.2309662103652954,1.240199327468872,1.2295132875442505,1.2310267686843872,0,1.2197287797927856,1.2202141097570716,70.2494075857687,0.01075090417722202,0.004407034097177132,0.0051915594955215345,EURUSD
2018-01-25,1.23960280418396,1.2529915571212769,1.2386507987976074,1.239111304283142,0,1.2240784645080567,1.2236499633072662,73.79846428109174,0.011623806819788918,0.00656731096708385,0.00528602752813919,EURUSD
2018-01-26,1.239234209060669,1.2490164041519165,1.2387429475784302,1.239234209060669,0,1.2275808930397034,1.2264834625351575,73.84953771522024,0.012185044236305842,9.918784301454764e-05,0.005225123533950294,EURUSD
2018-01-29,1.2428226470947266,1.243193507194519,1.2338062524795532,1.2428072690963745,0,1.2299386501312255,1.2294514273644697,75.35363987633951,0.012770929688148414,0.0028832806660605836,0.0040078488418244,EURUSD
2018-01-30,1.238175392150879,1.245221495628357,1.2336845397949219,1.2381141185760498,0,1.2310657262802125,1.2310264621302114,69.68418814100544,0.012710036713604156,-0.0037762496543305435,0.00406006345546725,EURUSD
2018-01-31,1.2408334016799927,1.2476606369018555,1.2400639057159424,1.2409565448760986,0,1.232448446750641,1.2328319317203726,71.10229697913108,0.012744231076986745,0.002295770848100842,0.004073531090364804,EURUSD
2018-02-01,1.2417423725128174,1.2487823963165283,1.2386507987976074,1.241865873336792,0,1.2347952485084535,1.2344744665597216,71.5606252631881,0.01269832715254715,0.000732764144278919,0.002894002457354648,EURUSD
2018-02-02,1.2512669563293457,1.251799464225769,1.241187572479248,1.2510008811950684,0,1.2375292658805848,1.2374792692206935,75.72578248392485,0.013246370834030685,0.007355873169887062,0.0033046517794681723,EURUSD
2018-02-05,1.2447099685668945,1.2478163242340088,1.2401562929153442,1.244694471359253,0,1.2394436836242675,1.238791124154977,68.29000401374118,0.013021718565281226,-0.005041091441751022,0.004030132914114563,EURUSD
2018-02-06,1.2368277311325073,1.2428536415100098,1.231618046760559,1.2367818355560303,0,1.2405593276023865,1.2384257989551684,60.29062737575958,0.012066105885345735,-0.006357090824531175,0.004743103885820632,EURUSD
2018-02-07,1.2381447553634644,1.2403254508972168,1.2278525829315186,1.2381294965744019,0,1.241269600391388,1.238371925795029,61.125853457284904,0.01128740673432227,0.0010896513674667485,0.004585243820494051,EURUSD
2018-02-08,1.2268433570861816,1.2294527292251587,1.2216575145721436,1.2268133163452148,0,1.2400398015975953,1.2362703604405172,51.35754906439911,0.00964596815914831,-0.009139738824166632,0.004981405924135199,EURUSD
2018-02-09,1.2260762453079224,1.2285465002059937,1.2226433753967285,1.2260762453079224,0,1.2387240052223205,1.2344168849618635,50.78823547977036,0.008191217532784956,-0.0006008013016098879,0.00496936975377367,EURUSD
2018-02-12,1.2253400087356567,1.2297097444534302,1.2236307859420776,1.2252799272537231,0,1.2369712710380554,1.2327556199240197,50.14152970999225,0.006894584490338529,-0.0006494849380261902,0.0047801984386879074,EURUSD
2018-02-13,1.2301182746887207,1.2371996641159058,1.228606939315796,1.2303755283355713,0,1.2361974120140076,1.2323228759988472,54.16358295546033,0.0062066198340924306,0.004158724034000194,0.004997250399825473,EURUSD
2018-02-14,1.2352999448776245,1.2416189908981323,1.2278525829315186,1.235376238822937,0,1.2356393814086915,1.2328780328759543,57.76445693791574,0.0059958025515916,0.004064377397143604,0.005140965230500695,EURUSD
2018-02-15,1.2467117309570312,1.2511996030807495,1.2450509071350098,1.2467273473739624,0,1.2361255288124084,1.2353960900574101,64.56864449448581,0.006667805618641998,0.009188381801677359,0.005981676011703373,EURUSD
2018-02-16,1.250734806060791,1.2558081150054932,1.2430543899536133,1.2503595352172852,0,1.2360613942146301,1.2381167164501146,66.43217336045907,0.007408064537665293,0.0029133778536047927,0.005558221943145499,EURUSD
2018-02-19,1.241187572479248,1.2437996864318848,1.2371032238006592,1.241187572479248,0,1.2357107043266295,1.2386750539099571,58.11936310157361,0.007171950543123362,-0.0073354603053779055,0.005828502417384685,EURUSD
2018-02-20,1.2399102449417114,1.2409104108810425,1.2321947813034058,1.2398641109466553,0,1.2360189318656922,1.2388912460984476,57.0108003816904,0.006799654037185743,-0.0010662864839592334,0.005441520483649132,EURUSD
2018-02-21,1.233547568321228,1.2347005605697632,1.2300727367401123,1.233532428741455,0,1.2355592250823975,1.2379169156699035,51.90952308665943,0.005925388347649552,-0.0051067549655630096,0.0056842245722576274,EURUSD
2018-02-22,1.2280335426330566,1.2353304624557495,1.2261663675308228,1.2281843423843384,0,1.2356963276863098,1.2361473568907098,48.00246956924786,0.004746268586930613,-0.004335586347391951,0.005024184433608171,EURUSD
2018-02-23,1.2326048612594604,1.233500361442566,1.2280486822128296,1.2326656579971313,0,1.2363552689552306,1.2355143207282409,51.309501198457966,0.004125852144232001,0.0036487320821019242,0.005134658858206431,EURUSD
2018-02-26,1.2288333177566528,1.2354830503463745,1.228244662284851,1.228712558746338,0,1.236698532104492,1.2342776367315311,48.3860701722888,0.003277405678872247,-0.0032069517189410313,0.005263017018235155,EURUSD
2018-02-27,1.2316029071807861,1.2345678806304932,1.2223145961761475,1.2315573692321777,0,1.2368167161941528,1.2337830426407397,50.56878331936551,0.0028022555162341423,0.0023152774549177746,0.005143467723189543,EURUSD
2018-02-28,1.2222100496292114,1.224289894104004,1.2189176082611084,1.2230321168899536,0,1.2355823040008544,1.2318283288678693,44.49598142970036,0.0017179752245743973,-0.006922334724479118,0.005372742721310747,EURUSD
2018-03-01,1.2190959453582764,1.2221801280975342,1.2157995700836182,1.2191256284713745,0,1.2328221321105957,1.2295187469775974,42.006617984466715,0.0005372611025658003,-0.003194101254276882,0.004023603444231984,EURUSD
2018-03-02,1.227129340171814,1.2330456972122192,1.2252799272537231,1.2270842790603638,0,1.2304946064949036,1.229076116447191,48.34680785512408,0.0002409556567799509,0.006528162810397475,0.004650468428906034,EURUSD
2018-03-05,1.231845736503601,1.2348270416259766,1.2275512218475342,1.2315422296524048,0,1.2295300722122193,1.2295245006663207,51.542502712465435,0.00036168157233218423,0.003632962028863096,0.00450885842823766,EURUSD
2018-03-06,1.2337758541107178,1.2419891357421875,1.233121633529663,1.2336541414260864,0,1.2289090752601624,1.2302753444408236,53.02521915734024,0.0006206172707672319,0.0017148512838880414,0.004573902951585604,EURUSD
2018-03-07,1.2419275045394897,1.2440595626831055,1.2386049032211304,1.2416653633117676,0,1.2297223687171936,1.2323462569628134,58.244583527162995,0.0014554863898144088,0.0064938961550604635,0.004741634625206497,EURUSD
2018-03-08,1.2416189908981323,1.24447762966156,1.2306329011917114,1.2414649724960327,0,1.231050431728363,1.2340042052415805,58.07077375004095,0.0020770137953363133,-0.00016138874583759844,0.004425453627213837,EURUSD
2018-03-09,1.2307844161987305,1.2333801984786987,1.2275512218475342,1.2306632995605469,0,1.2308501958847047,1.2333967678450288,49.49660606837253,0.0016786238783663698,-0.008700747242001095,0.005272535881114052,EURUSD
2018-03-12,1.2308601140975952,1.2342007160186768,1.229135513305664,1.2308752536773682,0,1.2310664653778076,1.2329383107236358,49.65369207672224,0.0013642734299070813,0.00017222754338819257,0.005161975890191308,EURUSD
2018-03-13,1.2338672876358032,1.2398948669433594,1.231496810913086,1.2339584827423096,0,1.2313065767288207,1.2331237965452129,51.99291131778433,0.0013483957853839268,0.0025049078334542507,0.005170999878581698,EURUSD
2018-03-14,1.2392956018447876,1.2416189908981323,1.235010027885437,1.239234209060669,0,1.2329267859458923,1.234234780638932,55.77901788442015,0.0017414453623887383,0.004275448803297444,0.004640910920174183,EURUSD
2018-03-15,1.2375319004058838,1.2386969327926636,1.2320733070373535,1.2375624179840088,0,1.2347704648971558,1.2348398056107641,54.31714756934761,0.0018961824053524978,-0.0013490517486015596,0.004474922200558997,EURUSD
2018-03-16,1.2307692766189575,1.23350191116333,1.2261513471603394,1.2309207916259766,0,1.235154116153717,1.2341272576135298,48.840722112144384,0.0014659898673714533,-0.005366700104590616,0.0045729814763839005,EURUSD
2018-03-19,1.228078842163086,1.2332433462142944,1.226046085357666,1.228078842163086,0,1.2348077774047852,1.233027545713449,46.67228952178858,0.0008855297751346747,-0.002308799625633573,0.004479996887898283,EURUSD
2018-03-20,1.2338062524795532,1.2354220151901245,1.2264971733093262,1.2336845397949219,0,1.2348108172416687,1.2331469991828077,51.268226526209055,0.0008678400008490517,0.004564607286908551,0.0047054281031801174,EURUSD
2018-03-21,1.224814772605896,1.229619026184082,1.2246992588043213,1.2251899242401123,0,1.2331632733345033,1.2317002582841359,44.946754632347755,0.0001664574268702701,-0.006885565378181413,0.004557554026488164,EURUSD
2018-03-22,1.234872817993164,1.2386815547943115,1.230042576789856,1.2347661256790161,0,1.2324933886528016,1.2322576887195686,52.114867544251254,0.0003789577195700833,0.007816095488087926,0.005403613748150579,EURUSD
2018-03-23,1.2326048612594604,1.2360174655914307,1.2319974899291992,1.2324985265731812,0,1.232676911354065,1.2323014774202252,50.44009625843639,0.0003602368496291586,-0.0018364604103372484,0.004630748384560446,EURUSD
2018-03-26,1.2353914976119995,1.2448959350585938,1.2352389097213745,1.235437273979187,0,1.233133113384247,1.2328716222491272,52.56750295223068,0.0005758942306430814,0.0023843820845586006,0.004684000175879699,EURUSD
2018-03-27,1.2455006837844849,1.2478163242340088,1.237332820892334,1.2457488775253296,0,1.234312152862549,1.2352129413902548,59.187553798585334,0.0015608717296409225,0.008346521319475997,0.005301968498133864,EURUSD
2018-03-28,1.240802526473999,1.2422360181808472,1.2337149381637573,1.240787148475647,0,1.2344674468040466,1.2362264335875988,55.19563591640495,0.001918982589796947,-0.003982928774167616,0.005371581080356623,EURUSD
2018-03-29,1.231284499168396,1.2338062524795532,1.2285163402557373,1.2310267686843872,0,1.2338138818740845,1.235281039968833,48.295241631280206,0.0013990792337525981,-0.00786628053268501,0.005937614971812593,EURUSD
2018-03-30,1.2302544116973877,1.2333498001098633,1.2298005819320679,1.2302846908569336,0,1.2337502717971802,1.2343726128575785,47.80589339647292,0.0009166065300036941,-0.0006028120966424799,0.0056909531427148455,EURUSD
2018-04-02,1.231284499168396,1.2345678806304932,1.228380560874939,1.231420874595642,0,1.2340844750404358,1.23383593317359,48.663569185673964,0.000618790931806501,0.0009235128642599566,0.005639149444332803,EURUSD
2018-04-03,1.2293318510055542,1.2336997985839844,1.2255052328109741,1.229271411895752,0,1.2336431622505188,1.233006020213983,47.087155608683034,0.00020694076420446628,-0.0017455142626162656,0.00545731127620642,EURUSD
2018-04-04,1.2279430627822876,1.2310571670532227,1.225760579109192,1.2278525829315186,0,1.2339094281196594,1.2320690316171712,46.027252716464936,-0.00023127510515719152,-0.0011542031731180957,0.00497359797129396,EURUSD
2018-04-05,1.2287880182266235,1.2291052341461182,1.2219412326812744,1.228682279586792,0,1.233301043510437,1.2314532585207385,46.78164809361292,-0.0005057843852318555,0.000675729861065566,0.004218427566611937,EURUSD
2018-04-06,1.2250999212265015,1.2280033826828003,1.2218068838119507,1.2251598834991455,0,1.2325671792030335,1.2303090085168125,43.97168183736552,-0.0009960806955842116,-0.0028668079178540973,0.004267381747740202,EURUSD
2018-04-09,1.227144479751587,1.2330456972122192,1.2262566089630127,1.227144479751587,0,1.2317378997802735,1.2297336396504077,45.941859320670844,-0.0012105492639495896,0.0016198671529901176,0.004214720395998856,EURUSD
2018-04-10,1.2322251796722412,1.2377768754959106,1.2303755283355713,1.2322403192520142,0,1.2303870439529419,1.2301893995779725,50.732429122832556,-0.0009582790452393741,0.004152599457122541,0.003335253057225894,EURUSD
2018-04-11,1.2363842725753784,1.2393723726272583,1.235406756401062,1.2363078594207764,0,1.2299391150474548,1.2313018468221184,54.2198478329044,-0.0004252347402489143,0.0033009309184357516,0.00342610155984256,EURUSD
2018-04-12,1.237623691558838,1.2379761934280396,1.230042576789856,1.2371643781661987,0,1.230552875995636,1.2323677616119513,54.943106904965525,6.556482586272949e-05,0.0006928037696238842,0.002186283697920272,EURUSD
2018-04-13,1.2333498001098633,1.234872817993164,1.2308752536773682,1.2329696416854858,0,1.2308213710784912,1.2324771943525938,50.717159619538606,0.00011472436978654521,-0.003390605609685071,0.002497994641899892,EURUSD
2018-04-16,1.2333041429519653,1.2394031286239624,1.232635259628296,1.233258605003357,0,1.2310051441192627,1.2326192690163689,50.99677319667651,0.0001749834865967248,0.00023436369242313404,0.002485932066957211,EURUSD
2018-04-17,1.238466739654541,1.2415003776550293,1.2338367700576782,1.2385127544403076,0,1.2319292783737184,1.2336908118207213,55.89658229509023,0.0006393353595623985,0.004260379303768547,0.002693425593859852,EURUSD
2018-04-18,1.2373021841049194,1.2396950721740723,1.2344460487365723,1.237317442893982,0,1.2328757643699646,1.2343501992885868,54.560010465708906,0.0009005054459734207,-0.0009651184794344791,0.002679178805416725,EURUSD
2018-04-19,1.2378535270690918,1.240199327468872,1.2330456972122192,1.237914800643921,0,1.2337990164756776,1.2349983086259202,55.13734835404726,0.0011425161838007902,0.00048278455409289656,0.00268063882185048,EURUSD
2018-04-20,1.2344155311584473,1.2352694272994995,1.2255052328109741,1.2345526218414307,0,1.234738290309906,1.2349172746651038,51.19470183917644,0.0010508976131387016,-0.0027160017803659064,0.002658349021769512,EURUSD
2018-04-23,1.227385401725769,1.2289692163467407,1.2212249040603638,1.2273402214050293,0,1.2347578644752502,1.2335396286178175,43.93675687592422,0.00039179245757203773,-0.005842116657322816,0.0033497808436462233,EURUSD
2018-04-24,1.2211204767227173,1.223466157913208,1.2184869050979614,1.22089684009552,0,1.2336235165596008,1.2312409397955815,38.6631839745384,-0.0006430672697139705,-0.00524987383052844,0.003380674946112386,EURUSD
2018-04-25,1.2236157655715942,1.2236157655715942,1.21690034866333,1.2241400480270386,0,1.232406735420227,1.2299498685649373,42.41005921666183,-0.0011878089615722232,0.0026564143873653023,0.003296371446277834,EURUSD
2018-04-26,1.2170779705047607,1.2210012674331665,1.2099798917770386,1.2171669006347656,0,1.2304069876670838,1.2276256925776332,37.15472022532176,-0.0021573270709691617,-0.00569636407493701,0.003545122018428183,EURUSD
2018-04-27,1.2107563018798828,1.2116997241973877,1.2056035995483398,1.2109616994857788,0,1.2282061934471131,1.2245958756518414,33.2108424184384,-0.00338733790849588,-0.005098069250610404,0.0036783520359371115,EURUSD
2018-04-30,1.2128562927246094,1.2138574123382568,1.2066364288330078,1.2122827768325806,0,1.2261086106300354,1.2223571304119758,34.79766962511681,-0.0042070343842097735,0.0010909323947758676,0.0037402699237110318,EURUSD
2018-05-01,1.208313226699829,1.2084592580795288,1.1983511447906494,1.2081234455108643,0,1.223069679737091,1.2197691877026828,32.20345394165817,-0.005133101820940622,-0.0034309910205799765,0.0031152414586183472,EURUSD
2018-05-02,1.1992132663726807,1.2031089067459106,1.1954143047332764,1.1991558074951172,0,1.2192535161972047,1.2160213003922162,27.45160247036506,-0.00651552347979556,-0.007422782869638822,0.0034213295861371565,EURUSD
2018-05-03,1.1951714754104614,1.2009127140045166,1.1950715780258179,1.19510018825531,0,1.2149720549583436,1.2122174618218695,25.611036661933213,-0.007847891573756982,-0.003382061959303573,0.0031784732782492615,EURUSD
2018-05-04,1.1989257335662842,1.1997599601745605,1.1914832592010498,1.1989257335662842,0,1.211409366130829,1.2098007839572176,30.35452065716528,-0.008497163342523706,0.003201024774800665,0.0038270931791403082,EURUSD
2018-05-07,1.1955716609954834,1.1978917121887207,1.18995201587677,1.195500135421753,0,1.2082253575325013,1.2072006660416785,28.596097288104346,-0.009182285368414256,-0.0028572229693840656,0.0036874924894026977,EURUSD
2018-05-08,1.1932604312896729,1.1938873529434204,1.183936357498169,1.1933743953704834,0,1.2054731130599976,1.2046867986469156,27.530312227333084,-0.009783995160670411,-0.001778117783750477,0.0035739487388628385,EURUSD
2018-05-09,1.186676025390625,1.1896122694015503,1.1823545694351196,1.1867886781692505,0,1.2017379760742188,1.2014325949237037,24.485569025888807,-0.010669278049166842,-0.005518567539894659,0.0032408915270610134,EURUSD
2018-05-10,1.1847639083862305,1.1942437887191772,1.184469223022461,1.184721827507019,0,1.1984934687614441,1.1983942735752156,23.60329621966909,-0.011406165515498223,-0.0017415490223751107,0.0031266840385697136,EURUSD
2018-05-11,1.191525936126709,1.1967878341674805,1.1893434524536133,1.1917530298233032,0,1.1965726017951965,1.1971867747112315,32.512179603831285,-0.011292620576248025,0.005934897250166937,0.004006735106709163,EURUSD
2018-05-14,1.1951572895050049,1.1996996402740479,1.1951572895050049,1.1952143907546997,0,1.1948657631874084,1.1968281594464074,36.44155816498843,-0.010798850072892163,0.0029044280524377353,0.004178922697833192,EURUSD
2018-05-15,1.1932035684585571,1.1940299272537231,1.182396411895752,1.1931180953979492,0,1.193365228176117,1.1961536023466877,35.10834647523896,-0.010456154862848122,-0.0017539073934901284,0.004122029206741505,EURUSD
2018-05-16,1.1822566986083984,1.1853959560394287,1.176567554473877,1.1820889711380005,0,1.1916585445404053,1.1935963966723808,29.080326374223702,-0.010948319184970856,-0.009243950202825535,0.004452462798427359,EURUSD
2018-05-17,1.1814186573028564,1.1836841106414795,1.1778563261032104,1.1816978454589844,0,1.1903183102607726,1.1914330237244906,28.890880531950486,-0.011240351751513167,-0.00033087668404485626,0.004407654058524119,EURUSD
2018-05-18,1.1792036294937134,1.182228684425354,1.175046682357788,1.1795234680175781,0,1.1883780837059021,1.1892676499595973,27.80637093169969,-0.011514511629440616,-0.0018400451940925322,0.0041388268767032724,EURUSD
2018-05-21,1.1763737201690674,1.1778979301452637,1.1718658208847046,1.1766643524169922,0,1.1864945054054261,1.1869761413154873,26.402892954550992,-0.011826167346616234,-0.002423958215423405,0.004126715215024659,EURUSD
2018-05-22,1.1788839101791382,1.1828161478042603,1.1759449243545532,1.1792453527450562,0,1.1850816011428833,1.1855705433935906,29.84527633665978,-0.011729679151889716,0.0021934890121912964,0.004293198414414909,EURUSD
2018-05-23,1.1789672374725342,1.1791006326675415,1.168620228767395,1.1788560152053833,0,1.1842883348464965,1.1843497200866437,29.620210520494837,-0.011551469695916694,-0.00033015821412107904,0.004015412976394836,EURUSD
2018-05-24,1.1707134246826172,1.174936294555664,1.1692214012145996,1.1710150241851807,0,1.1829176545143127,1.1819252299227412,25.456652778197892,-0.011905698383636087,-0.006651355991797336,0.004439679545298956,EURUSD
2018-05-25,1.1723191738128662,1.1733232736587524,1.1648359298706055,1.1722642183303833,0,1.1809687733650207,1.1801686823604942,27.212066574737648,-0.011947899692817066,0.0010667618428481518,0.0037962676878678862,EURUSD
2018-05-28,1.1687567234039307,1.1730204820632935,1.1608469486236572,1.1688934564590454,0,1.1783366799354553,1.1781186412875035,25.469182736329444,-0.012113697680427027,-0.002875428438939065,0.003451691246004218,EURUSD
2018-05-29,1.1627501249313354,1.1639816761016846,1.1514369249343872,1.162696123123169,0,1.1752944827079772,1.1753145470758062,22.602820808026863,-0.012599922721098,-0.005301880425141681,0.0035785935517489097,EURUSD
2018-05-30,1.153761863708496,1.1670994758605957,1.1520073413848877,1.1539349555969238,0,1.1724790811538697,1.1714273486251003,19.296556006409787,-0.013536175957664875,-0.007535216942765155,0.0032504625227141436,EURUSD
2018-05-31,1.1666160821914673,1.1724016666412354,1.1642934083938599,1.1667250394821167,0,1.170981800556183,1.170572383326376,34.38584067788463,-0.013095157688262526,0.011083886334456894,0.005371315253300631,EURUSD
2018-06-01,1.1693308353424072,1.1715501546859741,1.1629935503005981,1.1693171262741089,0,1.169961166381836,1.1703441547714182,36.95839568552434,-0.012393621833520552,0.002221677519788967,0.005475261651683271,EURUSD
2018-06-04,1.1669973134994507,1.174425721168518,1.1668747663497925,1.1668611764907837,0,1.168980848789215,1.169710885993121,35.5367246195343,-0.011898663846469093,-0.00210032824127937,0.005465907382541966,EURUSD
2018-06-05,1.1701792478561401,1.171385407447815,1.1655282974243164,1.1700559854507446,0,1.168061912059784,1.1697736313490525,38.83292655825608,-0.011120422385774154,0.002737951201332356,0.0055018851083844435,EURUSD
2018-06-06,1.1726628541946411,1.1797001361846924,1.1714677810668945,1.1726216077804565,0,1.1674384713172912,1.1702914452456714,41.42327990159758,-0.01017929555823538,0.0021927346739083475,0.005581481958231115,EURUSD
2018-06-07,1.1783976554870605,1.1841003894805908,1.1783559322357178,1.178550362586975,0,1.1681920051574708,1.171793066580454,47.00806575923761,-0.008852993010119548,0.005055982908024781,0.005375639453368268,EURUSD
2018-06-08,1.1793843507766724,1.181199550628662,1.1728416681289673,1.1795234680175781,0,1.1689179301261903,1.1731985941144765,47.886308169068414,-0.0076353516288396595,0.0008256799721879649,0.005374126094228058,EURUSD
2018-06-11,1.1786893606185913,1.1820330619812012,1.1776067018508911,1.1783976554870605,0,1.1698683500289917,1.1741438780004008,46.91751624116186,-0.006684154946467125,-0.0009544638670138106,0.005268170932255362,EURUSD
2018-06-12,1.1773293018341064,1.1808466911315918,1.174315333366394,1.177412509918213,0,1.171339988708496,1.1747381747127301,46.03976536706999,-0.005941329785468241,-0.0008360043524021643,0.0048651813611397185,EURUSD
2018-06-13,1.1747568845748901,1.1789672374725342,1.1733646392822266,1.17482590675354,0,1.1734290838241577,1.1747541259928773,43.726653794823335,-0.005497975512517295,-0.002196853815365496,0.004009377535045298,EURUSD
2018-06-14,1.1806375980377197,1.1841607093811035,1.1628854274749756,1.1807769536972046,0,1.1748342752456664,1.1758491855754822,49.95627147261232,-0.004613235793046844,0.0050654713259681294,0.0026990332798468943,EURUSD
2018-06-15,1.156336784362793,1.1626555919647217,1.1545344591140747,1.1566576957702637,0,1.173568332195282,1.172359823792715,33.68174184063655,-0.005791534527883835,-0.020426599495713016,0.0073104812558431554,EURUSD
2018-06-18,1.1597026586532593,1.1623716354370117,1.156644344329834,1.159595012664795,0,1.1728417158126831,1.170038949042184,36.399138106461585,-0.006414386781222081,0.002539486751588216,0.0073842419669745635,EURUSD
2018-06-19,1.163007140159607,1.164686679840088,1.153322696685791,1.1630746126174927,0,1.172143578529358,1.1687727060558766,39.55863078836344,-0.006551703088537142,0.0030007027580272183,0.007397892531990207,EURUSD
2018-06-20,1.1589365005493164,1.1600120067596436,1.1546010971069336,1.1588560342788696,0,1.1707670211791992,1.1669696748236933,37.149143479552414,-0.006921148574688285,-0.0036270917556433524,0.0073850146984773095,EURUSD
2018-06-21,1.1577022075653076,1.1628313064575195,1.151410460472107,1.1579033136367798,0,1.1687023162841796,1.1653212455169817,36.606855526000736,-0.0072077271854325,-0.0008221216561060674,0.007062584743372424,EURUSD
2018-06-22,1.1606987714767456,1.1675995588302612,1.1601735353469849,1.1605775356292725,0,1.166807723045349,1.1644587528101253,39.28594345340174,-0.007136786995754818,0.002309538249867682,0.007137741844063127,EURUSD
2018-06-25,1.1660583019256592,1.1700011491775513,1.1629935503005981,1.1661399602890015,0,1.1655819535255432,1.1647644268971937,44.5364776231417,-0.00655614998545051,0.004792807450570757,0.007420800644002942,EURUSD
2018-06-26,1.1701792478561401,1.17205810546875,1.1652023792266846,1.1702749729156494,0,1.1648681998252868,1.1657663443550947,48.12773732657192,-0.005696662431827759,0.0035458973772095614,0.007560927194431824,EURUSD
2018-06-27,1.164808750152588,1.1671879291534424,1.1583592891693115,1.1650259494781494,0,1.1638882040977478,1.165631727104741,44.214050889687606,-0.0053770810337547825,-0.004485290687215593,0.0076493527512258245,EURUSD
2018-06-28,1.156243085861206,1.1596999168395996,1.1528042554855347,1.1563634872436523,0,1.1614468574523926,1.163946592584543,38.63097222808634,-0.005756442099170478,-0.0074354242825039885,0.007603677630963026,EURUSD
2018-06-29,1.15644371509552,1.1682379245758057,1.15644371509552,1.1562966108322144,0,1.1614107489585876,1.1625556868113922,38.59045780483372,-0.00599339669778276,-5.7833382129168776e-05,0.004021666745194981,EURUSD
2018-07-02,1.1678422689437866,1.1678422689437866,1.1592589616775513,1.1678558588027954,0,1.1622368335723876,1.1635193544461928,48.620547128085754,-0.0051886388192956545,0.009996784442930728,0.005097349614355099,EURUSD
2018-07-03,1.1640766859054565,1.1675423383712769,1.1622636318206787,1.1642121076583862,0,1.162350583076477,1.1636453095756825,46.06633805806126,-0.0047896703297864995,-0.003120034991428211,0.005160390537950009,EURUSD
2018-07-04,1.16593599319458,1.1681833267211914,1.1631423234939575,1.1659224033355713,0,1.1630572199821472,1.1640593266229349,47.46149005640623,-0.004286071199030461,0.0014690584867949052,0.004999484500931823,EURUSD
2018-07-05,1.1661807298660278,1.1719757318496704,1.165080189704895,1.166235089302063,0,1.1638903975486756,1.1644549198373217,47.72771880202715,-0.003817725749412748,0.0002681876303234354,0.004976391267928648,EURUSD
2018-07-06,1.169385552406311,1.1767336130142212,1.1680742502212524,1.1695905923843384,0,1.1647917032241821,1.1653886784822338,50.61950744092875,-0.0031396061256343533,0.0028772098465015272,0.004999615830940586,EURUSD
2018-07-09,1.1751710176467896,1.179078459739685,1.1742877960205078,1.1752262115478516,0,1.165700328350067,1.1671773208578007,55.11112239217983,-0.002122971773440563,0.004818454594461397,0.005001906178363234,EURUSD
2018-07-10,1.1757513284683228,1.1762906312942505,1.1691941022872925,1.1756960153579712,0,1.1662424325942993,1.1687261744032862,55.47471362556611,-0.0012647927403057757,0.00039975606866438085,0.004907189981697583,EURUSD
2018-07-11,1.1730343103408813,1.1755163669586182,1.1698368787765503,1.1727042198181152,0,1.1670102596282959,1.1694494553878005,52.5553279902143,-0.0008166784099430391,-0.0025447016071965534,0.004724282105622939,EURUSD
2018-07-12,1.167569637298584,1.169700026512146,1.1650530099868774,1.1676785945892334,0,1.168141770362854,1.1691274806971519,47.986946282757415,-0.0008571893840714218,-0.0042855011041584845,0.004199926471392805,EURUSD
2018-07-13,1.16637122631073,1.1675423383712769,1.1614537239074707,1.1665889024734497,0,1.1691709995269775,1.1686659210201151,47.03230483141833,-0.0009660872176640023,-0.0009332123761051081,0.004233003124031915,EURUSD
2018-07-16,1.1678968667984009,1.1726078987121582,1.1676650047302246,1.1679104566574097,0,1.169176459312439,1.1685285638632594,48.373691828667745,-0.0009349733664287818,0.001132836238333823,0.002801088635270655,EURUSD
2018-07-17,1.1710561513900757,1.1745359897613525,1.1664528846740723,1.170946478843689,0,1.1698498964309691,1.168968184768792,51.41756758874517,-0.0006577516462829003,0.002599533353754291,0.00267234033270254,EURUSD
2018-07-18,1.1657729148864746,1.166534423828125,1.1603754758834839,1.1653246879577637,0,1.1697901248931886,1.1683057308031506,46.0082108091365,-0.0008815213476522921,-0.004801065622979439,0.0031359679567834363,EURUSD
2018-07-19,1.1646188497543335,1.1657049655914307,1.157594919204712,1.164564609527588,0,1.169623076915741,1.1676255269348663,45.31408889491498,-0.0011074266995920734,-0.0006522460547092601,0.003139200013859718,EURUSD
2018-07-20,1.1654739379882812,1.172236680984497,1.1628042459487915,1.1655147075653076,0,1.169215488433838,1.1672417415949465,46.40261465605083,-0.0011960065284493115,0.0008158396966100323,0.0029829310948164614,EURUSD
2018-07-23,1.1741775274276733,1.1750881671905518,1.1688660383224487,1.1741912364959717,0,1.1691119909286498,1.1685052861224057,55.177164873880734,-0.0005596322172338741,0.007444375325635244,0.0035497201928416573,EURUSD
2018-07-24,1.169864296913147,1.1716599464416504,1.1657185554504395,1.1694128513336182,0,1.1684836745262146,1.1686702979789898,50.293837381583394,-0.000435852502398415,-0.004069511859595587,0.0037575320927322577,EURUSD
2018-07-25,1.168770432472229,1.1713716983795166,1.1667522192001343,1.1685519218444824,0,1.1680684447288514,1.168648775045443,49.444758877363206,-0.0004025852491402748,-0.0007362066255334199,0.0036927190329929297,EURUSD
2018-07-26,1.1739845275878906,1.174315333366394,1.1650937795639038,1.1737502813339233,0,1.1686756134033203,1.1695763216433486,54.445638969498695,4.2750652132772515e-05,0.004448548149435849,0.003690967565408489,EURUSD
2018-07-27,1.1644561290740967,1.1663167476654053,1.1623716354370117,1.1642934083938599,0,1.1684460639953613,1.1686157919616234,45.60713136967423,-0.000363221063195418,-0.008056971819692449,0.004583262485331095,EURUSD
2018-07-30,1.1663167476654053,1.1719207763671875,1.1649445295333862,1.16604483127594,0,1.1682595014572144,1.1681483445642262,47.31300714164552,-0.0005374361536918393,0.0015042796510340573,0.004596637405683207,EURUSD
2018-07-31,1.170864224433899,1.1748120784759521,1.1692761182785034,1.1707408428192139,0,1.1682389378547668,1.1686197078833147,51.68805473405719,-0.00029319422223927916,0.004027299309011356,0.0047122618005834465,EURUSD
2018-08-01,1.168961763381958,1.169864296913147,1.166534423828125,1.168961763381958,0,1.1686026453971863,1.1686818997921589,49.99429921690792,-0.00024041620572834432,-0.0015196184947060543,0.004448227811698221,EURUSD
2018-08-02,1.1663848161697388,1.1669973134994507,1.1604158878326416,1.1665889024734497,0,1.1688050746917724,1.1683013548251209,47.746963681206395,-0.0003856141717535344,-0.0020298875316873133,0.004502704001897876,EURUSD
2018-08-03,1.1585606336593628,1.1612001657485962,1.1562163829803467,1.1586008071899414,0,1.168113684654236,1.1665376188914518,41.05611877120736,-0.0011322057726315116,-0.0068473952277203765,0.005006880844851962,EURUSD
2018-08-06,1.156136155128479,1.1570056676864624,1.1530966758728027,1.1562297344207764,0,1.1663175344467163,1.1646634580786017,39.29589175407157,-0.001893384988265412,-0.0020464967350711794,0.0041406580922732725,EURUSD
2018-08-07,1.155748724937439,1.1609008312225342,1.1552013158798218,1.1558021306991577,0,1.1649564623832702,1.1630523076459756,38.971389321336744,-0.0025022842718882554,-0.00036982591684764365,0.004053157485091198,EURUSD
2018-08-08,1.1603351831436157,1.1629259586334229,1.1574609279632568,1.1602946519851685,0,1.164130735397339,1.162550915707647,44.18627911458223,-0.0025924482886985345,0.0038869294031265156,0.0043593019585950205,EURUSD
2018-08-09,1.1610087156295776,1.1621150970458984,1.156176209449768,1.1610760688781738,0,1.162863314151764,1.162282761738652,45.06557206934766,-0.0025712107914446225,0.0006734641857293333,0.004013629306173769,EURUSD
2018-08-10,1.1528706550598145,1.1539349555969238,1.1396141052246094,1.1523923873901367,0,1.1616732120513915,1.1604845118571037,37.916819143199746,-0.0032179855115426204,-0.007478994461084021,0.0039046418689346846,EURUSD
2018-08-13,1.1395881175994873,1.143379807472229,1.1365960836410522,1.1394712924957275,0,1.1590158581733703,1.1566639265186716,30.2320177682206,-0.004718788255201556,-0.011212409102833498,0.004927893692481799,EURUSD
2018-08-14,1.139847993850708,1.1431001424789429,1.134751796722412,1.1402509212493896,0,1.155966866016388,1.1536797437424384,31.13889387519214,-0.005778662888771047,0.0006842021899073902,0.004550529660109504,EURUSD
2018-08-15,1.1348161697387695,1.1349449157714844,1.1302244663238525,1.1345715522766113,0,1.1525278449058534,1.150205527112288,28.25738064029477,-0.006996250364310397,-0.00498080630055997,0.004588499032304792,EURUSD
2018-08-16,1.134429931640625,1.140836238861084,1.1338382959365845,1.134429931640625,0,1.1493119478225708,1.1473372370265311,28.187334761252075,-0.007881768689449009,-0.00012482300979799188,0.004670775438791922,EURUSD
2018-08-17,1.137229561805725,1.1422044038772583,1.1367381811141968,1.1371389627456665,0,1.1471657633781434,1.1454830053391012,31.676281329242983,-0.008269625081797294,0.002388010955532316,0.004690539993897068,EURUSD
2018-08-20,1.1437852382659912,1.1449376344680786,1.1395231485366821,1.1437721252441406,0,1.1459200024604796,1.1451719362309265,39.43525842796041,-0.007950119263026023,0.005833203078767113,0.005280170197428322,EURUSD
2018-08-21,1.1489102840423584,1.1539082527160645,1.1486594676971436,1.149134635925293,0,1.1452532529830932,1.1458924270844475,44.884532903004455,-0.007181415911782452,0.004688443233400008,0.005588019457065686,EURUSD
2018-08-22,1.15763521194458,1.162520408630371,1.1554415225982666,1.1576753854751587,0,1.1449913263320923,1.1480347831554858,52.25300376120632,-0.005816002599430936,0.0074323314978568256,0.005999159028703213,EURUSD
2018-08-23,1.1586277484893799,1.1589634418487549,1.154521107673645,1.1584800481796265,0,1.1447317242622375,1.149933922250784,52.892004081491166,-0.004615765485415313,0.0006950676455279581,0.005999516294758006,EURUSD
2018-08-24,1.1542812585830688,1.1636972427368164,1.1539349555969238,1.154334545135498,0,1.1449259400367737,1.1507340355025502,49.2361633001829,-0.003953502855613689,-0.0035783983078884196,0.005586841928780288,EURUSD
2018-08-27,1.164442539215088,1.1680878400802612,1.1597161293029785,1.164890170097351,0,1.1474678277969361,1.1533078781561503,57.32462593155033,-0.0025475378027652873,0.009144337754020793,0.004594039834779367,EURUSD
2018-08-28,1.1683471202850342,1.1732999086380005,1.1663440465927124,1.1683608293533325,0,1.1502788186073303,1.1560447783738197,59.603736776762524,-0.001140104754583371,0.0029793875380470514,0.004566137263792444,EURUSD
2018-08-29,1.1693034172058105,1.1706311702728271,1.1654006242752075,1.1691256761550903,0,1.1537342309951781,1.1584231234249598,60.1093361603529,3.659102238962042e-05,0.0006546323554694755,0.0038370030493985983,EURUSD
2018-08-30,1.1709327697753906,1.1717559099197388,1.1644154787063599,1.1709738969802856,0,1.1573886275291443,1.1607050822532008,61.36762638496683,0.0011055230955618889,0.0015808572704292256,0.003718177142142859,EURUSD
2018-08-31,1.1665889024734497,1.1689343452453613,1.1596487760543823,1.1664663553237915,0,1.1603213667869567,1.1617525864478535,56.672447926307726,0.0015708309626796257,-0.003849395505841957,0.004337696498235928,EURUSD
2018-09-03,1.1598505973815918,1.1627906560897827,1.1590977907180786,1.1601063013076782,0,1.1619547843933105,1.1614532618769124,50.77007894486553,0.0014101324645472424,-0.005452411025046566,0.004830973818243884,EURUSD
2018-09-04,1.16130530834198,1.1615750789642334,1.153322696685791,1.161548137664795,0,1.1631961345672608,1.1614705120201636,51.990806219332164,0.0013831774820820542,0.0012428484833599818,0.0046936314546607485,EURUSD
2018-09-05,1.1588022708892822,1.1632641553878784,1.1546810865402222,1.1586545705795288,0,1.1632940530776978,1.160958522667321,49.346289728505404,0.0011154703353761786,-0.002491129718552476,0.004228510260826349,EURUSD
2018-09-06,1.1634942293167114,1.165623426437378,1.1607661247253418,1.1635212898254395,0,1.163798177242279,1.1614244803324334,53.61939469013577,0.001281244672127979,0.004200319378601769,0.0044247353488030255,EURUSD
2018-09-07,1.1623852252960205,1.1650937795639038,1.1563901901245117,1.1620069742202759,0,1.164565420150757,1.161530388312041,52.145343322910456,0.0012757236663547555,-0.0013014936799229382,0.0042499314138526485,EURUSD
2018-09-10,1.1558955907821655,1.161440134048462,1.1527643203735352,1.1561094522476196,0,1.1636873483657837,1.160544763573055,46.7545526287548,0.0007864023373309603,-0.005075289652726522,0.003392050231910974,EURUSD
2018-09-11,1.1593396663665771,1.1642799377441406,1.1566845178604126,1.159595012664795,0,1.1628107666969298,1.160372081589735,50.04179336059225,0.0006721194793535279,0.003014905215417807,0.003396406264707327,EURUSD
2018-09-12,1.159595012664795,1.1648223400115967,1.1570860147476196,1.1596084833145142,0,1.1618590474128723,1.1602332455396946,50.05462685432724,0.0005759967281597778,1.1616684766790897e-05,0.0033729144492857864,EURUSD
2018-09-13,1.1626555919647217,1.1700832843780518,1.16096830368042,1.1629259586334229,0,1.161054253578186,1.1607228297385543,53.240385192677316,0.0007587647208620041,0.002860858097059049,0.0034958552535699805,EURUSD
2018-09-14,1.1690436601638794,1.1721267700195312,1.1655691862106323,1.1691803932189941,0,1.1613256573677062,1.1622605685531797,58.60163226247032,0.0013922413804225986,0.005378188128950967,0.0037742265317195953,EURUSD
2018-09-17,1.162358283996582,1.1695905923843384,1.162358283996582,1.1628988981246948,0,1.161604917049408,1.1623766284752735,52.13624822904588,0.0013716010761974928,-0.005372562806159498,0.0037609091494458765,EURUSD
2018-09-18,1.1669156551361084,1.1720443964004517,1.1669156551361084,1.1669156551361084,0,1.1621416687965394,1.1632019060499708,55.516006221690986,0.0016602241769181347,0.0034540896185308867,0.0038888081437666675,EURUSD
2018-09-19,1.167883276939392,1.1716461181640625,1.165338158607483,1.167992353439331,0,1.1630754470825195,1.1640728964843998,56.40463893465754,0.001953323916179528,0.0009226873411831704,0.003747453605433102,EURUSD
2018-09-20,1.1674060821533203,1.1776995658874512,1.1672834157943726,1.167460560798645,0,1.16346937417984,1.1646888354506262,55.81160976997656,0.0021182781574697884,-0.0004553048991460251,0.0035640754217635415,EURUSD
2018-09-21,1.1776067018508911,1.180163860321045,1.1735711097717285,1.1775927543640137,0,1.165027952194214,1.1670350025257874,63.652741153226756,0.0030316420422427104,0.008678831564500333,0.0043605476707243036,EURUSD
2018-09-24,1.1751019954681396,1.1815024614334106,1.172525405883789,1.1751019954681396,0,1.166927206516266,1.1685017285153059,60.79670633500254,0.0035139988828669644,-0.002115127565657682,0.003958456841597661,EURUSD
2018-09-25,1.1753228902816772,1.1792453527450562,1.1732544898986816,1.175295352935791,0,1.1684972405433656,1.169736932955394,60.9432128186713,0.0038672927425091874,0.0001645452636427347,0.003950894892424352,EURUSD
2018-09-26,1.1766090393066406,1.1776995658874512,1.1728966236114502,1.1763184070587158,0,1.1701682329177856,1.1709335646105432,61.75754646735774,0.004181629368929407,0.0008704655560571872,0.003927768329111954,EURUSD
2018-09-27,1.1747153997421265,1.1759172677993774,1.1664528846740723,1.1748534440994263,0,1.171360981464386,1.1716462699721584,59.83372561359427,0.004263387465595514,-0.0012453796102303016,0.003976900475783084,EURUSD
2018-09-28,1.1636837720870972,1.1653001308441162,1.1570591926574707,1.1637378931045532,0,1.1708167314529419,1.1702083832689574,47.693587662065525,0.003392146721618916,-0.009461223483405279,0.004846783346339558,EURUSD
2018-10-01,1.160496711730957,1.1621285676956177,1.156510591506958,1.1605371236801147,0,1.170580554008484,1.1684499724346225,44.870364236496265,0.0024155617205814384,-0.0027504212446839427,0.0046167022888040305,EURUSD
2018-10-02,1.157755732536316,1.1582117080688477,1.1506686210632324,1.157755732536316,0,1.1696645617485046,1.1665055651803848,42.515196681267895,0.0014010258966665745,-0.0023966412508881207,0.004471503926603637,EURUSD
2018-10-03,1.155041217803955,1.159326195716858,1.1516358852386475,1.1551746129989624,0,1.1683827877044677,1.1644453920564897,40.396185229098094,0.0003842942664409321,-0.0022294163309379833,0.004449282729168158,EURUSD
2018-10-04,1.147736668586731,1.153599500656128,1.1464602947235107,1.147631287574768,0,1.16639986038208,1.161388282150722,34.91864143104944,-0.0010184165234599085,-0.0065300304727187175,0.0047564893277711046,EURUSD
2018-10-05,1.1517553329467773,1.1542545557022095,1.1487782001495361,1.1518083810806274,0,1.1638214230537414,1.1596464819561592,39.7875107940096,-0.0017725851358953992,0.0036397522018474238,0.0036796253322772896,EURUSD
2018-10-08,1.1523923873901367,1.1531364917755127,1.146092414855957,1.1522595882415771,0,1.1615371823310852,1.1583034103716896,40.30700576239216,-0.0023072638463499384,0.00039173804285597136,0.003770721422383871,EURUSD
2018-10-09,1.1494648456573486,1.150483250617981,1.1433275938034058,1.1494120359420776,0,1.1589488506317138,1.1566867968390329,38.07441845285564,-0.0029270332320354697,-0.002471276723194915,0.003697539130131227,EURUSD
2018-10-10,1.1504037380218506,1.1541999578475952,1.1480661630630493,1.1506949663162231,0,1.1563865065574646,1.1555973731076128,39.69509596682697,-0.003276909008842477,0.0011161622934408033,0.0037210849994855147,EURUSD
2018-10-11,1.1532163619995117,1.1597565412521362,1.1532163619995117,1.1533360481262207,0,1.154234766960144,1.155186223110996,43.00220143218338,-0.0033029999259555076,0.002295205842824277,0.003980723903958724,EURUSD
2018-10-12,1.1590440273284912,1.1609547138214111,1.1536953449249268,1.1590440273284912,0,1.1537653803825378,1.1558876420596313,49.45382371643477,-0.0028304631306237393,0.004949103265734278,0.003493605214505167,EURUSD
2018-10-15,1.1550945043563843,1.1605640649795532,1.1543611288070679,1.1551345586776733,0,1.1532251238822937,1.1557507178083664,45.643111679238906,-0.002739852449667124,-0.003373011342656995,0.0035453383516185675,EURUSD
2018-10-16,1.1583324670791626,1.1620069742202759,1.156711220741272,1.1583458185195923,0,1.1532841324806213,1.1562225543013165,49.11180346588603,-0.002381468909395279,0.0027799876800456147,0.0036086427133273868,EURUSD
2018-10-17,1.15763521194458,1.1582117080688477,1.1521799564361572,1.1575279235839844,0,1.1535194635391235,1.1564598941708923,48.2669761060949,-0.0021387900176137453,-0.0007060887366547863,0.0035327643593941202,EURUSD
2018-10-18,1.1500862836837769,1.1527377367019653,1.1482902765274048,1.1500862836837769,0,1.1537649631500244,1.1553010559005077,41.30489024200943,-0.0025179183990822196,-0.006428907457512012,0.0035114107025763543,EURUSD
2018-10-19,1.145514726638794,1.151450276374817,1.1433666944503784,1.1460003852844238,0,1.153184163570404,1.1536100248794015,38.05888690436167,-0.003112202691074817,-0.0035526885741700154,0.0034693074622540072,EURUSD
2018-10-22,1.1511188745498657,1.1551998853683472,1.1462368965148926,1.1509466171264648,0,1.1530528664588928,1.153125768924322,43.81512197408404,-0.003147772143942351,0.004316082180734426,0.003788639091830773,EURUSD
2018-10-23,1.1464734077453613,1.1489763259887695,1.1439945697784424,1.1467890739440918,0,1.1527905702590941,1.1519736425642801,40.415327951360204,-0.0034714237680710802,-0.0036122815085490867,0.0038837244561525314,EURUSD
2018-10-24,1.1472625732421875,1.1475785970687866,1.138407588005066,1.147315263748169,0,1.1524526000022888,1.1511266645977143,41.038896961743724,-0.003643461338011189,0.00045883747589914314,0.0038640790639126116,EURUSD
2018-10-25,1.1398738622665405,1.143079161643982,1.1366219520568848,1.1399258375167847,0,1.1511115789413453,1.1490901505829998,35.4311524179779,-0.004326197579778368,-0.006440624007078677,0.004189155587186333,EURUSD
2018-10-26,1.1375141143798828,1.139847993850708,1.133619785308838,1.1377859115600586,0,1.1489857673645019,1.1470348343970105,33.982959395129654,-0.004982509838909799,-0.001877250156367749,0.0035972446466360467,EURUSD
2018-10-29,1.1398738622665405,1.1415785551071167,1.1364411115646362,1.1398738622665405,0,1.1474596977233886,1.1457328394641977,36.70152968011992,-0.005273373691115024,0.0018350998067984126,0.0037259265007778737,EURUSD
2018-10-30,1.1375141143798828,1.1387057304382324,1.1347389221191406,1.137617588043213,0,1.1453868746757507,1.1442573392058368,35.023128504441914,-0.005621150736257796,-0.0019794069309048146,0.0034363416511669566,EURUSD
2018-10-31,1.1345844268798828,1.1360150575637817,1.1311705112457275,1.1346358060836792,0,1.1430976629257201,1.1425079695472626,32.882945057660166,-0.006067429879665909,-0.0026210758262471545,0.003422015216462029,EURUSD
2018-11-01,1.1313880681991577,1.1413179636001587,1.1313753128051758,1.1316697597503662,0,1.1412560105323792,1.140537385947827,30.86264473062272,-0.00658454196585212,-0.002614095481043077,0.0030663713616245467,EURUSD
2018-11-02,1.1402769088745117,1.1455409526824951,1.1375658512115479,1.1403288841247559,0,1.1406888604164123,1.1404994765254504,42.055441441417635,-0.00622389288709102,0.007651635381950683,0.0041371707366839195,EURUSD
2018-11-05,1.1397050619125366,1.1406410932540894,1.135524868965149,1.1397570371627808,0,1.1395699024200439,1.1403644875504195,41.5767377377619,-0.005916022934748133,-0.0005014754689950385,0.003780693035292572,EURUSD
2018-11-06,1.140862226486206,1.1438113451004028,1.1393284797668457,1.141291856765747,0,1.1390201807022096,1.1405331001350245,43.43768460404286,-0.005484959466040662,0.001346619983840558,0.0037203553609076465,EURUSD
2018-11-07,1.144099235534668,1.149993658065796,1.1400558948516846,1.1438506841659546,0,1.138673722743988,1.141136297231557,46.49746906652676,-0.004880602033093373,0.002242044736443516,0.0038116596763610256,EURUSD
2018-11-08,1.1433275938034058,1.144426703453064,1.1405109167099,1.1434059143066406,0,1.1390217304229737,1.1415489548815723,46.031350489415075,-0.004386963440124347,-0.00038883559320357364,0.003150780567502345,EURUSD
2018-11-09,1.1368545293807983,1.1369191408157349,1.132502794265747,1.1368415355682373,0,1.1389272928237915,1.1406930604609657,39.704974692045866,-0.004473869815760478,-0.005741074675465474,0.0036466130871306433,EURUSD
2018-11-12,1.1324771642684937,1.1332728862762451,1.1241639852523804,1.132502794265747,0,1.1381901860237122,1.139203921152744,36.166897275265306,-0.004837085002389108,-0.003816487317488404,0.003753709891037987,EURUSD
2018-11-13,1.1224100589752197,1.1291906833648682,1.1223218441009521,1.1233429908752441,0,1.1367627263069153,1.136320115647744,30.074037022418352,-0.005797228396256404,-0.00808810665799875,0.004431386027800335,EURUSD
2018-11-14,1.1316057443618774,1.1339668035507202,1.126481294631958,1.1311193704605103,0,1.1364110827445983,1.1353745256137016,39.40679254988996,-0.005863074240532784,0.006922533588078261,0.005083698710702364,EURUSD
2018-11-15,1.1313625574111938,1.1351124048233032,1.1274974346160889,1.131183385848999,0,1.1363624453544616,1.1346125002019374,39.47840251033742,-0.005842740563427817,5.6594723917280376e-05,0.0050182775012647925,EURUSD
2018-11-16,1.13252854347229,1.141422152519226,1.1322592496871948,1.1324899196624756,0,1.1355785489082337,1.1342265764674897,41.010702049902974,-0.005656000762188862,0.001155015031003126,0.004279182257034304,EURUSD
2018-11-19,1.1412137746810913,1.1462894678115845,1.1394453048706055,1.141396164894104,0,1.135742461681366,1.1355301379996015,50.25621110899308,-0.004734769095878111,0.00786430419997286,0.005064026523001039,EURUSD
2018-11-20,1.1454753875732422,1.1472758054733276,1.1387057304382324,1.1455016136169434,0,1.1361634373664855,1.1373431335663908,53.847140619167,-0.0036315487287599257,0.0035968657063256693,0.005171698932840517,EURUSD
2018-11-21,1.137268304824829,1.1422044038772583,1.1366348266601562,1.1372424364089966,0,1.1355026125907899,1.1373248249923191,46.564573680547156,-0.0033846688596717023,-0.007210096528688648,0.00563650483432089,EURUSD
2018-11-22,1.1388872861862183,1.1434059143066406,1.1386280059814453,1.1388354301452637,0,1.1350455641746522,1.1375994804746725,48.02466854510999,-0.0030255963125107588,0.001400751225303587,0.00567102095062329,EURUSD
2018-11-23,1.1402637958526611,1.1419435739517212,1.1332343816757202,1.1403158903121948,0,1.135392999649048,1.1380933731724039,49.40823172536237,-0.002591692550706126,0.001299977264267449,0.005360886529560583,EURUSD
2018-11-26,1.1338896751403809,1.1383557319641113,1.132733702659607,1.1337354183197021,0,1.1355162620544434,1.1373010177446399,43.82405345190396,-0.0027471424398535227,-0.005770744798348049,0.0055602696096533,EURUSD
2018-11-27,1.1334270238876343,1.1344943046569824,1.1279425621032715,1.1333370208740234,0,1.1365156650543213,1.1365802910408913,43.50347956586717,-0.0028694081898112955,-0.00035140248707166144,0.004773433497197911,EURUSD
2018-11-28,1.129713773727417,1.130799651145935,1.1267732381820679,1.1298797130584717,0,1.1363916993141174,1.1353620041349968,40.71975093532027,-0.0032082972704794432,-0.0030505557939733974,0.004401874928086254,EURUSD
2018-11-29,1.1366606950759888,1.1401468515396118,1.1349579095840454,1.1368545293807983,0,1.1369588136672975,1.1356333723615062,47.9551146590457,-0.002880851262150985,0.0061730609388910285,0.004830292697125576,EURUSD
2018-11-30,1.1392766237258911,1.1401208639144897,1.1314777135849,1.1392766237258911,0,1.137637484073639,1.1362957817004853,50.22700360732382,-0.0023982595271039298,0.0021305226680250478,0.00485454009568287,EURUSD
2018-12-03,1.1341854333877563,1.1380059719085693,1.132169485092163,1.1342240571975708,0,1.1369202733039856,1.1359191045181372,45.74136922642005,-0.00239588373663846,-0.004434890019770932,0.00434300721962565,EURUSD
2018-12-04,1.135589361190796,1.14177405834198,1.1343270540237427,1.135486125946045,0,1.1359187245368958,1.135840381141393,47.014288973094665,-0.0022660409950947535,0.001112715552509469,0.004141261863772044,EURUSD
2018-12-05,1.1343655586242676,1.1360280513763428,1.1315033435821533,1.1342884302139282,0,1.135623323917389,1.1355582082454903,45.91345867102021,-0.002234031201916231,-0.001054786760268711,0.0035023769972078876,EURUSD
2018-12-06,1.1347260475158691,1.1412267684936523,1.132336139678955,1.13490629196167,0,1.1352304100990296,1.1354396780120684,46.607996982861245,-0.0021342051424619868,0.0005447130829194791,0.0034677137229167116,EURUSD
2018-12-07,1.137682318687439,1.1410704851150513,1.1361312866210938,1.1374752521514893,0,1.134946346282959,1.1358097824010538,49.51104442059085,-0.0018267411190011629,0.0022635879349817145,0.003531161349472931,EURUSD
2018-12-10,1.140380859375,1.1445575952529907,1.1362345218658447,1.1400948762893677,0,1.1355822920799254,1.136588890380747,52.355857439502536,-0.0013560600740201156,0.002303016380289069,0.003011868033099263,EURUSD
2018-12-11,1.135499119758606,1.1399389505386353,1.1307612657546997,1.1356538534164429,0,1.1358139753341674,1.1364188836599645,47.47240172348247,-0.0013261088283678113,-0.003895309912609113,0.003323833937516356,EURUSD
2018-12-12,1.1322848796844482,1.138044834136963,1.1316184997558594,1.1323105096817017,0,1.1360570549964906,1.1356719065730074,44.13486193023212,-0.0015542358845073156,-0.0029439813237839285,0.0033123716852531478,EURUSD
2018-12-13,1.137268304824829,1.139250636100769,1.1333627700805664,1.1373459100723267,0,1.1361061930656433,1.135976270845611,49.85315637470369,-0.0013135714570506885,0.004447013736577077,0.0029977134950873357,EURUSD
2018-12-14,1.1363248825073242,1.1366219520568848,1.1270780563354492,1.1363636255264282,0,1.135814893245697,1.1360466989693958,48.80369531108394,-0.0011884061120546185,-0.0008636638486140269,0.0029149015652098972,EURUSD
2018-12-17,1.130671739578247,1.1353960037231445,1.1304799318313599,1.1305949687957764,0,1.1354519844055175,1.135055475301465,43.06958054556074,-0.0015369767506192566,-0.005076417971386138,0.003022268111874155,EURUSD
2018-12-18,1.1349965333938599,1.1403002738952637,1.133863925933838,1.1349835395812988,0,1.135401725769043,1.1350423960796165,48.06851570846437,-0.0014424725814117245,0.003881647191652293,0.0032833076215969897,EURUSD
2018-12-19,1.1375658512115479,1.1439684629440308,1.1375658512115479,1.1375399827957153,0,1.1357268810272216,1.1354965027552708,50.77979504403968,-0.0011480596273907295,0.0022524055418104982,0.003335810925284211,EURUSD
2018-12-20,1.138783574104309,1.1484880447387695,1.1378376483917236,1.1389521360397339,0,1.136131465435028,1.1361247997160822,52.26242987570273,-0.0007916605057443071,0.0012414097661410661,0.003348941142891719,EURUSD
2018-12-21,1.1457772254943848,1.147446870803833,1.138783574104309,1.1456853151321411,0,1.1369524717330932,1.1378630752462746,58.65705656298662,3.371104714200435e-05,0.005911731388308583,0.0037534984785483724,EURUSD
2018-12-24,1.137203574180603,1.143837571144104,1.137203574180603,1.1372811794281006,0,1.1366711020469666,1.1377572760066066,49.70692607918096,9.570115922841183e-06,-0.007335466024604886,0.004472196008328239,EURUSD
2018-12-25,1.1405109167099,1.1422044038772583,1.1370097398757935,1.140393853187561,0,1.1371451020240784,1.138236653675871,52.59218173813625,0.0002388516792162232,0.002736942996828473,0.004359935830313359,EURUSD
2018-12-26,1.1413440704345703,1.1419435739517212,1.137617588043213,1.1415525674819946,0,1.1380693078041078,1.1388395470951662,53.65798843729321,0.0005081993243243321,0.001016065012271694,0.004196707780903478,EURUSD
2018-12-27,1.1363636255264282,1.1434321403503418,1.1359118223190308,1.1361312866210938,0,1.1379478454589844,1.1383471360998803,48.19827105659643,0.0002809683870086399,-0.004749041800903631,0.004319656872970516,EURUSD
2018-12-28,1.1430922746658325,1.147315263748169,1.1430922746658325,1.143105387687683,0,1.13862202167511,1.139212272752208,54.59826078839586,0.0006560750780475466,0.006138464056676618,0.00472987347138718,EURUSD
2018-12-31,1.1438899040222168,1.1465917825698853,1.14223051071167,1.1439945697784424,0,1.1399619817733764,1.1400817813024324,55.35559781032749,0.0010134173523062007,0.0007778653659904489,0.004290910393950862,EURUSD
2019-01-01,1.1494252681732178,1.155001163482666,1.146499752998352,1.1493064165115356,0,1.1413942694664,1.1417589877040875,59.68225461327848,0.0017055745162335434,0.004643244708864236,0.004350394628138956,EURUSD
2019-01-02,1.1461317539215088,1.1497001647949219,1.1345715522766113,1.14617121219635,0,1.1422573924064636,1.1425612103390441,56.21908167589016,0.0019783243771733794,-0.002727909868198375,0.004506847772892335,EURUSD
2019-01-03,1.131733775138855,1.1409143209457397,1.131733775138855,1.1318106651306152,0,1.1415432453155518,1.1406065657556934,43.708339244108636,0.0010239015749202718,-0.012529146529702495,0.006149604677849093,EURUSD
2019-01-04,1.1390948295593262,1.14177405834198,1.1348161697387695,1.1391078233718872,0,1.1408854961395263,1.1403340671404558,49.81922498000505,0.0008465755174740242,0.0064473312242818714,0.006214721269585822,EURUSD
2019-01-07,1.141291856765747,1.147446870803833,1.1405240297317505,1.1410444974899292,0,1.1412618279457092,1.1404632362949054,51.32935611278681,0.0008524897836779122,0.0017001675155818852,0.005760100644421281,EURUSD
2019-01-08,1.1479343175888062,1.1486331224441528,1.1424654722213745,1.1479737758636475,0,1.1420198202133178,1.1418287889437675,56.386594642494764,0.0014001714319269443,0.00607275035194621,0.006005360101480493,EURUSD
2019-01-09,1.1457247734069824,1.1540148258209229,1.144164800643921,1.1456066370010376,0,1.1424252271652222,1.1425156704087256,54.31048430041815,0.0016244787806101169,-0.0020620147536288824,0.006064753469680204,EURUSD
2019-01-10,1.1555217504501343,1.157139539718628,1.151145339012146,1.1554949283599854,0,1.1443615913391114,1.1448755354907727,60.80295623512469,0.0025705151447581454,0.008631489238603907,0.006281750713982325,EURUSD
2019-01-11,1.1515165567398071,1.1539002656936646,1.1459741592407227,1.151012897491455,0,1.1451523423194885,1.1459914194908967,56.859009096973814,0.002924877182486796,-0.003878884068224897,0.006295656252756772,EURUSD
2019-01-14,1.1462763547897339,1.148369312286377,1.1451605558395386,1.146013617515564,0,1.1453542470932008,1.1459954554953815,52.74904269216914,0.002770376362887239,-0.004343374419858104,0.006494451913384651,EURUSD
2019-01-15,1.147315263748169,1.1491611003875732,1.1386150121688843,1.1472889184951782,0,1.145152497291565,1.1462306305862535,53.669068342937614,0.002719490883080322,0.0011128148567545182,0.0063193955419355305,EURUSD
2019-01-16,1.141409158706665,1.14223051071167,1.1378893852233887,1.1416828632354736,0,1.1447036623954774,1.1454037637952026,49.13957061844415,0.002201425305442095,-0.004886350046035215,0.006452400093788284,EURUSD
2019-01-17,1.1398999691009521,1.1407711505889893,1.1372424364089966,1.1398088932037354,0,1.1455034852027892,1.144386514596754,47.690635140966016,0.0016209555163797518,-0.0016414103181224826,0.004906857429421052,EURUSD
2019-01-18,1.1391856670379639,1.1410315036773682,1.1354217529296875,1.13926362991333,0,1.1455190658569336,1.1434550810179496,47.25403398594184,0.0011042022793736894,-0.0004783813266034942,0.004477930161298556,EURUSD
2019-01-21,1.1365444660186768,1.1388224363327026,1.1357957124710083,1.1365574598312378,0,1.1450703620910645,1.142200968074911,45.0497010047151,0.00047087831472225616,-0.002375367747233459,0.004493728992977988,EURUSD
2019-01-22,1.1369578838348389,1.1375269889831543,1.1336840391159058,1.136932134628296,0,1.1439661979675293,1.1412429983573444,45.42926255143001,-7.932215184691671e-07,0.0003296575934785828,0.003905178151597839,EURUSD
2019-01-23,1.1363766193389893,1.1393154859542847,1.1351640224456787,1.1364023685455322,0,1.1430457711219788,1.1403628838461057,44.95641820251608,-0.0004125879505711971,-0.00046596104255325344,0.003887673339662089,EURUSD
2019-01-24,1.1387057304382324,1.1393414735794067,1.131324052810669,1.1388224363327026,0,1.1413785219192505,1.1400828024800325,47.63762268126536,-0.0005374634509882625,0.002129587067182692,0.002390573107749218,EURUSD
2019-01-25,1.1309914588928223,1.1411616802215576,1.1305822134017944,1.1313496828079224,0,1.1394122004508973,1.1384949625396488,40.996942973276184,-0.0012252925321980523,-0.006561824992528664,0.002807653593966549,EURUSD
2019-01-28,1.141265869140625,1.1445575952529907,1.1390948295593262,1.1413049697875977,0,1.1389413356781006,1.1390058729483665,50.830602161155966,-0.0009560725657393743,0.008799478296548369,0.004181960915247698,EURUSD
2019-01-29,1.1429747343063354,1.1450556516647339,1.1411746740341187,1.143000841140747,0,1.1385125279426576,1.1397322308015265,52.28934853409654,-0.0005989666428694029,0.0014859055187195214,0.0041986254688152385,EURUSD
2019-01-30,1.1435105800628662,1.1450294256210327,1.140862226486206,1.1435366868972778,0,1.138697910308838,1.140423950091663,52.766185041713236,-0.0002696114390416948,0.0004688060911626213,0.0038881110508248084,EURUSD
2019-01-31,1.1485539674758911,1.1513707637786865,1.1450556516647339,1.1487650871276855,0,1.139593529701233,1.141940520461849,57.25520094809626,0.0004085832426112823,0.0045721316074203155,0.0040593545209350644,EURUSD
2019-02-01,1.145081877708435,1.1488442420959473,1.1435105800628662,1.1449507474899292,0,1.1401622414588928,1.1424878344669542,53.27711604767792,0.0006309983270187391,-0.0033203826269594394,0.004252924228100343,EURUSD
2019-02-04,1.1457247734069824,1.1462632417678833,1.1425436735153198,1.1455278396606445,0,1.1410592794418335,1.1430405626839888,53.80012653238523,0.000844100138084336,0.0005040323105429678,0.0041319048716619,EURUSD
2019-02-05,1.14357590675354,1.1442956924438477,1.1403288841247559,1.1436283588409424,0,1.141728901863098,1.1431474347125257,51.746888008325506,0.0008499153362011569,-0.0016581708047050947,0.00420392265067361,EURUSD
2019-02-06,1.1408753395080566,1.141096591949463,1.1375399827957153,1.140992522239685,0,1.1421879172325133,1.1427556324447363,48.95485753984401,0.0006345195906232171,-0.0023048017136692023,0.00429473959252373,EURUSD
2019-02-07,1.1366348266601562,1.1370097398757935,1.1326054334640503,1.1365960836410522,0,1.1419652819633483,1.14163571448043,44.62947152534412,0.00010781819701022322,-0.0038531703871318435,0.004442960210672374,EURUSD
2019-02-08,1.1339925527572632,1.1350995302200317,1.132182240486145,1.1338768005371094,0,1.142217993736267,1.1402250028543717,42.14889100826026,-0.0005229911561011047,-0.002392479741115894,0.003946092182762731,EURUSD
2019-02-11,1.1324259042739868,1.133144497871399,1.1273448467254639,1.1324259042739868,0,1.141330087184906,1.1388069849306652,40.844430165915114,-0.0011269960075217522,-0.001279588983948976,0.002556726443490477,EURUSD
2019-02-12,1.128031611442566,1.1319899559020996,1.125885248184204,1.1279042959213257,0,1.139820432662964,1.136824677838058,37.001155324701415,-0.0019480740245731987,-0.003992851395924202,0.0026043227789773987,EURUSD
2019-02-13,1.1332728862762451,1.134429931640625,1.1282861232757568,1.1334655284881592,0,1.138813316822052,1.1362139234108035,43.9827293115764,-0.0021255374055404452,0.004930589046378886,0.0032484552932182777,EURUSD
2019-02-14,1.126405119895935,1.130825161933899,1.1250618696212769,1.12649405002594,0,1.1365862131118774,1.1344466737044647,38.258841752775346,-0.002796482354503471,-0.006150587103886607,0.003009968947561043,EURUSD
2019-02-15,1.1294713020324707,1.1298158168792725,1.1234945058822632,1.1295350790023804,0,1.1350446462631225,1.133553656485904,41.81592017631336,-0.003047693523182904,0.0026995517431898097,0.003294382467361605,EURUSD
2019-02-18,1.1294840574264526,1.1334141492843628,1.1294840574264526,1.1298030614852905,0,1.133472168445587,1.132871730122156,42.13231205718669,-0.0031884023202557454,0.00023725025268528377,0.0032787454829455026,EURUSD
2019-02-19,1.131208896636963,1.1341854333877563,1.1277008056640625,1.131196141242981,0,1.132228946685791,1.1325670775986696,43.84188616328988,-0.0031511803165484853,0.0012330288394324374,0.0033771374768182317,EURUSD
2019-02-20,1.1343011856079102,1.1369578838348389,1.1325926780700684,1.1343011856079102,0,1.1315598130226134,1.132882369963986,47.56054615802149,-0.0028384110444579225,0.0027449212844001813,0.0035480701669312544,EURUSD
2019-02-21,1.1346358060836792,1.1365832090377808,1.1322592496871948,1.1346358060836792,0,1.1313637852668763,1.133201176531203,47.96046946483774,-0.0025343239580641885,0.0002950014334945905,0.00336071798021325,EURUSD
2019-02-22,1.1339796781539917,1.1355764865875244,1.131874680519104,1.1343011856079102,0,1.1314062237739564,1.1334011781815132,47.569777607989764,-0.0022938912763859065,-0.0002949144333140863,0.003270671332932705,EURUSD
2019-02-25,1.1340183019638062,1.1367511749267578,1.13379967212677,1.1342240571975708,0,1.1315860390663146,1.133550792548069,47.47378201041084,-0.0020855295753103853,-6.799641163912629e-05,0.003238548081655349,EURUSD
2019-02-26,1.1366219520568848,1.1378635168075562,1.1346487998962402,1.1367511749267578,0,1.132470726966858,1.1341326802532852,50.96533911318554,-0.0016969230724206419,0.0022280586566212346,0.002934699852171714,EURUSD
2019-02-27,1.1394193172454834,1.140380859375,1.1363893747329712,1.1393154859542847,0,1.1330557227134705,1.1350750085625578,54.28598305884935,-0.0011685607095857087,0.0022558243915535847,0.002619940018251844,EURUSD
2019-02-28,1.1377859115600586,1.1422044038772583,1.1360796689987183,1.1380189657211304,0,1.1342082142829895,1.13561027350048,52.35546255816858,-0.0008447107777063145,-0.0011379817523223812,0.0013958761745423997,EURUSD
2019-03-01,1.137255311012268,1.1408882141113281,1.135434627532959,1.1373459100723267,0,1.1349892973899842,1.1359258437862703,51.33486276806122,-0.0006350469138569625,-0.0005914274446008339,0.001342642780957355,EURUSD
2019-03-04,1.1375269889831543,1.1375269889831543,1.1310553550720215,1.1375917196273804,0,1.1357681632041932,1.1362287303028356,51.70513987078338,-0.0004439346125590937,0.00021612558930117487,0.0013434509539004189,EURUSD
2019-03-05,1.133825421333313,1.1339154243469238,1.1293182373046875,1.1337354183197021,0,1.1360220909118652,1.1357754008513568,45.81562644706196,-0.0005967688442054531,-0.0033898816606553472,0.0018390597935139088,EURUSD
2019-03-06,1.1306205987930298,1.132502794265747,1.1291651725769043,1.1307101249694824,0,1.1356629848480224,1.1348544416001067,41.79366948460716,-0.0009510439215050237,-0.0026684297776490284,0.0018116638334375239,EURUSD
2019-03-07,1.1312474012374878,1.1319899559020996,1.1208752393722534,1.1314009428024292,0,1.1353394985198975,1.1342265327278016,43.02365253119831,-0.0011626637826127606,0.0006109592703660294,0.0018261922656528326,EURUSD
2019-03-08,1.1201971769332886,1.1244546175003052,1.1186057329177856,1.1198333501815796,0,1.1338927149772644,1.1316095904466703,31.152637501611792,-0.0022379840106978577,-0.010224132032449207,0.003635666548966008,EURUSD
2019-03-11,1.123103380203247,1.1257457733154297,1.1222589015960693,1.1232421398162842,0,1.1327945232391357,1.1300882357866,36.695769374835635,-0.0027830410389284577,0.0030440151064905496,0.0038758936638454327,EURUSD
2019-03-12,1.125885248184204,1.129433035850525,1.1250239610671997,1.1259232759475708,0,1.131711733341217,1.129330970361322,40.73735934009573,-0.0029644846484202514,0.0023869618457559305,0.0038907394780045416,EURUSD
2019-03-13,1.1286808252334595,1.1313753128051758,1.1279042959213257,1.1287446022033691,0,1.1306546449661254,1.1292243579689667,44.735730257630266,-0.002847794958546368,0.0025057890853388276,0.003914353947644353,EURUSD
2019-03-14,1.1332857608795166,1.133594036102295,1.1294713020324707,1.133105993270874,0,1.1301633477211,1.1299301098420407,50.31622923352165,-0.00237600067239363,0.003863930829871798,0.00419370012666489,EURUSD
2019-03-15,1.1307612657546997,1.1343011856079102,1.1302244663238525,1.1308379173278809,0,1.1295125484466553,1.130095165748557,47.62306295970171,-0.0021602134787248595,-0.002001644997434049,0.004223537613969919,EURUSD
2019-03-18,1.1319899559020996,1.1359764337539673,1.1234692335128784,1.1319772005081177,0,1.128951096534729,1.1304373538866588,49.096928436415524,-0.0018756486319426724,0.0010074681462122204,0.004247159894544448,EURUSD
2019-03-19,1.13355553150177,1.1363636255264282,1.1334270238876343,1.133619785308838,0,1.1289395332336425,1.1310159777816005,51.227864022301205,-0.0015002916467203864,0.0014510758697108272,0.004154333186956278,EURUSD
2019-03-20,1.1353057622909546,1.1367511749267578,1.1336454153060913,1.135486125946045,0,1.1294171333312988,1.1318287319933176,53.60443399753069,-0.0010402293237439242,0.0016463550313727815,0.004069879951539617,EURUSD
2019-03-21,1.143000841140747,1.1439945697784424,1.1355119943618774,1.1427918672561646,0,1.1305562257766724,1.133822029313835,61.51078279449957,-8.513299098922289e-05,0.006434020762722037,0.004493337781904501,EURUSD
2019-03-22,1.1373976469039917,1.139211654663086,1.1275609731674194,1.1375011205673218,0,1.1323230028152467,1.1344909549962872,54.294805819087536,0.00024207816622978662,-0.004629667781540836,0.003058060421175742,EURUSD
2019-03-25,1.129611611366272,1.1331701278686523,1.1290504932403564,1.129586100578308,0,1.132957398891449,1.1335991632839273,45.664230298884405,-0.00013571614750818028,-0.006958252476328197,0.0040102098518796665,EURUSD
2019-03-26,1.1314520835876465,1.1328877210617065,1.1279551982879639,1.131580114364624,0,1.1335230827331544,1.1332320634804176,47.91065166489834,-0.0002710955938645121,0.0017652605545475097,0.003983653324062679,EURUSD
2019-03-27,1.1274465322494507,1.1285535097122192,1.1242650747299194,1.127484679222107,0,1.1333970904350281,1.1321870845243611,43.896516143114205,-0.0007007740820783592,-0.0036192180213564518,0.0041112575911701164,EURUSD
2019-03-28,1.1251378059387207,1.1262998580932617,1.121516227722168,1.1251758337020874,0,1.1326040744781494,1.1309123116475839,41.77169882375828,-0.0012136121518533383,-0.0020477843846290478,0.003896724282185827,EURUSD
2019-03-29,1.1229519844055176,1.1246063709259033,1.1210887432098389,1.1230024099349976,0,1.131820523738861,1.129474147699841,39.817795915478484,-0.0017749565565805536,-0.0019316303301136761,0.003894178244939213,EURUSD
2019-04-01,1.1223469972610474,1.1250239610671997,1.1209882497787476,1.1223849058151245,0,1.1308612942695617,1.1281851946298924,39.25596372863649,-0.0022437884666375307,-0.0005498689178314864,0.0038497159624144173,EURUSD
2019-04-02,1.1205987930297852,1.1214005947113037,1.1184556484222412,1.1205737590789795,0,1.129556691646576,1.126801297256999,37.58103401807459,-0.0027300156176668366,-0.0016136592061790633,0.003767827797453048,EURUSD
2019-04-03,1.1202850341796875,1.125499963760376,1.1202473640441895,1.1203854084014893,0,1.1280466198921204,1.1256347720105426,37.40230808284761,-0.003094876651946299,-0.0001680841407932787,0.0036603348691789973,EURUSD
2019-04-04,1.124530553817749,1.124985933303833,1.1209254264831543,1.1246949434280396,0,1.1262369275093078,1.1254638940864512,43.968302976849024,-0.003001686615124788,0.003846475502299551,0.003098727888712059,EURUSD
2019-04-05,1.1224603652954102,1.1241512298583984,1.1211642026901245,1.1225864887237549,0,1.1247454643249513,1.1249407294750517,41.66559757726785,-0.0030626630400067967,-0.0018746903030062434,0.0029155722036373326,EURUSD
2019-04-08,1.1222084760665894,1.1274083852767944,1.1215540170669556,1.121956706047058,0,1.1239825248718263,1.1243981797608709,40.97530689860099,-0.0031257735232830264,-0.0005610103836299896,0.002137928386378594,EURUSD
2019-04-09,1.1256444454193115,1.1287955045700073,1.1256444454193115,1.1256444454193115,0,1.1233889579772949,1.124624773516951,46.558553284251516,-0.002845419068538968,0.0032868820627189876,0.00237224754806894,EURUSD
2019-04-10,1.12649405002594,1.1282861232757568,1.123103380203247,1.126697063446045,0,1.1233101963996888,1.125001553504059,48.06855935412704,-0.0025093721851277007,0.0009351247909736848,0.0021373852491191484,EURUSD
2019-04-11,1.1276118755340576,1.1287446022033691,1.1256064176559448,1.1276500225067139,0,1.1235576152801514,1.1254830933227233,49.460808313553976,-0.0021414712296368155,0.0008457988323447019,0.002032866765410385,EURUSD
2019-04-12,1.1259359121322632,1.132502794265747,1.1258344650268555,1.1260753870010376,0,1.1238649129867553,1.1255907830824168,47.208651600469274,-0.0019544374589255398,-0.0013963867106355776,0.001976130562979565,EURUSD
2019-04-15,1.130365014076233,1.1322463750839233,1.1299434900283813,1.1305055618286133,0,1.1246769785881043,1.1264843792180887,53.608909670131,-0.0014322239775768075,0.003934172506313338,0.002256934460967372,EURUSD
2019-04-16,1.130441665649414,1.1314995288848877,1.128604531288147,1.1304928064346313,0,1.1256688833236694,1.127213184166551,53.58876472110325,-0.0010077782446715755,-1.1282911303256427e-05,0.0021256301308255955,EURUSD
2019-04-17,1.1285152435302734,1.13237464427948,1.1281843185424805,1.128502607345581,0,1.1264806032180785,1.1274476247445564,50.4060397942847,-0.0008225129596739489,-0.0017604703698442803,0.002268052236146279,EURUSD
2019-04-18,1.1300712823867798,1.130600094795227,1.1237722635269165,1.129713773727417,0,1.1269824862480164,1.1278596518323492,52.26411095480288,-0.0005713714670685377,0.0010732508493576098,0.0019972801643682032,EURUSD
2019-04-19,1.123608112335205,1.125112533569336,1.1233052015304565,1.1235954761505127,0,1.127083384990692,1.1270843471629244,43.41525067067789,-0.0008561661560102518,-0.00541579444208895,0.002658974462234534,EURUSD
2019-04-22,1.1244546175003052,1.1263798475265503,1.1236711740493774,1.1244546175003052,0,1.1273331761360168,1.1266062144969935,44.82786075922947,-0.00100100352649668,0.0007646358213686533,0.0026557874469366745,EURUSD
2019-04-23,1.125885248184204,1.1261261701583862,1.1193444728851318,1.1258978843688965,0,1.1273585200309753,1.1264774272009759,47.211964299921675,-0.0009879402514461066,0.0012835261166872503,0.002468135848299243,EURUSD
2019-04-24,1.1224478483200073,1.1224603652954102,1.1183055639266968,1.122435212135315,0,1.1269323348999023,1.1257424790072192,42.470209248262044,-0.0012426714790689797,-0.0030754762768938626,0.002624742316491062,EURUSD
2019-04-25,1.1156978607177734,1.1164003610610962,1.1121737957000732,1.1153494119644165,0,1.1257022738456726,1.1238528304539823,34.77360782464605,-0.0019933347453513495,-0.006312881219592614,0.0031734203713868646,EURUSD
2019-04-26,1.113709807395935,1.1172809600830078,1.112297534942627,1.113684892654419,0,1.1244632244110107,1.1220041144904251,33.2492696474949,-0.0026915273377337012,-0.0014923747591043535,0.003174589426018116,EURUSD
2019-04-29,1.1149017810821533,1.116994023323059,1.1145538091659546,1.1150261163711548,0,1.1229152798652648,1.1207353875596486,35.69535165146925,-0.0031008794445304133,0.0012043116734206105,0.0027872124010597465,EURUSD
2019-04-30,1.1184180974960327,1.12296462059021,1.117655634880066,1.1185182332992554,0,1.1217178225517273,1.1203322686032133,41.68707875431926,-0.0031076858194709622,0.003131870076250376,0.0031158467621053205,EURUSD
2019-05-01,1.1218308210372925,1.1249985694885254,1.1214408874511719,1.121604323387146,0,1.1210279941558838,1.120563551291201,46.43692613763631,-0.002831419401720936,0.0027590878682304254,0.00332378803449226,EURUSD
2019-05-02,1.1201846599578857,1.1218183040618896,1.1173559427261353,1.1200841665267944,0,1.1200650334358215,1.1204763904249453,44.513518787853876,-0.0027039705401876724,-0.0013553414770735017,0.003275672730062357,EURUSD
2019-05-03,1.1172560453414917,1.1200717687606812,1.1141316890716553,1.1173559427261353,0,1.1194410800933838,1.119909036297889,41.214153054529575,-0.002790939051116492,-0.002435731065745683,0.0029317287504278034,EURUSD
2019-05-06,1.1187058687210083,1.1204482316970825,1.1179929971694946,1.1185808181762695,0,1.1188537001609802,1.1196675420939581,43.247991215167666,-0.0027295603380030897,0.001096226728920291,0.002950103250618652,EURUSD
2019-05-07,1.1204482316970825,1.121956706047058,1.1176055669784546,1.1201846599578857,0,1.1182823777198792,1.1197615635237632,45.8879194483631,-0.0025224237073948608,0.0014338184202291604,0.0029606742320277893,EURUSD
2019-05-08,1.118956208229065,1.1214998960494995,1.118956208229065,1.1191065311431885,0,1.1179495096206664,1.119642466727295,44.39299534145085,-0.0024173961819382583,-0.0009624563281716014,0.0028292966640478152,EURUSD
2019-05-09,1.1197456121444702,1.1250998973846436,1.1175681352615356,1.1198333501815796,0,1.1183979034423828,1.1196771728098922,45.677803902296674,-0.0022495811183962378,0.0006494636731757542,0.00188122158119015,EURUSD
2019-05-10,1.1218559741973877,1.1252391338348389,1.1218559741973877,1.1222084760665894,0,1.1192502617835998,1.1201374097656553,49.76269318945334,-0.0019029970963793108,0.0021209636993082537,0.0018228517703304525,EURUSD
2019-05-13,1.1236711740493774,1.126341700553894,1.1224100589752197,1.1236460208892822,0,1.1201122522354126,1.1207753390608601,52.109986578413036,-0.0014950943913207837,0.00128099622605915,0.001825068824291833,EURUSD
2019-05-14,1.1232421398162842,1.1246063709259033,1.120485782623291,1.1232547760009766,0,1.1205859065055848,1.1212261457772448,51.40599612385143,-0.0011896848056116571,-0.0003481922963568529,0.001648294720906809,EURUSD
2019-05-15,1.120360255241394,1.1222715377807617,1.1180429458618164,1.1204482316970825,0,1.1204702973365783,1.121084706853579,46.548024509451395,-0.001160730005659083,-0.0024985821238935335,0.0016591562903156003,EURUSD
2019-05-16,1.1209505796432495,1.122435212135315,1.1174308061599731,1.1207244396209717,0,1.120534324645996,1.1210192037203777,47.07808527190354,-0.0011027832481702582,0.00024651556053667534,0.0016010006115346866,EURUSD
2019-05-17,1.117480754852295,1.1184431314468384,1.1157352924346924,1.1173559427261353,0,1.120534324645996,1.1203531562668791,41.65315124770695,-0.0013135280394904747,-0.003005642400352837,0.0017063248801632797,EURUSD
2019-05-20,1.1165324449539185,1.1177005767822266,1.1151255369186401,1.1165324449539185,0,1.120329487323761,1.1196584814827044,40.42668730270222,-0.0015293646294538554,-0.0007370057657791751,0.0016737880806495106,EURUSD
2019-05-21,1.1169440746307373,1.11831796169281,1.1142433881759644,1.1168566942214966,0,1.119996690750122,1.1191490656170302,41.16132141621625,-0.0016551726756930396,0.0002904073849743227,0.0015879977537690483,EURUSD
2019-05-23,1.115511178970337,1.1172809600830078,1.1109507083892822,1.1155484914779663,0,1.1196408867835999,1.118494415773564,39.06806707456524,-0.001839235920228166,-0.001171325515886501,0.0015990675171887177,EURUSD
2019-05-24,1.1183805465698242,1.1212018728256226,1.1178054809570312,1.1184556484222412,0,1.119503116607666,1.1184873671642324,45.6792144644425,-0.0017305751057739016,0.0026060336834154985,0.0018330711735719872,EURUSD
2019-05-27,1.1206364631652832,1.1218308210372925,1.118806004524231,1.1209630966186523,0,1.1193785786628723,1.1189374997923087,50.65251893429607,-0.001425695977860686,0.0022418843339460093,0.0018498303028453736,EURUSD
2019-05-28,1.1193571090698242,1.1199462413787842,1.1171810626983643,1.1193821430206299,0,1.1189521908760072,1.1190183440156398,47.68796321475287,-0.001296699273179991,-0.001410352939174686,0.0018206012400774007,EURUSD
2019-05-29,1.1170687675476074,1.1175681352615356,1.1125946044921875,1.1170687675476074,0,1.1183335900306701,1.1186638755669067,43.66111653538491,-0.0013653990519970627,-0.002066653901392268,0.0018969127200709076,EURUSD
2019-05-30,1.1138337850570679,1.1146035194396973,1.1118524074554443,1.1137346029281616,0,1.1176622271537782,1.117767644178044,38.601824510700744,-0.0016696368078692458,-0.002984744284602603,0.0019576463697374936,EURUSD
2019-05-31,1.1129908561706543,1.1179429292678833,1.1126564741134644,1.1131147146224976,0,1.1169012546539308,1.1169216569861264,37.72653264925103,-0.0019384223012934854,-0.0005565852978207664,0.0019354493352039769,EURUSD
2019-06-03,1.1173434257507324,1.1211000680923462,1.1162209510803223,1.1174057722091675,0,1.1169062376022338,1.11700967793577,46.73094958704014,-0.0017846123555949056,0.0038550003250341636,0.0022150043118670023,EURUSD
2019-06-04,1.1245558261871338,1.1277772188186646,1.1227755546569824,1.124631643295288,0,1.1177161574363708,1.1183954898193187,57.79727813829654,-0.0010673457604355452,0.006466649149158066,0.0029841296877887767,EURUSD
2019-06-05,1.1255050897598267,1.130454421043396,1.123987078666687,1.1254037618637085,0,1.118570864200592,1.1196697211001168,58.78262116141602,-0.00043162776434924055,0.0006865524129822109,0.0029803164439670053,EURUSD
2019-06-06,1.122725009918213,1.1307867765426636,1.1223849058151245,1.1229015588760376,0,1.119306170940399,1.120257327968466,54.353687057417,-0.0001282452107129739,-0.0022233824627768684,0.0030734423111092855,EURUSD
2019-06-07,1.127548336982727,1.1348161697387695,1.1253150701522827,1.1276500225067139,0,1.1202256083488464,1.1216014542481474,60.4444653477413,0.0004897039766140754,0.0042287443571003,0.0032265448533545047,EURUSD
2019-06-10,1.1319003105163574,1.1326953172683716,1.12920343875885,1.1320157051086426,0,1.1213308691978454,1.1234949544046011,65.06048533955706,0.0013165311089857745,0.0038714871766898362,0.0033451040199794693,EURUSD
2019-06-11,1.1318362951278687,1.1332728862762451,1.1304799318313599,1.1318106651306152,0,1.122573721408844,1.125006901809331,64.67872313348352,0.0019329704753150434,-0.00018112820970772603,0.003268951903236368,EURUSD
2019-06-12,1.132939100265503,1.1343011856079102,1.1308507919311523,1.1329518556594849,0,1.1241620302200317,1.1264514388729951,65.87878708174745,0.002484942779154231,0.0010082874848489354,0.00307590285190667,EURUSD
2019-06-13,1.1293054819107056,1.1305004358291626,1.127116084098816,1.1295605897903442,0,1.12574462890625,1.1270167390397858,59.418148149834046,0.0026185529446904887,-0.0029933009529046206,0.003077264317591525,EURUSD
2019-06-14,1.1279551982879639,1.1290504932403564,1.1215037107467651,1.1280443668365479,0,1.1272375941276551,1.1272035804573788,56.73899567264191,0.002572439956193051,-0.0013423121942293115,0.003142571895298984,EURUSD
2019-06-17,1.121604323387146,1.1246000528335571,1.1205360889434814,1.1217050552368164,0,1.12766752243042,1.1262038485990946,47.163741978562655,0.00200129592071141,-0.005619736054805369,0.003681381264586451,EURUSD
2019-06-18,1.12271249294281,1.12440025806427,1.1182304620742798,1.1224603652954102,0,1.1274503946304322,1.1255232152711518,48.28360458878554,0.001591264263162362,0.0006733588790275302,0.003014293250804305,EURUSD
2019-06-19,1.1197456121444702,1.1222084760665894,1.1188685894012451,1.1198208332061768,0,1.126892101764679,1.1244864185320653,44.71672048317763,0.0010413193589540182,-0.0023515592807045183,0.003068837346438581,EURUSD
2019-06-20,1.1235828399658203,1.1315160989761353,1.1235828399658203,1.1238480806350708,0,1.1269867539405822,1.124370357096248,50.70077395134313,0.0009198458601391568,0.0035963319394261006,0.003250655227129145,EURUSD
2019-06-21,1.1293182373046875,1.1333370208740234,1.1283625364303589,1.1295605897903442,0,1.1271778106689454,1.125314035767902,57.695787521019255,0.0012698904776120568,0.005082990533778808,0.0033801756944080628,EURUSD
2019-06-24,1.1383039951324463,1.1401208639144897,1.1373846530914307,1.1384724378585815,0,1.1278234839439392,1.1277064725116617,65.83913349508929,0.0022405869271997503,0.007889659172591434,0.0040424436013908605,EURUSD
2019-06-25,1.1400169134140015,1.141396164894104,1.1378376483917236,1.140029788017273,0,1.128645396232605,1.1299470753308638,67.03338768436632,0.00309980339549365,0.0013679296106814398,0.004039874874066287,EURUSD
2019-06-26,1.1368545293807983,1.1389521360397339,1.1350866556167603,1.1369967460632324,0,1.1290498852729798,1.1312288336458398,62.454023854362276,0.0034957012316352287,-0.002660493599308089,0.004176200506954768,EURUSD
2019-06-27,1.1374623775482178,1.1383039951324463,1.1348419189453125,1.1374752521514893,0,1.1298413515090941,1.1323645461014125,62.88480772085294,0.0038042119737535796,0.00042085088626131473,0.00400735458225591,EURUSD
2019-06-28,1.1371389627456665,1.1393414735794067,1.1361312866210938,1.1372941732406616,0,1.1307663321495056,1.1332608419449122,62.592135912531596,0.003988124784820135,-0.0001591937147512601,0.003957324043687353,EURUSD
2019-07-01,1.1363636255264282,1.1367511749267578,1.1305694580078125,1.1364928483963013,0,1.1322451114654541,1.1338484794815282,61.2339695042074,0.0040228439536573735,-0.0007045888946014545,0.0033223580775779294,EURUSD
2019-07-02,1.1287063360214233,1.1321053504943848,1.1276754140853882,1.1287446022033691,0,1.13287353515625,1.1329205017945903,49.94817104655885,0.003386107492727497,-0.006817681434481249,0.004209351006678885,EURUSD
2019-07-03,1.1290887594223022,1.1305310726165771,1.127039909362793,1.1293054819107056,0,1.133822000026703,1.1322632254520657,50.65712065136189,0.0028933943163136355,0.0004969057714576675,0.004084476726256511,EURUSD
2019-07-04,1.1287955045700073,1.1298158168792725,1.1274338960647583,1.1287955045700073,0,1.1343167424201965,1.1316327307462368,49.964142271727354,0.0024337103666880466,-0.00045158493327723814,0.003981485795896112,EURUSD
2019-07-05,1.128604531288147,1.1287955045700073,1.120824933052063,1.128579020500183,0,1.1342185854911804,1.1310775107014996,49.653622065482,0.002028555148543054,-0.00019178324944402192,0.0036331480307669715,EURUSD
2019-07-08,1.1227880716323853,1.123721718788147,1.1208375692367554,1.1227376461029053,0,1.1326451063156129,1.1295611716835734,42.058141013278195,0.001222029824589299,-0.005175866546490382,0.002669860462997989,EURUSD
2019-07-09,1.12147855758667,1.1222084760665894,1.1195324659347534,1.121604323387146,0,1.1308025598526001,1.1281144719933138,40.75553179017169,0.00048580298861522486,-0.0010094279101561243,0.002497521364082156,EURUSD
2019-07-10,1.1204607486724854,1.1262998580932617,1.1202598810195923,1.120824933052063,0,1.1291853785514832,1.1267891012767226,39.841655196206034,-0.00015872271289363304,-0.0006948888470127423,0.0024843094722634103,EURUSD
2019-07-11,1.1261261701583862,1.1287955045700073,1.1251758337020874,1.125885248184204,0,1.1280263781547546,1.12662476435081,47.99528422353007,-0.00025821232361589175,0.004514813137107554,0.003087156390013468,EURUSD
2019-07-12,1.1250239610671997,1.1278001070022583,1.123974323272705,1.1252391338348389,0,1.1268208742141723,1.1263728315297243,47.117170473623425,-0.0003847593191608212,-0.0005738722932974172,0.003077087616105411,EURUSD
2019-07-15,1.1271796226501465,1.1285994052886963,1.1255683898925781,1.1272051334381104,0,1.1258921027183533,1.1265241591494308,50.10832608884893,-0.0003226892268719528,0.0017471838155604935,0.0032036952523369646,EURUSD
2019-07-16,1.1260881423950195,1.126633644104004,1.1209003925323486,1.1261768341064453,0,1.1256353259086609,1.1264610091416152,48.56116949741124,-0.0003524110188939389,-0.0009122557209516602,0.0024237290846735953,EURUSD
2019-07-17,1.1213276386260986,1.1233429908752441,1.1201093196868896,1.1212271451950073,0,1.124827492237091,1.1255093975149593,41.861116758829276,-0.0007665282218876079,-0.004395125846612946,0.0027354668173315104,EURUSD
2019-07-18,1.1227755546569824,1.1247328519821167,1.1206239461898804,1.12296462059021,0,1.1242444038391113,1.1250467108013684,44.743160496130024,-0.0009436416317736285,0.0015496194528008544,0.002828442089309033,EURUSD
2019-07-19,1.1261515617370605,1.1271415948867798,1.1215037107467651,1.1261515617370605,0,1.1240016579627992,1.125247592789676,49.671368886307135,-0.0008174230251631887,0.00283797110649453,0.003022428739022493,EURUSD
2019-07-22,1.1218056678771973,1.12271249294281,1.1208375692367554,1.1218308210372925,0,1.1239109754562377,1.1246263615619698,43.94847520064736,-0.0010538929131260755,-0.003836731081830025,0.0027994617022902273,EURUSD
2019-07-23,1.1204984188079834,1.121076226234436,1.1149640083312988,1.1206114292144775,0,1.1238116860389709,1.1238963738624257,42.46159621583772,-0.0013244245899810547,-0.0010869658775174429,0.002802436209309836,EURUSD
2019-07-24,1.115100622177124,1.1155734062194824,1.1130032539367676,1.1151255369186401,0,1.1232417464256286,1.1223016762362827,36.48167735150005,-0.001958907487584094,-0.004895445604800708,0.0031917703434903187,EURUSD
2019-07-25,1.114230990409851,1.1186933517456055,1.110383152961731,1.1142433881759644,0,1.1220775604248048,1.1208365329525884,35.61314006194719,-0.002504056580705072,-0.000791075725082413,0.002661532404397602,EURUSD
2019-07-26,1.1145166158676147,1.1153244972229004,1.1115680932998657,1.1146159172058105,0,1.121015238761902,1.1197055119077197,36.30280314130032,-0.002872914020732642,0.0003343336238736949,0.002694334823322829,EURUSD
2019-07-29,1.113089919090271,1.1144545078277588,1.1114444732666016,1.1132138967514038,0,1.1196161150932311,1.118525218242935,34.792366166828245,-0.003241007219160208,-0.0012578507383255166,0.0025228481763002963,EURUSD
2019-07-30,1.1142184734344482,1.1158099174499512,1.1133253574371338,1.1143054962158203,0,1.1184289813041688,1.1177579960561868,36.990539115636494,-0.003405385611431777,0.0009805837562772979,0.002619762954599284,EURUSD
2019-07-31,1.1157352924346924,1.1164453029632568,1.1127803325653076,1.1157974004745483,0,1.1178860068321228,1.1174015241322524,39.96906153584864,-0.0033763519823279964,0.001338864668436468,0.002428235753198259,EURUSD
2019-08-01,1.1072235107421875,1.1072970628738403,1.1027547121047974,1.1071745157241821,0,1.11630699634552,1.1155420680580577,30.882430501391738,-0.004002993341522876,-0.007728002186327854,0.003211510171654554,EURUSD
2019-08-02,1.1081806421279907,1.1114197969436646,1.1070764064788818,1.1078859567642212,0,1.114480435848236,1.1141500478228146,32.25095672937702,-0.004391580382239191,0.0006425735328396964,0.0029534933141030606,EURUSD
2019-08-05,1.1107407808303833,1.1199462413787842,1.1107407808303833,1.1108025312423706,0,1.113377606868744,1.1135414084445519,37.69713122501575,-0.004413321206398146,0.002632558396775675,0.0031202262784662226,EURUSD
2019-08-06,1.1242650747299194,1.1249732971191406,1.1170687675476074,1.1243788003921509,0,1.1137543439865112,1.1155118433441154,55.59238572052514,-0.0032970531312535023,0.012222036561796434,0.00520974161971521,EURUSD
2019-08-07,1.1205862760543823,1.1240994930267334,1.1180930137634277,1.1206992864608765,0,1.1143117189407348,1.11645501481989,51.29230373839088,-0.002678433350301823,-0.0032724860429519387,0.005051115712028673,EURUSD
2019-08-08,1.120485782623291,1.1228384971618652,1.1184431314468384,1.1204355955123901,0,1.1149309396743774,1.1171787567639808,50.98792228044273,-0.0021842714511413064,-0.0002352914396145378,0.005038248487290145,EURUSD
2019-08-09,1.118730902671814,1.1219818592071533,1.1184055805206299,1.1187183856964111,0,1.1153411865234375,1.1174586892971499,48.950703151176135,-0.0019092009861090276,-0.001532626973702711,0.005082175184062061,EURUSD
2019-08-12,1.1206867694854736,1.1230276823043823,1.1163331270217896,1.1208499670028687,0,1.116104793548584,1.118075285243644,51.539067565701785,-0.0015018919877924919,0.00190537791611467,0.005067393167281198,EURUSD
2019-08-13,1.1218308210372925,1.1228259801864624,1.117817997932434,1.1218308210372925,0,1.1168573260307313,1.118758109933398,52.726851234732784,-0.0010874149067323646,0.0008750984193242051,0.005066843220056742,EURUSD
2019-08-14,1.1177555322647095,1.1191002130508423,1.1139951944351196,1.1177055835723877,0,1.1170481443405151,1.1185667415041234,47.45834578152855,-0.0010793687303760624,-0.0036772366987478655,0.005240225200968179,EURUSD
2019-08-15,1.114504098892212,1.1158995628356934,1.1095577478408813,1.1143302917480469,0,1.1177637219429015,1.1177964779121095,43.618015659189176,-0.001330018296364699,-0.003019839816450376,0.004625957015168169,EURUSD
2019-08-16,1.1111358404159546,1.1113580465316772,1.1067456007003784,1.1113580465316772,0,1.1181109309196473,1.116625854024758,40.509381814878424,-0.0017483414402956754,-0.002667292846995184,0.0047437765931288055,EURUSD
2019-08-19,1.109385371208191,1.1110000610351562,1.108819603919983,1.109385371208191,0,1.1179692149162292,1.115309402603564,38.545854259105894,-0.002213527787524816,-0.0017750133088455522,0.00470998868293721,EURUSD
2019-08-20,1.1082541942596436,1.1099001169204712,1.1068925857543945,1.1083157062530518,0,1.1163629055023194,1.1140378214489253,37.484857427625435,-0.002638094035620986,-0.000964196016010388,0.0018473705475395615,EURUSD
2019-08-21,1.1098532676696777,1.1107407808303833,1.1088809967041016,1.1097793579101562,0,1.1152709126472473,1.1132635553509673,39.92170657042223,-0.002823909123042867,0.0013206089644373087,0.001910054760755736,EURUSD
2019-08-22,1.1090408563613892,1.1114000082015991,1.1064517498016357,1.10907781124115,0,1.1141351342201233,1.112502510967364,39.134290268477194,-0.0029932732805388884,-0.000632149682732841,0.0018970090646636389,EURUSD
2019-08-23,1.1083279848098755,1.1149004697799683,1.105299711227417,1.1084016561508179,0,1.113103461265564,1.1117569010007191,38.34918856257822,-0.0031457929179135036,-0.000609655232012396,0.0018915648280553408,EURUSD
2019-08-26,1.1143054962158203,1.1152499914169312,1.110839605331421,1.1143054962158203,0,1.112449014186859,1.1122202819489193,48.133463587842385,-0.00275847726773204,0.0053264446441778635,0.0026267302772777453,EURUSD
2019-08-27,1.110111951828003,1.1118524074554443,1.1088809967041016,1.1103708744049072,0,1.1113030195236206,1.1118840260318261,43.211460372098955,-0.0027374621618481143,-0.0035310081699094775,0.002722880330935608,EURUSD
2019-08-28,1.109004020690918,1.1100010871887207,1.107444167137146,1.109004020690918,0,1.1104328632354736,1.1113603886971155,41.619277168667466,-0.002798837948817523,-0.0012309884431378482,0.0025631197473343485,EURUSD
2019-08-29,1.1085368394851685,1.1090162992477417,1.1056197881698608,1.1085859537124634,0,1.1098584294319154,1.1108559459726333,41.12021121565497,-0.0028483788747950545,-0.0003769751693002421,0.0024395896875391287,EURUSD
2019-08-30,1.1059622764587402,1.106096863746643,1.0987199544906616,1.1061947345733643,0,1.109342098236084,1.110008452990948,38.29189196052217,-0.0030454853563885997,-0.0021569993116828945,0.0023944644561468336,EURUSD
2019-09-02,1.0990943908691406,1.0997470617294312,1.0958784818649292,1.0991789102554321,0,1.108321452140808,1.1080394452208542,31.45567143479836,-0.0037248740228124078,-0.006342304929373932,0.003025080988950449,EURUSD
2019-09-03,1.0967316627502441,1.0977309942245483,1.0930395126342773,1.0968520641326904,0,1.107175087928772,1.1060053759320971,29.570129860562318,-0.004400327238231361,-0.0021168948030498846,0.0030488323351189482,EURUSD
2019-09-04,1.0973576307296753,1.103499412536621,1.0972732305526733,1.0974539518356323,0,1.1059425473213196,1.1044505715509216,30.726866457336868,-0.004831368462176799,0.0005487410040276863,0.0029918070245504532,EURUSD
2019-09-05,1.1037527322769165,1.1082788705825806,1.1018311977386475,1.10349702835083,0,1.1053844690322876,1.1042772000599959,41.173531539867305,-0.004631951710925675,0.0055064510953648504,0.0036570446144099404,EURUSD
2019-09-06,1.1036310195922852,1.10574209690094,1.1021226644515991,1.1036310195922852,0,1.1049074053764343,1.1041597127022302,41.38460204881866,-0.004412238981015282,0.00012142419781158154,0.0036618758985478943,EURUSD
2019-09-09,1.102074146270752,1.106525182723999,1.1016126871109009,1.1020619869232178,0,1.103683054447174,1.1037783080151369,39.593110906181806,-0.00431498245134132,-0.0014217004063976635,0.003055809009955051,EURUSD
2019-09-10,1.1047282218933105,1.1059499979019165,1.1031805276870728,1.1048381328582764,0,1.103129780292511,1.103971003441162,44.196055716062304,-0.003968151791377439,0.0025190469937259596,0.003119284292824876,EURUSD
2019-09-11,1.1049723625183105,1.1058276891708374,1.0986233949661255,1.1050333976745605,0,1.1027327179908752,1.1041641660290527,44.51629979005171,-0.003635620584792054,0.00017673613036772728,0.0031141406578682677,EURUSD
2019-09-12,1.1014429330825806,1.1077508926391602,1.0929558277130127,1.1013457775115967,0,1.1020087003707886,1.1036517317531516,39.8636522076672,-0.0036278279933754654,-0.003337111955823313,0.003254084118470578,EURUSD
2019-09-13,1.1057665348052979,1.110913634300232,1.1057665348052979,1.1058276891708374,0,1.1019719958305358,1.1040473603745489,47.100280462229705,-0.0032228485031422505,0.004069486396331534,0.0035186868800854373,EURUSD
2019-09-16,1.1084139347076416,1.1084262132644653,1.099493145942688,1.1083402633666992,0,1.1028881311416625,1.1048278881913034,50.68317950113032,-0.0026683959922852996,0.0022721208923117686,0.0027773492241365758,EURUSD
2019-09-17,1.1004005670547485,1.1068068742752075,1.0992876291275024,1.100594401359558,0,1.1032623648643494,1.1040581633128042,41.378673698155204,-0.0028214903277417047,-0.006988703977614419,0.003644399454809066,EURUSD
2019-09-18,1.1074320077896118,1.1077877283096313,1.1037527322769165,1.1074687242507935,0,1.1042638421058655,1.1046782653015295,50.128968166992074,-0.002360903262171865,0.0062460093225473745,0.00409675414148579,EURUSD
2019-09-19,1.1031439304351807,1.107499361038208,1.102353572845459,1.1031439304351807,0,1.1042285323143006,1.1043992953258295,45.52495346181044,-0.0023181373668921257,-0.0039051159828811244,0.004005146467937315,EURUSD
2019-09-20,1.1046061515808105,1.1068999767303467,1.0998800992965698,1.1048502922058105,0,1.104350459575653,1.1044812947585532,47.57097457204832,-0.0021220937764441228,0.0015468169869337078,0.0040361719132521665,EURUSD
2019-09-23,1.1019526720046997,1.102803349494934,1.0968279838562012,1.1019041538238525,0,1.1043346762657165,1.1040127236795165,44.46567099550889,-0.0021793345519878216,-0.0026665498509088614,0.004107494877591026,EURUSD
2019-09-24,1.0993722677230835,1.1013944149017334,1.0985147953033447,1.0993722677230835,0,1.1037880897521972,1.1031690044147104,41.93236815096622,-0.0024013194120680037,-0.002297737141640499,0.004060551201765015,EURUSD
2019-09-25,1.1015641689300537,1.1019283533096313,1.094834566116333,1.1016855239868164,0,1.1034533023834228,1.1028992807005478,45.01465786988309,-0.002363340447649742,0.0021041610122873866,0.004140587362797989,EURUSD
2019-09-26,1.0951822996139526,1.0967316627502441,1.092514157295227,1.0952903032302856,0,1.1028477549552917,1.1015158302514092,38.87155565462574,-0.0028168122544225405,-0.005804942170237082,0.004406975566868231,EURUSD
2019-09-27,1.0923112630844116,1.0958423614501953,1.0905839204788208,1.0922753810882568,0,1.1014925241470337,1.0998357485853814,36.352849569230095,-0.0033805026185869114,-0.002752623786713926,0.004133249421125558,EURUSD
2019-09-30,1.0941636562347412,1.0948106050491333,1.088767170906067,1.0942714214324951,0,1.1000856399536132,1.098824052739402,39.16338156046509,-0.003624387832353859,0.0018274149347297097,0.00409364912726745,EURUSD
2019-10-01,1.0899182558059692,1.0937328338623047,1.0881510972976685,1.0899657011032104,0,1.0990227699279784,1.0972134433510035,35.51970282515127,-0.004117638691830905,-0.003934782765000033,0.0037160490573708276,EURUSD
2019-10-02,1.0935415029525757,1.0957943201065063,1.090524435043335,1.0934937000274658,0,1.0976252675056457,1.0965371263830874,40.41172084069326,-0.004175728326331507,0.003236798112715489,0.0031453619422811695,EURUSD
2019-10-03,1.0962027311325073,1.0998317003250122,1.0941877365112305,1.0963709354400635,0,1.096947968006134,1.096506909847992,44.13425143678006,-0.003944130447783412,0.002631231814618884,0.003214087831063741,EURUSD
2019-10-04,1.0974900722503662,1.0992271900177002,1.0959144830703735,1.0975382328033447,0,1.0962167620658874,1.0966944231126017,45.61854247938057,-0.0036246140245248526,0.0010646919993484438,0.0031815745547164533,EURUSD
2019-10-07,1.098659634590149,1.1001100540161133,1.0963709354400635,1.098659634590149,0,1.095892310142517,1.0970517342903374,47.07337195906119,-0.003243517948955832,0.0010217427997381012,0.0031364835943827104,EURUSD
2019-10-08,1.0972732305526733,1.0998003482818604,1.094666838645935,1.0972130298614502,0,1.0956763863563537,1.0970810607578123,45.386578104683274,-0.0030233739028768802,-0.0013166996248463736,0.003081583611030551,EURUSD
2019-10-09,1.0960224866867065,1.0991994142532349,1.095554232597351,1.0960105657577515,0,1.0951088905334472,1.0968864253032558,43.975961572982584,-0.0029123650328493067,-0.0010959258329721333,0.0029811288678061342,EURUSD
2019-10-10,1.098587155342102,1.1033873558044434,1.0980443954467773,1.0987803936004639,0,1.0954578995704651,1.0972307831754753,47.98615934085767,-0.00257124799870434,0.002527190822104286,0.0024555678397792315,EURUSD
2019-10-11,1.1014429330825806,1.1061996221542358,1.1003884077072144,1.1011033058166504,0,1.0963406920433045,1.0979348782011433,51.14457223963988,-0.0020893855530121908,0.0021140823313881008,0.0022526220488792194,EURUSD
2019-10-14,1.1028155088424683,1.1043000221252441,1.1015156507492065,1.1030004024505615,0,1.097213590145111,1.0988558826101285,53.62147118787274,-0.0015367119902574,0.0017229052205089967,0.002247601646073749,EURUSD
2019-10-15,1.1025844812393188,1.1045451164245605,1.0992755889892578,1.1029006242752075,0,1.0985070824623109,1.0995912901855973,53.46793185753339,-0.0010941527628822723,-9.046068807616603e-05,0.0015770720442949832,EURUSD
2019-10-16,1.103399634361267,1.1076282262802124,1.102353572845459,1.1034727096557617,0,1.0995049834251405,1.1002970028165362,54.27634219413363,-0.0006893129075113968,0.0005187098166075099,0.001408740531385436,EURUSD
2019-10-17,1.1074295043945312,1.1139951944351196,1.1065863370895386,1.107493281364441,0,1.1006172180175782,1.1016054170979734,59.58985311594166,-4.354589981914181e-05,0.003643562431130176,0.0015729909497284008,EURUSD
2019-10-18,1.1127183437347412,1.1161960363388062,1.1115063428878784,1.1127183437347412,0,1.1021352291107178,1.1036259492137492,65.24278701081849,0.000879707254263673,0.00471791789460152,0.001962781555528314,EURUSD
2019-10-21,1.1156107187271118,1.118067979812622,1.1140000820159912,1.1155734062194824,0,1.103826606273651,1.1057982141238825,67.88630673228079,0.0018207828608978183,0.0025658447178631416,0.0019923039675939754,EURUSD
2019-10-22,1.115200161933899,1.116071343421936,1.1124708652496338,1.1151753664016724,0,1.1056228399276733,1.1075031509016624,67.11985605798998,0.002505590682783776,-0.0003568028922085187,0.001858502798433702,EURUSD
2019-10-23,1.1129660606384277,1.1133378744125366,1.1108025312423706,1.112928867340088,0,1.107314670085907,1.1084896447995578,62.80969852554999,0.0028343593852431237,-0.002014480528594542,0.0020234027496276188,EURUSD
2019-10-24,1.1132633686065674,1.1165698766708374,1.109385371208191,1.1132385730743408,0,1.1087604880332946,1.1093530863040637,63.16091802089933,0.003084347180668745,0.00027827990030759864,0.0020258299361752725,EURUSD
2019-10-25,1.1104449033737183,1.1125946044921875,1.1080454587936401,1.1103955507278442,0,1.109689712524414,1.1095426252902056,57.76768040194163,0.003018263503510532,-0.0025538302527958745,0.002334265646043372,EURUSD
2019-10-28,1.1084753274917603,1.1106668710708618,1.107714056968689,1.1084262132644653,0,1.1102322936058044,1.1093396412855256,54.30834821148575,0.0027749942322652377,-0.001773545888299033,0.0024469908476209778,EURUSD
2019-10-29,1.1102476119995117,1.1118770837783813,1.1075055599212646,1.1099148988723755,0,1.1109337210655212,1.1094442335740438,56.43227597679811,0.0026715303305555604,0.0013430624340124986,0.0024509651046500016,EURUSD
2019-10-30,1.111222267150879,1.1125946044921875,1.1103339195251465,1.1114816665649414,0,1.1117346167564393,1.109814675936025,58.612773076620314,0.0026850083963660953,0.0014116106506523174,0.002462419776605501,EURUSD
2019-10-31,1.1154240369796753,1.1176930665969849,1.113374948501587,1.1154489517211914,0,1.1125301837921142,1.110839089715146,63.58292026665481,0.0029814483362162747,0.0035693662573050844,0.0024527452884287684,EURUSD
2019-11-01,1.1156107187271118,1.1174432039260864,1.1130775213241577,1.1157102584838867,0,1.1128293752670289,1.111724756764008,63.89050603698669,0.0032005702150466053,0.0002342615162191919,0.0020103795428423883,EURUSD
2019-11-04,1.1169440746307373,1.1177005767822266,1.1141999959945679,1.1166571378707886,0,1.1129377484321594,1.1126215533288772,65.04270540747417,0.003411307704081823,0.0008486785701768973,0.0018602576421872393,EURUSD
2019-11-05,1.1128298044204712,1.1138995885849,1.1064640283584595,1.1128545999526978,0,1.1127056717872619,1.1126639254422992,57.15542526754275,0.0032342037638022347,-0.0034052868952607618,0.002167586938986662,EURUSD
2019-11-06,1.107444167137146,1.1095085144042969,1.1067456007003784,1.107419729232788,0,1.112154757976532,1.111710435222388,48.16534285213154,0.002625039151866071,-0.0048837204070870666,0.002583538263139591,EURUSD
2019-11-07,1.1070642471313477,1.109139323234558,1.1038014888763428,1.1070396900177002,0,1.111534869670868,1.1108612088215357,47.6015094312845,0.0020875419355914637,-0.0003431754059061154,0.002570361927631424,EURUSD
2019-11-08,1.103460431098938,1.103813648223877,1.1017802953720093,1.1019697189331055,0,1.110692286491394,1.1092445742963666,40.74838911142372,0.0012381940934647062,-0.004579755477885028,0.002813710397003599,EURUSD
2019-11-11,1.102280616760254,1.1043622493743896,1.101722002029419,1.102244257926941,0,1.1100740909576416,1.1079717895019254,41.241699314944974,0.0005805406999281892,0.0002491347893853746,0.002805271905607519,EURUSD
2019-11-12,1.1034847497940063,1.1041183471679688,1.1003884077072144,1.1035456657409668,0,1.1094371676445007,1.1071670397272055,43.63725424644432,0.0001624853516957181,0.001180689130078516,0.0027935064443574604,EURUSD
2019-11-13,1.1012123823165894,1.1020498275756836,1.1001100540161133,1.1012367010116577,0,1.1084126710891724,1.1060887963243786,40.48366381933343,-0.0003510934932937637,-0.002092314619131508,0.0027362436480765626,EURUSD
2019-11-14,1.1008729934692383,1.1017826795578003,1.0990822315216064,1.1013215780258179,0,1.106999933719635,1.105222029361004,40.653449410808896,-0.0007426981998532867,7.707426939385087e-05,0.0022849252215583074,EURUSD
2019-11-15,1.102292776107788,1.1055831909179688,1.1015278100967407,1.1020498275756836,0,1.1056338906288148,1.1046452654000367,42.177626308562026,-0.000982953225802774,0.0006612505960077453,0.002319910787805268,EURUSD
2019-11-18,1.1053999662399292,1.1090999841690063,1.1053999662399292,1.105509877204895,0,1.1045191645622254,1.1048024675463746,48.89350409836747,-0.000883970119292643,0.0031396489910286984,0.00263902730704209,EURUSD
2019-11-19,1.1072235107421875,1.1085245609283447,1.1064271926879883,1.1072357892990112,0,1.1039572834968567,1.1052448896832174,51.894872238580504,-0.0006586659215643831,0.0015611910211783542,0.002603082980944898,EURUSD
2019-11-20,1.108033299446106,1.1082788705825806,1.1053632497787476,1.1080001592636108,0,1.104015326499939,1.1057458477887434,53.20558289401479,-0.00041366399258913056,0.000690340731384298,0.002111099729076383,EURUSD
2019-11-21,1.107898235321045,1.1096439361572266,1.106378197669983,1.1078859567642212,0,1.104099953174591,1.1061349585115574,52.97334689051653,-0.00022610696565017463,-0.00010307083300920006,0.0021074376331683777,EURUSD
2019-11-22,1.1065618991851807,1.1078613996505737,1.102864146232605,1.1065863370895386,0,1.1045616149902344,1.1062170273439176,50.2835256628684,-0.0001802572238276401,-0.0011730626846091496,0.0014406288255059887,EURUSD
2019-11-25,1.1024142503738403,1.1033873558044434,1.100618600845337,1.1022562980651855,0,1.1045628190040588,1.1054968947477843,42.53419129550117,-0.00048769706652085354,-0.003912969895997098,0.001991209399492881,EURUSD
2019-11-26,1.1012003421783447,1.102657437324524,1.1008002758026123,1.1014429330825806,0,1.1043525457382202,1.1047598108086563,41.24824595692667,-0.0007878947530948199,-0.0007379091269722471,0.0019572559354578915,EURUSD
2019-11-27,1.1022076606750488,1.1022076606750488,1.09933602809906,1.1022562980651855,0,1.104454505443573,1.1043046266734797,43.100817706397464,-0.0009492296969197955,0.0007384540389474559,0.0018533391929658003,EURUSD
2019-11-28,1.1006064414978027,1.1019283533096313,1.100158452987671,1.1004853248596191,0,1.1043708801269532,1.1036102081618686,40.13344661845559,-0.001206088501820135,-0.001606680051341125,0.0019299579072059605,EURUSD
2019-11-29,1.1011276245117188,1.102669596672058,1.0982855558395386,1.101176142692566,0,1.1042835116386414,1.1031676508038135,41.816215793569796,-0.0013384785816430433,0.000627739250439241,0.0019285674341688863,EURUSD
2019-12-02,1.1017705202102661,1.1089179515838623,1.1003763675689697,1.1019041538238525,0,1.1039229393005372,1.1029379240801842,43.61493567714994,-0.0013688747239468668,0.0006611214165124224,0.0016005173326486,EURUSD
2019-12-03,1.1076037883758545,1.1092623472213745,1.1066476106643677,1.1079105138778687,0,1.103990411758423,1.1038420313161268,55.765154787912856,-0.0008979498200303304,0.00545089156182299,0.002388604923533255,EURUSD
2019-12-04,1.1081806421279907,1.1113457679748535,1.1067945957183838,1.1085245609283447,0,1.1040428519248962,1.10469340033653,56.79027893319402,-0.00046977470529951937,0.0005542388512289609,0.002385021320865784,EURUSD
2019-12-05,1.1082665920257568,1.1104941368103027,1.1079963445663452,1.108303427696228,0,1.104084599018097,1.1053497689473841,56.284411030568606,-0.00014659657175886132,-0.00019948428741312085,0.002385903006982481,EURUSD
2019-12-06,1.1104201078414917,1.1112345457077026,1.1042280197143555,1.1105434894561768,0,1.1044803142547608,1.1062940817671645,60.15622322020114,0.0002869706712309572,0.002021162890928796,0.002419009938528489,EURUSD
2019-12-09,1.105780005455017,1.108033299446106,1.1053999662399292,1.105888843536377,0,1.1048435688018798,1.1062204020888395,50.20576886184342,0.0002520789999569395,-0.004191322504694672,0.002474600019052076,EURUSD
2019-12-10,1.1064517498016357,1.1097548007965088,1.106353759765625,1.106499433517456,0,1.1053492188453675,1.1062711350758607,51.34276114677296,0.0002705775579909808,0.0005521259976966064,0.002446098922493352,EURUSD
2019-12-11,1.109385371208191,1.1098779439926147,1.1071745157241821,1.1092746257781982,0,1.1060510516166686,1.1068172242944676,56.23424877560537,0.0005033700837122623,0.002508082857232141,0.0025309556536476287,EURUSD
2019-12-12,1.1133253574371338,1.1153370141983032,1.1111851930618286,1.1135857105255127,0,1.107361090183258,1.1080478581546576,62.53506298443522,0.0010239251753458856,0.0038863998572851166,0.002585216143508471,EURUSD
2019-12-13,1.1183431148529053,1.1186933517456055,1.111889362335205,1.1186057329177856,0,1.10910404920578,1.1099674717479535,68.26449395936123,0.0018205564473727787,0.004507980252282495,0.0027760853930830906,EURUSD
2019-12-16,1.1125203371047974,1.115785002708435,1.1123470067977905,1.1124460697174072,0,1.1101582407951356,1.1104181259242178,56.788663399763,0.001932581531154609,-0.005506554292647348,0.003572589197481493,EURUSD
2019-12-17,1.113709807395935,1.1173185110092163,1.113089919090271,1.1136974096298218,0,1.1107369303703307,1.1110143593252366,58.321528884786865,0.002098148737601946,0.0011248544504565139,0.0032118512286078782,EURUSD
2019-12-18,1.1151504516601562,1.1151504516601562,1.1111358404159546,1.115138053894043,0,1.1113982796669006,1.1117641219741106,60.077394846340795,0.0023188792966353233,0.0012935688381461308,0.0032210759151107453,EURUSD
2019-12-19,1.1115927696228027,1.1142433881759644,1.110987663269043,1.1115927696228027,0,1.1117272138595582,1.1117329670011453,54.043446217806,0.0021825756697204657,-0.0031792335118151493,0.0034340066016931656,EURUSD
2019-12-20,1.112371802330017,1.1125946044921875,1.1074320077896118,1.1125946044921875,0,1.1119323253631592,1.111889628363153,55.406435581520604,0.0021308308727470138,0.0009012606925509203,0.0033896759740812132,EURUSD
2019-12-23,1.1079840660095215,1.1097548007965088,1.1071499586105347,1.1079840660095215,0,1.1121418476104736,1.111179526117038,48.30598162301566,0.0016982148608570835,-0.004143951861756867,0.00338289953240343,EURUSD
2019-12-24,1.1092993021011353,1.1097548007965088,1.1070642471313477,1.109385371208191,0,1.1124304413795472,1.1108533161336114,50.38705170238158,0.0014517028461835668,0.0012647340712366173,0.003398739526503368,EURUSD
2019-12-25,1.109139323234558,1.110864281654358,1.1077877283096313,1.1090162992477417,0,1.1124046087265014,1.1105193130634532,49.81820209286886,0.001212581392301848,-0.00033268147392939706,0.00330799937764766,EURUSD
2019-12-26,1.1095085144042969,1.1104941368103027,1.1082788705825806,1.1095454692840576,0,1.112000584602356,1.1103422505581084,50.67798382765687,0.0010536299268606442,0.00047715262316239127,0.0030243789044896766,EURUSD
2019-12-27,1.1101243495941162,1.118067979812622,1.1099998950958252,1.110111951828003,0,1.1111512064933777,1.1103003780617255,51.63333730776374,0.0009622776149709189,0.000510553699354821,0.0025339955293318724,EURUSD
2019-12-30,1.1181554794311523,1.1220699548721313,1.1181554794311523,1.1182304620742798,0,1.1117296457290649,1.1117422115185536,62.76478459552629,0.0015273696111708368,0.007313235600164614,0.003054649925587401,EURUSD
2019-12-31,1.1204482316970825,1.1241008043289185,1.1200717687606812,1.120229721069336,0,1.1123828768730164,1.113285395073241,64.90672233828704,0.0021121846321732196,0.0017878774213926363,0.0030762850772797826,EURUSD
2020-01-01,1.1220825910568237,1.1228384971618652,1.115946888923645,1.1220825910568237,0,1.1130773305892945,1.1148848852520743,66.81215081831601,0.002694109851251847,0.0016540089524843538,0.003087545278539151,EURUSD
2020-01-02,1.1218937635421753,1.12271249294281,1.1166820526123047,1.1220825910568237,0,1.1141263127326966,1.1161935590347558,66.81215081831601,0.003119332061626956,0.0,0.002802820459235729,EURUSD
2020-01-03,1.1170812845230103,1.118067979812622,1.112569808959961,1.1171437501907349,0,1.1145812273025513,1.1163663210631156,57.209591106507325,0.003022953814778351,-0.004401494957191443,0.0032737085237273663,EURUSD
2020-01-06,1.1162458658218384,1.120824933052063,1.1158099174499512,1.1161960363388062,0,1.1154024243354796,1.1163353602041501,55.55943045347436,0.0028373930711986795,-0.0008483365294456036,0.002909637855042952,EURUSD
2020-01-07,1.1195825338363647,1.1199462413787842,1.1134865283966064,1.1197994947433472,0,1.1164438366889953,1.1169652028476404,60.253826012108576,0.00294713112976841,0.003228338291148658,0.0030132116873598284,EURUSD
2020-01-08,1.1155734062194824,1.1165200471878052,1.111086368560791,1.1154738664627075,0,1.1170895934104919,1.1166940507776526,53.01433916581942,0.002654458336975196,-0.0038628596467005227,0.003364991629025176,EURUSD
2020-01-09,1.1114444732666016,1.1122233867645264,1.1095085144042969,1.1113210916519165,0,1.1172671556472777,1.1157171491184277,47.156486277241896,0.0020636305703993774,-0.0037228795184237606,0.0036316174127969127,EURUSD
2020-01-10,1.1109259128570557,1.1120996475219727,1.1086229085922241,1.1111111640930176,0,1.1173670768737793,1.1148796972956259,46.874519658494705,0.0015604678076097667,-0.0001888991043865751,0.00363097630321545,EURUSD
2020-01-13,1.1116546392440796,1.114466905593872,1.1114075183868408,1.1116669178009033,0,1.1167107224464417,1.1142955555693126,47.76498209427959,0.0011928024880178967,0.0005001783132467796,0.0026265232644399217,EURUSD
2020-01-14,1.1134493350982666,1.1145787239074707,1.11055588722229,1.1135733127593994,0,1.116045081615448,1.1141642386947828,50.810758741970986,0.001043229513653543,0.0017148976262308935,0.0026192876469760366,EURUSD
2020-01-15,1.1129660606384277,1.1163455247879028,1.112025499343872,1.113089919090271,0,1.1151458144187927,1.1139689078575987,50.01440834468024,0.0008755927366153049,-0.00043409236158020725,0.0025008316195613205,EURUSD
2020-01-16,1.1152697801589966,1.117193579673767,1.112978458404541,1.1154004335403442,0,1.1144775986671447,1.1142291852544615,53.745969133288014,0.0009185896596068943,0.0020757662165888924,0.002656080416137864,EURUSD
2020-01-17,1.113800287246704,1.1145004034042358,1.1087580919265747,1.1139578819274902,0,1.1141590118408202,1.1141798573768302,51.177174734169846,0.0008267331069697903,-0.0012933037942931547,0.0023218385179956218,EURUSD
2020-01-20,1.1095207929611206,1.1104941368103027,1.1077508926391602,1.1094592809677124,0,1.113485336303711,1.1133215707569906,44.098695193235,0.00038648150789022395,-0.004038394119527999,0.002609456738563671,EURUSD
2020-01-21,1.1096439361572266,1.1119760274887085,1.1086474657058716,1.109693169593811,0,1.1124747037887572,1.1126618614545942,44.52828265805368,5.580847584574222e-05,0.00021081316828008845,0.0022696366580446906,EURUSD
2020-01-22,1.1085859537124634,1.1097793579101562,1.1071622371673584,1.108561396598816,0,1.1117834568023681,1.1119163223899071,42.81374214267132,-0.0002941857166771644,-0.0010198972346647794,0.002022399447598044,EURUSD
2020-01-23,1.1097548007965088,1.1103215217590332,1.1037039756774902,1.1096439361572266,0,1.111615741252899,1.1115031612566924,44.995367657301706,-0.00047868871508627286,0.0009765264799332929,0.001748636046562334,EURUSD
2020-01-24,1.105534315109253,1.1060845851898193,1.1021226644515991,1.1055220365524292,0,1.1110568284988402,1.1104156840377353,38.90877301786657,-0.0009465997083524247,-0.0037146146349177345,0.002081238538527824,EURUSD
2020-01-27,1.1026331186294556,1.1039965152740479,1.1010063886642456,1.1025358438491821,0,1.1101437211036682,1.1089829858216347,35.19440210531279,-0.001540623981872935,-0.002701160722729301,0.002154832204163845,EURUSD
2020-01-28,1.1019648313522339,1.102657437324524,1.099855899810791,1.101976990699768,0,1.1089840888977052,1.1077091685267497,34.53004822620193,-0.0020330515245343683,-0.0005068798012616282,0.001970843049725331,EURUSD
2020-01-29,1.102292776107788,1.1030223369598389,1.0993238687515259,1.1022562980651855,0,1.1079007267951966,1.106717737533738,35.188535051895315,-0.0023734069715490858,0.0002534602516883755,0.00200618111437964,EURUSD
2020-01-30,1.101406455039978,1.1036553382873535,1.1008244752883911,1.1016855239868164,0,1.1065292358398438,1.1058027896161158,34.426517973772064,-0.0026585516844754853,-0.000517823376805393,0.0017142553713670992,EURUSD
2020-01-31,1.1028763055801392,1.1090162992477417,1.1017948389053345,1.1029127836227417,0,1.1054247260093688,1.1052773339809567,37.55763811830188,-0.002753757722968153,0.001113983627091697,0.001867365287490861,EURUSD
2020-02-03,1.108905553817749,1.108905553817749,1.104349970817566,1.1089794635772705,0,1.1053767442703246,1.1059504484530138,50.2132833013926,-0.0023130158168909176,0.0055005980931706056,0.0024766311083740836,EURUSD
2020-02-04,1.1062926054000854,1.1065618991851807,1.1033873558044434,1.1062926054000854,0,1.105036687850952,1.106012658807027,45.7871273884436,-0.0021556823169546213,-0.002422820498873768,0.0025846127568417278,EURUSD
2020-02-05,1.104472041130066,1.1048502922058105,1.0998317003250122,1.1047282218933105,0,1.1046533703804016,1.105779124822715,43.38900706956132,-0.0021326432754713576,-0.0014140775226543223,0.0025997081363681247,EURUSD
2020-02-06,1.1000494956970215,1.1012852191925049,1.0965512990951538,1.1002310514450073,0,1.1037120819091797,1.104770384208586,37.33522062699428,-0.0024490377570745014,-0.0040708387449320815,0.0027974502050513135,EURUSD
2020-02-07,1.0981045961380005,1.0986994504928589,1.0946906805038452,1.0982975959777832,0,1.102989637851715,1.1035935136211674,35.069744474206416,-0.0028232516730142265,-0.0017573176694883896,0.0026385579966937793,EURUSD
2020-02-10,1.0948705673217773,1.0961307287216187,1.090959906578064,1.0949305295944214,0,1.102229106426239,1.1020184256163044,31.486567339611128,-0.0033528632938844005,-0.0030657140611913825,0.0026723138327742766,EURUSD
2020-02-11,1.091226577758789,1.0927003622055054,1.089348316192627,1.0913456678390503,0,1.1011659741401671,1.100077924202258,28.184734778895077,-0.004015563783098974,-0.0032740540687078434,0.0027919802790621023,EURUSD
2020-02-12,1.0921800136566162,1.0924997329711914,1.0887079238891602,1.091941475868225,0,1.1001344919204712,1.0985985699597065,29.507824410981627,-0.004441483311830252,0.0005459388777842022,0.002807656016312726,EURUSD
2020-02-13,1.0876421928405762,1.0890873670578003,1.0835527181625366,1.0875948667526245,0,1.098725426197052,1.096597896649328,25.77678253452696,-0.005071303802971494,-0.003980624613736272,0.0029597426114440746,EURUSD
2020-02-14,1.0845986604690552,1.0862481594085693,1.0831302404403687,1.0845986604690552,0,1.0968940138816834,1.0944162173438237,23.564889374151562,-0.0057459738764527035,-0.002754891895100142,0.0028629574468172093,EURUSD
2020-02-17,1.0840578079223633,1.0854003429412842,1.0830246210098267,1.0841753482818604,0,1.0944136023521422,1.0925542411507394,23.261191922623965,-0.006242848850649185,-0.00039029385027244956,0.001510185431401378,EURUSD
2020-02-18,1.0837054252624512,1.0839003324508667,1.078690528869629,1.0840108394622803,0,1.0921854257583619,1.0910008953892012,23.13640052929148,-0.006574117994380346,-0.00015173635873644287,0.0016472694869143463,EURUSD
2020-02-19,1.0794706344604492,1.0808473825454712,1.0783600807189941,1.079540491104126,0,1.0896666526794434,1.0889171855191875,19.996952182653985,-0.00711534960855964,-0.004123896362855373,0.0017538790168519006,EURUSD
2020-02-20,1.080964207649231,1.0821000337600708,1.0779578685760498,1.081009864807129,0,1.0877445340156555,1.0874794908442675,23.66356458732956,-0.007341089870043671,0.0013611103197250785,0.00197280198512588,EURUSD
2020-02-21,1.078771948814392,1.0863661766052246,1.078771948814392,1.078799843788147,0,1.0857947587966919,1.0859013731977,22.028299137695257,-0.0076105907274781615,-0.002044404117788723,0.0019748601894429923,EURUSD
2020-02-24,1.0838581323623657,1.0863661766052246,1.0808473825454712,1.0839051008224487,0,1.0846922159194947,1.085538414584018,33.466424448826714,-0.007327750772845754,0.004732348696283584,0.002786870691342066,EURUSD
2020-02-25,1.084904670715332,1.088174819946289,1.083177089691162,1.0849199295043945,0,1.084049642086029,1.085425962751359,35.49219345022463,-0.006941690391906397,0.0009362707871527487,0.002723820079670469,EURUSD
2020-02-26,1.0881001949310303,1.090358018875122,1.085564136505127,1.0881996154785156,0,1.083675456047058,1.0859302632472054,41.6729711639445,-0.006298486478512277,0.00302297513846872,0.002942177009791728,EURUSD
2020-02-27,1.088565707206726,1.1005700826644897,1.088565707206726,1.0885894298553467,0,1.0837749123573304,1.0864137480850493,42.37964185029193,-0.005691677861279443,0.0003582195502427332,0.00265104811916242,EURUSD
2020-02-28,1.0995535850524902,1.10527765750885,1.095158338546753,1.0997228622436523,0,1.08528733253479,1.088833587022977,58.022594273164366,-0.004263258522086755,0.010227393434993237,0.003957457161320774,EURUSD
2020-03-02,1.1052532196044922,1.116407871246338,1.1037284135818481,1.1051311492919922,0,1.0873829126358032,1.091796780162798,63.242935933815865,-0.002664112112628292,0.00491786361275226,0.004046702559319436,EURUSD
2020-03-03,1.1144297122955322,1.120749592781067,1.1097301244735718,1.1144047975540161,0,1.090422308444977,1.095907328779383,70.10760511014293,-0.0006410811656532012,0.008391445909352147,0.004442338980649379,EURUSD
2020-03-04,1.1177304983139038,1.1185681819915771,1.109693169593811,1.118067979812622,0,1.0942750573158264,1.0999365380581536,72.30764839404806,0.001243440026146514,0.003287119964528351,0.003722918382949463,EURUSD
2020-03-05,1.113908290863037,1.1204482316970825,1.1121737957000732,1.113908290863037,0,1.0975648999214171,1.1024768567499506,66.3371026965624,0.0023739194479470704,-0.0037204257922510697,0.004345010388331505,EURUSD
2020-03-06,1.1223849058151245,1.135473370552063,1.1213905811309814,1.1223849058151245,0,1.101923406124115,1.1060965020345277,71.50128283640016,0.0039087666897186235,0.007609796086103238,0.0041658105400390845,EURUSD
2020-03-09,1.1386150121688843,1.1495838165283203,1.1356796026229858,1.1386020183563232,0,1.1073930978775024,1.1120065959112178,78.34562008684591,0.006360410780550163,0.014448797785124423,0.005331733558837318,EURUSD
2020-03-10,1.1397439241409302,1.1422958374023438,1.1334141492843628,1.1397960186004639,0,1.1128807067871094,1.1170592182183534,78.75026599792824,0.00830397912440306,0.0010486546000192387,0.005322448446152261,EURUSD
2020-03-11,1.1316184997558594,1.1365960836410522,1.1259005069732666,1.1316505670547485,0,1.1172258019447328,1.1197121907340617,69.24405731509538,0.00908230600412363,-0.007146411649794127,0.006560919788684093,EURUSD
2020-03-12,1.1260753870010376,1.1332857608795166,1.1080824136734009,1.1261515617370605,0,1.120982015132904,1.1208829854618796,63.65733097479064,0.009149937112418183,-0.004859278542138523,0.007065647485618121,EURUSD
2020-03-13,1.118355631828308,1.1221328973770142,1.1065373420715332,1.1184931993484497,0,1.1228590488433838,1.1204484788958013,56.785834043575186,0.008487728164982888,-0.006800472200027885,0.007291165669113857,EURUSD
2020-03-16,1.1159594058990479,1.1235400438308716,1.1088687181472778,1.115536093711853,0,1.1238995432853698,1.1195553179532653,54.3463987024217,0.0076362827774349995,-0.0026438297866444582,0.007314475612123359,EURUSD
2020-03-17,1.1163331270217896,1.1189061403274536,1.0957943201065063,1.1163206100463867,0,1.124091124534607,1.1189671892429236,54.89993525245292,0.0069447552694050785,0.0007032639633588467,0.006835092182373431,EURUSD
2020-03-18,1.1016855239868164,1.1045000553131104,1.0831888914108276,1.101552128791809,0,1.1224395394325257,1.1158008146154481,44.06785834984209,0.00514570523831126,-0.013229605475047146,0.007914611677344753,EURUSD
2020-03-19,1.0943433046340942,1.0945589542388916,1.0697933435440063,1.0961546897888184,0,1.1206641793251038,1.1122287919196971,40.892314019385914,0.003246987655439959,-0.0048998489149221225,0.007960709824050498,EURUSD
2020-03-20,1.0658481121063232,1.0829894542694092,1.0654505491256714,1.0657345056533813,0,1.1149991393089294,1.1037752853258214,28.449279897984113,-0.0007042956542568923,-0.027751725571960706,0.010780841862076953,EURUSD
2020-03-23,1.0687528848648071,1.0824854373931885,1.0660412311553955,1.0694386959075928,0,1.1080828070640565,1.0975322690679616,31.194784000868665,-0.0034965133193045617,0.0034757157946578854,0.008975888780416653,EURUSD
2020-03-24,1.0764726400375366,1.0888501405715942,1.0753382444381714,1.0764610767364502,0,1.101749312877655,1.093701143189505,36.193396724163016,-0.005084112012760045,0.006566417369906263,0.009618311946627786,EURUSD
2020-03-25,1.0801235437393188,1.0849517583847046,1.0770175457000732,1.080263614654541,0,1.0966106176376342,1.0912579561831477,38.78666832616073,-0.005966682186385741,0.003532443485666059,0.010019230087697287,EURUSD
2020-03-26,1.0887553691864014,1.1025480031967163,1.0876539945602417,1.0889569520950317,0,1.0928911566734314,1.09083959180349,44.35477968430163,-0.005896672558658889,0.008047422242644764,0.010782991978108572,EURUSD
2020-03-27,1.1046184301376343,1.1086474657058716,1.0955182313919067,1.1048258543014526,0,1.0915244221687317,1.0933825486213014,52.79567832909311,-0.004508727830341508,0.014572570730083445,0.01205520617365116,EURUSD
2020-03-30,1.1135361194610596,1.1137841939926147,1.1012245416641235,1.113908290863037,0,1.09136164188385,1.0971145017561623,56.831805798207604,-0.0026454003792502068,0.008220695167680647,0.012391766598864628,EURUSD
2020-03-31,1.1028398275375366,1.1043622493743896,1.0929678678512573,1.1030466556549072,0,1.0900342464447021,1.0981930751922977,51.194355623436344,-0.002021836662044141,-0.00975092410858569,0.012754368624467938,EURUSD
2020-04-01,1.1028155088424683,1.1037527322769165,1.0918699502944946,1.102657437324524,0,1.0901447772979735,1.0990047773981568,50.999130015308964,-0.0015412974722175399,-0.0003528575408736634,0.012025313750432462,EURUSD
2020-04-02,1.0950982570648193,1.0962989330291748,1.0844340324401855,1.0953621864318848,0,1.0900655269622803,1.098342488131562,47.354078086928645,-0.0017291993465839983,-0.006616062836650616,0.012117537877355254,EURUSD
2020-04-03,1.084386944770813,1.085894227027893,1.0776199102401733,1.0847399234771729,0,1.0919660687446595,1.0958692945580366,42.5817928412606,-0.0027040699471434504,-0.009697489183293495,0.00825296786135327,EURUSD
2020-04-06,1.0808240175247192,1.083435297012329,1.0769248008728027,1.0806955099105835,0,1.0930917501449584,1.093110424622136,40.892010880416905,-0.00375967312443648,-0.003728463827186168,0.008403479399970677,EURUSD
2020-04-07,1.0801936388015747,1.0923351049423218,1.0791398286819458,1.0803803205490112,0,1.0934836745262146,1.0907958602452041,40.75627275033201,-0.004569010683928676,-0.0002916541788892113,0.0081828748601478,EURUSD
2020-04-08,1.0894314050674438,1.0896213054656982,1.083177089691162,1.0895144939422607,0,1.0944087624549865,1.0905628845537598,46.317591311099626,-0.004422386556047542,0.008454590683961927,0.008533201580576952,EURUSD
2020-04-09,1.0861183404922485,1.0943553447723389,1.0841801166534424,1.0863661766052246,0,1.094149684906006,1.0897998467449352,44.7580374886171,-0.004508260356747007,-0.0028896516334027122,0.008208008475660207,EURUSD
2020-04-10,1.0925976037979126,1.0954102277755737,1.0921083688735962,1.0927408933639526,0,1.0929411888122558,1.0903345824938473,48.53654602011837,-0.004015639799826776,0.00586792639167788,0.006808642112355793,EURUSD
2020-04-13,1.093135118484497,1.0968520641326904,1.089360237121582,1.0932666063308716,0,1.0908770203590392,1.0908676777369426,48.84728268275928,-0.003541984029381995,0.00048109572004806367,0.006029440284981082,EURUSD
2020-04-14,1.0919533967971802,1.0983941555023193,1.0915720462799072,1.0922993421554565,0,1.0898022890090941,1.0911279803584906,48.26978528622227,-0.003207682388133515,-0.0008847468401703695,0.005352831104706587,EURUSD
2020-04-15,1.0982372760772705,1.0989010334014893,1.0857645273208618,1.098538875579834,0,1.0893904328346253,1.0924754158532803,52.19592906013592,-0.0024114698047190686,0.005712292577293665,0.005758250041674899,EURUSD
2020-04-16,1.0903817415237427,1.0907741785049438,1.0829660892486572,1.0905101299285889,0,1.0889052271842956,1.0921180911397,47.22876219971307,-0.002400645128300294,-0.007308567616241546,0.005845362746189692,EURUSD
2020-04-17,1.0860122442245483,1.0893245935440063,1.0812681913375854,1.0858471393585205,0,1.0890159487724305,1.0909779180885764,44.57555943998071,-0.002736782932954318,-0.004275971806308454,0.0050931721655767615,EURUSD
2020-04-20,1.0866258144378662,1.0897043943405151,1.084304690361023,1.0866966247558594,0,1.089616060256958,1.0901995011189913,45.179759655804695,-0.0029011851364375563,0.0007823250313490071,0.0049115948430438665,EURUSD
2020-04-21,1.0863542556762695,1.0879971981048584,1.0817945003509521,1.0864840745925903,0,1.0902264356613158,1.089523969023282,45.047435285341415,-0.003013883911319626,-0.00019559291749593477,0.004909827366509059,EURUSD
2020-04-22,1.0857409238815308,1.0883169174194336,1.0824267864227295,1.0856467485427856,0,1.0898396611213683,1.08881901984501,44.49456816904593,-0.003134629657307819,-0.0007706749407427882,0.004057343923816458,EURUSD
2020-04-23,1.0806838274002075,1.0843987464904785,1.0758357048034668,1.080964207649231,0,1.089299464225769,1.08739087217305,41.43218068576483,-0.003567044775647066,-0.004313134912290573,0.004179547862084444,EURUSD
2020-04-24,1.0776326656341553,1.0817711353302002,1.0727657079696655,1.077702283859253,0,1.0877956032752991,1.0856293106614505,39.3979344865396,-0.004125391911145915,-0.0030176057328222816,0.0035789338021536073,EURUSD
2020-04-27,1.08236825466156,1.0860357284545898,1.081221342086792,1.08236825466156,0,1.0867057681083678,1.085036391388743,43.659227597239074,-0.004143616162293862,0.004329554527432444,0.003985054400228937,EURUSD
2020-04-28,1.0827198028564453,1.0889687538146973,1.0811277627944946,1.0824854373931885,0,1.085724377632141,1.0845725815713694,43.76617196416424,-0.004101325814518608,0.00010826512245132314,0.004000427665830809,EURUSD
2020-04-29,1.0832358598709106,1.0874292850494385,1.0831655263900757,1.0836584568023682,0,1.0842363357543945,1.0844063770679147,44.893789772348356,-0.0039278793975576765,0.0010836352792000792,0.003368940690696993,EURUSD
2020-04-30,1.0876659154891968,1.0969964265823364,1.0835645198822021,1.087725043296814,0,1.0839578270912171,1.0850097709277144,48.731929239572615,-0.003422826109526822,0.003752645927246556,0.0029929048863296453,EURUSD
2020-05-01,1.0944750308990479,1.101624846458435,1.0935415029525757,1.094546914100647,0,1.0848278045654296,1.0867437969591567,54.461910164456285,-0.0024439277016805594,0.006271686807133081,0.0032634487315046554,EURUSD
2020-05-04,1.0957462787628174,1.0957822799682617,1.0901321172714233,1.0959625244140625,0,1.08575439453125,1.088419929223685,55.57157551391878,-0.001536207297862635,0.0012933299570614398,0.003267085843310381,EURUSD
2020-05-05,1.090453028678894,1.092132329940796,1.0826963186264038,1.0904293060302734,0,1.0861489176750183,1.0887852704612464,50.40168821909442,-0.001248920045739288,-0.005048729550992004,0.003763154316323151,EURUSD
2020-05-06,1.0840108394622803,1.084481120109558,1.0784229040145874,1.0838581323623657,0,1.0859700560569763,1.0878894271705408,45.04248169061022,-0.0015338009237579886,-0.006026226213444508,0.004272507344454796,EURUSD
2020-05-07,1.0800535678863525,1.08157217502594,1.0767507553100586,1.0798553228378296,0,1.0858591675758362,1.0864286809282295,42.10550213148149,-0.002058831420758356,-0.0036931120457727173,0.0042095214162601036,EURUSD
2020-05-08,1.0836936235427856,1.0873347520828247,1.0816305875778198,1.0837171077728271,0,1.0864606499671936,1.0859356676272474,45.77879551867395,-0.0021386550185138464,0.0035762058614008385,0.004217218490100342,EURUSD
2020-05-11,1.0840108394622803,1.0853049755096436,1.0804269313812256,1.0839520692825317,0,1.0866190314292907,1.0855750133827535,46.0032762448801,-0.0021580793690463285,0.0002168107414928233,0.004004442361237054,EURUSD
2020-05-12,1.080917477607727,1.08804452419281,1.078539252281189,1.080940842628479,0,1.0864645719528199,1.0847324368819762,43.516724497677316,-0.002388916193074353,-0.0027780072010433754,0.00411066873901449,EURUSD
2020-05-13,1.0846339464187622,1.0893363952636719,1.0831419229507446,1.0846810340881348,0,1.0865668296813964,1.0847230909194596,47.32516352653824,-0.0022441842869918016,0.003460125949687365,0.0042551185115977195,EURUSD
2020-05-14,1.0821925401687622,1.0824854373931885,1.0776559114456177,1.08236825466156,0,1.086031150817871,1.0842949388725687,45.2915456994097,-0.0022897108186823445,-0.0021322207671115034,0.004098254783530351,EURUSD
2020-05-15,1.0806254148483276,1.0849517583847046,1.079086184501648,1.0806955099105835,0,1.0846460103988647,1.0836404972431168,43.824726534795886,-0.002432724510897488,-0.0015454488283191958,0.003341761959922005,EURUSD
2020-05-18,1.081946611404419,1.0912741422653198,1.0800886154174805,1.0821340084075928,0,1.0832631587982178,1.0833665901821123,45.46054332079353,-0.0024022969023484997,0.0013310858459365527,0.003344996759789969,EURUSD
2020-05-19,1.0915838479995728,1.0975141525268555,1.090274691581726,1.0915124416351318,0,1.0833714723587036,1.0848476540826613,54.718512165538684,-0.0016029438814610941,0.00866660982343559,0.004297046571112675,EURUSD
2020-05-20,1.0930156707763672,1.0999042987823486,1.0929200649261475,1.0927767753601074,0,1.0842633366584777,1.0862893124967423,55.80761396004248,-0.0008575444496403684,0.0011583319408448034,0.0037193213719529205,EURUSD
2020-05-21,1.0979359149932861,1.1008729934692383,1.093948245048523,1.0982975959777832,0,1.086107563972473,1.0884726367660225,60.29802868911072,0.00017663788324950858,0.00505210281016133,0.0035635374007192233,EURUSD
2020-05-22,1.0952422618865967,1.0955302715301514,1.0886130332946777,1.0952903032302856,0,1.087264883518219,1.0897122124867975,56.90604201594096,0.000744983732485105,-0.002738140153006774,0.003748867970175488,EURUSD
2020-05-25,1.0909050703048706,1.0914647579193115,1.0872046947479248,1.0907801389694214,0,1.0879476904869079,1.0899063809381837,52.16642315769349,0.0008219939156921541,-0.004117779777254138,0.004093148390736555,EURUSD
2020-05-26,1.0901083946228027,1.0991548299789429,1.0898351669311523,1.0902997255325317,0,1.0888835787773132,1.089977898137156,51.672733594838306,0.0008346384982740318,-0.0004404310453832716,0.0039404338142908606,EURUSD
2020-05-27,1.098056435585022,1.1029858589172363,1.0936611890792847,1.0981770753860474,0,1.0902331829071046,1.0914686576369543,58.59250183009931,0.001463426253588418,0.007224939774856942,0.004371709973416043,EURUSD
2020-05-28,1.1015278100967407,1.1071866750717163,1.0993118286132812,1.1016855239868164,0,1.0921649098396302,1.0933262697005655,61.253539497201885,0.002219265252217051,0.0031947931525848627,0.004236814275270295,EURUSD
2020-05-29,1.1078122854232788,1.114466905593872,1.1070396900177002,1.1079105138778687,0,1.0948864102363587,1.095977950460075,65.49106046108447,0.003282736421913679,0.005650423605935151,0.0042205703246906015,EURUSD
2020-06-01,1.1114568710327148,1.115200161933899,1.1101489067077637,1.1118524074554443,0,1.0978582501411438,1.098864215368324,67.88615704435574,0.004392983277044626,0.0035579530369997947,0.0042108851089465585,EURUSD
2020-06-02,1.1125574111938477,1.1195701360702515,1.1115680932998657,1.1125946044921875,0,1.0999664664268494,1.101360649754481,68.3318270740096,0.005271978915454056,0.0006675319779554378,0.003682541332729688,EURUSD
2020-06-03,1.1185681819915771,1.1249985694885254,1.118105411529541,1.118943691253662,0,1.1025831580162049,1.1045575663906957,71.92162388037447,0.006407051035744793,0.005706559007063072,0.0038547287459880213,EURUSD
2020-06-04,1.123721718788147,1.1360538005828857,1.1195951700210571,1.1235954761505127,0,1.1051129460334779,1.1080190045288443,74.2268201557712,0.0075944202837470165,0.0041573002584596175,0.0037956330771113057,EURUSD
2020-06-05,1.1337226629257202,1.1383945941925049,1.1285662651062012,1.1337867975234985,0,1.108962595462799,1.1127040578005996,78.40901234774422,0.009251132137049423,0.00907027625983492,0.003894363240763727,EURUSD
2020-06-08,1.1316057443618774,1.131874680519104,1.126950979232788,1.1319515705108643,0,1.1130797386169433,1.1162036055661022,76.01685437350135,0.010297299871397714,-0.0016186702973106648,0.0034026853104368667,EURUSD
2020-06-09,1.1302883625030518,1.1363377571105957,1.1243661642074585,1.1305567026138306,0,1.1171054363250732,1.11881325957478,74.16481689392458,0.010888327296876943,-0.001232268175929252,0.003517461756667447,EURUSD
2020-06-10,1.1334141492843628,1.1388872861862183,1.1334141492843628,1.1332215070724487,0,1.1206098794937134,1.1214329409379924,75.39799912190074,0.011439876464001353,0.002357072805333038,0.0032957334173670506,EURUSD
2020-06-11,1.1368675231933594,1.1400169134140015,1.1326054334640503,1.1365444660186768,0,1.1240957736968995,1.1241804909526623,76.8799980596218,0.012006712263424646,0.0029323119315063373,0.0032963919134591474,EURUSD
2020-06-12,1.1289358139038086,1.1339796781539917,1.1234692335128784,1.1288082599639893,0,1.1261855483055114,1.1250219035001763,66.79230962537866,0.011696852509169409,-0.006806778164859195,0.004403739588892057,EURUSD
2020-06-15,1.1254163980484009,1.12920343875885,1.1228764057159424,1.1252011060714722,0,1.1275204181671143,1.1250544857858664,62.66359443571049,0.01103303726288063,-0.003195541723474027,0.004629724771268187,EURUSD
2020-06-16,1.13379967212677,1.1349835395812988,1.1231664419174194,1.1337740421295166,0,1.1296383619308472,1.12663985966653,67.76374140851613,0.011071102413434453,0.007619025622873643,0.005043639114997235,EURUSD
2020-06-17,1.12649405002594,1.1296881437301636,1.1210259199142456,1.1265701055526733,0,1.1304010033607483,1.1266271771003742,60.308622504016,0.0104000861245368,-0.006353943827565933,0.005457013270424249,EURUSD
2020-06-18,1.1241259574890137,1.1262530088424683,1.1204607486724854,1.1242902278900146,0,1.1304704785346984,1.126202277243945,58.129023640514845,0.00957397102909674,-0.0020237334999584355,0.005370373346458985,EURUSD
2020-06-19,1.1207244396209717,1.1252998113632202,1.1173933744430542,1.1211000680923462,0,1.1292018055915833,1.1252746028527452,55.12678371344685,0.008563139092637506,-0.002837487793214688,0.004383693753570934,EURUSD
2020-06-22,1.1179429292678833,1.1267732381820679,1.1175556182861328,1.1177555322647095,0,1.1277822017669679,1.123907499109466,52.089332848982444,0.007406790539729702,-0.0029832625318877426,0.00442215024975908,EURUSD
2020-06-23,1.1277135610580444,1.1348998546600342,1.1234314441680908,1.1279679536819458,0,1.1275233268737792,1.1246457635771896,59.43850067087098,0.007231077677832598,0.009136542940248127,0.005509370568796978,EURUSD
2020-06-24,1.1313625574111938,1.1326310634613037,1.1259866952896118,1.1312345266342163,0,1.127324628829956,1.125843720496649,61.47416570112529,0.007271586780198902,0.002895980281716115,0.005539882657816443,EURUSD
2020-06-25,1.1251378059387207,1.1259993314743042,1.119144082069397,1.1250872611999512,0,1.1261789083480835,1.1257061824427037,55.798828328090664,0.006730077446496674,-0.005434121121245528,0.0056513389041050865,EURUSD
2020-06-26,1.1220825910568237,1.1238985061645508,1.1197832822799683,1.1222084760665894,0,1.1255189299583435,1.1250702358288647,53.31642672044825,0.0059994752804330975,-0.00255872164999138,0.0053159179527223314,EURUSD
2020-06-29,1.1224100589752197,1.1289230585098267,1.1220574378967285,1.1225864887237549,0,1.1252574682235719,1.1246186454461173,53.60828309518966,0.005388850943143897,0.000336847087887282,0.005239135754506806,EURUSD
2020-06-30,1.124707579612732,1.126164197921753,1.1192318201065063,1.1247202157974243,0,1.1243520855903626,1.1246371127827186,55.3067769400638,0.005019242001649715,0.0019007239932979925,0.004555958904225097,EURUSD
2020-07-01,1.123368263244629,1.1274592876434326,1.1189186573028564,1.1235954761505127,0,1.1240546226501464,1.1244477243041358,54.18070533845244,0.004582740186746648,-0.0010000172763980908,0.004123829292463588,EURUSD
2020-07-02,1.1253403425216675,1.1303266286849976,1.1227755546569824,1.1251378059387207,0,1.124139380455017,1.124573193692242,55.518163756353864,0.004311561480833559,0.0013726735475050322,0.004101934157775216,EURUSD
2020-07-03,1.123974323272705,1.125112533569336,1.122107744216919,1.1237848997116089,0,1.1244078636169434,1.124429867513945,54.028360862269174,0.00394204078451299,-0.0012024360215885377,0.004004009204835186,EURUSD
2020-07-06,1.1248847246170044,1.1346874237060547,1.1248847246170044,1.1247202157974243,0,1.1251043319702148,1.1244826581109413,54.92882819212962,0.0036822188351584018,0.0008322910247819948,0.003840505624404384,EURUSD
2020-07-07,1.131029725074768,1.1336582899093628,1.126037359237671,1.1312856674194336,0,1.1254361033439637,1.1257195688943034,60.74181193362108,0.003960431752546345,0.005837408743786465,0.003098375961730685,EURUSD
2020-07-08,1.1272813081741333,1.1345586776733398,1.1265194416046143,1.1275228261947632,0,1.1250649333000182,1.1260474338580233,56.26303545099316,0.0038331020402404548,-0.0033261636145835993,0.0031431360411149235,EURUSD
2020-07-09,1.1337867975234985,1.137268304824829,1.1287955045700073,1.1339154243469238,0,1.1259477496147157,1.127477977583278,61.46189618209875,0.0041996110693443,0.0056695953320384795,0.0030983453978961255,EURUSD
2020-07-10,1.1289230585098267,1.1324771642684937,1.1257203817367554,1.1287955045700073,0,1.1266064524650574,1.1277175279445013,55.746485140791194,0.0040304765535965625,-0.004515257193776434,0.003381845665698014,EURUSD
2020-07-13,1.1308763027191162,1.1370484828948975,1.130454421043396,1.1310042142868042,0,1.1274482250213622,1.1283151072794655,57.579141900386304,0.0040282257673438515,0.001956696060406715,0.0034070428057830743,EURUSD
2020-07-14,1.1345844268798828,1.140706181526184,1.1326310634613037,1.134549617767334,0,1.1284311652183532,1.129448654640896,60.41311912142892,0.004263380833343655,0.003134739407461451,0.003474921357569489,EURUSD
2020-07-15,1.1410835981369019,1.1452995538711548,1.1393544673919678,1.1410704851150513,0,1.1301786661148072,1.131561714727106,65.03928869789327,0.004919216746599009,0.005747538270340025,0.0037168659728514094,EURUSD
2020-07-16,1.1417349576950073,1.1442996263504028,1.1379542350769043,1.1417193412780762,0,1.1318368196487427,1.1334085559181915,65.47167657275668,0.005428749458062265,0.0005686381091167814,0.0037298190683024883,EURUSD
2020-07-17,1.1386499404907227,1.144164800643921,1.1378893852233887,1.139211654663086,0,1.1333794951438905,1.1344636647808994,62.26646313012625,0.0055660465309979035,-0.0021964124845104127,0.0038210880676372515,EURUSD
2020-07-20,1.1439553499221802,1.1467890739440918,1.1405240297317505,1.1442956924438477,0,1.1353370428085328,1.1362513061741626,65.91020856596231,0.006015749000498172,0.004462768406512829,0.003934998047694448,EURUSD
2020-07-21,1.1457641124725342,1.1498006582260132,1.1426221132278442,1.1458691358566284,0,1.1367953896522522,1.1380000024800654,66.97316274205073,0.006425041304396917,0.001375032190692238,0.0036614675283283956,EURUSD
2020-07-22,1.1535090208053589,1.160092830657959,1.1508538722991943,1.15340256690979,0,1.139383363723755,1.1408004687400153,71.54758004951931,0.0072734495318702574,0.006574425313873089,0.0036134980840069266,EURUSD
2020-07-23,1.156671166419983,1.1624257564544678,1.15421462059021,1.1568717956542969,0,1.1416790008544921,1.1437225281789756,73.37635833231188,0.008132016110997897,0.0030078212447555153,0.003429226362276672,EURUSD
2020-07-24,1.1595009565353394,1.1640088558197021,1.1581714153289795,1.1596084833145142,0,1.144760298728943,1.1466108836581643,74.75482783921325,0.008930320952315052,0.00236559286041671,0.0025522798534912705,EURUSD
2020-07-27,1.1652567386627197,1.1779533624649048,1.1652567386627197,1.1652567386627197,0,1.1481855511665344,1.150001039113538,77.36023385888478,0.009904576500185502,0.004870829620063688,0.002623395111545408,EURUSD
2020-07-28,1.1766505241394043,1.1775789260864258,1.1700997352600098,1.1769275665283203,0,1.152423346042633,1.1548967713707712,81.58846799016806,0.011486015673691341,0.010015670777406838,0.0034404310957028977,EURUSD
2020-07-29,1.17205810546875,1.1778993606567383,1.1714951992034912,1.171879529953003,0,1.1555042505264281,1.1579845456584497,75.05875682926019,0.012191447827282209,-0.004289165041998277,0.004158955263276377,EURUSD
2020-07-30,1.1786893606185913,1.1807351112365723,1.17326819896698,1.1782865524291992,0,1.1591609716415405,1.1616758196167678,77.5180872842369,0.013116304466205042,0.005467304712160281,0.00417169824318073,EURUSD
2020-07-31,1.1873664855957031,1.1907994747161865,1.180261254310608,1.1872254610061646,0,1.1639623522758484,1.1663212089602943,80.41906939621657,0.014404509018894451,0.007586362212601561,0.003913700448811843,EURUSD
2020-08-03,1.1784114837646484,1.1787587404251099,1.1701380014419556,1.1782310009002686,0,1.1673558831214905,1.1684866256766533,70.55382906483482,0.014532125352082037,-0.0075760337032135805,0.005381136573102099,EURUSD
2020-08-04,1.1760554313659668,1.1804981231689453,1.1724153757095337,1.1763322353363037,0,1.170402193069458,1.169913100160226,68.63955542594383,0.014315032914552939,-0.0016115393013034218,0.0055576155170432755,EURUSD
2020-08-05,1.1814883947372437,1.190532922744751,1.1799967288970947,1.181544303894043,0,1.1732163667678832,1.1720278644754656,70.96808903034298,0.014397589517510134,0.004430779333569168,0.0054288970600561174,EURUSD
2020-08-06,1.1873664855957031,1.1911852359771729,1.182075023651123,1.187281847000122,0,1.1762573719024658,1.1748013158435848,73.3168455286175,0.01475589126883059,0.0048559695029375405,0.005482073438265442,EURUSD
2020-08-07,1.1875073909759521,1.1883541345596313,1.1756545305252075,1.1876484155654907,0,1.1790613651275634,1.1771371521566587,73.46455308709722,0.01489769564594745,0.0003087460372570572,0.005530698402789659,EURUSD
2020-08-10,1.1782448291778564,1.1801999807357788,1.174300193786621,1.1782727241516113,0,1.1803629636764525,1.1773436197921046,63.745035987954445,0.01409110322866769,-0.007894332439634666,0.0063159533791849985,EURUSD
2020-08-11,1.1737639904022217,1.1804981231689453,1.1723191738128662,1.1737778186798096,0,1.1800479888916016,1.1766952923171417,59.6691797575369,0.012940007271752929,-0.0038148260412615986,0.00563098614120139,EURUSD
2020-08-12,1.1739845275878906,1.181265115737915,1.1713030338287354,1.1736538410186768,0,1.180225419998169,1.176142301171966,59.556068438817206,0.011880797038846147,-0.00010562276706871376,0.0054503676584667735,EURUSD
2020-08-13,1.1796486377716064,1.186400055885315,1.179467797279358,1.179380178451538,0,1.180334782600403,1.176731006131888,63.04100100037203,0.011372339619801553,0.00487906845504904,0.005389615497289262,EURUSD
2020-08-14,1.1818934679031372,1.183800458908081,1.178467035293579,1.1816558837890625,0,1.1797778248786925,1.1776264384331925,64.35549140104732,0.01102591398086794,0.001929577399301552,0.004779582440531101,EURUSD
2020-08-17,1.185044765472412,1.1880717277526855,1.183039903640747,1.1852554082870483,0,1.1804802656173705,1.1790135238611663,66.39159074796504,0.01091598799600546,0.003046169826061096,0.004162905634464705,EURUSD
2020-08-18,1.187930703163147,1.1965157985687256,1.1875356435775757,1.1876484155654907,0,1.1816118836402894,1.1805835041710435,67.712065686372,0.010896360092800927,0.002018980265106496,0.004106298175242822,EURUSD
2020-08-19,1.1947288513183594,1.1954572200775146,1.1893434524536133,1.1947859525680542,0,1.1829360485076905,1.1831657675159546,71.33028300882052,0.011326183233311804,0.006009806361055858,0.00428100261342319,EURUSD
2020-08-20,1.184174656867981,1.1868449449539185,1.1806515455245972,1.1843500137329102,0,1.1826428651809693,1.1833810850099464,60.63178987829906,0.010701369396626026,-0.008734567738023058,0.005052158761810338,EURUSD
2020-08-21,1.1870845556259155,1.1886366605758667,1.1754900217056274,1.1873664855957031,0,1.1826146721839905,1.1841057032982658,62.387810908784054,0.010330520192873838,0.002546942903547178,0.005127967988267184,EURUSD
2020-08-24,1.1799131631851196,1.1852554082870483,1.1786198616027832,1.1798018217086792,0,1.1827675819396972,1.1833231793728864,55.68031016387264,0.009318793125523417,-0.006370959580544899,0.004884638875659841,EURUSD
2020-08-25,1.1795234680175781,1.184413194656372,1.178480863571167,1.1794538497924805,0,1.1833351850509644,1.1826196649037217,55.385328541067054,0.008392173952654458,-0.0002949409890677934,0.004690932406133061,EURUSD
2020-08-26,1.1833338737487793,1.1839923858642578,1.1776067018508911,1.183501958847046,0,1.1843199968338012,1.1827800819843262,58.16219442252461,0.007893479038632467,0.0034321894453757107,0.004773496499180274,EURUSD
2020-08-27,1.1840205192565918,1.1898529529571533,1.1766228675842285,1.1842728853225708,0,1.1848092675209045,1.1830515007730977,58.68952485546144,0.007474307881379039,0.000651394338439415,0.004559035510597365,EURUSD
2020-08-28,1.1820470094680786,1.1920371055603027,1.1811953783035278,1.1819632053375244,0,1.1848399996757508,1.1828536288757205,56.39608970416112,0.00687647215673115,-0.0019502937318516267,0.004581656835362394,EURUSD
2020-08-31,1.1916537284851074,1.1963582038879395,1.188509464263916,1.1918240785598755,0,1.1854968667030334,1.184484619727385,63.037177809850256,0.007116340354226036,0.008342792041089897,0.005228830942468207,EURUSD
2020-09-01,1.1939157247543335,1.2011290788650513,1.1937304735183716,1.193901538848877,0,1.186122179031372,1.1861967868403835,64.27178049556505,0.007388896710311954,0.0017430930674866563,0.00522102974767181,EURUSD
2020-09-02,1.1923072338104248,1.1924351453781128,1.182410478591919,1.1923214197158813,0,1.1858757257461547,1.1873103564541103,62.56018205399412,0.007392184674296365,-0.0013234919979406845,0.004870232271768291,EURUSD
2020-09-03,1.1845955848693848,1.184805989265442,1.1789672374725342,1.184735894203186,0,1.1859143137931825,1.1868422724084877,54.9893952007794,0.00670540614735371,-0.006361980408355672,0.004447479883789212,EURUSD
2020-09-04,1.184370994567871,1.186352252960205,1.178175449371338,1.1839784383773804,0,1.18557550907135,1.1863215753119227,54.282975213339604,0.006030493091452538,-0.0006393457221240961,0.004361340220106292,EURUSD
2020-09-07,1.183656096458435,1.1848621368408203,1.1813768148422241,1.183445930480957,0,1.1859399199485778,1.1857987307972016,53.76010062720414,0.005390512225816213,-0.00044976148142794603,0.003809066217229578,EURUSD
2020-09-08,1.181921362876892,1.1828720569610596,1.1767197847366333,1.1821727752685547,0,1.1862118124961853,1.1851394661556294,52.45904970904189,0.004726110137780015,-0.0010758034478896006,0.003830899904138303,EURUSD
2020-09-09,1.1769136190414429,1.183053970336914,1.175364375114441,1.177024483680725,0,1.1855640649795531,1.1836640147965558,47.45749005201501,0.0037410184590900286,-0.0043549400692805,0.0039000428041750463,EURUSD
2020-09-10,1.1806375980377197,1.1914690732955933,1.1802891492843628,1.1806375980377197,0,1.185200536251068,1.1831137572040402,50.98916246315759,0.003214815942052418,0.0030697019536041203,0.004054182758065433,EURUSD
2020-09-11,1.1826202869415283,1.1876484155654907,1.1825922727584839,1.1824384927749634,0,1.185248064994812,1.1829909818532989,52.695873245455,0.0029095740522779856,0.001525357772983682,0.004045958854825034,EURUSD
2020-09-14,1.184356927871704,1.188800573348999,1.1833059787750244,1.1842728853225708,0,1.1844929456710815,1.1832240552113482,54.43637593905537,0.002783600193121183,0.0015513640318849387,0.0029091098197570765,EURUSD
2020-09-15,1.186690092086792,1.1900993585586548,1.1841466426849365,1.187000036239624,0,1.1838027954101562,1.1839105972164892,56.97113750410266,0.0028707312861040446,0.0023028061782486287,0.0029647278755587283,EURUSD
2020-09-16,1.1842728853225708,1.1883004903793335,1.1814604997634888,1.1844412088394165,0,1.1830147743225097,1.1840070720570213,53.93907035944439,0.0027021585174999974,-0.0021557096226498818,0.002999530189798851,EURUSD
2020-09-17,1.1804285049438477,1.1830118894577026,1.1741636991500854,1.1803449392318726,0,1.1825756788253785,1.183341229725176,49.40596766810376,0.0022125240603849683,-0.003458398421950948,0.0024820067698395486,EURUSD
2020-09-18,1.1852554082870483,1.1871000528335571,1.1831238269805908,1.1848200559616089,0,1.1826598405838014,1.1836101072227092,53.95839548752439,0.002160682739827724,0.0037913635082373887,0.0028029937710917375,EURUSD
2020-09-21,1.1845533847808838,1.187300205230713,1.17326819896698,1.1845533847808838,0,1.182770586013794,1.1837816122332863,53.64861171668982,0.0020741702407596208,-0.00022507314877340256,0.0027992214821648425,EURUSD
2020-09-22,1.1761800050735474,1.1773016452789307,1.169344425201416,1.176800012588501,0,1.1822333097457887,1.182512230479689,45.47408151456515,0.001364249900037473,-0.006545397017979959,0.0035004098892034343,EURUSD
2020-09-23,1.1707545518875122,1.172000527381897,1.1664936542510986,1.1708368062973022,0,1.1816145420074462,1.180389426082891,40.37813923099477,0.000316800129518402,-0.005067306447492315,0.003594690421128593,EURUSD
2020-09-24,1.1661943197250366,1.168100118637085,1.1629664897918701,1.1658544540405273,0,1.180136227607727,1.1777467038933702,36.679644831236104,-0.000904914259657108,-0.004255377205412025,0.0035273700541321516,EURUSD
2020-09-25,1.1673650741577148,1.168510913848877,1.1613458395004272,1.1673243045806885,0,1.1786248087882996,1.1758517222001552,38.47019956509955,-0.001734532450141657,0.001260749603063216,0.0035051292853377973,EURUSD
2020-09-28,1.1635076999664307,1.167965054512024,1.1616694927215576,1.1635348796844482,0,1.1765510082244872,1.1736122962882085,35.669741749646974,-0.0026670417654619527,-0.0032462486057818207,0.003401310947023662,EURUSD
2020-09-29,1.1677740812301636,1.1741636991500854,1.1666569709777832,1.167883276939392,0,1.1746393322944642,1.1725706564066054,40.979200782357296,-0.003020365900825883,0.003737229825137023,0.003615202865750398,EURUSD
2020-09-30,1.1742740869522095,1.1756407022476196,1.1686065196990967,1.1742050647735596,0,1.1736157178878783,1.1728678215642334,47.733134881764855,-0.0027584645169658195,0.005413030530529328,0.004229800828148486,EURUSD
2020-10-01,1.1723741292953491,1.1767003536224365,1.1718108654022217,1.1726078987121582,0,1.172842013835907,1.1728205628638562,46.291845883988564,-0.0026492448904411603,-0.001360210502676873,0.004137596101637223,EURUSD
2020-10-02,1.1744118928909302,1.1747002601623535,1.1697137355804443,1.1744946241378784,0,1.171809470653534,1.1731249376409512,48.278602539687824,-0.002382975121848263,0.0016089994172752142,0.003929653867357201,EURUSD
2020-10-05,1.172195553779602,1.1796625852584839,1.1719304323196411,1.1720443964004517,0,1.1705585718154907,1.1729284755972238,45.903758315804666,-0.002342662557168529,-0.0020861974904528013,0.003939882048870103,EURUSD
2020-10-06,1.178828239440918,1.1807351112365723,1.1767336130142212,1.1792453527450562,0,1.1708031058311463,1.1740769987150115,53.19121831916822,-0.0017099463658167835,0.006143927966141716,0.004017444064032558,EURUSD
2020-10-07,1.173736572265625,1.178139328956604,1.172540545463562,1.1737639904022217,0,1.1710958242416383,1.1740200881126859,47.90140484864549,-0.0016320016578803553,-0.004648194991886068,0.00395796198323275,EURUSD
2020-10-08,1.1765536069869995,1.1781338453292847,1.173529863357544,1.176747441291809,0,1.1721851229667664,1.1745159705088901,50.771099083016104,-0.00131433947491022,0.0025417808980194856,0.003670162310992684,EURUSD
2020-10-09,1.1767059564590454,1.1824523210525513,1.1758756637573242,1.1767003536224365,0,1.173122727870941,1.1749131310749894,50.723610112639406,-0.0010542369009103325,-4.001510240880801e-05,0.0036804292151258527,EURUSD
2020-10-12,1.1813349723815918,1.182732105255127,1.1788004636764526,1.181683897972107,0,1.174937629699707,1.176144179601738,55.470802894666754,-0.00044089103981548305,0.004235185563026933,0.0035220780533295622,EURUSD
2020-10-13,1.1814186573028564,1.1814186573028564,1.1735711097717285,1.1816140413284302,0,1.1763107061386109,1.1771386999156819,55.3902492163041,3.910237880977441e-05,-5.911618479070846e-05,0.0034648061478104214,EURUSD
2020-10-14,1.1743981838226318,1.177024483680725,1.1721680164337158,1.1742188930511475,0,1.1763120889663696,1.1766078259403119,47.52260025854297,-0.00017520637092593994,-0.006258514217526323,0.0038255831710950336,EURUSD
2020-10-15,1.1747568845748901,1.1760554313659668,1.1690163612365723,1.1743981838226318,0,1.176491117477417,1.1762060728280064,47.71649769173802,-0.00032681303500581294,0.00015268939423940253,0.0037952681107249367,EURUSD
2020-10-16,1.1705764532089233,1.1746740341186523,1.169494867324829,1.1707134246826172,0,1.176112997531891,1.1752074095288445,44.10933204872292,-0.0007358097199128277,-0.003137572239784059,0.003889429462276518,EURUSD
2020-10-19,1.1715638637542725,1.1795234680175781,1.1704941987991333,1.1715501546859741,0,1.1760635733604432,1.174542454102868,45.12380950791619,-0.000981115729530302,0.0007147180392022001,0.0038483906546672754,EURUSD
2020-10-20,1.1768028736114502,1.1839923858642578,1.1762629747390747,1.176885962486267,0,1.1758276343345642,1.1749685465362132,51.20611238035882,-0.0007364777560787683,0.0045544851656165175,0.003588886571726472,EURUSD
2020-10-21,1.1829279661178589,1.1882128715515137,1.1829279661178589,1.1829839944839478,0,1.1767496347427369,1.1764259007085285,57.063274115682134,-4.996422428793501e-05,0.005181497776384436,0.0035796298846010708,EURUSD
2020-10-22,1.1851290464401245,1.1869436502456665,1.1813349723815918,1.1853959560394287,0,1.1776144862174989,1.178056819859601,59.151892521121965,0.0006808790853789493,0.002038879280469974,0.0035557141558100708,EURUSD
2020-10-23,1.181404709815979,1.1859582662582397,1.1788004636764526,1.1815024614334106,0,1.1780946969985961,1.1786833001457482,54.539804054428544,0.0009351256518985718,-0.003284551955978321,0.003775833905446201,EURUSD
2020-10-26,1.1848341226577759,1.1851009130477905,1.1804006099700928,1.1848480701446533,0,1.1784111142158509,1.1798041674182764,57.59911853567638,0.0013905511422123151,0.0028316561500716375,0.0036417069007082343,EURUSD
2020-10-27,1.1809443235397339,1.183800458908081,1.179940938949585,1.1809443235397339,0,1.1783441424369812,1.1800114685312686,53.10810102437065,0.0014201092628096657,-0.0032947233516975594,0.0038141898078713366,EURUSD
2020-10-28,1.17816162109375,1.178828239440918,1.1719304323196411,1.1784114837646484,0,1.1787634015083313,1.1797205622100648,50.3642407985341,0.001225033856572244,-0.0021447579912096115,0.0032503613418756565,EURUSD
2020-10-29,1.1747430562973022,1.1759172677993774,1.165623426437378,1.1748672723770142,0,1.1788103103637695,1.178838145876783,46.72627233591128,0.0007755073864996742,-0.003007617828291731,0.0034219965714782858,EURUSD
2020-10-30,1.1676785945892334,1.1703435182571411,1.1643069982528687,1.1678695678710938,0,1.1785259246826172,1.1768438589666577,40.505164807679535,-0.000143744849915306,-0.005956166003128649,0.0038076306406910373,EURUSD
2020-11-02,1.164252758026123,1.1656994819641113,1.162439227104187,1.1642121076583862,0,1.1777921199798584,1.1745471769106084,37.68131667787429,-0.0011540818059558866,-0.0031317368936795154,0.0038941452233973,EURUSD
2020-11-03,1.1642799377441406,1.1741995811462402,1.163805603981018,1.1642799377441406,0,1.1765315175056457,1.1726804061530687,37.7679674341171,-0.0019270934677400042,5.826265274877507e-05,0.0034661974483523837,EURUSD
2020-11-04,1.1764568090438843,1.176885962486267,1.1607661247253418,1.176221489906311,0,1.1758552670478821,1.173324239562749,50.7509634685766,-0.0015581657542897975,0.010256598756917423,0.00465206131060007,EURUSD
2020-11-05,1.1729930639266968,1.1856770515441895,1.1712756156921387,1.17326819896698,0,1.1746424913406373,1.1733140503635182,48.079489639290095,-0.0014869531106580514,-0.0025108289252275817,0.0045913634431001046,EURUSD
2020-11-06,1.1814186573028564,1.1890605688095093,1.1796208620071411,1.1817537546157837,0,1.1746676206588744,1.1748485420457482,55.35175563245789,-0.0007373039721740859,0.007232409142491791,0.005181216513142687,EURUSD
2020-11-09,1.1893151998519897,1.1919234991073608,1.179746150970459,1.1893010139465332,0,1.1751129150390625,1.1774762642095271,60.633220130758595,0.00046049087179400594,0.006386490672249501,0.005506294606941948,EURUSD
2020-11-10,1.1823265552520752,1.184356927871704,1.178078293800354,1.182732105255127,0,1.175291693210602,1.1784318716723634,54.58143420417236,0.0008696708582460744,-0.005523335652097172,0.005713160479650437,EURUSD
2020-11-11,1.1819632053375244,1.1832919120788574,1.1747292280197144,1.1818794012069702,0,1.175638484954834,1.17905869522411,53.8303478141556,0.0011123207143510783,-0.0007209612763262596,0.005666729375388058,EURUSD
2020-11-12,1.1778701543807983,1.182300090789795,1.1759587526321411,1.1780297756195068,0,1.1759547352790833,1.1788716189323638,50.45474153593486,0.000982662341480811,-0.003257206770447163,0.005683481914675075,EURUSD
2020-11-13,1.1805260181427002,1.1833899021148682,1.1799688339233398,1.1803393363952637,0,1.1772017121315002,1.179138476652891,52.38392606330323,0.0010541181814123224,0.0019605283529799955,0.005252847076630575,EURUSD
2020-11-16,1.1844271421432495,1.186873197555542,1.1814744472503662,1.1845253705978394,0,1.1792330384254455,1.1801179119156087,55.747259346111505,0.0014320180131148774,0.0035464667435043395,0.00508027776978182,EURUSD
2020-11-17,1.1859723329544067,1.1892727613449097,1.1845533847808838,1.1859441995620728,0,1.1813994646072388,1.1811772369422384,56.859536668689394,0.001824957023554452,0.0011978037781641415,0.005050988932973091,EURUSD
2020-11-18,1.186436653137207,1.1891002655029297,1.1851149797439575,1.186366319656372,0,1.1824139475822448,1.1821207065266264,57.204176100990296,0.0021456913894151164,0.000355935881684033,0.004102925711685562,EURUSD
2020-11-19,1.1842869520187378,1.1855363845825195,1.1817398071289062,1.1847639083862305,0,1.18356351852417,1.182601288682918,55.39503012046877,0.002244698994799732,-0.001350688437114167,0.004012209722908238,EURUSD
2020-11-20,1.1867464780807495,1.1890889406204224,1.185185194015503,1.1866477727890015,0,1.1840529203414918,1.1833370130658423,57.11230156964425,0.002446968222090895,0.0015900757859319548,0.003383085203176778,EURUSD
2020-11-23,1.1865352392196655,1.1905895471572876,1.1803170442581177,1.1866477727890015,0,1.1837875962257385,1.183938969379144,57.11230156964425,0.0025775555856712984,0.0,0.0026559583336058807,EURUSD
2020-11-24,1.1841803789138794,1.1893858909606934,1.1838942766189575,1.1842728853225708,0,1.1839416742324829,1.1839996813688578,54.06885531507843,0.00246104405741443,-0.0020013415276960433,0.0020356644986590094,EURUSD
2020-11-25,1.1900511980056763,1.1928049325942993,1.1882835626602173,1.1900511980056763,0,1.1847588539123535,1.1850999571210066,59.69644035900155,0.0028026620307097794,0.004879207110725758,0.002493701561975561,EURUSD
2020-11-26,1.1917530298233032,1.1940997838974,1.1886931657791138,1.1920002698898315,0,1.186155903339386,1.186354559442611,61.413788859071424,0.0031938537893700936,0.0016378050687413381,0.0020781498668879113,EURUSD
2020-11-27,1.1911852359771729,1.1961865425109863,1.1910717487335205,1.191599726676941,0,1.1872819423675538,1.1873082262124892,60.84005454042854,0.003431993699663627,-0.00033602610922867093,0.0021091680830433845,EURUSD
2020-11-30,1.197074294090271,1.2002063989639282,1.1944148540496826,1.1971460580825806,0,1.188544011116028,1.189096922916142,65.62840322177965,0.0040219019044787085,0.004654525577231228,0.00228259446329089,EURUSD
2020-12-01,1.1937732696533203,1.2053565979003906,1.1935994625091553,1.193816065788269,0,1.1893311977386474,1.1899549488928924,60.81988383321247,0.004172606646545507,-0.0027816090374511715,0.002583478708658073,EURUSD
2020-12-02,1.2069860696792603,1.210741639137268,1.2040793895721436,1.2074378728866577,0,1.1914383530616761,1.1931336623463042,70.38029288288709,0.0053297689720075425,0.011410306402095838,0.004258587610754323,EURUSD
2020-12-03,1.2113430500030518,1.2175003290176392,1.2102434635162354,1.2114603519439697,0,1.19410799741745,1.1964657877276978,72.51323073269118,0.006496521043855674,0.0033314170009388633,0.004132864490463658,EURUSD
2020-12-04,1.2145354747772217,1.2177746295928955,1.2133712768554688,1.2145650386810303,0,1.1968997240066528,1.1997565606283036,74.06555712788276,0.007584275927674966,0.002562763801620571,0.004127352196346469,EURUSD
2020-12-07,1.2120624780654907,1.2163525819778442,1.2080796957015991,1.212135910987854,0,1.199448537826538,1.2020073516027672,70.70119051692696,0.008156298474485846,-0.001999998037004458,0.004298037387410787,EURUSD
2020-12-08,1.2109469175338745,1.213415503501892,1.2097164392471313,1.2113136053085327,0,1.2021526098251343,1.2036993977310881,69.54946642726367,0.008445917982901952,-0.0006783939588516086,0.004175152802752451,EURUSD
2020-12-09,1.2109909057617188,1.214900016784668,1.207394003868103,1.2110936641693115,0,1.2042568564414977,1.205043809810765,69.22464823479535,0.008559032914482234,-0.0001815724171323474,0.004129944304682306,EURUSD
2020-12-10,1.2081671953201294,1.2158055305480957,1.2080358266830444,1.207875370979309,0,1.2058443665504455,1.2055586391141366,64.47927366211533,0.008293386946409687,-0.0026573445846650445,0.004361162424668701,EURUSD
2020-12-11,1.214343786239624,1.2163970470428467,1.2107857465744019,1.2144293785095215,0,1.2081273317337036,1.2071715008223884,69.12155239329478,0.008513575042821131,0.00542606272772872,0.004494834346470333,EURUSD
2020-12-14,1.213356614112854,1.2174040079116821,1.2117539644241333,1.213340401649475,0,1.209746766090393,1.208293119154586,67.54205098289039,0.008502196337010659,-0.0008966983830569486,0.004460692273773224,EURUSD
2020-12-15,1.2148748636245728,1.2166485786437988,1.212694525718689,1.214889645576477,0,1.2118541240692138,1.2094924875949298,68.63996641175805,0.008519976680344321,0.0012768419520983176,0.00422084353442394,EURUSD
2020-12-16,1.215376853942871,1.2212995290756226,1.2146978378295898,1.2154301404953003,0,1.212653350830078,1.2105720608495425,69.03351308833834,0.008479929801205932,0.00044489219312326966,0.0025144523803950734,EURUSD
2020-12-17,1.219705581665039,1.2263002395629883,1.2192445993423462,1.2199585437774658,0,1.2135031700134278,1.2122786941091648,72.18318486388246,0.008713156812410361,0.0037257618774535484,0.0025635675506163777,EURUSD
2020-12-18,1.2261964082717896,1.2268433570861816,1.2227181196212769,1.226271629333496,0,1.2146738290786743,1.2148228641499523,75.86823727306209,0.009300197257995801,0.005174836135400485,0.0028868904220671013,EURUSD
2020-12-21,1.221060872077942,1.223466157913208,1.2130769491195679,1.221612811088562,0,1.2156215190887452,1.2160573999569722,68.64150693109009,0.009282500456416765,-0.003799173146871393,0.0031373031264499028,EURUSD
2020-12-22,1.2238404750823975,1.2259002923965454,1.216604232788086,1.2236906290054321,0,1.216859221458435,1.2174452597839647,70.01341577776324,0.009328603816566305,0.001700880915794123,0.0031041602192432368,EURUSD
2020-12-23,1.2185908555984497,1.2219412326812744,1.2157758474349976,1.2186651229858398,0,1.217616367340088,1.2176670530933964,62.85130009037428,0.008857520740288116,-0.004106843593038589,0.00349656407327389,EURUSD
2020-12-24,1.219393253326416,1.2217471599578857,1.2179378271102905,1.2191405296325684,0,1.218742883205414,1.2179349579187004,63.23445221817796,0.008425422327668963,0.00039010441651421424,0.003305927949717194,EURUSD
2020-12-25,1.2184720039367676,1.2212995290756226,1.2167004346847534,1.2184720039367676,0,1.2191471457481384,1.218032602649258,62.261955999784306,0.007937537791306015,-0.000548358191325371,0.002921336060001082,EURUSD
2020-12-28,1.220703125,1.2252004146575928,1.218353271484375,1.2205095291137695,0,1.219864058494568,1.2184829529155328,64.07536627394552,0.007627373421764894,0.0016721969568598283,0.002913810812238248,EURUSD
2020-12-29,1.2220009565353394,1.2275993824005127,1.2220009565353394,1.2223445177078247,0,1.2206095457077026,1.2191850556050403,65.67507653886399,0.0074438263714022845,0.001503461095783143,0.0029205926599137153,EURUSD
2020-12-30,1.2253249883651733,1.2308752536773682,1.2252049446105957,1.225295066833496,0,1.2215960383415223,1.2202959667374866,68.13234839918061,0.00745056321238069,0.002413844119172115,0.0029736794344735443,EURUSD
2020-12-31,1.229906439781189,1.230950951576233,1.222299575805664,1.2299896478652954,0,1.2225991487503052,1.22205845421527,71.61429415386426,0.007745431153434623,0.003831388176507966,0.0029853412914636387,EURUSD
2021-01-01,1.217285394668579,1.2216993570327759,1.2134994268417358,1.218026876449585,0,1.2217746734619142,1.2213254400760545,55.094640376084726,0.006933890867212966,-0.00972591227614994,0.004087313299076127,EURUSD
2021-01-04,1.2249047756195068,1.23099946975708,1.2171372175216675,1.2250697612762451,0,1.2221203684806823,1.2220062257488165,60.824215207819016,0.006780875576519518,0.005782208063576988,0.0043837276821981006,EURUSD
2021-01-05,1.225295066833496,1.2294830083847046,1.2249947786331177,1.2251598834991455,0,1.2222672939300536,1.222579618067058,60.892976648926904,0.006590906103569161,7.356497217481106e-05,0.004355702266688566,EURUSD
2021-01-06,1.2298610210418701,1.2350252866744995,1.2266929149627686,1.230027437210083,0,1.223403525352478,1.2239337670021535,64.51563852032334,0.006755254463770566,0.003972994689505738,0.00423033816747608,EURUSD
2021-01-07,1.2337758541107178,1.2345678806304932,1.2246646881103516,1.2341108322143555,0,1.2249005556106567,1.2257841424952811,67.25595482265996,0.007132775379211864,0.003319759284015955,0.004289323304911073,EURUSD
2021-01-08,1.2268733978271484,1.2282146215438843,1.2214934825897217,1.227144479751587,0,1.2257678031921386,1.226031476541882,58.899129746573614,0.006791548260328462,-0.00564483535912963,0.0047967940495018966,EURUSD
2021-01-11,1.2187838554382324,1.2199585437774658,1.2134743928909302,1.2186205387115479,0,1.2255789041519165,1.224684033300003,50.61233438547859,0.0057668360100286975,-0.006946159299648702,0.005349107073201406,EURUSD
2021-01-12,1.2161602973937988,1.217848777770996,1.2138868570327759,1.2160701751708984,0,1.2249514698982238,1.2231178772765294,48.41738068040804,0.00469483204418597,-0.0020928282920177343,0.005347082307816021,EURUSD
2021-01-13,1.2209266424179077,1.2224938869476318,1.2155394554138184,1.2208894491195679,0,1.224510908126831,1.2227127085207181,52.600559392677454,0.004185884043557131,0.0039629900042505994,0.005462135923241386,EURUSD
2021-01-14,1.2161750793457031,1.217285394668579,1.2113136053085327,1.2162491083145142,0,1.2231368541717529,1.2215375084832263,48.52037211437791,0.003369263590883076,-0.0038007870478363737,0.005345443601705546,EURUSD
2021-01-15,1.2153000831604004,1.2162491083145142,1.208473801612854,1.2151259183883667,0,1.222846758365631,1.2203717648296153,47.558741907245775,0.0026014658792561374,-0.000923486741711943,0.004412290004882401,EURUSD
2021-01-18,1.206723928451538,1.2086198329925537,1.205545425415039,1.2068113088607788,0,1.2210209131240846,1.217906227380736,41.06972234611765,0.00130699493627362,-0.006842590880306143,0.00430586836448084,EURUSD
2021-01-19,1.2078461647033691,1.2144912481307983,1.2078461647033691,1.207729458808899,0,1.2192778706550598,1.21605590582222,42.01064397240415,0.00035115650174954993,0.0007608065497719529,0.004338991490812568,EURUSD
2021-01-20,1.2139458656311035,1.2160005569458008,1.207773208618164,1.2138868570327759,0,1.2176638126373291,1.2156615333150482,48.006266447578525,8.946691419220443e-05,0.005098325770698242,0.004505883186952557,EURUSD
2021-01-21,1.211533784866333,1.2171964645385742,1.2109909057617188,1.2115631103515625,0,1.2154090404510498,1.2149163655035053,46.07036232521324,-0.0003019502120442663,-0.0019143025297213567,0.004201965170151688,EURUSD
2021-01-22,1.2166190147399902,1.2188003063201904,1.2151997089385986,1.2166293859481812,0,1.2143575310707093,1.2152278237661736,50.73491362534015,-0.00020102768258989379,0.004181602719109279,0.004357922021789272,EURUSD
2021-01-25,1.2168558835983276,1.218599796295166,1.2117246389389038,1.216944694519043,0,1.2141899466514587,1.215539982084877,51.018864277592876,-9.451359052592423e-05,0.00025916567074868446,0.0037979885751304255,EURUSD
2021-01-26,1.2143291234970093,1.2175003290176392,1.2108443975448608,1.214624047279358,0,1.2140453338623047,1.2153734484838734,48.78995655304245,-0.00019510815756729194,-0.001906945525246062,0.0037877617701131275,EURUSD
2021-01-27,1.2163230180740356,1.2171372175216675,1.2061998844146729,1.216299295425415,0,1.2135863184928894,1.2155417842914265,50.47211082432327,-0.00013806008126104885,0.0013792318288194938,0.003560152973671442,EURUSD
2021-01-28,1.2104778289794922,1.214399814605713,1.2082401514053345,1.2105072736740112,0,1.2130121350288392,1.2146264187246236,44.971806339920775,-0.0005538325819163248,-0.004762003705163664,0.003674196501957953,EURUSD
2021-01-29,1.212135910987854,1.2157005071640015,1.2095993757247925,1.2120037078857422,0,1.2126999139785766,1.2141495622084633,46.591228145928376,-0.0007538951158880813,0.001236204229644322,0.0037077046273395337,EURUSD
2021-02-01,1.2122827768325806,1.2136069536209106,1.2069132328033447,1.2123857736587524,0,1.213257360458374,1.213828873381243,47.019927141013866,-0.0008715696877810153,0.0003152348219104262,0.002895830168486432,EURUSD
2021-02-02,1.2067675590515137,1.208795189857483,1.2018364667892456,1.2068694829940796,0,1.213171362876892,1.212563529674486,41.80271971191979,-0.001393878426043882,-0.004549946712114394,0.003294969626033222,EURUSD
2021-02-03,1.203905463218689,1.204999327659607,1.200494647026062,1.203905463218689,0,1.2121732234954834,1.210989335773432,39.28066981121499,-0.0020236560415112237,-0.002455957182741275,0.0028095304408265348,EURUSD
2021-02-04,1.2041809558868408,1.2043839693069458,1.1967161893844604,1.2042388916015625,0,1.2114408016204834,1.2097619822876375,39.72124452407564,-0.0024674116693375048,0.0002769556190749256,0.002800289038495639,EURUSD
2021-02-05,1.1967447996139526,1.2039779424667358,1.1953572034835815,1.1966731548309326,0,1.2094451785087585,1.2073821954773274,33.739070380690464,-0.0033904993632192237,-0.006282587967714526,0.002768821415155397,EURUSD
2021-02-08,1.2049354314804077,1.2068549394607544,1.2021398544311523,1.2048773765563965,0,1.2082384467124938,1.2069267738553398,43.64973951336623,-0.003420610218067166,0.006855858420775629,0.0038490704421347585,EURUSD
2021-02-09,1.2052549123764038,1.211475133895874,1.2050195932388306,1.2053595781326294,0,1.207311999797821,1.2066418291784833,44.178215295688005,-0.003366753808028422,0.0004002080092257998,0.00385709870928692,EURUSD
2021-02-10,1.2116951942443848,1.2143733501434326,1.2110203504562378,1.2119992971420288,0,1.2068819999694824,1.2076159142627643,50.99356343412137,-0.002756526855732133,0.005508496493374926,0.00430628284927693,EURUSD
2021-02-11,1.2119449377059937,1.2150993347167969,1.2114311456680298,1.2121212482452393,0,1.2070433974266053,1.2084350658959415,51.11162557138299,-0.0022372871115889925,0.0001006197804718223,0.004017021052256112,EURUSD
2021-02-12,1.213003396987915,1.213592290878296,1.2083992958068848,1.2131506204605103,0,1.207158088684082,1.209292439453136,52.159300211590136,-0.0017228640343431856,0.0008492320522894836,0.004007144847270274,EURUSD
2021-02-15,1.212106466293335,1.214699387550354,1.2117393016815186,1.2122093439102173,0,1.2071404457092285,1.2098227857180597,51.08131601680976,-0.0013752798207480321,-0.0007758942166107285,0.004015534413477022,EURUSD
2021-02-16,1.2132388353347778,1.2171002626419067,1.2095847129821777,1.2132196426391602,0,1.2077754616737366,1.2104403960673507,52.222668472531446,-0.0010066896713691875,0.0008334358533188535,0.0036862173231263203,EURUSD
2021-02-17,1.2088537216186523,1.2098335027694702,1.202558994293213,1.2092483043670654,0,1.2083097457885743,1.2102236521218441,47.52837992322078,-0.001023237881779382,-0.0032733877135847633,0.0037679714075506206,EURUSD
2021-02-18,1.2045869827270508,1.2089003324508667,1.2036300897598267,1.2048004865646362,0,1.2083659052848816,1.2092376220205336,42.87943339730288,-0.001379353849881193,-0.0036781674916279705,0.003989157691874209,EURUSD
2021-02-19,1.2091752290725708,1.2147716283798218,1.208299994468689,1.209189772605896,0,1.2096175670623779,1.2092289221269632,48.25810970715554,-0.0012925004785797611,0.003643164233586349,0.003433534784544641,EURUSD
2021-02-22,1.212444543838501,1.2155098915100098,1.2092190980911255,1.2126356363296509,0,1.2103933930397033,1.20984832470927,52.07356952502798,-0.0009348398994135643,0.0028497294649860727,0.002867429839302463,EURUSD
2021-02-23,1.2166930437088013,1.2178784608840942,1.213680624961853,1.2166796922683716,0,1.2115254044532775,1.2110903915381974,56.159438544542425,-0.00032136529783932666,0.0033349308049044346,0.002987186803381237,EURUSD
2021-02-24,1.2151997089385986,1.2174040079116821,1.2111302614212036,1.215214490890503,0,1.211846923828125,1.2118402277840712,54.351491643761456,4.605731767037824e-05,-0.0012042622122976354,0.0025716321161657193,EURUSD
2021-02-25,1.2169506549835205,1.224155068397522,1.2156577110290527,1.2171372175216675,0,1.2123485207557678,1.2128033168272705,56.337917092382675,0.0004867790717077991,0.0015822117375803302,0.0026034043561603357,EURUSD
2021-02-26,1.2160124778747559,1.2182493209838867,1.2091752290725708,1.2160420417785645,0,1.2126376628875732,1.213392175909324,54.8731895692096,0.0007391621066552556,-0.0008997964463965946,0.002629691481057425,EURUSD
2021-03-01,1.2090904712677002,1.2101556062698364,1.2029930353164673,1.208956003189087,0,1.2123123288154602,1.212585599051099,46.45706417230952,0.0003632065672778406,-0.005827132900038223,0.003257063120384573,EURUSD
2021-03-02,1.2049063444137573,1.2080358266830444,1.1994003057479858,1.2051095962524414,0,1.2115013241767882,1.2112263258149794,42.63454215277467,-0.0002423204806536461,-0.0031815938102786046,0.0033528207998942613,EURUSD
2021-03-03,1.208503007888794,1.2110495567321777,1.2044709920883179,1.208546757698059,0,1.2114311695098876,1.210739131611903,46.84358461319876,-0.00043978525495913523,0.0028521567302313144,0.003382839284946069,EURUSD
2021-03-04,1.204833745956421,1.2064006328582764,1.2025011777877808,1.2050660848617554,0,1.2114577293395996,1.2097076685664214,43.37301758349761,-0.0008671428370978784,-0.0028800481356082708,0.0032961067786565668,EURUSD
2021-03-05,1.196859359741211,1.196859359741211,1.1897962093353271,1.1967735290527344,0,1.2102161049842834,1.20735600683666,36.44514515088316,-0.0018535996074464656,-0.006881411661313397,0.003671971449592053,EURUSD
2021-03-08,1.1924636363983154,1.1932177543640137,1.1848341226577759,1.1925631761550903,0,1.2082088589668274,1.2046664012581927,33.51782109777899,-0.002941209563429581,-0.0035180865848333243,0.003471963415973117,EURUSD
2021-03-09,1.18519926071167,1.191599726676941,1.1836141347885132,1.185171127319336,0,1.2050580024719237,1.2011218059965822,29.0987016463409,-0.004349486677511338,-0.006198454709617107,0.003249043408396349,EURUSD
2021-03-10,1.189668893814087,1.1925063133239746,1.187000036239624,1.1897906064987183,0,1.2025156140327453,1.1990615879060615,34.87708883290236,-0.005034765431470856,0.0038977317898647446,0.0038418102868304797,EURUSD
2021-03-11,1.1927480697631836,1.1977769136428833,1.1917104721069336,1.1926058530807495,0,1.2000624775886535,1.197887817937823,38.1835586302469,-0.00528971042097548,0.002366169783703187,0.003932353267442425,EURUSD
2021-03-12,1.198164463043213,1.1990407705307007,1.191057562828064,1.1986095905303955,0,1.1983192324638368,1.1980190493182907,44.63898234966297,-0.004950241423368196,0.00503413381222062,0.004524489449248903,EURUSD
2021-03-15,1.1951143741607666,1.1965444087982178,1.1911852359771729,1.1950000524520874,0,1.1969236373901366,1.1974701407971629,41.811919409680364,-0.004915803036351418,-0.0030114376748069382,0.004302879798938029,EURUSD
2021-03-16,1.192733883857727,1.1953001022338867,1.188438892364502,1.1925773620605469,0,1.1956704139709473,1.1965805446632325,39.98165863763338,-0.00502606389785587,-0.0020273558871979347,0.004257632825245423,EURUSD
2021-03-17,1.1902097463607788,1.1917999982833862,1.1887637376785278,1.190164566040039,0,1.1938321948051454,1.195414003095379,38.1887597592999,-0.005247647287874413,-0.002023177780549945,0.004036229898035841,EURUSD
2021-03-18,1.198063850402832,1.1990997791290283,1.1910150051116943,1.1982792615890503,0,1.1931535124778747,1.1959349591851374,46.82524084227128,-0.004714124119017837,0.006818129005479179,0.004772268376165694,EURUSD
2021-03-19,1.1917673349380493,1.1937447786331177,1.1874933242797852,1.1918240785598755,0,1.1926585674285888,1.1951875263441805,41.81949118341876,-0.0047573427996594475,-0.005387043935496716,0.004571298073424254,EURUSD
2021-03-22,1.188452959060669,1.1937447786331177,1.1876062154769897,1.1883116960525513,0,1.192233419418335,1.193937375382066,39.35425394884043,-0.005017178914140885,-0.002947064563058932,0.004531482499781161,EURUSD
2021-03-23,1.1933317184448242,1.1943150758743286,1.186436653137207,1.193303108215332,0,1.1930466175079346,1.1938220540790232,44.37275306052364,-0.004765403060203344,0.00420042332273729,0.00422232533472269,EURUSD
2021-03-24,1.184118628501892,1.1851149797439575,1.1813349723815918,1.1840205192565918,0,1.1924696087837219,1.192039956838581,38.064314322661644,-0.005254327615106691,-0.007778902857818792,0.004810850772390841,EURUSD
2021-03-25,1.1813768148422241,1.1830118894577026,1.1775233745574951,1.1813069581985474,0,1.1913397192955018,1.1900885025403931,36.43365435156672,-0.005793976195628936,-0.002291819283459895,0.004729949013724117,EURUSD
2021-03-26,1.1776067018508911,1.1804006099700928,1.1772600412368774,1.1776621341705322,0,1.1892449736595154,1.187829162836782,34.307678248420174,-0.0064415047644195145,-0.0030854165403151335,0.004264174581145306,EURUSD
2021-03-29,1.1787601709365845,1.179356575012207,1.1761800050735474,1.1788004636764526,0,1.1876250147819518,1.1861875811712677,35.57213932906372,-0.00678461334331959,0.0009666010928697233,0.004318971920600024,EURUSD
2021-03-30,1.1769136190414429,1.1775789260864258,1.1713168621063232,1.177100658416748,0,1.186077344417572,1.1845354133977186,34.50412344164894,-0.0071117100757867036,-0.00144197878443586,0.00431281760345951,EURUSD
2021-03-31,1.172333002090454,1.1758618354797363,1.1704530715942383,1.1723604202270508,0,1.184296929836273,1.182321778275779,31.65027505846102,-0.007665075974467195,-0.004027045738019597,0.004396055399594569,EURUSD
2021-04-01,1.1728966236114502,1.1775789260864258,1.1714814901351929,1.1728830337524414,0,1.1817573070526124,1.1806056429078993,32.314962896937715,-0.00796958349449084,0.0004457788887903824,0.003407423495389634,EURUSD
2021-04-02,1.177773118019104,1.1787004470825195,1.1751433610916138,1.177994966506958,0,1.1803743958473205,1.1801309744713644,38.604342220612835,-0.0077095467905083925,0.0043584335414605935,0.0037502501655346035,EURUSD
2021-04-05,1.1766366958618164,1.1816140413284302,1.1739431619644165,1.176816701889038,0,1.1792248964309693,1.179528379456396,37.733999415888924,-0.007511948866133711,-0.0010002289071011639,0.0036973366196560936,EURUSD
2021-04-06,1.181907296180725,1.1855363845825195,1.1796486377716064,1.1818934679031372,0,1.1780839323997498,1.1799583955376216,43.63090584481292,-0.006866545239175625,0.004313981953136592,0.003715097424876355,EURUSD
2021-04-07,1.1875497102737427,1.1914690732955933,1.1865352392196655,1.1874228715896606,0,1.1784241676330567,1.1813155730016287,49.26654920674128,-0.005841543867116217,0.004678428163524373,0.0032291289634555306,EURUSD
2021-04-08,1.187197208404541,1.1914832592010498,1.1861833333969116,1.1873664855957031,0,1.1790301203727722,1.182415738927824,49.21251663398754,-0.004976407841606356,-4.7486026508836154e-05,0.0031052349362622996,EURUSD
2021-04-09,1.1915684938430786,1.1923214197158813,1.186859130859375,1.1915684938430786,0,1.1804207563400269,1.184079876185143,53.3211204861975,-0.00390668057861987,0.003538931154240421,0.0029544816244858403,EURUSD
2021-04-12,1.1896406412124634,1.1920371055603027,1.1873382329940796,1.1900511980056763,0,1.1815458297729493,1.1851655710616036,51.69488585271095,-0.0031450924413309878,-0.0012733601511304427,0.003055519877740424,EURUSD
2021-04-13,1.191213607788086,1.1953144073486328,1.1884304285049438,1.1914690732955933,0,1.1829826712608338,1.1863116623768744,53.13335404699954,-0.002399458208745653,0.0011914405802817551,0.002937215553409653,EURUSD
2021-04-14,1.1957430839538574,1.198193073272705,1.1951857805252075,1.1954143047332764,0,1.1852880597114563,1.1879666882598565,56.97280659366104,-0.0014732082741273356,0.0033112327681075193,0.0023364944236026535,EURUSD
2021-04-15,1.1982362270355225,1.199313998222351,1.1957861185073853,1.1986095905303955,0,1.1878607153892518,1.1899017613999545,59.842244114772434,-0.00047583058912459286,0.002672952619411806,0.002282522111333051,EURUSD
2021-04-16,1.197074294090271,1.199472188949585,1.1950900554656982,1.1971746683120728,0,1.1897786855697632,1.1912241081112487,57.97251274912449,0.00019654651520362165,-0.0011971556290383267,0.0023664425793172186,EURUSD
2021-04-19,1.1968307495117188,1.2048193216323853,1.1943435668945312,1.1969454288482666,0,1.191791558265686,1.192264348245252,57.6625490136888,0.0007028109386875148,-0.00019148372403277047,0.002279199251852519,EURUSD
2021-04-20,1.2043839693069458,1.2081671953201294,1.2028772830963135,1.204529047012329,0,1.1940551161766053,1.1944942934756295,64.4368008871046,0.0016964086062003503,0.006335809454036445,0.002603476529900474,EURUSD
2021-04-21,1.2032536268234253,1.204529047012329,1.2000004053115845,1.2032392024993896,0,1.1956367492675781,1.196084276934495,62.602075989880205,0.0023526424460265094,-0.0010708288987623105,0.0025565988410349637,EURUSD
2021-04-22,1.203818440437317,1.2070006132125854,1.2003936767578125,1.2037750482559204,0,1.1972776055335999,1.1974825989929359,63.07248345345828,0.0028827205581374304,0.0004453360191536415,0.0025317891290814977,EURUSD
2021-04-23,1.2017930746078491,1.2077994346618652,1.2013888359069824,1.2014753818511963,0,1.1982682943344116,1.1982085595126195,59.60722719126097,0.003081723234108047,-0.0019103788602828908,0.002600112285867049,EURUSD
2021-04-26,1.208956003189087,1.2118273973464966,1.2063744068145752,1.2089852094650269,0,1.2001616954803467,1.2001679504130571,66.14800636148959,0.003801592225967765,0.006250504777101318,0.0029836915585897163,EURUSD
2021-04-27,1.2079205513000488,1.209189772605896,1.2057925462722778,1.2081671953201294,0,1.2018315076828003,1.2016223585779793,64.91494123007965,0.004257014470413267,-0.0006766122021124588,0.003068261901189119,EURUSD
2021-04-28,1.2088537216186523,1.2102141380310059,1.205763578414917,1.2090305089950562,0,1.2031931281089783,1.2029692950174478,65.64285316236709,0.0046341821121194116,0.000714564737621437,0.002997312097034443,EURUSD
2021-04-29,1.2135775089263916,1.215214490890503,1.2104192972183228,1.213592290878296,0,1.2046913981437684,1.2049007488103292,69.27078168803271,0.005240775461838432,0.0037730907940705105,0.003079017090442043,EURUSD
2021-04-30,1.2124886512756348,1.2128562927246094,1.2024723291397095,1.2127091884613037,0,1.2062448501586913,1.2063204651105062,67.77868821267646,0.005585855808418527,-0.0007276763569032951,0.003040947546305673,EURUSD
2021-05-03,1.2026457786560059,1.2077994346618652,1.201489806175232,1.2027760744094849,0,1.2068279147148133,1.205676030437593,53.753422547108414,0.005000176260341549,-0.008190845873297992,0.0042763774722682805,EURUSD
2021-05-04,1.2059816122055054,1.2063002586364746,1.2000048160552979,1.2061271667480469,0,1.206987726688385,1.2057580552213119,56.98713891426445,0.004751652057256361,0.002786131525111424,0.003865169974954229,EURUSD
2021-05-05,1.2016342878341675,1.2029350996017456,1.198724627494812,1.2015043497085571,0,1.2068142414093017,1.2049846542189928,51.62444827492773,0.00413401775189115,-0.0038327774773150303,0.004055259407421028,EURUSD
2021-05-06,1.2009127140045166,1.2070006132125854,1.1994003057479858,1.2007973194122314,0,1.2065164685249328,1.2042233206177633,50.8365003107105,0.003546603639982271,-0.0005884542128350434,0.004051944110186797,EURUSD
2021-05-07,1.2065927982330322,1.2165449857711792,1.205342173576355,1.2068549394607544,0,1.2070544242858887,1.2047017967710343,56.90544530388662,0.003529190722670883,0.005044664866080906,0.004321367143323159,EURUSD
2021-05-10,1.2167521715164185,1.217730164527893,1.2137395143508911,1.2171076536178589,0,1.2078666687011719,1.2069574071068205,64.82091147134253,0.004293209757564531,0.008495398926473774,0.0046977884521847086,EURUSD
2021-05-11,1.214211106300354,1.2179675102233887,1.2125474214553833,1.2140932083129883,0,1.2084592700004577,1.208254825507942,61.25827038526242,0.004602406130866932,-0.0024767285752498314,0.004789137457154177,EURUSD
2021-05-12,1.214550256729126,1.2150667905807495,1.2068113088607788,1.2144500017166138,0,1.2090012192726136,1.209381221182246,61.5277947994111,0.004820667080827734,0.00029387645131562223,0.004788888387116961,EURUSD
2021-05-13,1.2076857089996338,1.2106537818908691,1.205312967300415,1.2078505754470825,0,1.2084270477294923,1.2091029219576708,54.03917376963724,0.004410282913787755,-0.0054340864261213095,0.004962577720191343,EURUSD
2021-05-14,1.2080212831497192,1.2147716283798218,1.2071462869644165,1.207729458808899,0,1.2079290747642517,1.2088532013851667,53.909492260875176,0.0040288354965218875,-0.0001002745212409506,0.004962826411723042,EURUSD
2021-05-17,1.2147568464279175,1.2169995307922363,1.2127532958984375,1.2150373458862305,0,1.2091552019119263,1.209977591294451,60.12705741979128,0.004267033378092089,0.006050930549080791,0.004500741129832542,EURUSD
2021-05-18,1.215524673461914,1.2232415676116943,1.2154065370559692,1.2156872749328613,0,1.2101112127304077,1.2110157155923438,60.635650832173894,0.0044568746807274184,0.000534904584481577,0.004458908027427402,EURUSD
2021-05-19,1.2226433753967285,1.2247997522354126,1.2191851139068604,1.2223997116088867,0,1.2122007489204407,1.2130855330498969,65.52642593695639,0.005090285183378729,0.00552151594775574,0.004359409029786515,EURUSD
2021-05-20,1.217285394668579,1.2229005098342896,1.2170928716659546,1.217285394668579,0,1.2138495564460754,1.2138491442532935,59.464324144287936,0.005120558326304314,-0.004183833562572015,0.0047066804259384394,EURUSD
2021-05-21,1.2227928638458252,1.2242000102996826,1.2173744440078735,1.222538709640503,0,1.2154179334640502,1.215429065232786,63.22754616293565,0.005504990520643904,0.004315598457791392,0.004648805837180269,EURUSD
2021-05-24,1.2181158065795898,1.2229423522949219,1.217581868171692,1.2183235883712769,0,1.215539526939392,1.215955342167057,58.532090192437934,0.005407199910451688,-0.003447842784843669,0.004096719996111423,EURUSD
2021-05-25,1.2214486598968506,1.2267003059387207,1.2212398052215576,1.2214635610580444,0,1.2162765622138978,1.2169568365108727,60.86367880082417,0.005519444975365717,0.0025772895778577443,0.004054028118264739,EURUSD
2021-05-26,1.2248897552490234,1.2265002727508545,1.2200031280517578,1.2249093055725098,0,1.2173224925994872,1.2184027399766248,63.3021745171623,0.0058193608139838204,0.0028209965686414318,0.004110312809655132,EURUSD
2021-05-27,1.2190364599227905,1.2216993570327759,1.2175670862197876,1.21925950050354,0,1.218463385105133,1.2185585146178821,57.02788784160244,0.005537323407809547,-0.004612427257485008,0.003976422113969507,EURUSD
2021-05-28,1.2192742824554443,1.2201074361801147,1.2133419513702393,1.2193188667297363,0,1.2196223258972168,1.218696760456401,57.07603118658967,0.005257986296711037,4.869039459753921e-05,0.003972336960065762,EURUSD
2021-05-31,1.2190067768096924,1.2233912944793701,1.2184126377105713,1.2190067768096924,0,1.220019268989563,1.2187531270660903,56.71629642389938,0.004954316300983974,-0.00025595431068903274,0.00355326159341479,EURUSD
2021-06-01,1.223406195640564,1.2254151105880737,1.2214635610580444,1.223286509513855,0,1.2207791924476623,1.2195773784202293,60.402023875665094,0.005001341946817783,0.0035108358588156197,0.003693986920654408,EURUSD
2021-06-02,1.2218068838119507,1.2229423522949219,1.2165746688842773,1.2217769622802734,0,1.220716917514801,1.219977302758419,58.50950604761994,0.004860770329372599,-0.0012340095487372027,0.003296240493482917,EURUSD
2021-06-03,1.2211503982543945,1.2215979099273682,1.2120903730392456,1.220986247062683,0,1.2210870027542113,1.220160747177376,57.49334132988995,0.004632165479778738,-0.0006471845860595016,0.00297725161613448,EURUSD
2021-06-04,1.2130298614501953,1.2187690734863281,1.210551142692566,1.2133007049560547,0,1.2201632022857667,1.2189134667734995,48.6492551138455,0.003787179227519033,-0.006294536179352939,0.0032667157015351714,EURUSD
2021-06-07,1.2165746688842773,1.220199704170227,1.2145060300827026,1.2168411016464233,0,1.2200149536132812,1.218536673114031,52.29012999673193,0.0033644190310773148,0.002917987829321289,0.0033033611020263343,EURUSD
2021-06-08,1.2189621925354004,1.219660997390747,1.2166634798049927,1.2193634510040283,0,1.2198049426078796,1.2186869963667577,54.751630542946614,0.0031960687514962505,0.0020728666661506967,0.0032612335243036527,EURUSD
2021-06-09,1.2171818017959595,1.221899390220642,1.2171818017959595,1.217285394668579,0,1.2190425515174865,1.2184321596943615,52.35507630521724,0.002861977072626365,-0.0017042140583581888,0.0031110104190898817,EURUSD
2021-06-10,1.217730164527893,1.2192147970199585,1.2145354747772217,1.218200445175171,0,1.2189366459846496,1.2183900297817813,53.32392720202464,0.002640604691444004,0.0007517140274577727,0.0027922112063381178,EURUSD
2021-06-11,1.2173150777816772,1.2195003032684326,1.2094998359680176,1.2172558307647705,0,1.218730342388153,1.2181838117786885,52.145105707286504,0.0023617185744007063,-0.0007754178831091973,0.0028000307248405125,EURUSD
2021-06-14,1.2110790014266968,1.2131506204605103,1.2095261812210083,1.2110203504562378,0,1.2179316997528076,1.2168813642655156,45.06323048749926,0.0016188866509720956,-0.005122571731379644,0.0032103079758562963,EURUSD
2021-06-15,1.212415099143982,1.2149192094802856,1.2102874517440796,1.212224006652832,0,1.2168254494667052,1.2160345719723002,46.57165529007848,0.0011144651351824297,0.000993919050279235,0.0029344462979736616,EURUSD
2021-06-16,1.2125474214553833,1.2134994268417358,1.2110350131988525,1.2127091884613037,0,1.2159186720848083,1.2154299567884825,47.20097765265766,0.0007452665974456707,0.0004002410493513242,0.0029594351817076613,EURUSD
2021-06-17,1.199184536933899,1.2007685899734497,1.19070303440094,1.1995586156845093,0,1.213775908946991,1.2125442584059418,35.1245795157823,-0.0006015331234023868,-0.010843962346389069,0.004352440531889255,EURUSD
2021-06-18,1.1913270950317383,1.1927480697631836,1.1851149797439575,1.1913414001464844,0,1.211579978466034,1.2086891932678585,29.965495657626846,-0.0023053673849533496,-0.006850199257112499,0.0044197843037923614,EURUSD
2021-06-21,1.186901330947876,1.1920514106750488,1.1848762035369873,1.1873664855957031,0,1.208632516860962,1.2048123373274666,27.835638659912675,-0.003931095475576019,-0.0033365033317003245,0.004106909053761286,EURUSD
2021-06-22,1.1911568641662598,1.1917530298233032,1.1882412433624268,1.1912561655044556,0,1.2058217883110047,1.2023475788141917,32.86430928851995,-0.004849727400287884,0.003275888241700775,0.004268286199792336,EURUSD
2021-06-23,1.1937447786331177,1.1969999074935913,1.1915826797485352,1.1936734914779663,0,1.2034605979919433,1.200770472025787,35.85584074394971,-0.005321350598112007,0.0020292243125450415,0.0044859707264856665,EURUSD
2021-06-24,1.1931607723236084,1.1956716775894165,1.191994547843933,1.1933174133300781,0,1.2009722948074342,1.199415370444749,35.604168254923664,-0.005658618874892829,-0.000298304478092537,0.004427674026757454,EURUSD
2021-06-25,1.1927907466888428,1.1974470615386963,1.1927907466888428,1.1930327415466309,0,1.1985499858856201,1.198254892463273,35.39030120630005,-0.005881083577319313,-0.0002385549563488354,0.004448090723193068,EURUSD
2021-06-28,1.1942152976989746,1.1946003437042236,1.1904619932174683,1.1942152976989746,0,1.1968694806098938,1.197520420687946,37.081078224856405,-0.005894023425160766,0.0009912185233162951,0.004390867668502465,EURUSD
2021-06-29,1.1930327415466309,1.1930327415466309,1.1880435943603516,1.1928904056549072,0,1.1949361205101012,1.196678599772848,35.94610944406982,-0.005942682518293774,-0.0011094247801214374,0.004313807009644629,EURUSD
2021-06-30,1.18999445438385,1.1910432577133179,1.1845815181732178,1.1901928186416626,0,1.1926844835281372,1.195499366839905,33.685360119206464,-0.00612827498812063,-0.002261387132008741,0.004258571308252258,EURUSD
2021-07-01,1.1855363845825195,1.188399314880371,1.1838102340698242,1.1856770515441895,0,1.1912963271141053,1.193713491331593,30.25500910712887,-0.0065640764353547265,-0.00379414749168705,0.0030062425827943407,EURUSD
2021-07-02,1.184707760810852,1.1860989332199097,1.1819353103637695,1.1846235990524292,0,1.1906245470046997,1.1920607836444723,29.500279137748123,-0.0069147481220135365,-0.0008884818090965085,0.0022476972281002348,EURUSD
2021-07-05,1.1855926513671875,1.1882002353668213,1.1852006912231445,1.1856207847595215,0,1.1904499769210815,1.1908898747562993,31.248601914266672,-0.007031142770288712,0.0008417743052644422,0.0020549385057642786,EURUSD
2021-07-06,1.1861495971679688,1.1896264553070068,1.1814996004104614,1.186380386352539,0,1.1899623990058898,1.1900699677737974,32.61936939939173,-0.006981613176528123,0.0006406783710120045,0.001706984814093603,EURUSD
2021-07-07,1.1820330619812012,1.1841325759887695,1.1782448291778564,1.1824523210525513,0,1.1888402819633483,1.1886849410972071,29.359444401036285,-0.007176595334389635,-0.0033109661497897624,0.0016948173331000386,EURUSD
2021-07-08,1.179356575012207,1.186633825302124,1.1784253120422363,1.17933988571167,0,1.1874425292015076,1.1869858401180184,27.05245767324179,-0.007495860011366595,-0.0026321867575267444,0.0017558091957856974,EURUSD
2021-07-09,1.1846938133239746,1.1874650716781616,1.1825222969055176,1.184800386428833,0,1.1866192936897277,1.186588484901803,36.482383372904486,-0.007224977749380024,0.0046301331645948185,0.002543165113827781,EURUSD
2021-07-12,1.1873664855957031,1.1882128715515137,1.183670163154602,1.187295913696289,0,1.1859273552894591,1.1867171083189823,40.28181587958056,-0.006731338727919534,0.0021062849877842016,0.002647346005871119,EURUSD
2021-07-13,1.1864930391311646,1.1877895593643188,1.1793426275253296,1.186521053314209,0,1.1852904200553893,1.1866814619544779,39.49190437816214,-0.006329686320184269,-0.0006526261676987888,0.002641086690161061,EURUSD
2021-07-14,1.1774401664733887,1.1828006505966187,1.1772600412368774,1.1775373220443726,0,1.1840248703956604,1.1850188910617314,31.724410242810507,-0.0066595191354190675,-0.007571489140241527,0.003440300007683855,EURUSD
2021-07-15,1.1833338737487793,1.1851149797439575,1.1805957555770874,1.1833338737487793,0,1.1837905526161194,1.1847125242775582,39.93363012522053,-0.006379640217825555,0.0049226055054825135,0.0037608051077519947,EURUSD
2021-07-16,1.1813069581985474,1.182300090789795,1.1793996095657349,1.1811814308166504,0,1.1834463357925415,1.1840705072846658,38.1016255746207,-0.006259364260247313,-0.001818965027435615,0.0037913543396875435,EURUSD
2021-07-19,1.1811535358428955,1.1823265552520752,1.176429033279419,1.1814005374908447,0,1.1830243110656737,1.1835850582312437,38.41136534906623,-0.00607632057861629,0.00018549789937249983,0.0037753392167130975,EURUSD
2021-07-20,1.1792453527450562,1.1804006099700928,1.175709843635559,1.1793843507766724,0,1.1823247075080872,1.1828212932395035,36.59660867849991,-0.006024499875578737,-0.0017066072430054202,0.003779861186693475,EURUSD
2021-07-21,1.178550362586975,1.1802752017974854,1.175364375114441,1.1784114837646484,0,1.181920623779297,1.1820195096986206,35.719661561794794,-0.005992851965319401,-0.000824893946899663,0.0036605087930985164,EURUSD
2021-07-22,1.1795234680175781,1.1829839944839478,1.1766643524169922,1.179273009300232,0,1.181913936138153,1.1815201459898226,37.15580264581233,-0.005831036300992132,0.0007310905803727952,0.0035797342875868074,EURUSD
2021-07-23,1.1773570775985718,1.178550362586975,1.1755993366241455,1.1772738695144653,0,1.1811612844467163,1.1807480957215757,35.191037206555436,-0.005797282628933642,-0.0016952306802585637,0.0032105110892459614,EURUSD
2021-07-26,1.1773016452789307,1.1817537546157837,1.1764568090438843,1.1773432493209839,0,1.1801660180091857,1.1801290327396499,35.318868233700655,-0.0056992369739070625,5.8932597006622345e-05,0.003079045248031465,EURUSD
2021-07-27,1.1806375980377197,1.183712124824524,1.1771769523620605,1.1807769536972046,0,1.1795916080474853,1.1802468365501142,41.471784326428505,-0.00528355826860194,0.0029164853819827474,0.0033016272598634586,EURUSD
2021-07-28,1.1822398900985718,1.1830118894577026,1.1785781383514404,1.1823126077651978,0,1.180069136619568,1.1806224313164928,44.03584619239668,-0.004775170260233885,0.0013005454274701567,0.00218888796164601,EURUSD
2021-07-29,1.1846797466278076,1.189202070236206,1.184174656867981,1.1845955848693848,0,1.1801953077316285,1.181344822871564,47.70381843214017,-0.0041403248406917115,0.001930942027677629,0.0016383410633882712,EURUSD
2021-07-30,1.189202070236206,1.1911001205444336,1.1855504512786865,1.1892997026443481,0,1.1810071349143982,1.1827911646484337,54.34393749323882,-0.0032204983807604393,0.003971074884161485,0.0018861395364452615,EURUSD
2021-08-02,1.1865352392196655,1.1898996829986572,1.1859582662582397,1.186704158782959,0,1.1815374970436097,1.1835026181274384,50.53149825079039,-0.002670187720118733,-0.002182413613337375,0.0020933228874493127,EURUSD
2021-08-03,1.1874933242797852,1.1895995140075684,1.185564637184143,1.1874650716781616,0,1.1823455691337585,1.1842230642275697,51.603407140248066,-0.002147903550253849,0.000641198473579907,0.0019514218266473973,EURUSD
2021-08-04,1.186915397644043,1.190199851989746,1.18343186378479,1.1869436502456665,0,1.1831987857818604,1.18471771623086,50.79121950488894,-0.001755823889843633,-0.0004391046481545535,0.001921849443793266,EURUSD
2021-08-05,1.1839923858642578,1.1859005689620972,1.1829839944839478,1.1837401390075684,0,1.183645498752594,1.1845399749175343,46.00088100952781,-0.0016841803356970608,-0.0026989581497277593,0.002205477305433028,EURUSD
2021-08-06,1.1833199262619019,1.1835720539093018,1.1756407022476196,1.1835720539093018,0,1.1842753171920777,1.1843639892796738,45.75703085132201,-0.0016222649055499527,-0.00014199493007605035,0.0020949870068639833,EURUSD
2021-08-09,1.1750881671905518,1.177163004875183,1.1741775274276733,1.1749500036239624,0,1.1840359926223756,1.1826523555240898,35.39278599250811,-0.0022430671992164086,-0.007284770079574732,0.0032496111487023646,EURUSD
2021-08-10,1.1739004850387573,1.174399495124817,1.171069860458374,1.17384672164917,0,1.183342969417572,1.1810513311831952,34.32149684775763,-0.002791899840970169,-0.0009390033374948592,0.0030622603667143067,EURUSD
2021-08-11,1.1719757318496704,1.1746878623962402,1.1706448793411255,1.172333002090454,0,1.1823450088500977,1.1794661804390603,32.85223093091278,-0.003310832959951382,-0.0012895376634771694,0.0029939026767655044,EURUSD
2021-08-12,1.1742050647735596,1.175100564956665,1.1725116968154907,1.1741899251937866,0,1.1813044428825379,1.1785068613035559,36.446470640273695,-0.0035315435838452203,0.0015839553267043005,0.0029599965991690255,EURUSD
2021-08-13,1.1736124753952026,1.1803003549575806,1.1731030941009521,1.173626184463501,0,1.1797370910644531,1.177619465514455,35.81961641424088,-0.0037091902724020187,-0.00048011034517492224,0.002438535535793657,EURUSD
2021-08-16,1.179634690284729,1.18035888671875,1.1768028736114502,1.179467797279358,0,1.179013454914093,1.1779555258353462,46.15435909189784,-0.003340104572742364,0.004977404980553768,0.0031153628135055992,EURUSD
2021-08-17,1.177994966506958,1.1784114837646484,1.1710561513900757,1.177994966506958,0,1.1780664443969726,1.1779626968665482,44.22092255017158,-0.003130361769123846,-0.0012487248704858844,0.0030884309501832126,EURUSD
2021-08-18,1.1709601879119873,1.1731003522872925,1.1696864366531372,1.1709738969802856,0,1.1764694690704345,1.1766920059781367,36.39413260324255,-0.0034904450417028166,-0.0059601863558819135,0.003485492665068499,EURUSD
2021-08-19,1.1703845262527466,1.1706860065460205,1.1668747663497925,1.1703298091888428,0,1.175128436088562,1.1755352429255377,35.76869292876947,-0.0037841646370098125,-0.0005500445339591264,0.003459104277268014,EURUSD
2021-08-20,1.1676785945892334,1.1690996885299683,1.1664936542510986,1.1676595211029053,0,1.1735371828079224,1.174103293503241,33.2198152127053,-0.0041841768779431465,-0.002281654337924044,0.003457147736716354,EURUSD
2021-08-23,1.1699738502502441,1.174329161643982,1.1695605516433716,1.1697548627853394,0,1.17301766872406,1.1733126697363496,37.01278805470068,-0.004282744090583712,0.0017944800214149126,0.002866282721530456,EURUSD
2021-08-24,1.1746740341186523,1.17648446559906,1.172814130783081,1.1744533777236938,0,1.1730783343315125,1.173520071188594,44.60999511263347,-0.0039363526057969445,0.004016666301490446,0.003181381133288876,EURUSD
2021-08-25,1.1755025386810303,1.1760554313659668,1.1728553771972656,1.175309181213379,0,1.173375952243805,1.173845363920373,45.89018891369439,-0.003551835322461505,0.0007286823861358815,0.0031503875318264576,EURUSD
2021-08-26,1.177300214767456,1.1781338453292847,1.1747844219207764,1.1774401664733887,0,1.1737009763717652,1.1744989643845576,49.04807177745854,-0.003040105460674347,0.001813127383051505,0.003161916869301958,EURUSD
2021-08-27,1.175295352935791,1.18035888671875,1.1735987663269043,1.1756407022476196,0,1.173902428150177,1.1747065530869323,46.57616990775002,-0.002748079433572581,-0.001528285068751023,0.003207001814365143,EURUSD
2021-08-30,1.1799967288970947,1.1811953783035278,1.1784532070159912,1.1799006462097168,0,1.173945713043213,1.1756509336547112,52.65883097573407,-0.0021481423790825627,0.003623508401804143,0.003003935630905782,EURUSD
2021-08-31,1.179940938949585,1.1845533847808838,1.1796486377716064,1.1796904802322388,0,1.1741152644157409,1.176385396668807,52.34219972472605,-0.0016703913473683496,-0.00017812175809306385,0.002971778160738106,EURUSD
2021-09-01,1.1811953783035278,1.1860004663467407,1.1795096397399902,1.1810280084609985,0,1.1751206755638122,1.1772295079037507,54.22846708029978,-0.001170351776097478,0.0011337958991552988,0.0020579163258970744,EURUSD
2021-09-02,1.1842306852340698,1.1872254610061646,1.1834795475006104,1.1840906143188477,0,1.1764967560768127,1.1784769817974046,58.29846453466348,-0.0005209351002464224,0.00259316954035671,0.0020591355464276836,EURUSD
2021-09-03,1.1874228715896606,1.1907596588134766,1.186816930770874,1.1876484155654907,0,1.1784956455230713,1.1801445152097838,62.47308329836753,0.00027761692586758535,0.003004669747078248,0.0017256778735023584,EURUSD
2021-09-06,1.1885942220687866,1.1886366605758667,1.1857051849365234,1.1885942220687866,0,1.180379581451416,1.1816808255477842,63.518624789953584,0.0009755483263524933,0.0007963691029264641,0.0017483330099186314,EURUSD
2021-09-07,1.187394618988037,1.1887779235839844,1.1838297843933105,1.1875073909759521,0,1.1816849827766418,1.1827402010801782,61.40161613662892,0.0014245445406788626,-0.0009143836244995818,0.0016853575625726553,EURUSD
2021-09-08,1.1845533847808838,1.185400128364563,1.1803170442581177,1.184356927871704,0,1.1825897574424744,1.1830341514059102,55.61517087688309,0.0015087690815849264,-0.00265300504922239,0.002066035287382177,EURUSD
2021-09-09,1.1820330619812012,1.1841325759887695,1.1806097030639648,1.1819101572036743,0,1.1830367565155029,1.1828297888236854,51.55186098520153,0.0013623790351975362,-0.002065906493599612,0.002207536937107633,EURUSD
2021-09-10,1.1823545694351196,1.185300350189209,1.1819353103637695,1.1825922727584839,0,1.1837319135665894,1.1827866040845578,52.591756969267415,0.0012865740683525306,0.0005771297849097579,0.0021031202151059413,EURUSD
2021-09-13,1.1812511682510376,1.1817537546157837,1.1770604848861694,1.1811953783035278,0,1.1838613867759704,1.1824972903061886,50.21472922829833,0.0011010877239234773,-0.001181213920582902,0.0018693752497534039,EURUSD
2021-09-14,1.1810698509216309,1.1846994161605835,1.1801999807357788,1.1811953783035278,0,1.1840118765830994,1.1822605790329774,50.21472922829833,0.000943215656648011,0.0,0.0018671589266569392,EURUSD
2021-09-15,1.18035888671875,1.183300256729126,1.1800997257232666,1.1804981231689453,0,1.183958888053894,1.1819401325122443,48.9343808306135,0.0007531563264608909,-0.0005902961926450567,0.001843525622372938,EURUSD
2021-09-16,1.1819353103637695,1.1823126077651978,1.1751710176467896,1.1819995641708374,0,1.183749783039093,1.181950938268352,51.785255595646184,0.0007154395371322675,0.0012718707234040671,0.0016730303970168697,EURUSD
2021-09-17,1.17648446559906,1.1789672374725342,1.1729655265808105,1.176747441291809,0,1.1826596856117249,1.1810048479089805,42.78675451408112,0.0002587634236661529,-0.004443422009814957,0.0017558124631046734,EURUSD
2021-09-20,1.1728830337524414,1.1737089157104492,1.1700559854507446,1.1729930639266968,0,1.181099569797516,1.1795481599122015,37.738549531061786,-0.00040147461371575766,-0.00319046996268868,0.00177523833797258,EURUSD
2021-09-21,1.1725666522979736,1.1748948097229004,1.1715912818908691,1.1730204820632935,0,1.17965087890625,1.1783613093942182,37.79626985511821,-0.0009119927162812846,2.3374508716145215e-05,0.0018231078292038087,EURUSD
2021-09-22,1.1726078987121582,1.1744533777236938,1.1717147827148438,1.17229163646698,0,1.1784443497657775,1.1772577324983566,36.81911114321129,-0.0013597197363299784,-0.0006213408951150079,0.001758368154613934,EURUSD
2021-09-23,1.1688934564590454,1.175100564956665,1.1684194803237915,1.168770432472229,0,1.1771303772926331,1.1757145870390606,32.45373927628522,-0.0019759013984983476,-0.0030036928399174156,0.0018431885732557978,EURUSD
2021-09-24,1.1741775274276733,1.1748120784759521,1.1701655387878418,1.1740258932113647,0,1.1762737393379212,1.1754075517976612,43.26556367073029,-0.0020169083808532218,0.0044965722892382765,0.0025314171089305345,EURUSD
2021-09-27,1.1722092628479004,1.1728004217147827,1.1686612367630005,1.1723054647445679,0,1.1753847479820252,1.174843535969826,40.95451059810056,-0.00216329380448399,-0.0014654093037853588,0.0025387069813422596,EURUSD
2021-09-28,1.1696043014526367,1.1705996990203857,1.1669973134994507,1.1696795225143433,0,1.1742331624031066,1.1739046244324653,37.648890319920305,-0.002462807191170313,-0.002239981224344767,0.0025636534314715255,EURUSD
2021-09-29,1.168688416481018,1.1691995859146118,1.1610087156295776,1.1686338186264038,0,1.1730467319488525,1.1729462961040904,36.389289209958775,-0.0027528204716158466,-0.0008940088868886198,0.0025603695795740566,EURUSD
2021-09-30,1.1602274179458618,1.161170482635498,1.1570056676864624,1.1601601839065552,0,1.1708627939224243,1.1706215484318112,28.165909657922754,-0.003624627145096593,-0.007250889529971327,0.003082829596445131,EURUSD
2021-10-01,1.1574207544326782,1.1608995199203491,1.1563901901245117,1.1574475765228271,0,1.168932807445526,1.1682262808119959,26.13017589023285,-0.004482750601994434,-0.002338131769523355,0.002955998459609083,EURUSD
2021-10-04,1.160725712776184,1.1640088558197021,1.1588560342788696,1.160725712776184,0,1.1677060723304749,1.166862541169121,32.48123871979993,-0.004842480326054277,0.0028322114278427346,0.0032095680733774177,EURUSD
2021-10-05,1.1616560220718384,1.16225004196167,1.1583056449890137,1.1618449687957764,0,1.1665885210037232,1.1659502552830583,34.55030356671918,-0.004979849511990819,0.0009642726160647985,0.0032578331944860036,EURUSD
2021-10-06,1.1595144271850586,1.1599582433700562,1.1530168056488037,1.1596084833145142,0,1.1653202056884766,1.164797205834232,32.412889272089245,-0.005209133618998996,-0.0019249431217834845,0.003269191801395666,EURUSD
2021-10-07,1.1555349826812744,1.157139539718628,1.1549345254898071,1.1555349826812744,0,1.163996660709381,1.163113165260967,28.905357775338487,-0.0056543604357568444,-0.003512824105595058,0.003306192993050246,EURUSD
2021-10-08,1.1559224128723145,1.1583727598190308,1.1542545557022095,1.1559758186340332,0,1.1621916532516479,1.1618154658742517,29.790823218198085,-0.00590358130808788,0.0003814994434316876,0.0027342249268971965,EURUSD
2021-10-11,1.1565908193588257,1.1587486267089844,1.15529465675354,1.1566041707992554,0,1.1606215238571167,1.1608679576787977,31.10791150396929,-0.005981437587382565,0.0005435686067938317,0.0028133676348107736,EURUSD
2021-10-12,1.15529465675354,1.1570056676864624,1.1533892154693604,1.1553747653961182,0,1.1591910481452943,1.159869195445583,29.925053463955336,-0.006072343791782009,-0.0010629439476148583,0.0027962837130578767,EURUSD
2021-10-13,1.1530966758728027,1.1579005718231201,1.1530567407608032,1.15340256690979,0,1.1576679229736329,1.1586934448027115,28.08043803617352,-0.006231692477423056,-0.0017069772903097746,0.0027973697321731876,EURUSD
2021-10-14,1.1599582433700562,1.162500023841858,1.1584665775299072,1.1599582433700562,0,1.157647728919983,1.1589234081785924,41.08138545180812,-0.005762561929713916,0.005683771346053135,0.002733564124017076,EURUSD
2021-10-15,1.1590708494186401,1.1619800329208374,1.1588828563690186,1.159151554107666,0,1.1578181266784668,1.1589648892566058,40.12029225340203,-0.005393690565064446,-0.0006954468119872992,0.002625610161571425,EURUSD
2021-10-18,1.159595012664795,1.1612108945846558,1.1573002338409424,1.1597026586532593,0,1.1577158212661742,1.1590990291469063,41.133505816134594,-0.004999259468724038,0.00047543786974224567,0.002458583679655397,EURUSD
2021-10-19,1.1614537239074707,1.1670000553131104,1.1614537239074707,1.161386251449585,0,1.1576699495315552,1.1595148877473933,44.237705885854055,-0.004498956939762211,0.0014517452243154594,0.002486385157143607,EURUSD
2021-10-20,1.1633858680725098,1.1654006242752075,1.1618045568466187,1.1631964445114136,0,1.158028745651245,1.160184261704488,47.4465964110796,-0.003911308994022367,0.0015586486059819826,0.0024359623442352044,EURUSD
2021-10-21,1.165243148803711,1.1669973134994507,1.1633182764053345,1.1655012369155884,0,1.1590253710746765,1.1611509844701426,51.290065684707656,-0.0032224696539326914,0.0019814300628668846,0.002069570981062617,EURUSD
2021-10-22,1.1625880002975464,1.1654061079025269,1.1622366905212402,1.1625338792800903,0,1.1596811771392823,1.1614024198901332,46.567991221868745,-0.0028827697013786846,-0.002545992695255239,0.0023349804440009315,EURUSD
2021-10-25,1.1641308069229126,1.1668611764907837,1.159326195716858,1.1640088558197021,0,1.160421645641327,1.161876317331873,49.07761277222561,-0.0024661089923558865,0.0012687600472558458,0.002345364470332906,EURUSD
2021-10-26,1.161170482635498,1.1629002094268799,1.1585874557495117,1.161170482635498,0,1.1610012173652648,1.1617479837507139,44.724304749839725,-0.0023379845428033175,-0.0024384463829575376,0.002492133035457088,EURUSD
2021-10-27,1.1598236560821533,1.162439227104187,1.1585336923599243,1.1598236560821533,0,1.1616433262825012,1.1613981059927936,42.78496453944822,-0.002318397596066779,-0.0011598870049537302,0.0024437558933154517,EURUSD
2021-10-28,1.1598910093307495,1.1693171262741089,1.158319115638733,1.1600120067596436,0,1.16164870262146,1.1611460879504025,43.156186627305104,-0.002261606086931378,0.00016239596123290845,0.0016526719180456806,EURUSD
2021-10-29,1.1683744192123413,1.1691803932189941,1.1546677350997925,1.1683608293533325,0,1.1625696301460267,1.1624578591145716,56.598431247358256,-0.0015253350841299973,0.0071971863610365006,0.002780404189760421,EURUSD
2021-11-01,1.1559356451034546,1.159326195716858,1.1546677350997925,1.1556684970855713,0,1.162166213989258,1.1612234296547532,40.80168684345881,-0.0019435955895157342,-0.010863366820322296,0.004625260031348272,EURUSD
2021-11-02,1.1601735353469849,1.1614995002746582,1.1579166650772095,1.1599582433700562,0,1.162023413181305,1.1609933957848082,46.26088164623202,-0.001906941346374591,0.0037119176436002377,0.004775265932501377,EURUSD
2021-11-03,1.158077597618103,1.159900426864624,1.1563634872436523,1.1579434871673584,0,1.1614981174468995,1.1604388669452719,44.19925605033763,-0.0020172134017200083,-0.0017369213195504996,0.004760798948838749,EURUSD
2021-11-04,1.1615750789642334,1.1617100238800049,1.152923822402954,1.1615750789642334,0,1.161105501651764,1.1606454509487194,48.64211222558609,-0.0017909210692428346,0.0031362426898386975,0.004839478660021134,EURUSD
2021-11-05,1.1556684970855713,1.1564704179763794,1.151410460472107,1.1555349826812744,0,1.1604056119918824,1.1597162749000929,42.571007648237426,-0.002075048192361706,-0.0051999189655006495,0.005043180917309654,EURUSD
2021-11-08,1.1568450927734375,1.1595547199249268,1.1551746129989624,1.1568851470947266,0,1.1596932411193848,1.1592015243900262,44.246172133812166,-0.0021663022166111823,0.0011684323137661767,0.005039165610005371,EURUSD
2021-11-09,1.1588693857192993,1.1609008312225342,1.157019019126892,1.159151554107666,0,1.1594913482666016,1.1591924388841424,47.038842404214044,-0.0020323143289753265,0.001959059651367445,0.005052980156686252,EURUSD
2021-11-10,1.159366488456726,1.1598236560821533,1.1513441801071167,1.1595547199249268,0,1.159464454650879,1.1592583081642849,47.54221021647421,-0.0018720164107444148,0.0003478111346459922,0.00504239531983863,EURUSD
2021-11-11,1.1485671997070312,1.1491611003875732,1.1454885005950928,1.148593544960022,0,1.1583226084709168,1.1573192603089644,37.192253083051554,-0.002599489077014683,-0.009452917379883963,0.0058565471047704164,EURUSD
2021-11-12,1.1447803974151611,1.1459873914718628,1.1434059143066406,1.145081877708435,0,1.155994713306427,1.1550942816543226,34.59389179885761,-0.003419955487159454,-0.0030573628652154072,0.005118205696247159,EURUSD
2021-11-15,1.1442302465438843,1.1464208364486694,1.1416958570480347,1.144164800643921,0,1.154844343662262,1.153107103288795,33.92727961938816,-0.00409695434370505,-0.0008008833973945917,0.004061901628954806,EURUSD
2021-11-16,1.1367381811141968,1.1387006044387817,1.1330673694610596,1.1366478204727173,0,1.1525133013725282,1.1501145064131444,28.995276603548632,-0.005180322756721978,-0.006569840434676122,0.004040023027104635,EURUSD
2021-11-17,1.1316184997558594,1.1334000825881958,1.127052664756775,1.1321182250976562,0,1.1499307751655579,1.1468424552648737,26.49578451866246,-0.006331415899327286,-0.003985047341380721,0.004084783592695195,EURUSD
2021-11-18,1.1318106651306152,1.1359764337539673,1.1315033435821533,1.1321182250976562,0,1.1469850897789002,1.1441653225071977,26.49578451866246,-0.007161116613341845,0.0,0.003730728078540262,EURUSD
2021-11-19,1.1370097398757935,1.1370097398757935,1.1252391338348389,1.1368415355682373,0,1.1451157450675964,1.142833724881932,33.43523909924194,-0.007352770564123645,0.0041721000208909675,0.004147502853056689,EURUSD
2021-11-22,1.1275737285614014,1.1290504932403564,1.123822808265686,1.1275737285614014,0,1.142184603214264,1.140059180096381,27.87446979978445,-0.008158446776089123,-0.008152241730157717,0.004484399961016313,EURUSD
2021-11-23,1.1243535280227661,1.1273448467254639,1.12271249294281,1.12421452999115,0,1.1386909008026123,1.1371783346227027,26.175194514389773,-0.008964671081369113,-0.0029791387340473152,0.00419475481434725,EURUSD
2021-11-24,1.1243914365768433,1.1254544258117676,1.1187809705734253,1.1244926452636719,0,1.1351846933364869,1.1348718456483333,26.57429211139589,-0.009471980973094984,0.00024738629959197844,0.004185833123699248,EURUSD
2021-11-25,1.1206992864608765,1.1230907440185547,1.1203980445861816,1.1202975511550903,0,1.1323550939559937,1.1322219739222892,24.429010862370504,-0.010096154566748838,-0.003730654999168914,0.003558581287625835,EURUSD
2021-11-26,1.1209003925323486,1.1322002410888672,1.1207997798919678,1.1209630966186523,0,1.1299432158470153,1.130174905321628,25.45714378142233,-0.01041703162375196,0.0005940791916181354,0.003678699708331963,EURUSD
2021-11-29,1.1291142702102661,1.12980055809021,1.125885248184204,1.1293182373046875,0,1.128458559513092,1.1300191475003658,37.03783617304373,-0.009883211466976682,0.007453537686689327,0.0047714602235753864,EURUSD
2021-11-30,1.1293565034866333,1.1381744146347046,1.1246063709259033,1.1293437480926514,0,1.1277281522750855,1.129896347608054,37.069983223621854,-0.009350312062292643,2.2589547499674012e-05,0.004402869569445721,EURUSD
2021-12-01,1.1330032348632812,1.1358473300933838,1.1304160356521606,1.1330289840698242,0,1.1278192281723023,1.1304659178738303,41.700726885826214,-0.00853226308252597,0.003263165872567031,0.004386814554940152,EURUSD
2021-12-02,1.1319644451141357,1.1348161697387695,1.1301862001419067,1.1319515705108643,0,1.127802562713623,1.1307360365351091,40.75646763577204,-0.007880055270232278,-0.0009509143844581569,0.004399248813596057,EURUSD
2021-12-03,1.130684494972229,1.1331830024719238,1.1267352104187012,1.1306205987930298,0,1.1271804690361023,1.130715047854731,39.56460679668574,-0.007385439425895202,-0.001175820372980918,0.004153075810700502,EURUSD
2021-12-06,1.1302627325057983,1.1310003995895386,1.1269001960754395,1.1304799318313599,0,1.1274710893630981,1.1306722994868452,39.43335637098917,-0.00692497663395919,-0.00012441570746202224,0.003180270751375464,EURUSD
2021-12-07,1.1284515857696533,1.1299434900283813,1.1231285333633423,1.128668189048767,0,1.1279164552688599,1.130307915770831,37.69871564920783,-0.006629824564427622,-0.0016026315298297567,0.003051585067265945,EURUSD
2021-12-08,1.1273066997528076,1.1339025497436523,1.12696373462677,1.1276500225067139,0,1.128232192993164,1.1298246624500823,36.721099350413,-0.006404247771831129,-0.0009020955422791577,0.003079479179705732,EURUSD
2021-12-09,1.1344043016433716,1.1345586776733398,1.1279425621032715,1.1345586776733398,0,1.129658305644989,1.1306853924906746,46.80194589450186,-0.005603413145856884,0.006126595156951575,0.0032255433522711385,EURUSD
2021-12-10,1.129407525062561,1.1322592496871948,1.1267352104187012,1.1293309926986694,0,1.1304950952529906,1.1304391379830372,41.42428212602565,-0.005329145352593212,-0.004607681451426537,0.0037271654874588235,EURUSD
2021-12-13,1.1311193704605103,1.1316057443618774,1.126354455947876,1.131183385848999,0,1.130681610107422,1.1305744557768485,43.88475748520993,-0.004905762923057111,0.0016402570745917,0.0029345506617763787,EURUSD
2021-12-14,1.1283371448516846,1.13275945186615,1.1266590356826782,1.1285407543182373,0,1.1306013107299804,1.1302046918752828,41.224377705506384,-0.004728955125469669,-0.0023361654386201414,0.0030405022397713977,EURUSD
2021-12-15,1.1258726119995117,1.1278001070022583,1.1249226331710815,1.1261261701583862,0,1.1299110293388366,1.1294631424722106,38.90371799633453,-0.004729155671444829,-0.0021395631044885954,0.0028575196549401804,EURUSD
2021-12-16,1.1293054819107056,1.1363636255264282,1.1282098293304443,1.1290758848190308,0,1.1296234607696534,1.1293927319898143,43.11647308923495,-0.0044401144092209854,0.0026193465162343,0.003027776312478982,EURUSD
2021-12-17,1.1335426568984985,1.13490629196167,1.1268366575241089,1.1334141492843628,0,1.1299028158187867,1.1301238987706412,48.71719375017684,-0.003816985606435397,0.003842314341898634,0.003263957594012828,EURUSD
2021-12-20,1.1242523193359375,1.130454421043396,1.1237343549728394,1.1243535280227661,0,1.1292901754379272,1.1290747404528456,39.88458303804207,-0.004008065470061828,-0.007994095774538912,0.004183799903291643,EURUSD
2021-12-21,1.1276754140853882,1.1303266286849976,1.1261768341064453,1.1277517080307007,0,1.1291985273361207,1.1288341891033646,43.98637467226909,-0.0038410160694775097,0.0030223412149650297,0.004306543826603477,EURUSD
2021-12-22,1.1290504932403564,1.134199619293213,1.1265320777893066,1.128757357597351,0,1.1293092608451842,1.1288202197386348,45.17850457838224,-0.0035861418891216523,0.0008917295886046173,0.004305525531799831,EURUSD
2021-12-23,1.1330161094665527,1.1345586776733398,1.1291524171829224,1.1328877210617065,0,1.129142165184021,1.1295597654337386,49.89517701120948,-0.0030160987433773823,0.003659212882693552,0.003980639467006859,EURUSD
2021-12-24,1.1324644088745117,1.134429931640625,1.1308379173278809,1.132733702659607,0,1.1294824361801148,1.130136844929351,49.723380432500065,-0.002547398615758034,-0.00013595204470506772,0.003661385260763126,EURUSD
2021-12-27,1.132387399673462,1.1335002183914185,1.1304160356521606,1.1324259042739868,0,1.1296066880226134,1.1305530375374664,49.357626822977856,-0.002175706949772316,-0.0002717305796564595,0.003633841607369359,EURUSD
2021-12-28,1.1329776048660278,1.1336004734039307,1.1290377378463745,1.1330032348632812,0,1.1300529360771179,1.1309985279603418,50.09907278485428,-0.0018136462875344428,0.0005098175404814054,0.0035304503483602197,EURUSD
2021-12-29,1.1313369274139404,1.137000560760498,1.1275355815887451,1.1314777135849,0,1.1305880904197694,1.1310856526193522,48.09530884253377,-0.001631006197874152,-0.0013464403555435434,0.0034755326235498614,EURUSD
2021-12-30,1.1359764337539673,1.1359764337539673,1.1300712823867798,1.1360150575637817,0,1.1312820076942445,1.1319819080637938,53.989713230695784,-0.0011073717794785054,0.004010104595437491,0.003596392000157595,EURUSD
2021-12-31,1.1323232650756836,1.1379153728485107,1.1305055618286133,1.132502794265747,0,1.131190872192383,1.132076614645967,49.32062646237145,-0.0009646778198439954,-0.0030917400915150273,0.003574202349650379,EURUSD
2022-01-03,1.1373846530914307,1.1375917196273804,1.1285407543182373,1.1373459100723267,0,1.1324901103973388,1.1330346683598507,55.08832612343476,-0.00045554165812577985,0.0042764713968936885,0.0024973959112787577,EURUSD
2022-01-04,1.1301988363265991,1.1323001384735107,1.1273448467254639,1.1302244663238525,0,1.132737386226654,1.1325237225351237,46.676380627450236,-0.0006195468257961245,-0.0062614580888774585,0.0033163274637107555,EURUSD
2022-01-05,1.1285407543182373,1.1345586776733398,1.1277644634246826,1.1283625364303589,0,1.1326979041099547,1.1317671432433483,44.75226208048661,-0.0008895105603374809,-0.0016473983257058178,0.0033564831129979118,EURUSD
2022-01-06,1.1312217712402344,1.1330673694610596,1.1285535097122192,1.1313496828079224,0,1.1325441002845764,1.131691241345998,48.42548802934294,-0.0008525928571627706,0.002647328567832119,0.003246355136734178,EURUSD
2022-01-07,1.129586100578308,1.1359764337539673,1.1290504932403564,1.1296881437301636,0,1.132239544391632,1.1313270417794827,46.57073958108335,-0.0009464970006829443,-0.0014686344133981732,0.0032738147354119673,EURUSD
2022-01-10,1.135344386100769,1.1359764337539673,1.1288337707519531,1.1353960037231445,0,1.1325365543365478,1.1320668530419666,53.20186164750019,-0.0005539544698052179,0.005052597944538828,0.0036802172529282,EURUSD
2022-01-11,1.1332728862762451,1.136899709701538,1.1315544843673706,1.1330417394638062,0,1.1325404047966003,1.1322441051186647,50.422173935715776,-0.0004278985877277375,-0.002073518183627887,0.003751343400732904,EURUSD
2022-01-12,1.1370097398757935,1.1433000564575195,1.1355764865875244,1.1366478204727173,0,1.133057415485382,1.1330447806375834,54.35602229483624,-3.659593766580649e-05,0.0031826550455393843,0.00384173237500999,EURUSD
2022-01-13,1.1439814567565918,1.1479079723358154,1.1436413526535034,1.144164800643921,0,1.133872389793396,1.1350666024569174,61.25707238660485,0.0008700424022525244,0.0066132886860921225,0.004181951721860918,EURUSD
2022-01-14,1.14565908908844,1.148369312286377,1.1410053968429565,1.1457115411758423,0,1.1351932644844056,1.1370020458603582,62.513018236293874,0.001693843281917351,0.0013518511765533425,0.003961866920413131,EURUSD
2022-01-17,1.1412137746810913,1.143458366394043,1.1393154859542847,1.1410704851150513,0,1.135565721988678,1.1377417620884842,56.58556460704483,0.0019497415698890297,-0.004050806764177239,0.004108191638475385,EURUSD
2022-01-18,1.141291856765747,1.1423349380493164,1.1329647302627563,1.1410574913024902,0,1.1366490244865417,1.1383446219455762,56.56939186446934,0.002126975860945679,-1.1387388185513103e-05,0.003409148661663482,EURUSD
2022-01-19,1.1330032348632812,1.1356796026229858,1.1319515705108643,1.1329647302627563,0,1.1371092438697814,1.137366459821427,47.469478046882394,0.0015960192156017072,-0.0070923341737112455,0.00421206068128,EURUSD
2022-01-20,1.134352684020996,1.136893391609192,1.1330161094665527,1.1343399286270142,0,1.1374082684516906,1.136816181422443,48.971653223835155,0.0012715417223461145,0.0012138050969503489,0.004151608721053763,EURUSD
2022-01-21,1.1315417289733887,1.1361054182052612,1.1302244663238525,1.1313753128051758,0,1.137576985359192,1.1358269325829398,45.92287592939557,0.000766337390305738,-0.002613516237083058,0.004220155955078775,EURUSD
2022-01-24,1.1340954303741455,1.1340954303741455,1.1291396617889404,1.1341469287872314,0,1.1374520778656005,1.1355214773473563,49.11251292008511,0.0005828864120300814,0.0024497759060904123,0.00395672833740348,EURUSD
2022-01-25,1.132387399673462,1.132502794265747,1.1266844272613525,1.1324130296707153,0,1.1373892068862914,1.1349563050425124,47.235481797678325,0.0002941976942625324,-0.0015288134830733213,0.003930248005089243,EURUSD
2022-01-26,1.130352258682251,1.1313496828079224,1.1272051334381104,1.130454421043396,0,1.1367698669433595,1.1341377806790367,45.13692924908501,-9.157788900826525e-05,-0.0017295885653036969,0.0037858486919859526,EURUSD
2022-01-27,1.1242270469665527,1.12447988986969,1.1133501529693604,1.1243535280227661,0,1.134788739681244,1.1323588256506238,39.28254122242544,-0.0008794610184130747,-0.005396850069371961,0.003109026749578055,EURUSD
2022-01-28,1.1146159172058105,1.1170064210891724,1.1123347282409668,1.1147029399871826,0,1.131687879562378,1.1291486646209072,32.17374372808587,-0.002256573501344894,-0.00858323276003281,0.0035649294943554248,EURUSD
2022-01-31,1.115138053894043,1.121692419052124,1.114504098892212,1.1152374744415283,0,1.1291045784950255,1.1266193573155656,32.898076520853394,-0.0032671509203738847,0.0004795308554150779,0.0036654782436360846,EURUSD
2022-02-01,1.12291419506073,1.1279042959213257,1.1222084760665894,1.12296462059021,0,1.1272952914237977,1.1259548597291373,42.46364438348555,-0.003405270847406161,0.006928700232702534,0.004664001095895854,EURUSD
2022-02-02,1.1273066997528076,1.132939100265503,1.126697063446045,1.1273956298828125,0,1.1267383813858032,1.1262168179388965,47.118909391248174,-0.0031212071333077684,0.0039458137962296025,0.004520336508698283,EURUSD
2022-02-03,1.1299946308135986,1.1450687646865845,1.1272051334381104,1.1299946308135986,0,1.1263038516044617,1.1269036930070242,49.69015462134565,-0.002655753070708311,0.002305314001488812,0.004578674514065524,EURUSD
2022-02-04,1.1435105800628662,1.148369312286377,1.1413440704345703,1.14357590675354,0,1.127523910999298,1.1299350045972998,60.49881833061825,-0.0011774094643950406,0.01201888537307716,0.005924001914954147,EURUSD
2022-02-07,1.1454622745513916,1.1460003852844238,1.1416698694229126,1.145514726638794,0,1.1286606907844543,1.1327676813321168,61.76180278938803,0.00014891841703179587,0.0016954011306149486,0.005909532987905894,EURUSD
2022-02-08,1.144086241722107,1.145081877708435,1.1397050619125366,1.1442956924438477,0,1.1298489570617676,1.1348636833524315,60.45301571972801,0.001089122224056771,-0.0010641802908315512,0.005889114397153775,EURUSD
2022-02-09,1.1421130895614624,1.1447004079818726,1.1403288841247559,1.142126202583313,0,1.1310161352157593,1.1361841413944098,58.09360379631038,0.0016402727708964004,-0.001895917178453499,0.005898096529707577,EURUSD
2022-02-10,1.142126202583313,1.1494252681732178,1.1380836963653564,1.142152190208435,0,1.1327960014343261,1.137269241178778,58.1146920765225,0.0020554663971092957,2.2753724643775897e-05,0.005474345736633978,EURUSD
2022-02-11,1.1411746740341187,1.1419005393981934,1.1371259689331055,1.1415525674819946,0,1.1354809641838073,1.1380480277793628,57.39698683550224,0.0023095032782480818,-0.0005249937193843035,0.004272350376110823,EURUSD
2022-02-14,1.1365832090377808,1.136893391609192,1.1292799711227417,1.1365057229995728,0,1.137607789039612,1.1377676087284918,51.61876385107658,0.002079618616402934,-0.004421035549465824,0.004768258946979674,EURUSD
2022-02-15,1.1306078433990479,1.1368803977966309,1.1305822134017944,1.1306334733963013,0,1.138374674320221,1.1364704932135479,45.83664169328392,0.00140736862960944,-0.005166933596931544,0.0048839409659288974,EURUSD
2022-02-16,1.135563611984253,1.1393154859542847,1.1345458030700684,1.1356796026229858,0,1.1392030715942383,1.1363266949243547,50.9239473388405,0.0012671788787848026,0.00446309909039444,0.0049248073407719495,EURUSD
2022-02-17,1.1373329162597656,1.1386927366256714,1.13275945186615,1.1375269889831543,0,1.1399563074111938,1.1365449302077726,52.67639133923778,0.001290272671071735,0.0016266791759769195,0.0049055284029605175,EURUSD
2022-02-18,1.1363893747329712,1.137669324874878,1.131580114364624,1.1366478204727173,0,1.1392634987831116,1.1365636375286714,51.72968896299076,0.0012235290354658535,-0.0007728770560625486,0.0028604037965708645,EURUSD
2022-02-21,1.131733775138855,1.1385631561279297,1.1314136981964111,1.131721019744873,0,1.1378841280937195,1.1356831615679808,46.668013224079544,0.000764272521753373,-0.004334500659839646,0.0029558419327016176,EURUSD
2022-02-22,1.1309658288955688,1.1363766193389893,1.1289101839065552,1.1309658288955688,0,1.1365511417388916,1.1348254647184512,45.92620537917498,0.00033550336181464857,-0.0006672941795093923,0.00296063019968758,EURUSD
2022-02-23,1.1330546140670776,1.1359764337539673,1.1307356357574463,1.13291335105896,0,1.1356298565864562,1.1344778076894528,48.21237514071694,0.00015110760154257719,0.0017219991211343544,0.0030803099134351732,EURUSD
2022-02-24,1.1305949687957764,1.1305949687957764,1.1110494136810303,1.1305694580078125,0,1.134471583366394,1.1337671986564273,45.70770187013801,-0.00018206125860853462,-0.0020689076079442037,0.0030888377103596262,EURUSD
2022-02-25,1.1190814971923828,1.1266082525253296,1.1168068647384644,1.11906898021698,0,1.1322232246398927,1.1310947953038004,35.86301108359902,-0.001358433251914537,-0.010172287699242832,0.004218835411961388,EURUSD
2022-02-28,1.118105411529541,1.1244546175003052,1.1143178939819336,1.118105411529541,0,1.1303831934928894,1.1287330891630258,35.179332822442504,-0.0023414773784096177,-0.0008610449440320522,0.004139344401216199,EURUSD
2022-03-01,1.1214659214019775,1.1232168674468994,1.1102105379104614,1.1215918064117432,0,1.1294790267944337,1.127434674117338,39.66140450083172,-0.002806868172058774,0.0031181271875186933,0.004180185726690125,EURUSD
2022-03-02,1.1131023168563843,1.1141936779022217,1.1058521270751953,1.1132758855819702,0,1.127238655090332,1.1248603489290891,33.67938403022448,-0.0038028817868707154,-0.007414391565838674,0.004207584991196397,EURUSD
2022-03-03,1.1113580465316772,1.111605167388916,1.1039842367172241,1.1112345457077026,0,1.1246094107627869,1.1223829301615642,32.388005202203686,-0.0047027385771991614,-0.0018336334242975427,0.0040157039093050495,EURUSD
2022-03-04,1.1069294214248657,1.1069294214248657,1.0890042781829834,1.1066844463348389,0,1.121613073348999,1.1195286603748869,29.65824086325452,-0.005717133008742437,-0.00409463455796899,0.00401011066492487,EURUSD
2022-03-07,1.087393879890442,1.0930753946304321,1.0808590650558472,1.087453007698059,0,1.1171862721443175,1.1136967235245545,21.43504095148188,-0.007980865824894323,-0.017377526810348876,0.00615991832162391,EURUSD
2022-03-08,1.08695650100708,1.0922157764434814,1.0851165056228638,1.0865312814712524,0,1.112742817401886,1.108757552242136,21.132611910038747,-0.009737023646810838,-0.0008476009724390776,0.0061494482150828145,EURUSD
2022-03-09,1.0900845527648926,1.1091147661209106,1.0897876024246216,1.0898232460021973,0,1.1084338068962096,1.1053149511076015,25.192217503726837,-0.010739360682632482,0.003029792687134769,0.006296406455065725,EURUSD
2022-03-10,1.1073338985443115,1.1116174459457397,1.0982131958007812,1.107382893562317,0,1.1061151504516602,1.1056909406448225,42.26398599474772,-0.01000151199441901,0.01611238118156666,0.008938999718298493,EURUSD
2022-03-11,1.1012123823165894,1.104191541671753,1.0934697389602661,1.1013944149017334,0,1.1043476939201355,1.104909754146079,38.99560421999177,-0.009787161468093997,-0.005407776023448663,0.008576666050345629,EURUSD
2022-03-14,1.0932546854019165,1.0986958742141724,1.0902509689331055,1.093206763267517,0,1.1018578290939331,1.1027819376227042,35.00927653564466,-0.010160834417228815,-0.00743389608975531,0.008767096507403049,EURUSD
2022-03-15,1.094534993171692,1.1018311977386475,1.093948245048523,1.0943193435668945,0,1.0991305828094482,1.1012432841580115,35.967168958709294,-0.010249052294609484,0.0010177217492250978,0.008649503891268017,EURUSD
2022-03-16,1.0967316627502441,1.1038745641708374,1.0955781936645508,1.0969363451004028,0,1.0974966287612915,1.1004602043293552,38.27182489992676,-0.009992606893364453,0.002391442268559585,0.008576538105567412,EURUSD
2022-03-17,1.102244257926941,1.1110494136810303,1.1021226644515991,1.1021955013275146,0,1.0965927243232727,1.100775712874475,42.73257439066611,-0.009258278439589596,0.004794404206408531,0.008796405717647879,EURUSD
2022-03-18,1.1098902225494385,1.1117905378341675,1.1005337238311768,1.1099518537521362,0,1.0969194650650025,1.102444102124959,48.628753231701005,-0.007958702067977441,0.007037183889137211,0.009031768267607555,EURUSD
2022-03-21,1.1042159795761108,1.1066721677780151,1.1026087999343872,1.1043134927749634,0,1.0986055135726929,1.1027839913340505,45.0015608467573,-0.007299601774232833,-0.005079824821331402,0.006949837976009001,EURUSD
2022-03-22,1.1016370058059692,1.1045695543289185,1.0961546897888184,1.101722002029419,0,1.1001245856285096,1.102590902369572,43.399270008260025,-0.006906754916678803,-0.002346698435271688,0.007023353091751961,EURUSD
2022-03-23,1.1030100584030151,1.1042001247406006,1.096575379371643,1.1029735803604126,0,1.101439619064331,1.1026604801860884,44.42837555943489,-0.0064204184529694786,0.0011360200928076658,0.007000362501130365,EURUSD
2022-03-24,1.1006306409835815,1.101333737373352,1.0969964265823364,1.1006306409835815,0,1.1007643938064575,1.1022914185129054,42.8574628785769,-0.006153119596044698,-0.0021242026269255865,0.004681707806956996,EURUSD
2022-03-25,1.100897192955017,1.1038745641708374,1.0982975959777832,1.1009578704833984,0,1.1007207393646241,1.1020489552348132,43.15975278743367,-0.005847472615892579,0.00029731091215534633,0.004368052910920379,EURUSD
2022-03-28,1.098189115524292,1.0996744632720947,1.094534993171692,1.098189115524292,0,1.1012189745903016,1.1013471661965366,41.174964797239994,-0.005762237085549682,-0.002514860044454559,0.0036616102235985212,EURUSD
2022-03-29,1.0993843078613281,1.1136353015899658,1.097044587135315,1.0993843078613281,0,1.1017254710197448,1.1009902828628622,42.40622178022935,-0.005534447613687599,0.0010883301611175344,0.0036628712410781508,EURUSD
2022-03-30,1.1091516017913818,1.1170001029968262,1.108905553817749,1.1091516017913818,0,1.1029469966888428,1.1024741590316838,51.36513563314742,-0.004513752100131274,0.008884330857017897,0.004517497189516481,EURUSD
2022-03-31,1.1161835193634033,1.1183055639266968,1.1074001789093018,1.1161835193634033,0,1.1043457984924316,1.1049667700010872,56.599443752655404,-0.003101672423079682,0.006339906610299595,0.004680764482964869,EURUSD
2022-04-01,1.1072357892990112,1.1075423955917358,1.1029735803604126,1.1072357892990112,0,1.104074192047119,1.1053793189643462,49.324961105246025,-0.0026737745339671104,-0.008016361027705643,0.005028296068016705,EURUSD
2022-04-04,1.1047282218933105,1.1057054996490479,1.0980926752090454,1.1047282218933105,0,1.1041156649589539,1.1052609376787033,47.48311403365352,-0.0025080904021086425,-0.0022647094954257874,0.004800473387177097,EURUSD
2022-04-05,1.0975863933563232,1.0991426706314087,1.092132329940796,1.0975863933563232,0,1.1037021040916444,1.103865565983725,42.60361985757045,-0.0029194171860580376,-0.00646478327922817,0.005189583984669079,EURUSD
2022-04-06,1.090643286705017,1.0937448740005493,1.0875712633132935,1.090643286705017,0,1.1024690747261048,1.101461515205778,38.465215856549314,-0.003762278106509198,-0.006325795120395661,0.0054783673084366595,EURUSD
2022-04-07,1.0898232460021973,1.0935057401657104,1.08672034740448,1.0898232460021973,0,1.1013883352279663,1.0993454662596724,37.995767458340566,-0.00444518061470589,-0.0007518871777932867,0.005467318221268704,EURUSD
2022-04-08,1.0864840745925903,1.0891940593719482,1.0836936235427856,1.0864840745925903,0,1.0999409556388855,1.097007031411112,36.06557533207859,-0.0051959335114701855,-0.0030639568589273525,0.00548385217412314,EURUSD
2022-04-11,1.0884946584701538,1.0932785272598267,1.0874648094177246,1.0884946584701538,0,1.0989715099334716,1.0954593272400286,38.104460821132406,-0.005564528850480199,0.0018505415077689769,0.005550540070275187,EURUSD
2022-04-12,1.0877959728240967,1.0903936624526978,1.0851871967315674,1.0877959728240967,0,1.0978126764297484,1.0940659900734955,37.65506831896406,-0.005845636545395827,-0.000641882475600819,0.005509442750747851,EURUSD
2022-04-13,1.0826143026351929,1.0873819589614868,1.0810343027114868,1.0826143026351929,0,1.0951589465141296,1.0919838650847131,34.41352526718717,-0.0064126132838846495,-0.00476345777917464,0.00434334985968442,EURUSD
2022-04-14,1.089656949043274,1.0922634601593018,1.0758588314056396,1.089656949043274,0,1.0925062894821167,1.091560789440815,41.75281595308836,-0.006221941063151437,0.006505222026846003,0.004380510574902842,EURUSD
2022-04-15,1.0820988416671753,1.0823447704315186,1.0798786878585815,1.0820988416671753,0,1.089992594718933,1.0898404353001532,36.97129249225198,-0.00660457462889652,-0.006936226472684548,0.00423744461492566,EURUSD
2022-04-18,1.081525444984436,1.081583857536316,1.0783647298812866,1.081525444984436,0,1.0876723170280456,1.0883286188791137,36.628581978710145,-0.006874833999782393,-0.000529893075068677,0.004273755411121414,EURUSD
2022-04-19,1.0781787633895874,1.081209659576416,1.0761945247650146,1.0781787633895874,0,1.0857315540313721,1.0864831906082906,34.6119231693156,-0.00727520173667795,-0.0030944085600286275,0.004017582989813752,EURUSD
2022-04-20,1.0794472694396973,1.08672034740448,1.0784810781478882,1.0794472694396973,0,1.08461195230484,1.0852039322140008,36.0491375650126,-0.007404780515300136,0.0011765266514078832,0.00376599794443162,EURUSD
2022-04-21,1.0849870443344116,1.0934697389602661,1.082438588142395,1.0849870443344116,0,1.0841283321380615,1.0851644980540753,42.04057865504876,-0.0069799980224452,0.005132047716967181,0.004242857550127033,EURUSD
2022-04-22,1.0835175514221191,1.0854227542877197,1.077284336090088,1.0835175514221191,0,1.0838316798210144,1.0848650532119013,40.9447487217368,-0.006684871594864639,-0.00135438752007766,0.004158838694188793,EURUSD
2022-04-25,1.0811045169830322,1.081221342086792,1.0700336694717407,1.0811045169830322,0,1.0830926656723023,1.0841813193521068,39.14055899352486,-0.006569959088683408,-0.002227037703191659,0.004128088583888427,EURUSD
2022-04-26,1.0714209079742432,1.0738831758499146,1.0644639730453491,1.0714209079742432,0,1.081455159187317,1.0818612445561315,32.879260046639416,-0.00717753822455669,-0.00895714415828408,0.004888489208182139,EURUSD
2022-04-27,1.0643619298934937,1.0656436681747437,1.0516685247421265,1.0643619298934937,0,1.0796299219131469,1.0786795509811065,29.210902475866703,-0.00813487581922323,-0.006588426666132574,0.005054887866407603,EURUSD
2022-04-28,1.0555092096328735,1.056222677230835,1.0472848415374756,1.0555092096328735,0,1.076215147972107,1.074466761645064,25.385669896460215,-0.009498421410544466,-0.008317396565946322,0.0045317966235351,EURUSD
2022-04-29,1.0504201650619507,1.0590416193008423,1.0505415201187134,1.0504201650619507,0,1.0730472803115845,1.070094653175407,23.481997934148453,-0.010864445911846321,-0.004821411811928078,0.004383409826970276,EURUSD
2022-05-02,1.0535964965820312,1.056769609451294,1.0503981113433838,1.0535964965820312,0,1.070254385471344,1.0670949883402479,27.153843290108213,-0.011557499107425873,0.0030238676157681166,0.004732320777648617,EURUSD
2022-05-03,1.0509058237075806,1.0577645301818848,1.0494390726089478,1.0509058237075806,0,1.0675270915031434,1.064151503861581,26.014999038415468,-0.012183420682466473,-0.002553798236022531,0.004729167309458096,EURUSD
2022-05-04,1.0528532266616821,1.0566357374191284,1.0506519079208374,1.0528532266616821,0,1.0648676872253418,1.0620972716434176,28.356996492901956,-0.012379624294123204,0.0018530708557986664,0.004792792442422171,EURUSD
2022-05-05,1.0622477531433105,1.0639996528625488,1.0504642724990845,1.0622477531433105,0,1.0625937581062317,1.0621246319161253,38.475065735078424,-0.011642845817039227,0.008922921299691522,0.0055516969895724475,EURUSD
2022-05-06,1.0539740324020386,1.0598385334014893,1.048536777496338,1.0539740324020386,0,1.0596394062042236,1.0606427047317457,33.93020119004724,-0.01159292762982922,-0.007788880434709378,0.005821738961303448,EURUSD
2022-05-09,1.053219199180603,1.0572165250778198,1.0496593713760376,1.053219199180603,0,1.0568508744239806,1.0592929764497196,33.54093067159117,-0.011481919419567665,-0.0007161781962646829,0.005856189926229949,EURUSD
2022-05-10,1.056579828262329,1.0585819482803345,1.0527312755584717,1.056579828262329,0,1.0553667664527893,1.0587996767792849,37.006049877734746,-0.010996014719315328,0.0031908163887828245,0.005645844584227525,EURUSD
2022-05-11,1.0532968044281006,1.0575631856918335,1.0507071018218994,1.0532968044281006,0,1.05426025390625,1.057799154533615,35.08170564584404,-0.010751903083736414,-0.003107217974838483,0.0053905323389834055,EURUSD
2022-05-12,1.05124831199646,1.0529751777648926,1.0373551845550537,1.05124831199646,0,1.0538341641426086,1.056608092254132,33.897248134130535,-0.010601531220393756,-0.0019448387415861301,0.004775033321951709,EURUSD
2022-05-13,1.0379581451416016,1.041938066482544,1.0351966619491577,1.0379581451416016,0,1.0525879621505738,1.0532171927791265,27.427278338774414,-0.011423087586875713,-0.012642271766999169,0.006050780576148393,EURUSD
2022-05-16,1.0400632619857788,1.0437977313995361,1.0391337871551514,1.0400632619857788,0,1.0512346386909486,1.0508255689985178,29.715651728853956,-0.011768649919634111,0.0020281326891944396,0.005981781971807205,EURUSD
2022-05-17,1.0438958406448364,1.055375576019287,1.0432424545288086,1.0438958406448364,0,1.0505336403846741,1.0495656183887574,33.807875315114785,-0.011599541199908803,0.0036849476364928524,0.0061564716377373145,EURUSD
2022-05-18,1.0547856092453003,1.0564124584197998,1.0492409467697144,1.0547856092453003,0,1.050726878643036,1.0505147076354016,43.81742676978377,-0.010466160620030918,0.010431853616484466,0.007073701733883846,EURUSD
2022-05-19,1.0472739934921265,1.0598047971725464,1.0466053485870361,1.0472739934921265,0,1.0492295026779175,1.0499254868820787,39.39236125599312,-0.010058129107615832,-0.007121462112616772,0.006685787332004588,EURUSD
2022-05-20,1.057898759841919,1.05988347530365,1.0541073083877563,1.057898759841919,0,1.0496219754219056,1.0513751728747769,47.472684730772144,-0.008776264035995407,0.010145163935909807,0.007169025543394442,EURUSD
2022-05-23,1.0569819211959839,1.069027066230774,1.0568702220916748,1.0569819211959839,0,1.0499982476234435,1.0523945816604507,46.89171209312812,-0.00774507751533049,-0.000866660100889094,0.0071717742898821995,EURUSD
2022-05-24,1.0682048797607422,1.0746333599090576,1.0662003755569458,1.0682048797607422,0,1.051160752773285,1.0552691813150492,54.26936543754714,-0.0059536261106085675,0.010617928594331527,0.007847927497064545,EURUSD
2022-05-25,1.0736525058746338,1.0736525058746338,1.064407229423523,1.0736525058746338,0,1.0531963229179382,1.0586116039622464,57.36537975254605,-0.004047651261805063,0.005099795195760315,0.0077853252648995485,EURUSD
2022-05-26,1.0686614513397217,1.0728693008422852,1.0664504766464233,1.0686614513397217,0,1.0549376368522645,1.060438848939969,53.773407326894144,-0.002906385844452908,-0.004648668454274474,0.007979882613696596,EURUSD
2022-05-27,1.0732953548431396,1.0765074491500854,1.0698047876358032,1.0732953548431396,0,1.0584713578224183,1.0627763954678182,56.49699719766845,-0.001609454701303692,0.004336175406728371,0.006204386285831303,EURUSD
2022-05-30,1.0731456279754639,1.078515887260437,1.0727427005767822,1.0731456279754639,0,1.0617795944213868,1.0646617104692082,56.38140642440591,-0.0005869432173257749,-0.00013950201778112348,0.006293726500224511,EURUSD
2022-05-31,1.0773539543151855,1.0774933099746704,1.068216323852539,1.0773539543151855,0,1.0651254057884216,1.0669693911684768,58.92512139740463,0.000556565524769681,0.003921486730240842,0.006296387809359847,EURUSD
2022-06-01,1.0734105110168457,1.0736640691757202,1.063173770904541,1.0734105110168457,0,1.066987895965576,1.0681405038681802,55.65010378126878,0.00113155763195949,-0.0036603042876901526,0.006065152332550833,EURUSD
2022-06-02,1.0654165744781494,1.0738486051559448,1.064565896987915,1.0654165744781494,0,1.0688021540641786,1.0676452439790836,49.62847642347661,0.0009314618367055605,-0.0074472314707665355,0.006118843888079373,EURUSD
2022-06-03,1.0751069784164429,1.0765421390533447,1.0706638097763062,1.0751069784164429,0,1.0705229759216308,1.0690019229676944,55.863167356576334,0.001537100353032006,0.0090954131655403,0.005965629330166474,EURUSD
2022-06-06,1.0726046562194824,1.0752688646316528,1.0686043500900269,1.0726046562194824,0,1.0720852494239808,1.0696569653771104,54.00431732198795,0.0017944712050625977,-0.0023275099568660362,0.006050860624859085,EURUSD
2022-06-07,1.0691413879394531,1.0708931684494019,1.0652804374694824,1.0691413879394531,0,1.0721789002418518,1.069563224024809,51.452481591207665,0.0016993931071915824,-0.0032288394982695756,0.005261454534508749,EURUSD
2022-06-08,1.0698620080947876,1.0748296976089478,1.0673270225524902,1.0698620080947876,0,1.0717998504638673,1.0696175484011687,51.96113495983558,0.001663020785271696,0.00067401764019559,0.004972364172311471,EURUSD
2022-06-09,1.071765422821045,1.0770059823989868,1.0647132396697998,1.071765422821045,0,1.0721102476119995,1.0700080710229645,53.35142364306869,0.0017674114994201684,0.001779121710889564,0.004764989734738423,EURUSD
2022-06-10,1.0619205236434937,1.0642147064208984,1.0507733821868896,1.0619205236434937,0,1.0709727644920348,1.0685376078630606,45.944934106688834,0.0010437095718467404,-0.009185684635764857,0.005372328505565484,EURUSD
2022-06-13,1.0489987134933472,1.0497585535049438,1.041905403137207,1.0489987134933472,0,1.0685580730438233,1.0649850816140218,38.40814301454691,-0.0005659871591339183,-0.012168340155825574,0.006394708060694281,EURUSD
2022-06-14,1.0415147542953491,1.0482399463653564,1.0398253202438354,1.0415147542953491,0,1.0649741530418395,1.060717749374263,34.8431476893051,-0.0024177065606356685,-0.007134383580962855,0.006159649139765022,EURUSD
2022-06-15,1.0440592765808105,1.0507181882858276,1.0386265516281128,1.0440592765808105,0,1.062039029598236,1.0576889361390898,36.9847596459619,-0.0036379498232494978,0.002443097685335127,0.006423365965071877,EURUSD
2022-06-16,1.0456204414367676,1.0530306100845337,1.0382598638534546,1.0456204414367676,0,1.060059416294098,1.0554946643750311,38.324197857680225,-0.004427985384386268,0.0014952837362545157,0.0063183935375209065,EURUSD
2022-06-17,1.0546854734420776,1.0551751852035522,1.0445609092712402,1.0546854734420776,0,1.0580172657966613,1.0553475387508577,45.560202655786014,-0.004273361286455835,0.008669524471857093,0.00623729049417382,EURUSD
2022-06-20,1.049141764640808,1.0545185804367065,1.048635721206665,1.049141764640808,0,1.055670976638794,1.054219216185394,42.292355991853896,-0.0045457509569937216,-0.005256267333593856,0.00632778422190581,EURUSD
2022-06-21,1.0520778894424438,1.058189868927002,1.0514252185821533,1.0520778894424438,0,1.053964626789093,1.0538298840503122,44.56041715430067,-0.0044731374559230375,0.0027985968155990193,0.0065026201782433235,EURUSD
2022-06-22,1.053263545036316,1.0602879524230957,1.0471861362457275,1.053263545036316,0,1.052304780483246,1.0537269133204947,45.492060970771924,-0.00427068839824063,0.0011269656037542486,0.006521680738358283,EURUSD
2022-06-23,1.0564124584197998,1.058066725730896,1.0484488010406494,1.0564124584197998,0,1.0507694840431214,1.054215194247641,47.99176676116469,-0.0038122102808810787,0.0029896728110676563,0.00660095505376401,EURUSD
2022-06-24,1.052011489868164,1.0569148063659668,1.0513699054718018,1.052011489868164,0,1.0497785806655884,1.0538145207240996,44.89305934845569,-0.0037606342012468374,-0.00416595669291786,0.00611818547519879,EURUSD
2022-06-27,1.0566133260726929,1.0614246129989624,1.0550860166549683,1.0566133260726929,0,1.050540041923523,1.054323394423844,48.628193828279485,-0.0033102713168275955,0.004374321239690504,0.004842341438102604,EURUSD
2022-06-28,1.0580891370773315,1.0605015754699707,1.0505746603012085,1.0580891370773315,0,1.052197480201721,1.0550080749062962,49.80325313169013,-0.0028019705002677586,0.0013967370732717033,0.003976077566206937,EURUSD
2022-06-29,1.0523545742034912,1.053629755973816,1.0468025207519531,1.0523545742034912,0,1.0530270099639893,1.0545256202330588,45.45265961503195,-0.0028292558390496936,-0.005419735136569348,0.004527261396931819,EURUSD
2022-06-30,1.04465913772583,1.047877550125122,1.0383893251419067,1.04465913772583,0,1.0529308795928956,1.0527317143226536,40.357761658557536,-0.003432271982022339,-0.007312588994527469,0.005186025942348875,EURUSD
2022-07-01,1.0477677583694458,1.0477896928787231,1.036989450454712,1.0477677583694458,0,1.0522391080856324,1.0518291768766157,43.1309009852299,-0.003617625182501305,0.0029757272313561955,0.0043664960458020905,EURUSD
2022-07-04,1.0433948040008545,1.0463534593582153,1.041807770729065,1.0433948040008545,0,1.051664412021637,1.0502956545355682,40.2927434573704,-0.004070458093391016,-0.004173591269306276,0.004251480125476382,EURUSD
2022-07-05,1.0433186292648315,1.0448557138442993,1.0237300395965576,1.0433186292648315,0,1.0507884860038756,1.0490271044863433,40.2430659584702,-0.004384931343333287,-7.300662772213862e-05,0.0040949472249871294,EURUSD
2022-07-06,1.0257673263549805,1.0273902416229248,1.0162187814712524,1.0257673263549805,0,1.048038864135742,1.0447980539170045,30.815739193583923,-0.005981446727483242,-0.01682257214386984,0.00641783945590888,EURUSD
2022-07-07,1.0186411142349243,1.0219202041625977,1.015331506729126,1.0186411142349243,0,1.0442617297172547,1.0400422467020807,27.952532333387992,-0.007732585995554153,-0.0069472013164806334,0.006218417726994724,EURUSD
2022-07-08,1.0169836282730103,1.0191082954406738,1.007973074913025,1.0169836282730103,0,1.0407589435577393,1.035849770624068,27.316783612209193,-0.009148661669830194,-0.0016271539983530037,0.006245273499539827,EURUSD
2022-07-11,1.0166114568710327,1.0167768001556396,1.0054292678833008,1.0166114568710327,0,1.0367587566375733,1.0323518953962434,27.16737013960652,-0.010183553302314241,-0.00036595613894940815,0.005753269275108519,EURUSD
2022-07-12,1.004752516746521,1.007384181022644,1.0001100301742554,1.004752516746521,0,1.0314250946044923,1.0273338265508394,22.87407038617623,-0.011824326263027096,-0.011665164743481893,0.005913539253073459,EURUSD
2022-07-13,1.0033109188079834,1.011623501777649,0.9998899698257446,1.0033109188079834,0,1.0265207290649414,1.0229660251430472,22.410434704491024,-0.013090081252836283,-0.001434779126710306,0.0060260254223564475,EURUSD
2022-07-14,1.0032706260681152,1.0049240589141846,0.9953616261482239,1.0032706260681152,0,1.02238187789917,1.0193850434930596,22.396770444131576,-0.013935809155692036,-4.0159774116754754e-05,0.006119782374743205,EURUSD
2022-07-15,1.0025665760040283,1.009795069694519,1.0010610818862915,1.0025665760040283,0,1.0178617596626283,1.0163271403132357,22.142715209443153,-0.014495767384914426,-0.0007017548862624512,0.005752323375145045,EURUSD
2022-07-18,1.009631872177124,1.0198878049850464,1.008237361907959,1.009631872177124,0,1.0144854664802552,1.0151098188339427,30.64493704719844,-0.0142056737970222,0.007047208975643482,0.0067975984136471245,EURUSD
2022-07-19,1.0145177841186523,1.0268205404281616,1.0125659704208374,1.0145177841186523,0,1.0116053819656372,1.0150021761584354,35.86113867899472,-0.013426745118329197,0.004839300418470804,0.007218223591535879,EURUSD
2022-07-20,1.0231330394744873,1.0271897315979004,1.0175942182540894,1.0231330394744873,0,1.0113419532775878,1.0164805149431722,43.876581477338924,-0.011976205183636068,0.008491970757633638,0.0060945482949794905,EURUSD
2022-07-21,1.0182781219482422,1.0275379419326782,1.016311764717102,1.0182781219482422,0,1.0113056540489196,1.0168073525804575,40.7835146119187,-0.01109054816927646,-0.00474514783408686,0.005860585853095525,EURUSD
2022-07-22,1.0221081972122192,1.025514841079712,1.0133970975875854,1.0221081972122192,0,1.0118181109428406,1.0177711425135052,44.129683026940114,-0.009964736263244012,0.0037613253014305847,0.005943548028518711,EURUSD
2022-07-25,1.0200231075286865,1.0256409645080566,1.0180604457855225,1.0200231075286865,0,1.012159276008606,1.0181805906980836,42.714594624540354,-0.009135463590671522,-0.002039989199988601,0.005994588774639155,EURUSD
2022-07-26,1.022494912147522,1.0249052047729492,1.011398434638977,1.022494912147522,0,1.0139335155487061,1.0189650127797996,44.967515637817826,-0.0081844596913907,0.0024232829634851516,0.004261789392820279,EURUSD
2022-07-27,1.0129557847976685,1.0171905755996704,1.0107442140579224,1.0129557847976685,0,1.0148980021476746,1.0178724258739575,38.65019581332904,-0.008107056998308604,-0.009329266323505392,0.005477231115041841,EURUSD
2022-07-28,1.0209290981292725,1.0233110189437866,1.0115723609924316,1.0209290981292725,0,1.0166638493537903,1.018428184465833,45.53745982130402,-0.007317977961625255,0.007871334021945176,0.005872143735936421,EURUSD
2022-07-29,1.0192328691482544,1.0253781080245972,1.014857530593872,1.0192328691482544,0,1.0183304786682128,1.0185744907717278,44.39562301933071,-0.006751669598474619,-0.0016614562011467715,0.005924489447189821,EURUSD
2022-08-01,1.0208247900009155,1.0277491807937622,1.0209603309631348,1.0208247900009155,0,1.019449770450592,1.0189836360861255,45.76997112119571,-0.00610404776903084,0.0015618813922195773,0.005616831343273727,EURUSD
2022-08-02,1.0261356830596924,1.0293148756027222,1.0183714628219604,1.0261356830596924,0,1.0206115603446961,1.0202840082631377,50.192898466301905,-0.00510342896612781,0.005202551026187496,0.005644682115704534,EURUSD
2022-08-03,1.015568733215332,1.020762324333191,1.0123199224472046,1.015568733215332,0,1.0198551297187806,1.019426685527173,42.726164898363905,-0.005104257196837825,-0.010297809557554993,0.006043741140329413,EURUSD
2022-08-04,1.015764594078064,1.0232481956481934,1.0155996084213257,1.015764594078064,0,1.0196037769317627,1.018760850718244,42.895731241597176,-0.005031113693992895,0.0001928583032602127,0.005878274511584132,EURUSD
2022-08-05,1.024779200553894,1.0249052047729492,1.014363408088684,1.024779200553894,0,1.0198708772659302,1.0198550961429076,50.20322422201278,-0.004197358994900258,0.008874700426048987,0.006458008531249837,EURUSD
2022-08-08,1.0170871019363403,1.0221813917160034,1.0160020589828491,1.0170871019363403,0,1.0195772767066955,1.019351824468986,44.92083490547077,-0.0041099139323970135,-0.00750610337660651,0.00689286258622312,EURUSD
2022-08-09,1.0197629928588867,1.0246951580047607,1.0189213752746582,1.0197629928588867,0,1.019304084777832,1.0194265823580588,47.00966773629506,-0.0037811048333962205,0.0026309358534308824,0.006902173631717577,EURUSD
2022-08-10,1.0208144187927246,1.0369141101837158,1.0203040838241577,1.0208144187927246,0,1.0200899481773376,1.0196789162552706,47.84660685534505,-0.003396526919703158,0.0010310493136156396,0.0061205691208820155,EURUSD
2022-08-11,1.0300782918930054,1.036591649055481,1.0276330709457397,1.0300782918930054,0,1.021004867553711,1.0215697118257678,54.643839086486246,-0.002317514154027256,0.00907498261166495,0.006284929768709515,EURUSD
2022-08-12,1.0316723585128784,1.0327378511428833,1.0239607095718384,1.0316723585128784,0,1.0222488164901733,1.0234065566779698,55.71343585114085,-0.0013185613547865849,0.0015475198656440536,0.006220620438086836,EURUSD
2022-08-15,1.0256409645080566,1.0267151594161987,1.0182262659072876,1.0256409645080566,0,1.0227304339408874,1.0238128126470765,50.82923738694871,-0.001002016531210348,-0.00584623010886498,0.006606045726469468,EURUSD
2022-08-16,1.0161981582641602,1.019440770149231,1.0123404264450073,1.0161981582641602,0,1.0217366814613342,1.0224283300320007,44.28369980886581,-0.0014958646287055455,-0.00920673663656335,0.0070224022892872336,EURUSD
2022-08-17,1.0170663595199585,1.019783854484558,1.0148060321807861,1.0170663595199585,0,1.021886444091797,1.0214534263025385,44.985180041298435,-0.0017964775436170033,0.0008543621622787434,0.006211772617523121,EURUSD
2022-08-18,1.0180189609527588,1.0193679332733154,1.0113166570663452,1.0180189609527588,0,1.0221118807792664,1.020828978057124,45.79162560188665,-0.0019355368066023004,0.0009366167938638092,0.0062165975519305385,EURUSD
2022-08-19,1.0089900493621826,1.011224627494812,1.003623127937317,1.0089900493621826,0,1.0205329656600952,1.0186764455671347,39.831792908048115,-0.002742684027772224,-0.008869099630645416,0.006006631259079822,EURUSD
2022-08-22,1.0035223960876465,1.0048232078552246,0.99277263879776,1.0035223960876465,0,1.0191764950752258,1.0159211638435912,36.71543761549413,-0.0037799747440048215,-0.005418936765523519,0.005809120826070855,EURUSD
2022-08-23,0.9939467906951904,1.0019036531448364,0.9903146624565125,0.9939467906951904,0,1.0165948748588562,1.0119258232711548,31.994366116146622,-0.005313456222571178,-0.009541994707629509,0.006152927827051396,EURUSD
2022-08-24,0.9966909885406494,0.9998200535774231,0.9911981225013733,0.9966909885406494,0,1.0141825318336486,1.0091558533201537,34.590152023467425,-0.006235439248333696,0.002760910212849188,0.006287447902701432,EURUSD
2022-08-25,0.9969095587730408,1.0030593872070312,0.995678722858429,0.9969095587730408,0,1.0108656585216522,1.0069292543115878,34.803607754497435,-0.00686929568304695,0.0002192958849878135,0.0049849470615026484,EURUSD
2022-08-26,0.9971283078193665,1.0088272094726562,0.9947279095649719,0.9971283078193665,0,1.007411253452301,1.0051472640402748,35.03211671503337,-0.007270174211585045,0.00021942717310774462,0.004858835508501894,EURUSD
2022-08-29,0.993867814540863,1.0031095743179321,0.9914930462837219,0.993867814540863,0,1.0042339384555816,1.0030964550403816,33.166179844010315,-0.007761498172552894,-0.003269883377028826,0.0047817735487039326,EURUSD
2022-08-30,1.0014019012451172,1.0052272081375122,0.998342752456665,1.0014019012451172,0,1.0027543127536773,1.0027883543503335,40.98792148815893,-0.0074569787106064656,0.00758057217874053,0.005327604516108095,EURUSD
2022-08-31,1.0025062561035156,1.0077394247055054,0.9971680045127869,1.0025062561035156,0,1.001298302412033,1.0027370637600028,42.05835747030565,-0.007045318588347449,0.0011028088293274507,0.005340124133682946,EURUSD
2022-09-01,1.003905177116394,1.0045808553695679,0.9917388558387756,1.003905177116394,0,0.9998869240283966,1.0029494480066192,43.45750649931788,-0.006530909481979652,0.0013954237236539768,0.005364612613494521,EURUSD
2022-09-02,0.995232880115509,1.0033310651779175,0.9951239228248596,0.995232880115509,0,0.9985112071037292,1.001546435662781,37.4242485441489,-0.006745263253619571,-0.008638561886686547,0.005329242173387753,EURUSD
2022-09-05,0.9909427762031555,0.9943521022796631,0.9880836606025696,0.9909427762031555,0,0.9972532451152801,0.9996184975792126,34.84691968366266,-0.007178565657415703,-0.004310653313479351,0.0052463103318444925,EURUSD
2022-09-06,0.9952229857444763,0.9985321760177612,0.9865143895149231,0.9952229857444763,0,0.9973808646202087,0.9988193136092605,39.33573358898344,-0.007094799364701476,0.0043193306859965475,0.004603289869676762,EURUSD
2022-09-07,0.9897951483726501,0.9955201148986816,0.9877811670303345,0.9897951483726501,0,0.9966912806034088,0.997178556293513,35.95292548733937,-0.0073813079642909285,-0.005453890685378271,0.00481146318398188,EURUSD
2022-09-08,0.9995701909065247,1.00290846824646,0.9933445453643799,0.9995701909065247,0,0.9969573438167572,0.9976133989504242,45.10824917811262,-0.0067418875713606274,0.009875823850971521,0.005866223583420147,EURUSD
2022-09-09,1.0012015104293823,1.011224627494812,1.000930905342102,1.0012015104293823,0,0.9973646640777588,0.9982657828556892,46.48314579918332,-0.0060339527993340525,0.0016320209803157848,0.005881536072298167,EURUSD
2022-09-12,1.0071406364440918,1.0196797847747803,1.0064716339111328,1.0071406364440918,0,0.9986919462680817,0.999879392599035,51.26876932452377,-0.004936763620084994,0.00593199865645655,0.005958848787508499,EURUSD
2022-09-13,1.0129557847976685,1.018744945526123,0.9995802044868469,1.0129557847976685,0,0.9998473346233367,1.0022569184533319,55.467764650253386,-0.0035569965754298494,0.005773918897869379,0.0057732333190892255,EURUSD
2022-09-14,0.9982032775878906,1.0022751092910767,0.9963633418083191,0.9982032775878906,0,0.9994170367717743,1.0015198928414335,44.89820861482967,-0.003612285117571945,-0.014563821472942773,0.0076212523659809,EURUSD
2022-09-15,0.9984025359153748,1.0017931461334229,0.9957482218742371,0.9984025359153748,0,0.9988667726516723,1.0009531006730592,45.05051392478935,-0.0035985414578829644,0.00019961698379278303,0.0075992338876694375,EURUSD
2022-09-16,0.9988313317298889,1.0035626888275146,0.994579553604126,0.9988313317298889,0,0.9992266178131104,1.0005673245015736,45.4002646346643,-0.003512558679956035,0.00042948189641878187,0.0070440265069416546,EURUSD
2022-09-19,1.002234935760498,1.002807855606079,0.9966810345649719,1.002234935760498,0,1.0003558337688445,1.0008705265486508,48.21767243356281,-0.003133651524666048,0.0034075863686757746,0.006893793481029842,EURUSD
2022-09-20,1.0029587745666504,1.0050251483917236,0.9957084655761719,1.0029587745666504,0,1.001129412651062,1.001250208006469,48.82249199133709,-0.0027433336888378346,0.0007222246803870735,0.006803605025589562,EURUSD
2022-09-21,0.997078537940979,0.9974067807197571,0.9869135022163391,0.997078537940979,0,1.0018577516078948,1.000491722540016,44.29614528108992,-0.0028753447598084403,-0.005862889656867543,0.006846441977059513,EURUSD
2022-09-22,0.983071506023407,0.9906188249588013,0.9811038970947266,0.983071506023407,0,1.000207883119583,0.9973244104460871,35.78536586048925,-0.004063374842913081,-0.014048072829345282,0.007457664507087108,EURUSD
2022-09-23,0.9841550588607788,0.9852216839790344,0.9703933596611023,0.9841550588607788,0,0.9985032379627228,0.9949299828851219,36.79701438599258,-0.004861424113670076,0.0011022116201444554,0.00743369737955217,EURUSD
2022-09-26,0.968992292881012,0.9699885249137878,0.9582307934761047,0.968992292881012,0,0.9946884036064148,0.990214039248011,29.736996991037444,-0.006640840924031832,-0.015406887200598907,0.008040377155696487,EURUSD
2022-09-27,0.9623712301254272,0.9670057892799377,0.9594534635543823,0.9623712301254272,0,0.9896299481391907,0.9851517103166321,27.27601692884639,-0.008487467751125077,-0.0068329364477182075,0.007324636024115276,EURUSD
2022-09-28,0.9596191644668579,0.9686262011528015,0.954016387462616,0.9596191644668579,0,0.9857715368270874,0.9805094292530367,26.30167765735601,-0.010057069873307567,-0.0028596715824626973,0.006534235599476538,EURUSD
2022-09-29,0.9708172082901001,0.9787322282791138,0.9638276100158691,0.9708172082901001,0,0.9830130040645599,0.9787472072597755,36.27633642376848,-0.010278913397684164,0.011669258220226908,0.008144857650917525,EURUSD
2022-09-30,0.9829555749893188,0.9849985241889954,0.9736055731773376,0.9829555749893188,0,0.981425428390503,0.9795123650287832,44.97068981150399,-0.009367281055902676,0.012503246332641771,0.009460192117062803,EURUSD
2022-10-03,0.9792688488960266,0.9844263195991516,0.9753623604774475,0.9792688488960266,0,0.9791288197040557,0.979468089368282,43.04950130478564,-0.008840387359032698,-0.0037506538312601645,0.009312158320332109,EURUSD
2022-10-04,0.9832068681716919,0.998013973236084,0.9806710481643677,0.9832068681716919,0,0.9771536290645599,0.9801478673325383,45.71712707037554,-0.008012689764178127,0.004021387262654885,0.009487000889719207,EURUSD
2022-10-05,0.998432457447052,0.9994204044342041,0.9835453629493713,0.998432457447052,0,0.9772890210151672,0.9834723382624498,54.57625998406647,-0.00605831911645216,0.015485641697837949,0.01081662395831809,EURUSD
2022-10-06,0.9910998940467834,0.9926347136497498,0.9789333343505859,0.9910998940467834,0,0.9780918598175049,0.9848591665868741,50.31722258532998,-0.0050430102008313105,-0.0073440755512070854,0.010014220418407077,EURUSD
2022-10-07,0.9789045453071594,0.9816046953201294,0.9731696844100952,0.9789045453071594,0,0.9775668084621429,0.9837765081723805,44.146611961953965,-0.005162918383481929,-0.012304863326973892,0.010841320269726977,EURUSD
2022-10-10,0.9735012650489807,0.9752291440963745,0.96825110912323,0.9735012650489807,0,0.9780177056789399,0.9819082821499441,41.706216394595636,-0.005629057767880918,-0.005519721288538171,0.00972201350018007,EURUSD
2022-10-11,0.9710057377815247,0.975809633731842,0.9673987030982971,0.9710057377815247,0,0.9788811564445495,0.9799260013556859,40.59019256286451,-0.00612919128106304,-0.0025634555979036078,0.009453924181537012,EURUSD
2022-10-12,0.9700167775154114,0.9733022451400757,0.9669683575630188,0.9700167775154114,0,0.9799209177494049,0.9781243242938177,40.13187830301393,-0.006530076860698397,-0.0010184906511189196,0.009389547933294082,EURUSD
2022-10-13,0.9707984328269958,0.979508638381958,0.9635953307151794,0.9707984328269958,0,0.9799190402030945,0.9767923440271227,40.70178661425335,-0.006707389904096139,0.000805816280401439,0.008630924460832658,EURUSD
2022-10-14,0.975134015083313,0.9803825616836548,0.9709492325782776,0.975134015083313,0,0.9791368842124939,0.9764908296737027,43.89221716496356,-0.006424014474298634,0.0044659963486877174,0.007660113176227575,EURUSD
2022-10-17,0.973937451839447,0.9847074747085571,0.9724504947662354,0.973937451839447,0,0.978603744506836,0.9760265791583834,43.20137604736984,-0.006224240883805021,-0.0012270756894514623,0.007592357971895195,EURUSD
2022-10-18,0.9846396446228027,0.9873617887496948,0.9814602136611938,0.9846396446228027,0,0.978747022151947,0.977592591061005,50.67871154760981,-0.005143055416982012,0.010988583263886964,0.008338415709834025,EURUSD
2022-10-19,0.9863878488540649,0.9866993427276611,0.9760192036628723,0.9863878488540649,0,0.9775425612926483,0.9791917288415614,51.79507232468416,-0.004097904580743772,0.001775476176293811,0.006456364914888047,EURUSD
2022-10-20,0.9766482710838318,0.9845135807991028,0.9755526185035706,0.9766482710838318,0,0.9760973989963532,0.9787292819765196,45.60224431201379,-0.004009300818003103,-0.009873983931927066,0.006766252561337356,EURUSD
2022-10-21,0.9778899550437927,0.9856975078582764,0.9707323908805847,0.9778899550437927,0,0.9759959399700164,0.9785766770796601,46.48079306958442,-0.00379514016585325,0.0012713727108562,0.005608616041538495,EURUSD
2022-10-24,0.9860085844993591,0.9889631271362305,0.9808922410011292,0.9860085844993591,0,0.9772466719150543,0.9799279329741508,51.94559497499834,-0.002936461063971496,0.00830219127795706,0.00582083567076685,EURUSD
2022-10-25,0.9886503219604492,0.9975360631942749,0.9852216839790344,0.9886503219604492,0,0.9790111303329467,0.9815138218807504,53.60564624826726,-0.002019505946638578,0.0026792235915789053,0.005669055298427501,EURUSD
2022-10-26,0.9963731169700623,1.0080543756484985,0.9944608211517334,0.9963731169700623,0,0.9816467642784119,0.9842155118969889,58.15643345137025,-0.0006620160853214596,0.0078114524802854746,0.005862706318140607,EURUSD
2022-10-27,1.009193778038025,1.0094891786575317,0.9976455569267273,1.009193778038025,0,0.9854862987995148,0.9887570148317226,64.39950155352119,0.0014318194876314916,0.012867329366482494,0.006621369937821071,EURUSD
2022-10-28,0.9967803955078125,0.9998999834060669,0.9931473135948181,0.9967803955078125,0,0.9876509368419647,0.9902158113182844,55.72950428239157,0.002065730580980585,-0.012300296335898242,0.008358657143905749,EURUSD
2022-10-31,0.9955002665519714,0.9968101382255554,0.9873520135879517,0.9955002665519714,0,0.9898072183132172,0.9911766213607729,54.9085393407143,0.0024367249330704555,-0.0012842637772675358,0.008361303913903452,EURUSD
2022-11-01,0.9886307716369629,0.9951634407043457,0.9862127304077148,0.9886307716369629,0,0.9902063310146332,0.9907137395928074,50.600771053918905,0.0021516271822787925,-0.006900545530541979,0.008189624307722963,EURUSD
2022-11-02,0.9877909421920776,0.9913553595542908,0.9867576956748962,0.9877909421920776,0,0.9903466403484344,0.9901823218835837,50.08345294522185,0.0018367450892486925,-0.0008494874618303339,0.00818394384616428,EURUSD
2022-11-03,0.9814409017562866,0.9839614629745483,0.9731224179267883,0.9814409017562866,0,0.9908259034156799,0.9885929727695296,46.234547557815766,0.0010625550945408957,-0.006428526689766123,0.007776377418005583,EURUSD
2022-11-04,0.9749630093574524,0.993818461894989,0.9748489260673523,0.9749630093574524,0,0.9905332088470459,0.9861147976036974,42.634975189013765,-7.286785728277678e-05,-0.0066003896793398464,0.008083849909592674,EURUSD
2022-11-07,0.9928810596466064,1.0005003213882446,0.9919454455375671,0.9928810596466064,0,0.9912204563617706,0.9873450270660444,53.434209858433235,0.0004677462959192802,0.018378184728221614,0.00973118758348457,EURUSD
2022-11-08,1.0018634796142578,1.0094178915023804,0.9976056814193726,1.0018634796142578,0,0.9925417721271514,0.9899847457111741,57.730199984777514,0.0016025202732443677,0.009046823766432288,0.010074649139193127,EURUSD
2022-11-09,1.008084774017334,1.0088781118392944,1.0012515783309937,1.008084774017334,0,0.9937129378318786,0.9932756599486576,60.451628807390705,0.002969611458308652,0.006209722711393306,0.009973152590582795,EURUSD
2022-11-10,1.0019538402557373,1.018298864364624,0.9937788844108582,1.0019538402557373,0,0.9929889440536499,0.9948535109135812,56.585281847362076,0.003517775232481757,-0.006081764073436191,0.009289717949020405,EURUSD
2022-11-11,1.0192224979400635,1.0338374376296997,1.016621708869934,1.0192224979400635,0,0.995233154296875,0.999284235827487,63.63936964748863,0.005284716406637857,0.017234983280186356,0.009862578404985372,EURUSD
2022-11-14,1.0328551530838013,1.0350252389907837,1.0273585319519043,1.0328551530838013,0,0.9989686429500579,1.0053880389649987,68.05250490843295,0.0076963525926522225,0.013375543780961063,0.010352513716875988,EURUSD
2022-11-15,1.0319278240203857,1.0475481748580933,1.031385064125061,1.0319278240203857,0,1.0032983481884004,1.0102134544296144,67.45277766298986,0.009424128453073166,-0.0008978306983770112,0.009827820052051175,EURUSD
2022-11-16,1.0357863903045654,1.0437324047088623,1.0336451530456543,1.0357863903045654,0,1.0080978929996491,1.0148630791341509,68.68923769398192,0.010978207381165728,0.003739182328805546,0.009664429210775663,EURUSD
2022-11-17,1.0395010709762573,1.040571928024292,1.0309491157531738,1.0395010709762573,0,1.013903909921646,1.0193427140145337,69.8757246404402,0.012367010613382412,0.0035863385602117326,0.00885702702976402,EURUSD
2022-11-18,1.036172866821289,1.0395874977111816,1.0328017473220825,1.036172866821289,0,1.0200248956680298,1.02240274179758,67.41097349057557,0.01304867195260484,-0.003201732300133653,0.008380765281869602,EURUSD
2022-11-21,1.0330898761749268,1.0333247184753418,1.022704005241394,1.0330898761749268,0,1.0240457773208618,1.024345857138916,65.1195514526444,0.013188097714364355,-0.0029753632285509646,0.007599775388605928,EURUSD
2022-11-22,1.0245691537857056,1.0290182828903198,1.0243382453918457,1.0245691537857056,0,1.0263163447380066,1.0243864565292413,59.13654680913036,0.012467326964302305,-0.008247803589722214,0.008263449054054657,EURUSD
2022-11-23,1.0311086177825928,1.0382059812545776,1.0298130512237549,1.0311086177825928,0,1.0286187291145326,1.0256086676662142,62.020619711240286,0.012282209379654185,0.00638264774293118,0.008272775639082216,EURUSD
2022-11-24,1.0416233539581299,1.0448229312896729,1.0383676290512085,1.0416233539581299,0,1.0325856804847717,1.0285204288101988,66.15666455685101,0.012835988409905408,0.010197505863299927,0.008040479976581985,EURUSD
2022-11-25,1.040810227394104,1.0429050922393799,1.0356147289276123,1.040810227394104,0,1.0347444534301757,1.030754937643636,65.56205162154632,0.013058717002175424,-0.000780633960381194,0.006617915713998094,EURUSD
2022-11-28,1.0367528200149536,1.0496704578399658,1.0342438220977783,1.0367528200149536,0,1.035134220123291,1.031845461711148,62.5413810299519,0.012760734347615044,-0.003898316208238106,0.005515523629883518,EURUSD
2022-11-29,1.034554123878479,1.039414644241333,1.032545804977417,1.034554123878479,0,1.0353968501091004,1.0323379457415718,60.90382311161583,0.012206456116230946,-0.002120752501491019,0.005560633473537941,EURUSD
2022-11-30,1.0324499607086182,1.0394577980041504,1.0292301177978516,1.0324499607086182,0,1.0350632071495056,1.0323583120992166,59.30349736165555,0.011465234159388604,-0.002033884087158655,0.0054589760355593904,EURUSD
2022-12-01,1.042535424232483,1.053141474723816,1.0397928953170776,1.042535424232483,0,1.0353666424751282,1.0342086961234467,64.16403266249417,0.011558385167647955,0.009768476834405293,0.006242918056786113,EURUSD
2022-12-02,1.052842140197754,1.0545185804367065,1.0434166193008423,1.052842140197754,0,1.0370335698127746,1.037596595046048,68.32718925756143,0.012321835405905146,0.009886202162251445,0.006774412737865855,EURUSD
2022-12-05,1.0544185638427734,1.0594117641448975,1.0492409467697144,1.0544185638427734,0,1.0391664385795594,1.0406551348272708,68.92188603568951,0.01290531499552805,0.001497302952485846,0.006582390967250704,EURUSD
2022-12-06,1.0496923923492432,1.0532081127166748,1.0477018356323242,1.0496923923492432,0,1.0416787624359132,1.0422982725585384,64.98251647390029,0.012838371477993604,-0.0044822536852026085,0.006009667699425755,EURUSD
2022-12-07,1.0469011068344116,1.0546187162399292,1.0443755388259888,1.0469011068344116,0,1.043258011341095,1.043135151517788,62.70302722102232,0.012416949974719316,-0.0026591461795627547,0.00603099251948058,EURUSD
2022-12-08,1.051325798034668,1.0563119649887085,1.049163818359375,1.051325798034668,0,1.0442282557487488,1.0446243599754024,64.81029642378394,0.012298239548246048,0.004226465299703053,0.00533359105145264,EURUSD
2022-12-09,1.0559661388397217,1.0588396787643433,1.0520004034042358,1.0559661388397217,0,1.0457438468933105,1.0466865015870968,66.9211057984553,0.01243525156268599,0.004413799046621314,0.0053998933271630556,EURUSD
2022-12-12,1.0522217750549316,1.0579211711883545,1.0507071018218994,1.0522217750549316,0,1.0472907423973083,1.0476929149448848,63.60565943194855,0.012102189202988223,-0.003545912740065993,0.005362057761242005,EURUSD
2022-12-13,1.0541739463806152,1.066894292831421,1.0529308319091797,1.0541739463806152,0,1.049252724647522,1.0488712842968357,64.59062651623637,0.011859054990424944,0.0018552850472817184,0.005209393080033001,EURUSD
2022-12-14,1.062665343284607,1.0669853687286377,1.0620108842849731,1.062665343284607,0,1.052274262905121,1.051379295021885,68.57458479929223,0.012210795688132103,0.00805502444178785,0.005339776330022033,EURUSD
2022-12-15,1.0676347017288208,1.0725586414337158,1.0607378482818604,1.0676347017288208,0,1.0547841906547546,1.054334823514055,70.65538697132595,0.012743637698259924,0.00467631552644221,0.004830697414384144,EURUSD
2022-12-16,1.064056158065796,1.0663254261016846,1.0599396228790283,1.064056158065796,0,1.0559055924415588,1.056102338887099,67.20443902582586,0.012730411998622904,-0.0033518427765883985,0.004337600176090211,EURUSD
2022-12-19,1.05850350856781,1.0659003257751465,1.0577198266983032,1.05850350856781,0,1.0563140869140626,1.0565389151926827,62.133400879210065,0.012132027664325973,-0.005218380116402188,0.004762865348042678,EURUSD
2022-12-20,1.0614584684371948,1.065552830696106,1.058066725730896,1.0614584684371948,0,1.0574906945228577,1.0574333794189577,63.703058590805924,0.011760674598097376,0.0027916391825502096,0.004482077214887784,EURUSD
2022-12-21,1.062699317932129,1.0643506050109863,1.0597037076950073,1.062699317932129,0,1.0590705156326294,1.0583908227849887,64.37094886144061,0.01143468882673826,0.0011690042821561608,0.004282042820120631,EURUSD
2022-12-22,1.0610079765319824,1.0657458305358887,1.05840265750885,1.0610079765319824,0,1.0600387334823609,1.0588666689208057,62.67798773383673,0.010914055203846917,-0.0015915521649506603,0.004266734940600496,EURUSD
2022-12-23,1.060333013534546,1.063117265701294,1.0587948560714722,1.060333013534546,0,1.0604754209518432,1.0591332770323947,61.97746177986908,0.01032793146869393,-0.0006361526137086404,0.004103710170780856,EURUSD
2022-12-26,1.0667804479599,1.0637166500091553,1.060895323753357,1.0667804479599,0,1.0619312882423402,1.0605236717464865,65.89828335252764,0.010265345744671528,0.006080575010922296,0.004197936707353458,EURUSD
2022-12-27,1.064022183418274,1.0668998956680298,1.0612443685531616,1.064022183418274,0,1.062916111946106,1.0611597647777207,62.90955625082803,0.009879294849371112,-0.0025855972022179596,0.00437364005143362,EURUSD
2022-12-28,1.0637166500091553,1.067429542541504,1.0613908767700195,1.0637166500091553,0,1.0630212426185608,1.0616246530016178,62.57102954581058,0.00943987572954108,-0.0002871494728964308,0.0035910906016228266,EURUSD
2022-12-29,1.062925100326538,1.0670194625854492,1.0612331628799438,1.062925100326538,0,1.0625502824783326,1.0618610979697851,61.64551771827553,0.008924880994541695,-0.0007441358397561881,0.0032136161302801685,EURUSD
2022-12-30,1.066075325012207,1.0697933435440063,1.0639203786849976,1.066075325012207,0,1.0627521991729736,1.0626273210684072,63.93205410260678,0.008670987020455545,0.002963731578736084,0.0031977511777503205,EURUSD
2023-01-02,1.0709733963012695,1.071237325668335,1.0653257369995117,1.0709733963012695,0,1.0639991879463195,1.064144789292564,67.20567882599045,0.008763981906889207,0.004594488939143604,0.0028376012314034705,EURUSD
2023-01-03,1.0677714347839355,1.068261981010437,1.0521553754806519,1.0677714347839355,0,1.0646304845809937,1.064804179381904,63.16932343718787,0.008481539581123743,-0.0029897675594858786,0.0030525533365557515,EURUSD
2023-01-04,1.0546854734420776,1.063151240348816,1.0545964241027832,1.0546854734420776,0,1.0638291001319886,1.062964414665572,49.96241766466369,0.007119702784878612,-0.012255395598315344,0.005063018628062457,EURUSD
2023-01-05,1.0606365203857422,1.06326425075531,1.0515578985214233,1.0606365203857422,0,1.0637919545173644,1.0625411611601483,54.61000359846476,0.0064463278114190725,0.005642484981084106,0.005431993543550285,EURUSD
2023-01-06,1.0522217750549316,1.062225103378296,1.0485258102416992,1.0522217750549316,0,1.062980830669403,1.060664909141018,47.84319941167307,0.005174030665522578,-0.007933674891517195,0.005985682141114509,EURUSD
2023-01-09,1.0656323432922363,1.0759514570236206,1.0652804374694824,1.0656323432922363,0,1.0628660202026368,1.061568078986694,56.990043813061995,0.005188042269114845,0.012745001629152375,0.0070984475529871196,EURUSD
2023-01-10,1.073318362236023,1.0756852626800537,1.0713175535202026,1.073318362236023,0,1.0637956380844116,1.0637044941229354,61.190856876786455,0.0057530267487087006,0.007212636696105612,0.007385373093114657,EURUSD
2023-01-11,1.0738946199417114,1.077470064163208,1.0726851224899292,1.0738946199417114,0,1.0648134350776672,1.0655572442718038,61.49451640743598,0.006176086123787616,0.0005368935499137084,0.00737530995933678,EURUSD
2023-01-12,1.0766000747680664,1.0838346481323242,1.0738024711608887,1.0766000747680664,0,1.0661809325218201,1.0675650316347607,62.95984129437393,0.006652979909512746,0.0025192926532231485,0.0073628697388293165,EURUSD
2023-01-13,1.0860239267349243,1.0867793560028076,1.0780625343322754,1.0860239267349243,0,1.0681757926940918,1.070921194380245,67.58689771646932,0.007702557477912597,0.008753345079312025,0.007726561088031536,EURUSD
2023-01-16,1.082461953163147,1.0875475406646729,1.080263614654541,1.082461953163147,0,1.0693246483802796,1.0730195141589545,64.31649491812806,0.008152951612922843,-0.0032798297386377184,0.007820148280573449,EURUSD
2023-01-17,1.0830129384994507,1.086909294128418,1.0787020921707153,1.0830129384994507,0,1.0708487987518311,1.074836500402681,64.60182895973625,0.008456866627431614,0.0005090112725842921,0.0076943391391469974,EURUSD
2023-01-18,1.0793308019638062,1.0884472131729126,1.0767043828964233,1.0793308019638062,0,1.073313331604004,1.0756536461410673,61.08642436151443,0.00830487044362016,-0.003399900781191234,0.006331195721406827,EURUSD
2023-01-19,1.0797853469848633,1.0833063125610352,1.0782949924468994,1.0797853469848633,0,1.075228214263916,1.076404864476303,61.36591216832053,0.008127402717885035,0.00042113596705495304,0.0062423891730267,EURUSD
2023-01-20,1.083388328552246,1.0856584310531616,1.0804619789123535,1.083388328552246,0,1.0783448696136475,1.0776745852173835,63.597736145864246,0.008183158411440461,0.0033367572336886475,0.005222096125881833,EURUSD
2023-01-23,1.0864723920822144,1.0919533967971802,1.0847516059875488,1.086507797241211,0,1.080432415008545,1.0792806237671702,65.45826617278371,0.008382432785722704,0.0028793633886876613,0.003936651758532748,EURUSD
2023-01-24,1.0874292850494385,1.089680790901184,1.0839285850524902,1.0874292850494385,0,1.0818435072898864,1.0807621985457643,66.01090517940057,0.008516542131634663,0.0008481189095626007,0.003478964642453385,EURUSD
2023-01-25,1.088814616203308,1.0922634601593018,1.0858116149902344,1.088814616203308,0,1.0833355069160462,1.0822262744834994,66.86908735885373,0.008635069692624953,0.0012739505666399253,0.0034685006367865404,EURUSD
2023-01-26,1.0922038555145264,1.0932546854019165,1.0851635932922363,1.0922038555145264,0,1.0848958849906922,1.0840403801255043,68.9355915862379,0.008899894482413906,0.00311277903582563,0.003495020477984458,EURUSD
2023-01-27,1.0894432067871094,1.0901559591293335,1.0838816165924072,1.0894432067871094,0,1.0852378129959106,1.085022712245796,65.35952666389332,0.008785732302626581,-0.0025275947466020243,0.002573169857413222,EURUSD
2023-01-30,1.0871455669403076,1.0915005207061768,1.0854581594467163,1.0871455669403076,0,1.0857061743736267,1.0854086858266163,62.455580086389475,0.008412879184784838,-0.0021090037851332344,0.002412955015141183,EURUSD
2023-01-31,1.0850694179534912,1.0868383646011353,1.0804152488708496,1.0850694179534912,0,1.0859118223190307,1.0853470007587753,59.86718934160073,0.007859265806504201,-0.0019097249254850235,0.002523352972010003,EURUSD
2023-02-01,1.0860947370529175,1.092442512512207,1.085293173789978,1.0860947370529175,0,1.0865882158279419,1.0854829528122556,60.73270473222796,0.007417750685509317,0.0009449341051008808,0.002187796487645016,EURUSD
2023-02-02,1.1012852191925049,1.102657437324524,1.088767170906067,1.1012852191925049,0,1.088738203048706,1.088356092154119,70.78522502870774,0.00819907786184193,0.013986332519027034,0.004750486162145002,EURUSD
2023-02-03,1.0905125141143799,1.094067931175232,1.0811045169830322,1.0905125141143799,0,1.0894506216049193,1.0887481688741665,59.20894132208942,0.007858430909866598,-0.009781939220090408,0.005986008667141601,EURUSD
2023-02-06,1.079086184501648,1.0800302028656006,1.0718343257904053,1.079086184501648,0,1.0887084603309631,1.0869914444427993,49.88927436757483,0.006590485426706483,-0.010477944512183313,0.006864484298593105,EURUSD
2023-02-07,1.0730764865875244,1.0745997428894043,1.0669511556625366,1.0730764865875244,0,1.0872731804847717,1.0844614521054765,45.8055037656939,0.0050425694974434165,-0.005569247387685716,0.007005925058605106,EURUSD
2023-02-08,1.0729728937149048,1.0760208368301392,1.0716849565505981,1.0729728937149048,0,1.0856890082359314,1.0823726233071906,45.73600544679375,0.0037640858536531763,-9.653820013244552e-05,0.006963128279847922,EURUSD
2023-02-09,1.0715816020965576,1.0790396928787231,1.0711569786071777,1.0715816020965576,0,1.0836267828941346,1.0804106194507117,44.75389473536599,0.0026085430879247973,-0.0012966698660300535,0.006779791666037258,EURUSD
2023-02-10,1.0742292404174805,1.0751763582229614,1.0669283866882324,1.0742292404174805,0,1.0821053862571717,1.0792867323537605,47.08265835831006,0.001884683942793286,0.002470776201964231,0.006910049545881432,EURUSD
2023-02-13,1.0677714347839355,1.0725010633468628,1.065723180770874,1.0677714347839355,0,1.0801679730415343,1.0771930418865194,42.389229307981516,0.0007809273660934757,-0.00601157126484031,0.007064037290024372,EURUSD
2023-02-14,1.0730419158935547,1.0798436403274536,1.0709964036941528,1.0730419158935547,0,1.0789652228355409,1.0764382917059803,47.030187851599784,0.00032769859974735027,0.004935963763336382,0.0073743295968134405,EURUSD
2023-02-15,1.0735719203948975,1.0744600296020508,1.0665984153747559,1.0735719203948975,0,1.0777129411697388,1.0759171332857833,47.48830235689795,1.1149941324006818e-05,0.000493927118309756,0.00736187272425496,EURUSD
2023-02-16,1.0691757202148438,1.0722250938415527,1.0655754804611206,1.0691757202148438,0,1.0745019912719727,1.0746914218183397,44.082682208346725,-0.0005876793631578447,-0.004094928431470746,0.00511206612543215,EURUSD
2023-02-17,1.0665756464004517,1.0681477785110474,1.0613795518875122,1.0665756464004517,0,1.07210830450058,1.0732158262878144,42.157052820576375,-0.0012575637166705178,-0.0024318489142922672,0.004512748561013422,EURUSD
2023-02-20,1.0684444904327393,1.0705492496490479,1.0671560764312744,1.0684444904327393,0,1.071044135093689,1.0723483106778007,44.04889719919617,-0.0016189890997053702,0.0017521907973379047,0.003584114820243271,EURUSD
2023-02-21,1.068261981010437,1.0695644617080688,1.0644866228103638,1.068261981010437,0,1.0705626845359801,1.0716053416473708,43.89789765599502,-0.001898266272811533,-0.00017081787957773376,0.0032031921270261705,EURUSD
2023-02-22,1.065200924873352,1.0665528774261475,1.0619093179702759,1.065200924873352,0,1.069785487651825,1.0704409022339127,41.338343347559245,-0.0023396273250944066,-0.002865454534092482,0.0032882739585796093,EURUSD
2023-02-23,1.0605803728103638,1.0630381107330322,1.0582010746002197,1.0605803728103638,0,1.0686853647232055,1.0686480787023582,37.75941396123429,-0.003027351649428134,-0.004337728174182431,0.003482242331750787,EURUSD
2023-02-24,1.0598047971725464,1.0614246129989624,1.053774118423462,1.0598047971725464,0,1.0672429203987122,1.0670402093333013,37.17758384479234,-0.0035935365510033623,-0.0007312747413590337,0.0032654510803916525,EURUSD
2023-02-27,1.0554758310317993,1.0618642568588257,1.0533522367477417,1.0554758310317993,0,1.0660133600234984,1.0649375950966646,34.026015290864734,-0.004341507359180374,-0.004084682530496431,0.003006117243499251,EURUSD
2023-02-28,1.0611205101013184,1.0645002126693726,1.058234691619873,1.0611205101013184,0,1.064821219444275,1.0642435796429652,41.04401355482763,-0.004427760717771179,0.0053479946234307185,0.0031002065496415015,EURUSD
2023-03-01,1.0577309131622314,1.0691070556640625,1.0565686225891113,1.0577309131622314,0,1.0632371187210083,1.06305945846465,38.40226847246083,-0.004715274521292168,-0.0031943562553166105,0.003107275574570592,EURUSD
2023-03-02,1.066894292831421,1.067270040512085,1.0583466291427612,1.066894292831421,0,1.063008975982666,1.06375670107679,48.12317522900195,-0.00415581744763327,0.008663242754052058,0.004303676869298523,EURUSD
2023-03-03,1.0599732398986816,1.062925100326538,1.0591312646865845,1.0599732398986816,0,1.062348735332489,1.0630687990444068,42.648627000512825,-0.004222243422191685,-0.006487102779762277,0.004708785454507516,EURUSD
2023-03-06,1.0626201629638672,1.0693814754486084,1.062304139137268,1.0626201629638672,0,1.061766302585602,1.062987228847945,45.21550656482453,-0.004015019272589404,0.002497160273063681,0.004755980282493937,EURUSD
2023-03-07,1.0688328742980957,1.06963312625885,1.0571606159210205,1.0688328742980957,0,1.0618233919143676,1.064050073475245,50.78347954989057,-0.0033113080600839506,0.005846596508106927,0.0051700099102516,EURUSD
2023-03-08,1.05507493019104,1.0573283433914185,1.0526647567749023,1.05507493019104,0,1.0608107924461365,1.062418229241753,40.87596834222592,-0.003819731476945254,-0.012871932027811672,0.006577178604524167,EURUSD
2023-03-09,1.0549525022506714,1.0586491823196411,1.053851842880249,1.0549525022506714,0,1.0602480053901673,1.0610608243342836,40.79968834832019,-0.004184305539792321,-0.00011603719969588422,0.006469115836398421,EURUSD
2023-03-10,1.0584698915481567,1.0698620080947876,1.0575743913650513,1.0584698915481567,0,1.0601145148277282,1.0605897456458968,44.031252357568974,-0.004141666636072072,0.0033341684009291495,0.006580659656346056,EURUSD
2023-03-13,1.0683646202087402,1.0737217664718628,1.0652350187301636,1.0683646202087402,0,1.0614033937454224,1.0620033592027773,51.9734124036212,-0.003271738523354939,0.009348143711590318,0.007033774582699172,EURUSD
2023-03-14,1.0725010633468628,1.0747140645980835,1.0679652690887451,1.0725010633468628,0,1.0625414490699767,1.06391203268352,54.85736303972859,-0.0022229134721925004,0.003871752264984485,0.006952928647229485,EURUSD
2023-03-15,1.0727657079696655,1.0760092735290527,1.052033543586731,1.0727657079696655,0,1.0640449285507203,1.0655217918264555,55.04336630807278,-0.0013547408442811104,0.00024675464840751005,0.0068008654454792235,EURUSD
2023-03-16,1.0583354234695435,1.063456416130066,1.0555092096328735,1.0583354234695435,0,1.0631890416145324,1.064215179397926,44.32002457544839,-0.0018102437786136072,-0.01345147816798975,0.007721854102530634,EURUSD
2023-03-17,1.0614134073257446,1.0669625997543335,1.0612106323242188,1.0614134073257446,0,1.0633330583572387,1.063705766293893,46.705020214877884,-0.0019009525645203862,0.002908325458965244,0.0075189739304009845,EURUSD
2023-03-20,1.0678855180740356,1.0730534791946411,1.0632416009902954,1.0678855180740356,0,1.0638595938682556,1.0644657211630097,51.4173338206162,-0.001434063689631948,0.006097634252235196,0.007726590981194892,EURUSD
2023-03-21,1.071914792060852,1.0787253379821777,1.070491909980774,1.071914792060852,0,1.0641677856445313,1.06582009768989,54.13617416745264,-0.0007305013905327673,0.003773132904811183,0.007594500698230436,EURUSD
2023-03-22,1.0774236917495728,1.0801469087600708,1.0759514570236206,1.0774236917495728,0,1.0664026618003846,1.0679298420643777,57.62763974778788,0.0002685038205740842,0.005139307461304199,0.006110651985842352,EURUSD
2023-03-23,1.0870392322540283,1.0928997993469238,1.0868619680404663,1.0870392322540283,0,1.0696113348007201,1.0714042766443141,62.93196953122743,0.0018151920026163726,0.008924567538366901,0.006405526765908698,EURUSD
2023-03-24,1.0835057497024536,1.0839003324508667,1.0718917846679688,1.0835057497024536,0,1.07211492061615,1.0736045444730666,59.96144016897747,0.0027244255371097204,-0.00325055660065543,0.006701178561226334,EURUSD
2023-03-27,1.077818512916565,1.0795999765396118,1.074806571006775,1.077818512916565,0,1.0730603098869325,1.0743707205537028,55.426582411534966,0.0029520577018740113,-0.005248921648501104,0.0065990604607256385,EURUSD
2023-03-28,1.0807071924209595,1.08489990234375,1.0804035663604736,1.0807071924209595,0,1.073880922794342,1.0755228063477493,57.197285166047294,0.003327196279155231,0.002680116800534149,0.00655003309763428,EURUSD
2023-03-29,1.0839520692825317,1.0871999263763428,1.0821340084075928,1.0839520692825317,0,1.0749995589256287,1.0770553996086187,59.159921526937715,0.0038420420790405974,0.0030025495197298913,0.006582906569338006,EURUSD
2023-03-30,1.0843634605407715,1.0923947095870972,1.0826963186264038,1.0843634605407715,0,1.0776023626327516,1.078384137959919,59.41401071356774,0.004234444876428212,0.00037952901230409175,0.004227323074324917,EURUSD
2023-03-31,1.0904649496078491,1.0925856828689575,1.086059331893921,1.0904649496078491,0,1.080507516860962,1.0805806491686336,63.08257764516334,0.004980355656069246,0.005626793311566347,0.004346474545430754,EURUSD
2023-04-03,1.0803335905075073,1.0915720462799072,1.078934907913208,1.0803335905075073,0,1.081752324104309,1.0805357294120652,54.304965137792635,0.004699802912386808,-0.009290861759458813,0.005567414513122228,EURUSD
2023-04-04,1.091226577758789,1.0971648693084717,1.0883879661560059,1.091226577758789,0,1.0836835026741027,1.0824795200205604,60.64549305773983,0.005295393872140952,0.010082984873371004,0.00621470940588901,EURUSD
2023-04-05,1.0960105657577515,1.0969241857528687,1.0905362367630005,1.0960105657577515,0,1.0855421900749207,1.084939710154595,63.06916221201437,0.006083307269334037,0.004384046445045309,0.006174136655310641,EURUSD
2023-04-06,1.090334177017212,1.0930156707763672,1.0885539054870605,1.090334177017212,0,1.085871684551239,1.0859205223114343,58.46803648047466,0.006178475561116503,-0.005179136878680546,0.005954784109947526,EURUSD
2023-04-07,1.0920130014419556,1.0925379991531372,1.0881037712097168,1.0920130014419556,0,1.0867224097251893,1.087028245789711,59.41116623066897,0.006316550951112276,0.0015397338358560386,0.005827064866499819,EURUSD
2023-04-10,1.0913575887680054,1.0918222665786743,1.0832475423812866,1.0913575887680054,0,1.0880763173103332,1.0878153990584918,58.84931077646805,0.006300462556735553,-0.0006001876104815285,0.005465281359162319,EURUSD
2023-04-11,1.086932897567749,1.0926692485809326,1.0868029594421387,1.086932897567749,0,1.0886988878250121,1.087654944241993,55.06338378508536,0.0058630907268559795,-0.004054300117389831,0.005681822442465269,EURUSD
2023-04-12,1.0917507410049438,1.099855899810791,1.091524362564087,1.0917507410049438,0,1.0894787549972533,1.0883996345625293,58.21548813571475,0.005837934032033143,0.0044325122994950394,0.005766671613622162,EURUSD
2023-04-13,1.0999890565872192,1.1068999767303467,1.0981649160385132,1.0999890565872192,0,1.0910413146018982,1.090506802203382,62.99546306504177,0.006408882775905678,0.0075459674748579175,0.006150510824155774,EURUSD
2023-04-14,1.1054610013961792,1.1075423955917358,1.0978032350540161,1.1054610013961792,0,1.0925409197807312,1.093225747511163,65.7944140165364,0.007219680006994578,0.004974544770415257,0.006104567482934467,EURUSD
2023-04-17,1.098659634590149,1.0999042987823486,1.0910717248916626,1.098659634590149,0,1.0943735241889954,1.0942137269800696,59.74540798248546,0.0072300852718167885,-0.006152516278222664,0.005550336607694465,EURUSD
2023-04-18,1.0925379991531372,1.0983458757400513,1.0922753810882568,1.0925379991531372,0,1.0945046663284301,1.0939090491933545,54.8568392734298,0.006667507820257157,-0.0055719125780892,0.005112863068781337,EURUSD
2023-04-19,1.0975382328033447,1.098659634590149,1.0918341875076294,1.0975382328033447,0,1.0946574330329895,1.0945689007588073,57.88788029440651,0.006549638053151341,0.004576713719873782,0.00513099769341219,EURUSD
2023-04-20,1.095218300819397,1.0989010334014893,1.0934339761734009,1.095218300819397,0,1.095145845413208,1.0946869734970963,56.008881975152974,0.006197584395837286,-0.0021137596072823284,0.00486166968789765,EURUSD
2023-04-21,1.0970927476882935,1.099251389503479,1.0939722061157227,1.0970927476882935,0,1.0956538200378418,1.095124386986405,57.21722505825063,0.006000659663599084,0.0017114824208963597,0.004866218241644664,EURUSD
2023-04-24,1.0992271900177002,1.103423833847046,1.0968761444091797,1.0992271900177002,0,1.0964407801628113,1.0958703511739132,58.611352478981175,0.005948259222583241,0.0019455441063704892,0.004870316638314501,EURUSD
2023-04-25,1.1059499979019165,1.1068068742752075,1.0969241857528687,1.1059499979019165,0,1.098342490196228,1.0977030142153683,62.73076219842211,0.006375710682949176,0.006115940312673818,0.004822020626218607,EURUSD
2023-04-26,1.0978394746780396,1.109410047531128,1.0969241857528687,1.0978394746780396,0,1.0989513635635375,1.0977278252085811,55.54780158898825,0.005990957573548172,-0.007333535186277218,0.005483857101624444,EURUSD
2023-04-27,1.1047282218933105,1.1065618991851807,1.0994206666946411,1.1047282218933105,0,1.0994252800941466,1.0990006246058046,59.76217907834635,0.006170769501320672,0.006274821933590191,0.005316359439388899,EURUSD
2023-04-28,1.1032048463821411,1.1043744087219238,1.0965633392333984,1.1032048463821411,0,1.0991996645927429,1.0997650285651384,58.44264248514554,0.0061198027999516125,-0.0013789595313846714,0.005089396767893282,EURUSD
2023-05-01,1.1010911464691162,1.103557825088501,1.0966956615447998,1.1010911464691162,0,1.0994428157806397,1.100006140911316,56.5760534668299,0.0058415160431395385,-0.0019159632229287515,0.00469955469313382,EURUSD
2023-05-02,1.0969241857528687,1.1005216836929321,1.0943553447723389,1.0969241857528687,0,1.0998814344406127,1.0994457854279618,52.983368103552884,0.005224508002253936,-0.0037843921728094587,0.004483330268815671,EURUSD
2023-05-03,1.1010911464691162,1.1058155298233032,1.100594401359558,1.1010911464691162,0,1.10023672580719,1.099744941980899,55.992867687674945,0.005013965713941637,0.003798768201457303,0.00440912754797448,EURUSD
2023-05-04,1.1068925857543945,1.109139323234558,1.0986838340759277,1.1068925857543945,0,1.1014041543006896,1.1010445135760798,59.84647517410324,0.005254664596694214,0.005268809311456124,0.004569267425183475,EURUSD
2023-05-05,1.102292776107788,1.1048002243041992,1.0971648693084717,1.102292776107788,0,1.1019241571426392,1.1012714704000266,55.68300137742617,0.005016427742748908,-0.0041556061589043125,0.004846074963181243,EURUSD
2023-05-08,1.10186767578125,1.1053388118743896,1.1012487411499023,1.10186767578125,0,1.1021882057189942,1.1013798713784309,55.300106558672574,0.004738696532067932,-0.0003856510137344449,0.004823951650606563,EURUSD
2023-05-09,1.0996140241622925,1.1001100540161133,1.0944032669067383,1.0996140241622925,0,1.1015546083450318,1.1010588082482238,53.211103179442375,0.004287320137776218,-0.0020453015080595938,0.004392418476436477,EURUSD
2023-05-10,1.096467137336731,1.100473165512085,1.0942834615707397,1.096467137336731,0,1.1014173746109008,1.1002239589915888,50.350884088443294,0.003633785607585205,-0.0028618103774721293,0.00381676079199211,EURUSD
2023-05-11,1.098406195640564,1.0998680591583252,1.0901321172714233,1.098406195640564,0,1.1007851719856263,1.0998934565641296,52.06082848859926,0.003235029181016813,0.0017684600274869844,0.0031931181743551063,EURUSD
2023-05-12,1.0912145376205444,1.0935176610946655,1.085564136505127,1.0912145376205444,0,1.0995861411094665,1.0983154713016594,45.76533271161872,0.0023120532306151187,-0.006547357479011251,0.0037144735106510738,EURUSD
2023-05-15,1.0852696895599365,1.0892059803009033,1.0848575830459595,1.0852696895599365,0,1.0980039954185485,1.0959435109849824,41.31749197219576,0.0010883428460568556,-0.005447918677449981,0.0039618432082032615,EURUSD
2023-05-16,1.0873701572418213,1.090358018875122,1.0856702327728271,1.0873701572418213,0,1.0970485925674438,1.0943847193953167,43.410209530496644,0.0002847513017691927,0.001935433839248324,0.0039983663406066875,EURUSD
2023-05-17,1.0865668058395386,1.0875475406646729,1.081162929534912,1.0865668058395386,0,1.095596158504486,1.0929632805669933,42.78181072769856,-0.0004121732542141654,-0.0007388021428880176,0.0036525259916222958,EURUSD
2023-05-18,1.0838346481323242,1.0849517583847046,1.0765421390533447,1.0838346481323242,0,1.0932903647422791,1.0913035292152353,40.62778209004893,-0.001171449538204028,-0.0025144866312231118,0.002828618966235188,EURUSD
2023-05-19,1.0775396823883057,1.082391619682312,1.0761018991470337,1.0775396823883057,0,1.0908150553703309,1.088801011610339,36.115851041140935,-0.002255136776885047,-0.005808049922436109,0.0030048687894129993,EURUSD
2023-05-22,1.0822745561599731,1.0830715894699097,1.0796570777893066,1.0822745561599731,0,1.0888557434082031,1.087614383346636,41.38842242708569,-0.0027007691926199673,0.00439415257651854,0.003648234259889892,EURUSD
2023-05-23,1.0811045169830322,1.0821340084075928,1.0763798952102661,1.0811045169830322,0,1.087004792690277,1.0864307712805263,40.49891530886434,-0.0031124698607423174,-0.0010810927507085566,0.0036533744133737727,EURUSD
2023-05-24,1.076971173286438,1.0799369812011719,1.0749683380126953,1.076971173286438,0,1.0850551962852477,1.0847108443725102,37.437884804751896,-0.003729283045344367,-0.00382326003791833,0.003699988569958149,EURUSD
2023-05-25,1.0757315158843994,1.0754191875457764,1.0709964036941528,1.0757315158843994,0,1.0827877283096314,1.0830782391928537,36.54571890957971,-0.004268932335490527,-0.0011510590374074203,0.0034980016174867945,EURUSD
2023-05-26,1.0724436044692993,1.0757546424865723,1.0702054500579834,1.0724436044692993,0,1.0809106349945068,1.0811446692431166,34.216687273382945,-0.004905369216034794,-0.0030564423990097067,0.003160333773463454,EURUSD
2023-05-29,1.0723055601119995,1.0745755434036255,1.0706294775009155,1.0723055601119995,0,1.0796142220497131,1.0795375584920044,34.118374387811315,-0.005359112541647004,-0.00012871945594572498,0.0029019564711179123,EURUSD
2023-05-30,1.0707669258117676,1.0745755434036255,1.067338466644287,1.0707669258117676,0,1.0779538989067077,1.0779428980046886,32.980913183346644,-0.005776276999718943,-0.001434884194828956,0.00268533335741449,EURUSD
2023-05-31,1.073306918144226,1.0738831758499146,1.06516695022583,1.073306918144226,0,1.0766279101371765,1.0770999925755136,36.730833626762326,-0.0058346682608645395,0.002372124382281404,0.0029544404225343994,EURUSD
2023-06-01,1.0695186853408813,1.0753995180130005,1.0664163827896118,1.0695186853408813,0,1.0751963138580323,1.0757215730783076,33.7020464424365,-0.0061161196633297,-0.0035294963065128915,0.003020431872580706,EURUSD
2023-06-02,1.0760787725448608,1.077934741973877,1.071811318397522,1.0760787725448608,0,1.0750502228736878,1.0757865184358626,42.53840422651673,-0.005743618852255938,0.0061336817148627265,0.003389083167237141,EURUSD
2023-06-05,1.0698620080947876,1.0722709894180298,1.0674750804901123,1.0698620080947876,0,1.0738089680671692,1.0747093347374852,37.445017106926436,-0.0058822433711955835,-0.005777239184238336,0.0034065367393391415,EURUSD
2023-06-06,1.0711798667907715,1.073306918144226,1.0667349100112915,1.0711798667907715,0,1.072816503047943,1.0740676132926281,39.10944334608079,-0.005818689883264172,0.0012318024997735044,0.0034890749609583585,EURUSD
2023-06-07,1.0698047876358032,1.074021577835083,1.0668829679489136,1.0698047876358032,0,1.0720998644828796,1.0732925540822962,37.97408362753931,-0.005812280332337938,-0.0012837051905092434,0.0033433629556706484,EURUSD
2023-06-08,1.0707440376281738,1.078283429145813,1.0702168941497803,1.0707440376281738,0,1.071601116657257,1.072829187454274,39.270924535946115,-0.005666095866182941,0.0008779639082063806,0.003371858984259105,EURUSD
2023-06-09,1.078271746635437,1.0787487030029297,1.0747718811035156,1.078271746635437,0,1.0721839308738708,1.0738187436690307,48.554716192531686,-0.004886491980539809,0.007030353420354185,0.003965184225717337,EURUSD
2023-06-12,1.0750954151153564,1.0789697170257568,1.073433518409729,1.0750954151153564,0,1.0724629163742065,1.0740508657501808,45.40086954740565,-0.0044733872685402964,-0.002945761613426079,0.004115900279843142,EURUSD
2023-06-13,1.0762988328933716,1.0822510719299316,1.076055645942688,1.0762988328933716,0,1.073016107082367,1.0744595870489426,46.810516027127925,-0.00400275181937082,0.0011193590458071778,0.004077593708717103,EURUSD
2023-06-14,1.078934907913208,1.085835337638855,1.077574610710144,1.078934907913208,0,1.073578906059265,1.0752732817515362,49.86403013996786,-0.0033781197499846982,0.0024492036405445727,0.004081548638338957,EURUSD
2023-06-15,1.084304690361023,1.0938525199890137,1.0804269313812256,1.084304690361023,0,1.0750575065612793,1.0769153560441702,55.471831203220916,-0.0024218798450847956,0.004976929014374631,0.004027414535939951,EURUSD
2023-06-16,1.0945948362350464,1.0970999002456665,1.0920130014419556,1.0945948362350464,0,1.076909112930298,1.080129806987966,63.82265614322071,-0.0008242229285591041,0.009490087025812999,0.004570699400300872,EURUSD
2023-06-19,1.0942115783691406,1.0949305295944214,1.0911003351211548,1.0942115783691406,0,1.0793440699577332,1.0826901290572704,63.3461494620038,0.00040632215267577543,-0.0003501367384702858,0.003846886472766955,EURUSD
2023-06-20,1.0924304723739624,1.0945229530334473,1.0894551277160645,1.0924304723739624,0,1.0814691305160522,1.084461100569396,61.06441200767843,0.0012237114428861329,-0.0016277528317081291,0.004033530474730751,EURUSD
2023-06-21,1.0920368432998657,1.0961307287216187,1.0906671285629272,1.0920368432998657,0,1.0836923360824584,1.0858385083385722,60.54536293008964,0.0018187701179903648,-0.0003603241433216553,0.003960585179768641,EURUSD
2023-06-22,1.0992635488510132,1.1011154651641846,1.095110297203064,1.0992635488510132,0,1.0865442872047424,1.0882794247953795,66.22201030704385,0.002840746786406001,0.006617638951915028,0.004179152042210108,EURUSD
2023-06-23,1.0958904027938843,1.0958904027938843,1.0845046043395996,1.0958904027938843,0,1.088306152820587,1.0896632389769259,61.75568570965745,0.003339984698283338,-0.003068550813546622,0.004220328479022676,EURUSD
2023-06-26,1.0906671285629272,1.0921800136566162,1.088814616203308,1.0906671285629272,0,1.0898633241653441,1.0898457643561987,55.51217927143497,0.003276391560125047,-0.004766237771259507,0.0044714359359381214,EURUSD
2023-06-27,1.091048002243042,1.0976104736328125,1.0903223752975464,1.091048002243042,0,1.0913382411003112,1.0900643530628975,55.86259310913421,0.0032196131664190553,0.0003492116615053664,0.00448433948281703,EURUSD
2023-06-28,1.0957223176956177,1.0962508916854858,1.0899657011032104,1.0957223176956177,0,1.0930169820785522,1.0910930739052103,60.02418233645039,0.0035113177867533985,0.004284243629030016,0.004570088846632248,EURUSD
2023-06-29,1.0915838479995728,1.094067931175232,1.0862362384796143,1.0915838479995728,0,1.0937448978424071,1.0911823055587306,55.07311866670243,0.0033697119404729747,-0.00377693292288539,0.004678790731970182,EURUSD
2023-06-30,1.0868029594421387,1.0933741331100464,1.0836466550827026,1.0868029594421387,0,1.0929657101631165,1.0903860608102593,49.9475722938103,0.0028389844900538197,-0.004379772168849438,0.003737822045486397,EURUSD
2023-07-03,1.0907504558563232,1.093135118484497,1.0871810913085938,1.0907504558563232,0,1.0926195979118347,1.0904523144549982,53.77311401473451,0.0027057192842749878,0.0036322098498984268,0.00398419328514204,EURUSD
2023-07-04,1.091309905052185,1.0918222665786743,1.0890754461288452,1.091309905052185,0,1.092507541179657,1.090608240018123,54.30614103598523,0.002615103240850347,0.0005129030135702095,0.0039629537650799065,EURUSD
2023-07-05,1.0884946584701538,1.0906195640563965,1.086507797241211,1.0884946584701538,0,1.0921533226966857,1.0902239524639468,51.112250276102856,0.0022897279439781926,-0.002579694886849393,0.0040408096490205355,EURUSD
2023-07-06,1.0856584310531616,1.0901559591293335,1.083435297012329,1.0856584310531616,0,1.0907928109169007,1.0893938576619857,48.046464235528525,0.0017824587528345592,-0.0026056420166346017,0.0032589341850874794,EURUSD
2023-07-07,1.0890636444091797,1.096467137336731,1.0868619680404663,1.0890636444091797,0,1.0901101350784301,1.0893338188887483,51.78568256697846,0.0016363536570869197,0.0031365420823148416,0.0034567794353016434,EURUSD
2023-07-10,1.0969723463058472,1.0992755889892578,1.0944511890411377,1.0969723463058472,0,1.0907406568527223,1.0907226420554934,59.140965396673835,0.0021341295463968013,0.007261928113446503,0.003915685134441503,EURUSD
2023-07-11,1.100594401359558,1.1025601625442505,1.0978635549545288,1.100594401359558,0,1.0916952967643738,1.0925175073835052,62.000135088556306,0.0027887432013211644,0.0033018654170349215,0.004006329934498108,EURUSD
2023-07-12,1.101406455039978,1.1125946044921875,1.1012852191925049,1.101406455039978,0,1.0922637104988098,1.094133679684682,62.63148774680506,0.003334615809158059,0.0007378319201123418,0.00382420637829148,EURUSD
2023-07-13,1.1144545078277588,1.1196202039718628,1.113065242767334,1.1144545078277588,0,1.0945507764816285,1.0978283757106957,70.97587940000959,0.004765162766355857,0.011846719009202866,0.004909324596326385,EURUSD
2023-07-14,1.1223469972610474,1.12447988986969,1.1206114292144775,1.1223469972610474,0,1.0981051802635193,1.1022863069016686,74.66158990561848,0.006461258111928547,0.007081930556925409,0.004557265884429025,EURUSD
2023-07-17,1.1227755546569824,1.125112533569336,1.1205486059188843,1.1227755546569824,0,1.1013076901435852,1.106011624675362,74.84836033694116,0.007750662085350246,0.00038184037288013783,0.004640750524195434,EURUSD
2023-07-18,1.1237596273422241,1.1275737285614014,1.1220070123672485,1.1237596273422241,0,1.1045526623725892,1.109238534251155,75.29860961648548,0.008751053764940897,0.0008764642952547863,0.0046212888234410535,EURUSD
2023-07-19,1.1228890419006348,1.123974323272705,1.1176306009292603,1.1228890419006348,0,1.1079921007156373,1.1117204447328786,74.03591571518686,0.009365660900163553,-0.0007747078827242682,0.004412087644895098,EURUSD
2023-07-20,1.120523452758789,1.12296462059021,1.1133129596710205,1.120523452758789,0,1.1114786028862,1.1133209916466804,70.57284505668358,0.009551751562881128,-0.0021066989289000304,0.00434235854402194,EURUSD
2023-07-21,1.113709807395935,1.1147029399871826,1.110962986946106,1.113709807395935,0,1.1139432191848755,1.113391685419272,61.630714723132975,0.009045158559564559,-0.0060807699705690554,0.005237313007735904,EURUSD
2023-07-24,1.112532615661621,1.114504098892212,1.1068804264068604,1.112532615661621,0,1.115499246120453,1.113235490917881,60.211221992494075,0.0084512694464276,-0.0010570004201242433,0.005008940094257528,EURUSD
2023-07-25,1.1063170433044434,1.1088933944702148,1.1022076606750488,1.1063170433044434,0,1.1160715103149415,1.1119775913518013,53.238811805606296,0.007393831811386642,-0.005586867539592366,0.005410611315400511,EURUSD
2023-07-26,1.1050456762313843,1.1086474657058716,1.1038380861282349,1.1050456762313843,0,1.116435432434082,1.1107172431480892,51.914564140492395,0.006379675244641891,-0.001149188725558914,0.005435479150102781,EURUSD
2023-07-27,1.1078368425369263,1.115200161933899,1.0984907150268555,1.1078368425369263,0,1.1157736659049988,1.1101935339460596,54.58533375219431,0.005735062423336101,0.002525837950030141,0.0037953840127012525,EURUSD
2023-07-28,1.0978755950927734,1.1046794652938843,1.0947027206420898,1.0978755950927734,0,1.1133265256881715,1.1079539087000074,44.98286905931357,0.004370037625647916,-0.00899161957941541,0.0035834821122599355,EURUSD
2023-07-31,1.1024264097213745,1.1045451164245605,1.100618600845337,1.1024264097213745,0,1.1112916111946105,1.1069489088857105,49.36530008784751,0.0036138007018129414,0.004145109563362226,0.004051369130184,EURUSD
2023-08-01,1.0997591018676758,1.1002310514450073,1.095446228981018,1.0997591018676758,0,1.1088915586471557,1.1056416712460677,47.00208652613449,0.0027673477765552956,-0.0024194883487713703,0.003940175278011755,EURUSD
2023-08-02,1.1007881164550781,1.1007033586502075,1.0919772386550903,1.1007881164550781,0,1.1066814661026,1.104759206738615,48.03560941312661,0.0021547223147182493,0.000935672717465863,0.004042285696675596,EURUSD
2023-08-03,1.0944151878356934,1.0953983068466187,1.0913575887680054,1.0944151878356934,0,1.1040706396102906,1.1028784760289927,42.506908991438664,0.001141808090767249,-0.005789423526761706,0.004219150917926689,EURUSD
2023-08-04,1.095158338546753,1.1040940284729004,1.0936251878738403,1.095158338546753,0,1.1022154927253722,1.1014748146685855,43.326063189972956,0.00039448494535410106,0.0006790391062911905,0.004094093638921875,EURUSD
2023-08-07,1.1002674102783203,1.1012003421783447,1.096611499786377,1.1002674102783203,0,1.1009889721870423,1.1012552865976282,48.733973124091925,0.0002120410812909146,0.0046651443464760245,0.004562497973246612,EURUSD
2023-08-08,1.100315809249878,1.1009820699691772,1.0930992364883423,1.100315809249878,0,1.1003888487815856,1.101084472534401,48.7838307938328,7.054519599503095e-05,4.398837146823986e-05,0.004286121731064879,EURUSD
2023-08-09,1.0958904027938843,1.0994327068328857,1.0955902338027954,1.0958904027938843,0,1.0994733214378356,1.1001400962179433,44.52036532192528,-0.0003941412142847156,-0.004021942081347207,0.004425820577870809,EURUSD
2023-08-10,1.0977671146392822,1.1058399677276611,1.096803903579712,1.0977671146392822,0,1.0984663486480712,1.099708645021823,46.64974197066201,-0.0006040109188392151,0.0017124995716848446,0.004364493833020798,EURUSD
2023-08-11,1.0981649160385132,1.1004369258880615,1.0951822996139526,1.0981649160385132,0,1.0984952807426454,1.0994279670248575,47.11310392102313,-0.0007298219897755587,0.00036237321552645696,0.0033147072647174815,EURUSD
2023-08-14,1.094439148902893,1.0960345268249512,1.087748646736145,1.094439148902893,0,1.097696554660797,1.0985209091845003,43.31830006015973,-0.001117287050589777,-0.003392720966774565,0.0031270170202153933,EURUSD
2023-08-15,1.0909883975982666,1.0949664115905762,1.0900845527648926,1.0909883975982666,0,1.0968194842338561,1.0971513616233668,40.0969248003245,-0.0016833975350658559,-0.003152985991122126,0.00317940998564333,EURUSD
2023-08-16,1.0904173851013184,1.0934697389602661,1.0897756814956665,1.0904173851013184,0,1.0957824110984802,1.0959270022557215,39.572503794938896,-0.0021532982273884116,-0.0005233900728965901,0.0031241185427620254,EURUSD
2023-08-17,1.0874884128570557,1.0917268991470337,1.0862362384796143,1.0874884128570557,0,1.0950897336006165,1.0943927132741458,36.90612533956081,-0.0027305652368427857,-0.0026861019315007617,0.0027166311591163184,EURUSD
2023-08-18,1.0874648094177246,1.089561939239502,1.0846457481384277,1.0874648094177246,0,1.0943203806877135,1.0931330943911601,36.884556958367206,-0.0031536053022385158,-2.170454328709326e-05,0.0026879592405491515,EURUSD
2023-08-21,1.087559461593628,1.0913575887680054,1.0870628356933594,1.087559461593628,0,1.0930495858192444,1.0921197066097905,37.04344822486712,-0.003441557826026287,8.703930010756089e-05,0.001965007448073623,EURUSD
2023-08-22,1.0898351669311523,1.093199610710144,1.0834001302719116,1.0898351669311523,0,1.0920015215873717,1.091704335759129,40.8960240742011,-0.0034464038752766157,0.0020924881975554754,0.002197419051244921,EURUSD
2023-08-23,1.0846692323684692,1.0870510339736938,1.0802985429763794,1.0846692323684692,0,1.0908794045448302,1.0904252260517362,35.574173892599745,-0.0038230227237034953,-0.004740106320141768,0.002317277433999315,EURUSD
2023-08-24,1.086578607559204,1.0876895189285278,1.081548810005188,1.086578607559204,0,1.0897605538368225,1.0897258408712758,38.74692851489967,-0.0039222124304898465,0.0017603294476837839,0.00232359923000487,EURUSD
2023-08-25,1.07991361618042,1.0839755535125732,1.076669692993164,1.07991361618042,0,1.0879354238510133,1.0879418000183927,32.69432924260178,-0.004486907810120178,-0.006133924717840578,0.0027607144695752273,EURUSD
2023-08-28,1.0797386169433594,1.0821340084075928,1.0799369812011719,1.0797386169433594,0,1.0864653706550598,1.0864503121865683,32.55055394663124,-0.004892160165663073,-0.00016204929212715324,0.002725669763161733,EURUSD
2023-08-29,1.0825556516647339,1.0856702327728271,1.0783531665802002,1.0825556516647339,0,1.0856220960617065,1.0857421920916892,37.32831001097635,-0.004929193740914162,0.002608996915706596,0.002904857123397266,EURUSD
2023-08-30,1.0869210958480835,1.094546914100647,1.085611343383789,1.0869210958480835,0,1.0852724671363831,1.0859565382292153,43.95372739840203,-0.004553794940619582,0.004032535580629437,0.0032810639642263644,EURUSD
2023-08-31,1.0932546854019165,1.0939722061157227,1.0837171077728271,1.0932546854019165,0,1.0858490943908692,1.0872834740787973,51.89889479277614,-0.0037025403612727104,0.005827092305068504,0.003678245823391317,EURUSD
2023-09-01,1.0844104290008545,1.0880801677703857,1.0785857439041138,1.0844104290008545,0,1.085543656349182,1.086761102246444,42.779117544124496,-0.003698933547780392,-0.008089840838697682,0.004586635570942569,EURUSD
2023-09-04,1.07758629322052,1.080905795097351,1.0774004459381104,1.07758629322052,0,1.0845463395118713,1.0850929551508215,37.32858795627301,-0.004198330111734538,-0.006292945547030637,0.004959735156815137,EURUSD
2023-09-05,1.0794472694396973,1.07991361618042,1.0707554817199707,1.0794472694396973,0,1.0835075497627258,1.084066466839708,39.5890659225896,-0.0043932970647357905,0.0017269857930499732,0.0049364443255625785,EURUSD
2023-09-06,1.0726161003112793,1.0748181343078613,1.0705147981643677,1.0726161003112793,0,1.0823022365570067,1.0819845820163572,34.64872465637616,-0.005040919456223092,-0.006328395394398223,0.005095074797492595,EURUSD
2023-09-07,1.0724204778671265,1.0734220743179321,1.068764328956604,1.0724204778671265,0,1.080886423587799,1.0802456539892242,34.5158907005374,-0.005506474750440971,-0.00018237880644911275,0.00501000463347133,EURUSD
2023-09-08,1.0697818994522095,1.0742061138153076,1.0695072412490845,1.0697818994522095,0,1.079873251914978,1.0783431531643124,32.69517742493365,-0.006018959088121445,-0.0024603954040161025,0.0047437334257278505,EURUSD
2023-09-11,1.071811318397522,1.0756852626800537,1.0711455345153809,1.071811318397522,0,1.0790805220603943,1.0771555468430778,35.51279729237589,-0.0061899950597477105,0.0018970398979003544,0.004824864784416086,EURUSD
2023-09-12,1.0750375986099243,1.0762641429901123,1.070617914199829,1.0750375986099243,0,1.0783287167549134,1.0767704653461407,39.82563198650734,-0.005996089264907356,0.0030101195583809304,0.004857231509287801,EURUSD
2023-09-13,1.075326681137085,1.0765421390533447,1.0717424154281616,1.075326681137085,0,1.0771692752838136,1.0765079591263123,40.21147580665188,-0.005752776554362571,0.0002689045736952167,0.004589419191729719,EURUSD
2023-09-14,1.0734220743179321,1.0755001306533813,1.065507411956787,1.0734220743179321,0,1.075186014175415,1.0759468891611523,38.461645063831654,-0.005648522677778711,-0.001771189028006659,0.003899132229166801,EURUSD
2023-09-15,1.0637166500091553,1.068764328956604,1.0634677410125732,1.0637166500091553,0,1.0731166362762452,1.0737232093153346,31.04742472962502,-0.006276693543516787,-0.009041573245960888,0.004076688744403077,EURUSD
2023-09-18,1.0668259859085083,1.0698162317276,1.0656323432922363,1.0668259859085083,0,1.072040605545044,1.0724691686959116,35.34735791500168,-0.006449282742154949,0.002923086612704795,0.00401892176310773,EURUSD
2023-09-19,1.0692671537399292,1.071926236152649,1.0676347017288208,1.0692671537399292,0,1.071022593975067,1.0718869841584602,38.58550649017902,-0.00631626906516658,0.0022882530643852927,0.004064828904961387,EURUSD
2023-09-20,1.0682048797607422,1.0726966857910156,1.0675777196884155,1.0682048797607422,0,1.0705814719200135,1.0712175106316022,37.70062993358495,-0.006224815600735623,-0.0009934598434746533,0.003602833778796779,EURUSD
2023-09-21,1.065303087234497,1.0673611164093018,1.0619093179702759,1.065303087234497,0,1.0698697328567506,1.0701421609230375,35.317935805318314,-0.006313707981400629,-0.0027165130783666225,0.0036737684943699625,EURUSD
2023-09-22,1.0661548376083374,1.0671560764312744,1.0615260601043701,1.0661548376083374,0,1.0695070266723632,1.0694171930476375,36.584839040819716,-0.0062434560221120705,0.0007995380695380305,0.0036407035291332558,EURUSD
2023-09-25,1.0648492574691772,1.0655415058135986,1.0577309131622314,1.0648492574691772,0,1.0688108205795288,1.068586659306099,35.43901711605693,-0.006221413660299158,-0.0012245689773250357,0.0035611523700394966,EURUSD
2023-09-26,1.0591648817062378,1.060895323753357,1.0568143129348755,1.0591648817062378,0,1.0672235488891602,1.066873608833397,30.901124717541606,-0.0065866991794518714,-0.005338197611603257,0.003587333602208979,EURUSD
2023-09-27,1.0569483041763306,1.057373046875,1.0509058237075806,1.0569483041763306,0,1.0653857111930847,1.0650690079866576,29.324294518920624,-0.006974650438388075,-0.0020927596526203462,0.003536743971243425,EURUSD
2023-09-28,1.0505305528640747,1.0578652620315552,1.049185872077942,1.0505305528640747,0,1.063096559047699,1.0624256525098243,25.298992193942368,-0.00771107502869306,-0.006071963299337679,0.003796085332268659,EURUSD
2023-09-29,1.0562450885772705,1.0617965459823608,1.0558546781539917,1.0562450885772705,0,1.0623494029045104,1.0613019136129964,33.98811289484925,-0.007744309963877205,0.005439666364406293,0.0036322441160289106,EURUSD
2023-10-02,1.0565240383148193,1.0590976476669312,1.0492738485336304,1.0565240383148193,0,1.0613192081451417,1.0604332090133277,34.38930621047378,-0.007659842085440571,0.0002640956540915784,0.003429308858097486,EURUSD
2023-10-03,1.0480751991271973,1.049428105354309,1.0449867248535156,1.0480751991271973,0,1.0592000126838683,1.0581862981249404,28.699891783984256,-0.008180353374163118,-0.007996826272971713,0.003860548138202249,EURUSD
2023-10-04,1.0472300052642822,1.0532413721084595,1.045369029045105,1.0472300052642822,0,1.0571025252342223,1.0561942448775479,28.19732243248933,-0.008562360835883132,-0.0008064248286944187,0.0038663779523205564,EURUSD
2023-10-05,1.0507071018218994,1.0536853075027466,1.0500892400741577,1.0507071018218994,0,1.0556429266929626,1.0551965825037937,33.36685363849308,-0.008486702445615668,0.0033202797285585284,0.004194950206531798,EURUSD
2023-10-06,1.0546631813049316,1.0598160028457642,1.0483938455581665,1.0546631813049316,0,1.0544937610626222,1.0550996004676367,38.76841099937718,-0.00801512668313431,0.00376515917344844,0.004461765791765609,EURUSD
2023-10-09,1.056747317314148,1.0576413869857788,1.0521442890167236,1.056747317314148,0,1.0536835670471192,1.0553991853488205,41.4607014918598,-0.007388062154151553,0.001976115262350975,0.004563420568857301,EURUSD
2023-10-10,1.0578875541687012,1.061954379081726,1.0555983781814575,1.0578875541687012,0,1.0535558342933655,1.0558516160433442,42.938924776373376,-0.006721618775193283,0.0010790061501657622,0.004290187213574692,EURUSD
2023-10-11,1.0604791641235352,1.063354730606079,1.0592771768569946,1.0604791641235352,0,1.053908920288086,1.0566929884215608,46.26050938405359,-0.005916138766504986,0.0024497971874435365,0.0042976813948011824,EURUSD
2023-10-12,1.0624282360076904,1.0639089345932007,1.0545964241027832,1.0624282360076904,0,1.0550986886024476,1.057735760709948,48.68005838850256,-0.0050621627829958715,0.0018379162458757037,0.003667795904643299,EURUSD
2023-10-13,1.0536741018295288,1.0558546781539917,1.0496152639389038,1.0536741018295288,0,1.0548415899276733,1.0569972772771445,39.97454427558617,-0.005033740305478984,-0.008239741642275256,0.004367296475531555,EURUSD
2023-10-16,1.0521553754806519,1.055464744567871,1.0516352653503418,1.0521553754806519,0,1.0544047236442566,1.056116931495964,38.68212142053628,-0.005075259380206809,-0.0014413625107041472,0.0043789223586794155,EURUSD
2023-10-17,1.0554312467575073,1.0595004558563232,1.0533411502838135,1.0554312467575073,0,1.0551403284072876,1.0559922615435173,42.96553917215297,-0.0047886277912536634,0.003113486233303764,0.003574418018123202,EURUSD
2023-10-18,1.057305932044983,1.0595465898513794,1.0527091026306152,1.057305932044983,0,1.0561479210853577,1.056231110725602,45.31961839446223,-0.00435994008134899,0.0017762268203020959,0.003546235954560135,EURUSD
2023-10-19,1.053851842880249,1.0585371255874634,1.0528864860534668,1.053851842880249,0,1.0564623951911927,1.0557985165719013,41.888991447654156,-0.0042499275915011125,-0.003266877693623771,0.0036695020207168734,EURUSD
2023-10-20,1.0586491823196411,1.0601080656051636,1.056579828262329,1.0586491823196411,0,1.0568609952926635,1.0563168194351267,47.7993612509617,-0.00373260950210752,0.004552195331632758,0.0037593036154732343,EURUSD
2023-10-23,1.0589966773986816,1.064736008644104,1.057183027267456,1.0589966773986816,0,1.057085931301117,1.0568040663375913,48.2102581671565,-0.003257046041124978,0.00032824384587826216,0.003717629702063582,EURUSD
2023-10-24,1.0669853687286377,1.0690499544143677,1.0584250688552856,1.0669853687286377,0,1.0579957127571107,1.0586552122268724,56.65697521830109,-0.0022100617300895298,0.007543641543408253,0.004385835568303486,EURUSD
2023-10-25,1.059535264968872,1.0606703758239746,1.0566803216934204,1.059535264968872,0,1.0579013228416443,1.058815221816327,48.682715774780526,-0.0019588992594865573,-0.006982386055249035,0.0049810743013801,EURUSD
2023-10-26,1.056725025177002,1.0569707155227661,1.0526316165924072,1.056725025177002,0,1.0573310017585755,1.0584351860637222,46.04983727890579,-0.001963974580622141,-0.0026523324751750454,0.004991563274676394,EURUSD
2023-10-27,1.0564459562301636,1.0597710609436035,1.053629755973816,1.0564459562301636,0,1.057608187198639,1.058073507912166,45.785028531508914,-0.0019678314054121238,-0.0002640885189518771,0.004196046098492561,EURUSD
2023-10-30,1.0562450885772705,1.0625998973846436,1.054841160774231,1.0562450885772705,0,1.0580171585083007,1.0577410680330939,45.58184928622565,-0.0019644513355447923,-0.0001901352849225102,0.004157803150440266,EURUSD
2023-10-31,1.061503529548645,1.0669056177139282,1.0567585229873657,1.061503529548645,0,1.0586243867874146,1.058425151945012,51.6329840999484,-0.0015199394502054542,0.0049784288024075085,0.00433144600350962,EURUSD
2023-11-01,1.0579099655151367,1.0580778121948242,1.0522881746292114,1.0579099655151367,0,1.0586847901344298,1.0583314816850347,47.72716806803759,-0.0014410199820260594,-0.003385352882468773,0.0044784093354667985,EURUSD
2023-11-02,1.05870521068573,1.067008137702942,1.0584250688552856,1.05870521068573,0,1.059170126914978,1.0583994324124337,48.65284884897115,-0.0012993282485387336,0.0007517134694974281,0.004323726518637763,EURUSD
2023-11-03,1.0619093179702759,1.0736998319625854,1.0615485906600952,1.0619093179702759,0,1.0594961404800416,1.0590375934229503,52.316734412551675,-0.0009179107452041979,0.0030264395151795576,0.004188391964005066,EURUSD
2023-11-06,1.0732147693634033,1.075700283050537,1.0723400115966797,1.0732147693634033,0,1.0609179496765138,1.06161526177576,62.48774784365965,0.00029324052375701015,0.010646343526523161,0.005312095228186279,EURUSD
2023-11-07,1.0721560716629028,1.0721560716629028,1.0664732456207275,1.0721560716629028,0,1.0614350199699403,1.0635317726643314,61.17186060954913,0.0011543519233447874,-0.0009864732863567038,0.004873277725971609,EURUSD
2023-11-08,1.0696102380752563,1.071604609489441,1.0660640001296997,1.0696102380752563,0,1.0624425172805787,1.0646369481935904,58.00843465720144,0.0016127704040831414,-0.0023744990630868434,0.004268049393872502,EURUSD
2023-11-09,1.0710422992706299,1.0728002786636353,1.0681477785110474,1.0710422992706299,0,1.0638742446899414,1.0658015574803248,59.28395621741166,0.0020677895324512363,0.0013388626477159882,0.00407550562352967,EURUSD
2023-11-10,1.0667576789855957,1.0692557096481323,1.0657685995101929,1.0667576789855957,0,1.0649054169654846,1.0659753977540103,53.998938935035866,0.002058928376298619,-0.00400042116726107,0.004398790717783841,EURUSD
2023-11-13,1.069015622138977,1.0705492496490479,1.0665528774261475,1.069015622138977,0,1.0661824703216554,1.0665281658240042,56.214214352336654,0.00220864312515201,0.0021166411059054813,0.004391058960606979,EURUSD
2023-11-14,1.0701825618743896,1.08672034740448,1.0693585872650146,1.0701825618743896,0,1.0670503735542298,1.0671926014695288,57.35716135688914,0.002393860492746258,0.0010916021349414162,0.0041878646258794805,EURUSD
2023-11-15,1.0878314971923828,1.0887316465377808,1.0832945108413696,1.0878314971923828,0,1.0700425267219544,1.0709451279645932,70.07846426589794,0.003919585629558853,0.01649151831354989,0.006201680522687471,EURUSD
2023-11-16,1.0854581594467163,1.0893957614898682,1.0830950736999512,1.0854581594467163,0,1.072717821598053,1.0735838609613428,67.17626608586514,0.004880960596016282,-0.002181714495114284,0.0063767699527044214,EURUSD
2023-11-17,1.0853756666183472,1.089229702949524,1.0825204849243164,1.0853756666183472,0,1.0750644564628602,1.0757278256262526,67.07229155602795,0.0055719704940147,-7.599816506165258e-05,0.006424512941940825,EURUSD
2023-11-20,1.090702772140503,1.0945110321044922,1.0897995233535767,1.090702772140503,0,1.0768132567405702,1.0784505431742981,70.27217413470218,0.006474816062658206,0.00490807531990578,0.005814207368251947,EURUSD
2023-11-21,1.0945948362350464,1.0967316627502441,1.0922993421554565,1.0945948362350464,0,1.0790571331977845,1.081385869185343,72.38376769541983,0.007418864671699499,0.0035684002956233307,0.0057644186847960075,EURUSD
2023-11-22,1.0918222665786743,1.0922515392303467,1.0854581594467163,1.0918222665786743,0,1.0812783360481262,1.0832833959841306,68.6432461598784,0.00785278478116136,-0.002532964312081498,0.005778251228231581,EURUSD
2023-11-23,1.0890873670578003,1.0927051305770874,1.0888028144836426,1.0890873670578003,0,1.0830828428268433,1.0843386634520704,65.07115072053531,0.007885091631283592,-0.002504894436201721,0.00595753292577807,EURUSD
2023-11-24,1.0906314849853516,1.0944151878356934,1.089561939239502,1.0906314849853516,0,1.0854702234268188,1.0854828128217577,66.14243500735105,0.00794372217040018,0.0014178090521081987,0.005619496496852081,EURUSD
2023-11-27,1.0940439701080322,1.0959264039993286,1.0925856828689575,1.0940439701080322,0,1.0879730582237244,1.0870393868738075,68.44574984717948,0.008171352065017068,0.003128907582130358,0.005626343720418806,EURUSD
2023-11-28,1.0958423614501953,1.1007153987884521,1.0935057401657104,1.0958423614501953,0,1.090539038181305,1.088639927705878,69.61875851521981,0.008400035171399312,0.0016438017038615804,0.005615526620882851,EURUSD
2023-11-29,1.100594401359558,1.1016855239868164,1.096118688583374,1.100594401359558,0,1.0918153285980225,1.0908134683701836,72.52518107377446,0.00886255605752928,0.0043364265486818265,0.00286508277167214,EURUSD
2023-11-30,1.0973695516586304,1.098538875579834,1.0894907712936401,1.0973695516586304,0,1.093006467819214,1.0920054835135375,67.7859589341789,0.008866679213739292,-0.002930098224145139,0.0029702277502259167,EURUSD
2023-12-01,1.0892059803009033,1.0913456678390503,1.0831537246704102,1.0892059803009033,0,1.0933894991874695,1.0914964829294223,57.536176639266564,0.008117639763842943,-0.00743921803314862,0.00402014586742727,EURUSD
2023-12-04,1.088814616203308,1.0887316465377808,1.0805671215057373,1.088814616203308,0,1.09320068359375,1.0910088707974015,57.090495575137375,0.007407056850710303,-0.0003593113742242915,0.0036894456577502006,EURUSD
2023-12-05,1.0837758779525757,1.0848339796066284,1.078260064125061,1.0837758779525757,0,1.092118787765503,1.0896937811892513,51.55358448716815,0.0063639708121498995,-0.004627728334785308,0.0036777626370282576,EURUSD
2023-12-06,1.0793657302856445,1.0803686380386353,1.0773192644119263,1.0793657302856445,0,1.0908731341362,1.0878159537522318,47.235526105500156,0.005122407625463676,-0.004069243241750842,0.003780189346260133,EURUSD
2023-12-07,1.076669692993164,1.0796804428100586,1.0757662057876587,1.076669692993164,0,1.0896313667297364,1.0857893608869467,44.76696036537683,0.003876229417400845,-0.0024977977499498483,0.0037799053684596405,EURUSD
2023-12-08,1.079214334487915,1.0800535678863525,1.0731456279754639,1.079214334487915,0,1.0884896516799927,1.0845939015416681,47.55296768076894,0.003058696759184798,0.00236343746955181,0.0038619332520809986,EURUSD
2023-12-11,1.0765769481658936,1.077934741973877,1.0743216276168823,1.0765769481658936,0,1.0867429494857788,1.0831362736551635,45.01839282243218,0.0021729329840773914,-0.002443802160275177,0.0035848364535326373,EURUSD
2023-12-12,1.076658010482788,1.0822042226791382,1.0761829614639282,1.076658010482788,0,1.084824514389038,1.0819584076238224,45.11522269264681,0.001460662256961065,7.529635204672758e-05,0.003459133427206468,EURUSD
2023-12-13,1.0798670053482056,1.0808240175247192,1.0774004459381104,1.0798670053482056,0,1.0827517747879027,1.0815781526646193,48.94821168488015,0.0011419578616529424,0.0029805145498138508,0.003211348061606149,EURUSD
2023-12-14,1.0886130332946777,1.1004126071929932,1.088020920753479,1.0886130332946777,0,1.0818761229515075,1.0828572218700845,57.63267909584985,0.0015769357600712297,0.008099171382361048,0.004465395857567772,EURUSD
2023-12-15,1.0993602275848389,1.100594401359558,1.0902271270751953,1.0993602275848389,0,1.082891547679901,1.085857768363676,65.4176304079672,0.002757085672177695,0.009872373342467489,0.004933192641945462,EURUSD
2023-12-18,1.0895264148712158,1.0930036306381226,1.0894551277160645,1.0895264148712158,0,1.082962727546692,1.0865247950014105,55.388641949968026,0.0028658210771894677,-0.008945032271384545,0.0058468369916407775,EURUSD
2023-12-19,1.092382788658142,1.098799705505371,1.091607689857483,1.092382788658142,0,1.0838234186172486,1.0875898847571799,57.43011023623007,0.0031462125817574016,0.0026216654758792757,0.005644083311532517,EURUSD
2023-12-20,1.0981045961380005,1.09797203540802,1.0935654640197754,1.0981045961380005,0,1.085697305202484,1.0895016504627835,61.254974520754345,0.003786478743766475,0.0052379143458374244,0.005516832806650834,EURUSD
2023-12-21,1.0945708751678467,1.099976897239685,1.0936251878738403,1.0945708751678467,0,1.0874874234199523,1.0904233276818858,57.80089926460973,0.003963068750641563,-0.0032180185590533483,0.005582561354339263,EURUSD
2023-12-22,1.100618600845337,1.1040574312210083,1.0994206666946411,1.100618600845337,0,1.0896278500556946,1.0922770137116042,61.77370353329369,0.00453869922317085,0.005525202446632571,0.005714530129621451,EURUSD
2023-12-25,1.102657437324524,1.1042402982711792,1.0999890565872192,1.102657437324524,0,1.0922358989715577,1.0941643634594078,63.03708691233958,0.005100610916817683,0.0018524459586828357,0.005502510740656335,EURUSD
2023-12-26,1.1020255088806152,1.1039965152740479,1.1009578704833984,1.1020255088806152,0,1.0947726488113403,1.0955936626269,62.34926741525259,0.0054323182548696725,-0.0005730958886397408,0.005536794074057859,EURUSD
2023-12-27,1.1043012142181396,1.1122480630874634,1.1029249429702759,1.1043012142181396,0,1.0972160696983337,1.097176853825307,63.877835949244066,0.005811833908418107,0.002065020563667419,0.005532691423189309,EURUSD
2023-12-28,1.110864281654358,1.113945484161377,1.1071009635925293,1.110864281654358,0,1.0994411945343017,1.0996654770669525,67.92254188968292,0.006566493046042732,0.0059431859276410925,0.0053174167888281575,EURUSD
2023-12-29,1.1068191528320312,1.1086474657058716,1.1043256521224976,1.1068191528320312,0,1.100187087059021,1.1009661453878758,63.22357469400235,0.006760230036462644,-0.003641424869924248,0.004796931530025904,EURUSD
2024-01-01,1.1055831909179688,1.1053388118743896,1.1039965152740479,1.1055831909179688,0,1.1017927646636962,1.101805608211529,61.816394960471996,0.006736383365881116,-0.0011166791890978578,0.0035189521216709477,EURUSD
2024-01-02,1.1038745641708374,1.1046061515808105,1.0941996574401855,1.1038745641708374,0,1.1029419422149658,1.1021817820223123,59.833756221443444,0.006504631466185851,-0.0015454528986756921,0.00361285049162852,EURUSD
2024-01-03,1.0941756963729858,1.0967004299163818,1.0898706912994385,1.0941756963729858,0,1.1025490522384644,1.1007261300860711,50.02553641124672,0.005475233755015463,-0.008786204622023064,0.004435970592719717,EURUSD
2024-01-04,1.0927767753601074,1.0970205068588257,1.0917030572891235,1.0927767753601074,0,1.1023696422576905,1.0992807928631685,48.78339014653627,0.004494734911845599,-0.0012785158887330672,0.004337933824977802,EURUSD
2024-01-05,1.0947387218475342,1.0996382236480713,1.0879853963851929,1.0947387218475342,0,1.1017816543579102,1.0984549617694168,50.63470944582822,0.0038318243139223718,0.0017953771819319009,0.003937046607644314,EURUSD
2024-01-08,1.0942236185073853,1.0978153944015503,1.092454433441162,1.0942236185073853,0,1.1009382724761962,1.0976856266308657,50.122444502933554,0.0032276915355500257,-0.00047052628163146704,0.0038484874592348735,EURUSD
2024-01-09,1.095170259475708,1.0967316627502441,1.0912623405456543,1.095170259475708,0,1.1002527475357056,1.0972282871481096,51.101522440372406,0.002793100843009766,0.0008651256948868369,0.003883002071711015,EURUSD
2024-01-10,1.0932426452636719,1.0969723463058472,1.0923351049423218,1.0932426452636719,0,1.0991468906402588,1.0965036249873028,48.99259305979091,0.0022670095559509384,-0.0017601046005020216,0.003776382295372788,EURUSD
2024-01-11,1.0975141525268555,1.0991426706314087,1.0931470394134521,1.0975141525268555,0,1.0978118777275085,1.0966873572672213,53.565713964069076,0.0021697419240540583,0.003907190486658552,0.0033962344452952943,EURUSD
2024-01-12,1.0981649160385132,1.098659634590149,1.0937089920043945,1.0981649160385132,0,1.0969464540481568,1.096956004316547,54.238850389275605,0.002120721445018736,0.000592943161743742,0.0033215995701267455,EURUSD
2024-01-15,1.0945708751678467,1.0958904027938843,1.0934100151062012,1.0945708751678467,0,1.0958452224731445,1.0965223444713288,49.933570030446354,0.0017714432060060847,-0.0032727697071506245,0.0034145806362422203,EURUSD
2024-01-16,1.0945708751678467,1.094666838645935,1.086708426475525,1.0945708751678467,0,1.0949148535728455,1.0961675318706956,49.933570030446354,0.001477604777081476,0.0,0.0034218796065925436,EURUSD
2024-01-17,1.087878942489624,1.0884946584701538,1.0845398902893066,1.087878942489624,0,1.0942851781845093,1.0946605156195917,42.6269985895182,0.0006967212954496205,-0.006113749991014994,0.0027757563636410317,EURUSD
2024-01-18,1.0885775089263916,1.0907504558563232,1.084869384765625,1.0885775089263916,0,1.0938652515411378,1.0935545144026462,43.555501926813236,0.00013270425157174692,0.0006421361876616238,0.002787975281105592,EURUSD
2024-01-19,1.0879143476486206,1.0892653465270996,1.0868265628814697,1.0879143476486206,0,1.0931828141212463,1.092529029538278,42.84659641190763,-0.0003636034972895885,-0.0006091998707791202,0.002681011595800355,EURUSD
2024-01-22,1.089229702949524,1.0909883975982666,1.0880327224731445,1.089229702949524,0,1.0926834225654602,1.0919291519766863,44.76682932750216,-0.0006433763420825578,0.0012090614520767762,0.0027434325172244344,EURUSD
2024-01-23,1.088020920753479,1.0918222665786743,1.0824267864227295,1.088020920753479,0,1.0919684886932373,1.0912185644815577,43.32620058240357,-0.0009516667364954934,-0.0011097587522371777,0.002708791403725921,EURUSD
2024-01-24,1.0857881307601929,1.0931470394134521,1.0851871967315674,1.0857881307601929,0,1.0912230372428895,1.090231212895855,40.71954775947539,-0.001360473891280689,-0.00205215722482599,0.002723606852038469,EURUSD
2024-01-25,1.088174819946289,1.0900371074676514,1.0826143026351929,1.088174819946289,0,1.0902891039848328,1.089857323268661,44.559223598839786,-0.0014748692610533354,0.002198116850315124,0.002442887645703731,EURUSD
2024-01-26,1.0847046375274658,1.0883287191390991,1.0813382863998413,1.0847046375274658,0,1.088943076133728,1.0889204713157163,40.456154977050375,-0.0018245113048431794,-0.003188993491867853,0.0024867687624978807,EURUSD
2024-01-29,1.0843517780303955,1.084975242614746,1.079715371131897,1.0843517780303955,0,1.0879211664199828,1.0880897998092944,40.0522932100067,-0.002105803563364095,-0.0003253046819037264,0.002390522894509593,EURUSD
2024-01-30,1.0834470987319946,1.085564136505127,1.0812681913375854,1.0834470987319946,0,1.0868087887763977,1.0872456723406945,38.9779461173755,-0.0023743596237488784,-0.0008343042513787591,0.0023687251790963483,EURUSD
2024-01-31,1.08433997631073,1.088565707206726,1.0807656049728394,1.08433997631073,0,1.0864548921585082,1.08671736397161,40.669467228892174,-0.0024864818627978735,0.0008241081449942289,0.001602664493933485,EURUSD
2024-02-01,1.0803920030593872,1.086555004119873,1.078027606010437,1.0803920030593872,0,1.0856363415718078,1.0855672983512057,35.92724902643721,-0.0028609289833816387,-0.0036408998446917362,0.0018662313216558993,EURUSD
2024-02-02,1.0874648094177246,1.0897995233535767,1.0783065557479858,1.0874648094177246,0,1.0855913877487182,1.0859123003633,47.69422664646095,-0.0025574835822237407,0.006546518613900432,0.002971835954270284,EURUSD
2024-02-05,1.0780043601989746,1.0787487030029297,1.072466492652893,1.0780043601989746,0,1.0844688534736633,1.0844744930606953,37.71657242551288,-0.003045276056518942,-0.008699545159365218,0.003988150380572135,EURUSD
2024-02-06,1.0741831064224243,1.076310396194458,1.0724550485610962,1.0741831064224243,0,1.0830850720405578,1.082603331853737,34.5706434965131,-0.0036975750079393244,-0.0035447479784265212,0.004067232593495297,EURUSD
2024-02-07,1.075719952583313,1.0784345865249634,1.0756388902664185,1.075719952583313,0,1.08207825422287,1.0813518083500233,36.85196111928652,-0.004043900418492008,0.001430711534839757,0.004141422883107933,EURUSD
2024-02-08,1.077574610710144,1.0789813995361328,1.074310064315796,1.077574610710144,0,1.0810182332992553,1.0806650451427724,39.58939986598156,-0.0041212037195652584,0.0017241086979722375,0.004104271294087231,EURUSD
2024-02-09,1.0777255296707153,1.0794472694396973,1.0763914585113525,1.0777255296707153,0,1.0803203225135802,1.0801305877842164,39.81802060904147,-0.004122764580023697,0.00014005430257113538,0.004038852651575981,EURUSD
2024-02-12,1.0798202753067017,1.0805437564849854,1.0757662057876587,1.0798202753067017,0,1.079867172241211,1.080074167333759,43.04015361392722,-0.0039099021882811336,0.0019436726497759071,0.004121260443534197,EURUSD
2024-02-13,1.0772264003753662,1.079563856124878,1.0702054500579834,1.0772264003753662,0,1.079245102405548,1.079556391523142,40.17199714557648,-0.003905491167184305,-0.0024021357911608865,0.004168701011293813,EURUSD
2024-02-14,1.0708931684494019,1.0734450817108154,1.069553017616272,1.0708931684494019,0,1.0779004216194152,1.0779812600551892,34.182458559366296,-0.004362743299539673,-0.005879202295596797,0.004449501276612321,EURUSD
2024-02-15,1.0732147693634033,1.0786322355270386,1.072524070739746,1.0732147693634033,0,1.077182698249817,1.0771146253839554,37.84110216483298,-0.004486072466512558,0.0021679108452647977,0.0044800338496946476,EURUSD
2024-02-16,1.0773887634277344,1.0780508518218994,1.0734450817108154,1.0773887634277344,0,1.0761750936508179,1.0771644686646424,43.88109700975554,-0.0041986063618124625,0.0038892439644739873,0.004064841964502144,EURUSD
2024-02-19,1.0784461498260498,1.0789813995361328,1.0762988328933716,1.0784927606582642,0,1.0762239336967467,1.0774059762998462,45.39252072575718,-0.0038374681091213336,0.0010246971826746165,0.00302891812216242,EURUSD
2024-02-20,1.0775396823883057,1.0838581323623657,1.0762524604797363,1.0775396823883057,0,1.076559591293335,1.0774302864977479,44.28368781542846,-0.0035868222391277627,-0.0008837131826242572,0.0027851516651022394,EURUSD
2024-02-21,1.0813149213790894,1.0822510719299316,1.0791910886764526,1.0813149213790894,0,1.0771190881729127,1.0781365837489008,49.54162761877351,-0.0030484131367154443,0.003503573049315589,0.0029496501009066882,EURUSD
2024-02-22,1.0820403099060059,1.0886249542236328,1.0805087089538574,1.0820403099060059,0,1.0775656580924988,1.0788463521411016,50.50807564387954,-0.0025339771410917145,0.0006708392833341126,0.0029206506309251722,EURUSD
2024-02-23,1.0825674533843994,1.0839403867721558,1.0813733339309692,1.0825674533843994,0,1.0780498504638671,1.0795229160035194,51.23898055711391,-0.0020600004323854115,0.0004871754532318473,0.0029190492055661357,EURUSD
2024-02-26,1.081958293914795,1.0859060287475586,1.0813382863998413,1.0820051431655884,0,1.078268337249756,1.0799742300329864,50.38420368825905,-0.001710032026410957,-0.0005194228009101076,0.0028829101961363834,EURUSD
2024-02-27,1.0850930213928223,1.0866140127182007,1.0833649635314941,1.0850930213928223,0,1.0790549993515015,1.0809049193711384,54.83953082981056,-0.001170026242618416,0.002853848012403848,0.0028332905536496726,EURUSD
2024-02-28,1.084481120109558,1.0847163200378418,1.0798670053482056,1.084481120109558,0,1.0804137945175172,1.0815551376872148,53.8083957577259,-0.0007824237936668865,-0.0005639159695992602,0.001744813353445306,EURUSD
2024-02-29,1.0838816165924072,1.085587739944458,1.0805671215057373,1.0838816165924072,0,1.0814804792404176,1.081978133851795,52.761664080327776,-0.0005176537932221059,-0.0005528021705811792,0.0017993065648208354,EURUSD
2024-03-01,1.0804970264434814,1.0841518640518188,1.079925298690796,1.0804970264434814,0,1.081791305541992,1.0817088415957379,47.18139507250288,-0.0005743095165118284,-0.0031226566602047257,0.0019073700872006083,EURUSD
2024-03-04,1.084269404411316,1.0866494178771973,1.0838581323623657,1.084269404411316,0,1.0823689699172974,1.0821743984712975,53.13134047419264,-0.0003112226297290466,0.003491335816306229,0.002156232808645161,EURUSD
2024-03-05,1.0855170488357544,1.0875357389450073,1.084269404411316,1.0855170488357544,0,1.0831667065620423,1.0827821530830168,54.93928238269806,-2.026537796240291e-06,0.0011506775155347704,0.002102662176669122,EURUSD
2024-03-06,1.0855995416641235,1.0914051532745361,1.084293007850647,1.0855995416641235,0,1.0835951685905456,1.083294405552309,55.062711847848426,0.0002468248315112831,7.599404215485883e-05,0.0018684071585942982,EURUSD
2024-03-07,1.089953899383545,1.0940918922424316,1.086932897567749,1.089953899383545,0,1.0843865275382996,1.0845052226125338,61.11712080426699,0.0007863372058061202,0.004011016541833223,0.002193126649578102,EURUSD
2024-03-08,1.0950144529342651,1.0978032350540161,1.0927051305770874,1.0950144529342651,0,1.0856312274932862,1.0864159917619394,66.7276847736835,0.001603761859731767,0.004642906047294559,0.0025122754315577917,EURUSD
2024-03-11,1.0942955017089844,1.09505033493042,1.0914647579193115,1.0942955017089844,0,1.0868602633476256,1.0878486299341295,65.28637690731594,0.002168565557973512,-0.0006565677953876969,0.002522733938870986,EURUSD
2024-03-12,1.093135118484497,1.0942115783691406,1.0903223752975464,1.093135118484497,0,1.0876644730567933,1.0888098096705598,62.92397624551649,0.0024937963970019794,-0.0010603929401840073,0.0025297140011622215,EURUSD
2024-03-13,1.0927767753601074,1.0949305295944214,1.0920488834381104,1.0927767753601074,0,1.0884940385818482,1.0895310761595685,62.17574761630786,0.002691601774955865,-0.0003278122880970846,0.002517246990502518,EURUSD
2024-03-14,1.0955302715301514,1.0954701900482178,1.0884116888046265,1.0955302715301514,0,1.0896589040756226,1.09062183895422,65.564178952128,0.003035556090051683,0.0025197242768419947,0.002526001694684164,EURUSD
2024-03-15,1.0883406400680542,1.0901559591293335,1.0873819589614868,1.0883406400680542,0,1.0904432654380798,1.0902070755203714,52.3715681466017,0.0026969108802297193,-0.006562695389562556,0.003281922033905324,EURUSD
2024-03-18,1.0882576704025269,1.0907504558563232,1.0880801677703857,1.0882576704025269,0,1.0908420920372008,1.089852638226218,52.24092927792836,0.0023942378692420885,-7.623501546549782e-05,0.003139003906741069,EURUSD
2024-03-19,1.087393879890442,1.0877841711044312,1.0835057497024536,1.087393879890442,0,1.0910297751426696,1.0894055912560767,50.819640921178234,0.0020609097671422383,-0.0007937371227215717,0.003145602272409625,EURUSD
2024-03-20,1.0863306522369385,1.0874292850494385,1.0836936235427856,1.0863306522369385,0,1.0911028861999512,1.0888465114344152,49.0506775789567,0.00169145323881148,-0.0009777760139780822,0.003166948214598155,EURUSD
2024-03-21,1.0937210321426392,1.0944511890411377,1.0856467485427856,1.0937210321426392,0,1.0914795994758606,1.0897327879268195,59.58208339941261,0.0019722631508154453,0.006803066718666706,0.003640494150169141,EURUSD
2024-03-22,1.0862362384796143,1.08695650100708,1.080905795097351,1.0862362384796143,0,1.0906017780303956,1.0890970516636913,48.62066856799524,0.0015727174261237487,-0.006843421167792574,0.003935953221160272,EURUSD
2024-03-25,1.0807539224624634,1.0843634605407715,1.080263614654541,1.0807539224624634,0,1.0892476201057435,1.0875801190816499,42.45910812680139,0.0008044245700695729,-0.005047075233675091,0.0041571381520175985,EURUSD
2024-03-26,1.0838228464126587,1.0864133834838867,1.082602620124817,1.0838228464126587,0,1.0883163928985595,1.0868969785963787,46.543060087731305,0.00043813293733530045,0.002839613982804634,0.004353796821908372,EURUSD
2024-03-27,1.0832358598709106,1.0839285850524902,1.081174612045288,1.0832358598709106,0,1.0873623013496398,1.0862313206462937,45.87243083828309,9.933420821806038e-05,-0.0005415890093947162,0.004351490511140675,EURUSD
2024-03-28,1.0813382863998413,1.0828369855880737,1.0775513648986816,1.0813382863998413,0,1.0859431028366089,1.0853416780560294,43.68125224128689,-0.0003186117875939587,-0.0017517638968261862,0.004188594604314656,EURUSD
2024-03-29,1.0794472694396973,1.0807305574417114,1.0768898725509644,1.0794472694396973,0,1.085053765773773,1.0842699673985143,41.551196054957416,-0.00079328180634608,-0.0017487746285576034,0.0037718310962996564,EURUSD
2024-04-01,1.0792726278305054,1.0801469087600708,1.0731571912765503,1.0792726278305054,0,1.084155261516571,1.0833613602043308,41.35064945745293,-0.0011700655470547883,-0.00016178799477861716,0.003770068954114256,EURUSD
2024-04-02,1.0737217664718628,1.0778765678405762,1.072535514831543,1.0737217664718628,0,1.0827880501747131,1.0816087067984275,35.48780646542474,-0.0018947361583048217,-0.005143150317636236,0.004009679383337737,EURUSD
2024-04-03,1.076855182647705,1.0831888914108276,1.0764726400375366,1.076855182647705,0,1.0818405032157898,1.0807444296801143,40.607021995251834,-0.0021909464732248196,0.0029182757337018472,0.004223438161151663,EURUSD
2024-04-04,1.0838346481323242,1.087583065032959,1.0835057497024536,1.0838346481323242,0,1.0808518648147583,1.0813062875805162,50.104563464352644,-0.0018412855533977979,0.006481340849805228,0.004159250507804937,EURUSD
2024-04-05,1.0837054252624512,1.084845781326294,1.0791677236557007,1.0837054252624512,0,1.080598783493042,1.081742494431777,49.94531591317203,-0.0015566597562197693,-0.00011922747634585118,0.0035971580130522715,EURUSD
2024-04-08,1.0830481052398682,1.085835337638855,1.0821573734283447,1.0830481052398682,0,1.0808282017707824,1.0819798782150662,49.09061123206204,-0.0013683584097339274,-0.0006065486129902542,0.0031867554229965474,EURUSD
2024-04-09,1.0863661766052246,1.0888501405715942,1.0849870443344116,1.0863661766052246,0,1.081082534790039,1.0827773870132769,53.42353808745327,-0.0009405455830884257,0.0030636417249643166,0.003207960568959386,EURUSD
2024-04-10,1.0859296321868896,1.0868383646011353,1.073375940322876,1.0859296321868896,0,1.081351912021637,1.0833505224993882,52.78698050487479,-0.0006294701815314774,-0.0004018391107306618,0.003204484531805619,EURUSD
2024-04-11,1.074171543121338,1.0755810737609863,1.0700452327728271,1.074171543121338,0,1.0806352376937867,1.0816816171579244,39.22876171628063,-0.0013165439071189944,-0.010827671256997462,0.004748611254592083,EURUSD
2024-04-12,1.0726851224899292,1.072961449623108,1.062371850013733,1.0726851224899292,0,1.0799590229988099,1.0800458908546524,37.903372792716596,-0.0019584210483940545,-0.0013837832894822988,0.004740662506552049,EURUSD
2024-04-15,1.0649627447128296,1.0665528774261475,1.0623606443405151,1.0649627447128296,0,1.0785280346870423,1.0773035006470482,31.87753460600574,-0.0030550281920289635,-0.007199109613056143,0.005168433660765803,EURUSD
2024-04-16,1.0625749826431274,1.065405249595642,1.0604116916656494,1.0625749826431274,0,1.0774133563041688,1.074625588282699,30.27485619678579,-0.004069854943263174,-0.002242108544694643,0.005009070053312096,EURUSD
2024-04-17,1.0621461868286133,1.0652689933776855,1.0608166456222534,1.0621461868286133,0,1.0759424567222595,1.0723566062001377,29.98332460837638,-0.004852772947885997,-0.00040354405243714364,0.004824772285437809,EURUSD
2024-04-18,1.0669398307800293,1.0691757202148438,1.0647813081741333,1.0669398307800293,0,1.07425297498703,1.071371737941936,37.257222338336135,-0.005028469041447714,0.00451316778317401,0.004498279411310494,EURUSD
2024-04-19,1.0644185543060303,1.0680338144302368,1.0611768960952759,1.0644185543060303,0,1.072324287891388,1.0701075227354078,35.18668332023597,-0.005309945653515058,-0.002363091527059935,0.004474286354320137,EURUSD
2024-04-22,1.0657799243927002,1.067121982574463,1.0625072717666626,1.065825343132019,0,1.070602011680603,1.0693289446257006,37.28110659114519,-0.00535774109105569,0.0013216500410460075,0.004571216943422506,EURUSD
2024-04-23,1.065405249595642,1.0709964036941528,1.0639317035675049,1.065405249595642,0,1.0685059189796449,1.0686155455293262,36.89766356111606,-0.005367642515494486,-0.00039414857141839565,0.004302797243832411,EURUSD
2024-04-24,1.0704345703125,1.0715816020965576,1.0679197311401367,1.0704345703125,0,1.0669564127922058,1.0689462773080851,44.28566572190244,-0.004913030953063169,0.004720570617393394,0.004784000315729467,EURUSD
2024-04-25,1.0699878931045532,1.0731916427612305,1.0678740739822388,1.0699878931045532,0,1.0665380477905273,1.069135661998352,43.7952350979643,-0.004536497216145019,-0.0004172858578515015,0.0034603207760140198,EURUSD
2024-04-26,1.072961449623108,1.0752919912338257,1.0675548315048218,1.072961449623108,0,1.0665656805038453,1.0698312597483077,47.9292789856595,-0.0039525873898298425,0.002779056228315868,0.0035752732650786434,EURUSD
2024-04-29,1.0706866979599,1.0735372304916382,1.0690956115722656,1.0706866979599,0,1.0671380758285522,1.0699867939685972,45.19088893258304,-0.0036315261213792915,-0.002120068399481645,0.0026835075831358568,EURUSD
2024-04-30,1.0715701580047607,1.0736525058746338,1.068433165550232,1.0715701580047607,0,1.0680375933647155,1.0702746783388086,46.47006042179381,-0.003268122034298049,0.0008251340439218158,0.0024992188046009988,EURUSD
2024-05-01,1.0666552782058716,1.0688670873641968,1.0650080442428589,1.0666552782058716,0,1.0684885025024413,1.0696166055873655,40.76944799437217,-0.003338230359894334,-0.004586615036051955,0.0030261488944993463,EURUSD
2024-05-02,1.0721560716629028,1.0730764865875244,1.0675777196884155,1.0721560716629028,0,1.0690101265907288,1.0700783266920086,48.399068556186855,-0.002916306289531434,0.005157048926138108,0.0031278720813247905,EURUSD
2024-05-03,1.073306918144226,1.080940842628479,1.0725010633468628,1.073306918144226,0,1.0698989629745483,1.0706653433196844,49.85441569119404,-0.0024606993209130845,0.0010733945474359352,0.0029637857812407683,EURUSD
2024-05-06,1.0758124589920044,1.079214334487915,1.0756388902664185,1.0758124589920044,0,1.070897674560547,1.0716011825328335,52.964711149394496,-0.0018758279323334293,0.00233441227800002,0.0029993204042920727,EURUSD
2024-05-07,1.0767507553100586,1.0789813995361328,1.0755810737609863,1.0767507553100586,0,1.0720322251319885,1.072537468492329,54.11256331092824,-0.0013213685577058154,0.0008721746157627219,0.002963384228493871,EURUSD
2024-05-08,1.0750491619110107,1.0758472681045532,1.0735719203948975,1.0750491619110107,0,1.0724936842918396,1.0729941400229983,51.650835914829486,-0.001007644377990502,-0.0015803038824503401,0.0027625230509009282,EURUSD
2024-05-09,1.0746910572052002,1.078283429145813,1.0725126266479492,1.0746910572052002,0,1.0729640007019043,1.0733026704197624,51.12372349584568,-0.0007789327108367328,-0.00033310542298736756,0.0027597686766433083,EURUSD
2024-05-10,1.078515887260437,1.0793308019638062,1.0762062072753906,1.078515887260437,0,1.0735194444656373,1.0742505280271577,56.25833937308033,-0.0002857512838931875,0.003559004264149568,0.0028429207256569886,EURUSD
2024-05-13,1.077040672302246,1.0807305574417114,1.0766464471817017,1.077040672302246,0,1.0741548418998719,1.0747578269862648,53.90613066533035,-1.378011946062685e-05,-0.0013678194040684932,0.0027744255759933967,EURUSD
2024-05-14,1.079354166984558,1.0828369855880737,1.0776442289352417,1.079354166984558,0,1.0749332427978515,1.0755935251677726,56.9462969442324,0.0003840120224238852,0.002148010508616016,0.0028177992899081792,EURUSD
2024-05-15,1.0814552307128906,1.0874292850494385,1.0813616514205933,1.0814552307128906,0,1.0764132380485534,1.0766592898123395,59.55528084062182,0.0008589025504064374,0.001946593428366894,0.0021196554918822908,EURUSD
2024-05-16,1.0889805555343628,1.089680790901184,1.0855170488357544,1.0889805555343628,0,1.0780956864356994,1.0788995199436164,67.21777308416421,0.0018214905275995008,0.006958517197712899,0.002515778895675075,EURUSD
2024-05-17,1.0867793560028076,1.087890625,1.0836349725723267,1.0867793560028076,0,1.0794429302215576,1.0803322174089238,63.43215716430747,0.002379302905759717,-0.002021339610122852,0.002760847185551722,EURUSD
2024-05-20,1.0875475406646729,1.0884946584701538,1.0855052471160889,1.0875475406646729,0,1.0806164383888244,1.0816440943645145,64.19011707056384,0.0028505005208685485,0.0007068450993499287,0.0027377995925996967,EURUSD
2024-05-21,1.086082935333252,1.0875475406646729,1.0845986604690552,1.086082935333252,0,1.0815496563911438,1.0824511563588304,61.569797390138255,0.0030703534917848607,-0.001346704651206121,0.002845124275343882,EURUSD
2024-05-22,1.0855170488357544,1.0864840745925903,1.0822510719299316,1.0855170488357544,0,1.082596445083618,1.0830085913546348,60.54146750129515,0.0031624712442206437,-0.0005210343327269884,0.002762402158694616,EURUSD
2024-05-23,1.0825204849243164,1.086130142211914,1.0813032388687134,1.0825204849243164,0,1.0833793878555298,1.0829198447309405,55.27662758757182,0.0029595615787580964,-0.0027604945630765876,0.002987402033519633,EURUSD
2024-05-24,1.0812681913375854,1.0856584310531616,1.0806137323379517,1.0812681913375854,0,1.0836546182632447,1.0826195441139668,53.19468954965794,0.002666961508257737,-0.0011568313063549107,0.002860761032903992,EURUSD
2024-05-27,1.0847634077072144,1.08672034740448,1.0841753482818604,1.0847634077072144,0,1.0844268918037414,1.083009337494557,57.95458582103207,0.0026861443940953134,0.0032325156678336686,0.0029389802893484934,EURUSD
2024-05-28,1.0861891508102417,1.0889450311660767,1.0859060287475586,1.0861891508102417,0,1.0851103901863097,1.0835874853701362,59.75259593093553,0.0027842968810289914,0.0013143355434903636,0.0029055625621515185,EURUSD
2024-05-29,1.0851871967315674,1.085894227027893,1.080952525138855,1.0851871967315674,0,1.0854835867881776,1.0838783419813054,57.87937689316334,0.0027495391379512846,-0.0009224489840714556,0.002903336248811023,EURUSD
2024-05-30,1.0801819562911987,1.0845986604690552,1.0788999795913696,1.0801819562911987,0,1.084603726863861,1.0832062718558315,49.526579770801526,0.0022916950689242377,-0.004612329057552267,0.00219569038861815,EURUSD
2024-05-31,1.0835410356521606,1.0882576704025269,1.081162929534912,1.0835410356521606,0,1.0842798948287964,1.0832671380006187,54.29378001570223,0.0021748298918553566,0.0031097347455193436,0.0024639816267022037,EURUSD
2024-06-03,1.0853049755096436,1.0890873670578003,1.0828019380569458,1.0853049755096436,0,1.0840556383132935,1.0836376539113504,56.611310144595215,0.002199197620482485,0.0016279400589764847,0.002522150615994956,EURUSD
2024-06-04,1.0907385349273682,1.0918222665786743,1.0860711336135864,1.0907385349273682,0,1.084521198272705,1.08492872318699,62.858624963188866,0.0026266733999320557,0.005006481625289716,0.002963711829620309,EURUSD
2024-06-05,1.0881866216659546,1.0889924764633179,1.0860947370529175,1.0881866216659546,0,1.084788155555725,1.0855210683649834,58.591662267354636,0.0027280852928932564,-0.0023396196060713192,0.0030821058981466538,EURUSD
2024-06-06,1.087453007698059,1.0898706912994385,1.0863661766052246,1.087453007698059,0,1.0852814078330995,1.0858723300619062,57.38567198793764,0.0027179278521287653,-0.000674161906872528,0.0029221455005637017,EURUSD
2024-06-07,1.0894432067871094,1.090179681777954,1.0804970264434814,1.0894432067871094,0,1.0860989093780518,1.0865215803755794,59.80289320992932,0.0028377585269852013,0.0018301472109247818,0.0028911734882421185,EURUSD
2024-06-10,1.0778882503509521,1.078283429145813,1.073364496231079,1.0778882503509521,0,1.0854113936424254,1.0849518840074652,44.14592025948476,0.00197754092375213,-0.010606295366450635,0.004460719611820452,EURUSD
2024-06-11,1.0764262676239014,1.0773539543151855,1.0721101760864258,1.0764262676239014,0,1.0844351053237915,1.0834017719377262,42.6253307823924,0.0011644197814686397,-0.0013563397936425803,0.004411274678111395,EURUSD
2024-06-12,1.0740330219268799,1.0851753950119019,1.073502779006958,1.0740330219268799,0,1.0833196878433227,1.0816983628448449,40.18517793652181,0.0003231751297012586,-0.0022233252467021014,0.004431352637728104,EURUSD
2024-06-13,1.0813149213790894,1.0817828178405762,1.075384497642517,1.0813149213790894,0,1.0834329843521118,1.0816286462147076,49.63310480418958,0.00024128967359593467,0.0067799586265469,0.004850820454339643,EURUSD
2024-06-14,1.0738831758499146,1.0745755434036255,1.0668145418167114,1.0738831758499146,0,1.0824671983718872,1.0802203788756544,42.29120283836013,-0.00041846113535082274,-0.00687287799533598,0.0051820191653039315,EURUSD
2024-06-17,1.0702168941497803,1.0726161003112793,1.068764328956604,1.0702168941497803,0,1.0809583902359008,1.0784015634709498,39.20978045904834,-0.0012230580456717988,-0.0034140414735827074,0.005155806009554927,EURUSD
2024-06-18,1.0740677118301392,1.0761250257492065,1.0711110830307007,1.0740677118301392,0,1.079291307926178,1.0776135904453479,43.83840976604817,-0.0015323145217560619,0.0035981656628754077,0.004977928324778134,EURUSD
2024-06-19,1.0742292404174805,1.075326681137085,1.0726275444030762,1.0742292404174805,0,1.0778955698013306,1.0769982540766447,44.03091741867648,-0.0017442617365441837,0.0001503895755938789,0.00499505736182282,EURUSD
2024-06-20,1.0751532316207886,1.0750375986099243,1.0707554817199707,1.0751532316207886,0,1.0766655921936035,1.0766627954483072,45.18832102809968,-0.0018167309200995962,0.0008601434112416317,0.005039064966914477,EURUSD
2024-06-21,1.0706409215927124,1.0722709894180298,1.0671902894973755,1.0706409215927124,0,1.0747853636741638,1.0755679092927446,40.75588247849693,-0.0022127616397107364,-0.004196899470109816,0.0050066157487686684,EURUSD
2024-06-24,1.0687757730484009,1.074702501296997,1.0684444904327393,1.0687757730484009,0,1.0738741159439087,1.0743329754301365,39.05079909897656,-0.0026466122396391345,-0.0017420859848481518,0.003928760753995566,EURUSD
2024-06-25,1.0732723474502563,1.0745755434036255,1.0692213773727417,1.0732723474502563,0,1.0735587239265443,1.0741401339792491,45.02244171894749,-0.0025976617631997545,0.004207219620098845,0.004230153244979265,EURUSD
2024-06-26,1.0709619522094727,1.0720411539077759,1.0667691230773926,1.0709619522094727,0,1.0732516169548034,1.0735622827483806,42.70710020948996,-0.0027140123007163286,-0.0021526644623542923,0.00422661385561603,EURUSD
2024-06-27,1.068010926246643,1.0726161003112793,1.0677828788757324,1.068010926246643,0,1.0719212174415589,1.0725529452026101,39.88563950852257,-0.003009650692663568,-0.0027554909460054677,0.003464164945048193,EURUSD
2024-06-28,1.0708472728729248,1.0720986127853394,1.0686043500900269,1.0708472728729248,0,1.0716176271438598,1.0722428229608492,43.733296514658356,-0.0029807169304951753,0.002655728098447163,0.003022432794723703,EURUSD
2024-07-01,1.0735257863998413,1.077818512916565,1.072075605392456,1.0735257863998413,0,1.071948516368866,1.072476089040666,47.17205042179371,-0.002710409149663473,0.002501303028703994,0.0029177202066527704,EURUSD
2024-07-02,1.0737102031707764,1.0746102333068848,1.0710651874542236,1.0737102031707764,0,1.0719127655029297,1.0727004734279586,47.41035976938113,-0.0024530303863767866,0.00017178606538514885,0.0026805589955167367,EURUSD
2024-07-03,1.0748412609100342,1.081560492515564,1.0737102031707764,1.0748412609100342,0,1.071973967552185,1.0730897075156087,48.931942965764605,-0.0021331987677200015,0.0010534106278563549,0.0027024344041794105,EURUSD
2024-07-04,1.0793308019638062,1.0816657543182373,1.0784229040145874,1.0793308019638062,0,1.072391724586487,1.0742244519607356,54.55282247010883,-0.001500168455164097,0.004176934043238045,0.0029988061807710684,EURUSD
2024-07-05,1.0810693502426147,1.0838346481323242,1.0810693502426147,1.0810693502426147,0,1.0734345674514771,1.0754689789210772,56.54735291753971,-0.0008484209862749115,0.0016107649996139894,0.002538392355432607,EURUSD
2024-07-08,1.082602620124817,1.0847163200378418,1.0815136432647705,1.082602620124817,0,1.0748172521591186,1.0767660045944845,58.28607950700129,-0.00020581188487533986,0.0014182900309382962,0.002352791996691683,EURUSD
2024-07-09,1.0830950736999512,1.0834236145019531,1.0806254148483276,1.0830950736999512,0,1.0757995247840881,1.077916744431842,58.855532495468715,0.0003392862647777495,0.00045487934906107697,0.0021236859187205464,EURUSD
2024-07-10,1.0814785957336426,1.0828721523284912,1.081186294555664,1.0814785957336426,0,1.0768511891365051,1.078564353759442,56.14605652403571,0.0006335411452302875,-0.0014924617474129098,0.0020257806561605825,EURUSD
2024-07-11,1.083329677581787,1.0898351669311523,1.0832945108413696,1.083329677581787,0,1.0783830642700196,1.0794307762725956,58.50200424284039,0.0010045275249783714,0.00171162134456182,0.0015464760021128314,EURUSD
2024-07-12,1.0872756242752075,1.091119408607483,1.086307168006897,1.0872756242752075,0,1.0800258994102478,1.0808571122730706,63.058040759343626,0.0015985151367918782,0.0036424246238953017,0.0016608831979130277,EURUSD
2024-07-15,1.0885539054870605,1.0921919345855713,1.088435411453247,1.0885539054870605,0,1.0815287113189698,1.0822565292210689,64.4207909112141,0.002147644500419821,0.0011756735673211782,0.0016268460018927556,EURUSD
2024-07-16,1.0901559591293335,1.0906314849853516,1.0872164964675903,1.0901559591293335,0,1.0831732869148254,1.0836927892043897,66.10822182399711,0.002681198628566861,0.0014717265118406875,0.0015694031796732982,EURUSD
2024-07-17,1.0902509689331055,1.0947147607803345,1.0896332263946533,1.0902509689331055,0,1.0847142577171325,1.0848851855187016,66.21057153200097,0.0030762495266634104,8.715248765667205e-05,0.0016300549962036566,EURUSD
2024-07-18,1.094020128250122,1.0942115783691406,1.0905362367630005,1.094020128250122,0,1.0861831903457642,1.0865460841971417,70.07186384783414,0.00365137904161017,0.00345714833044819,0.0015062609622406506,EURUSD
2024-07-19,1.0901559591293335,1.0901559591293335,1.0877368450164795,1.0901559591293335,0,1.087091851234436,1.0872024250939039,62.22151862284323,0.003752115124407318,-0.00353208229081603,0.0021494061944884743,EURUSD
2024-07-22,1.0899182558059692,1.0901559591293335,1.0873701572418213,1.0899182558059692,0,1.0878234148025512,1.0876962124960974,61.76312542737221,0.0037693181706108803,-0.0002180452451537862,0.0021626876842484595,EURUSD
2024-07-23,1.0889805555343628,1.0900371074676514,1.084445834159851,1.0889805555343628,0,1.0884119629859925,1.0879297294121455,59.888751282611494,0.003665038847016966,-0.0008603399994553396,0.0022169276002166898,EURUSD
2024-07-24,1.0850694179534912,1.0866494178771973,1.0826728343963623,1.0850694179534912,0,1.0887710452079773,1.0874096727832991,52.704253406771066,0.0032295721186959003,-0.00359155869312322,0.0025110675727487057,EURUSD
2024-07-25,1.0839520692825317,1.0864368677139282,1.0829308032989502,1.0839520692825317,0,1.0888332843780517,1.0867810176013415,50.82827914300589,0.002762457014565012,-0.001029748560296584,0.002493583806357138,EURUSD
2024-07-26,1.0851283073425293,1.0868501663208008,1.084269404411316,1.0851283073425293,0,1.088618552684784,1.086480524827012,52.73552737677596,0.0024588336071167394,0.0010851384423078425,0.0021991416373855527,EURUSD
2024-07-29,1.0853756666183472,1.0871928930282593,1.0803102254867554,1.0853756666183472,0,1.0883007287979125,1.0862796415163456,53.14709950050471,0.0022126634881598495,0.00022795394253760648,0.00215343154440004,EURUSD
2024-07-30,1.081946611404419,1.0837758779525757,1.0799952745437622,1.081946611404419,0,1.087479794025421,1.0854918178596316,47.032847067550975,0.0017210367569469032,-0.003159325678096292,0.0022290414655512106,EURUSD
2024-07-31,1.0816072225570679,1.0851871967315674,1.0808707475662231,1.0816072225570679,0,1.0866154193878175,1.08478552780462,46.46310304157641,0.0012891724098322843,-0.00031368354387706354,0.0022158121483006367,EURUSD
2024-08-01,1.082391619682312,1.0837758779525757,1.0778300762176514,1.082391619682312,0,1.0854525685310363,1.084350271782382,48.03004868395524,0.000998698718695401,0.0007252143928826449,0.0017537514298841376,EURUSD
2024-08-02,1.0787602663040161,1.0926215648651123,1.0782949924468994,1.0787602663040161,0,1.0843129992485045,1.0833339071499517,41.913924858124616,0.0004700578225993457,-0.0033549348611565666,0.001726767982799158,EURUSD
2024-08-05,1.0910836458206177,1.1007397174835205,1.089372158050537,1.0910836458206177,0,1.0844295382499696,1.0847429505446182,60.361127795318154,0.0010335853119101124,0.011423649815007764,0.004322519709726896,EURUSD
2024-08-06,1.0950982570648193,1.0963108539581299,1.0904649496078491,1.0950982570648193,0,1.085041308403015,1.0866257335482912,64.33487800314975,0.001783570591540995,0.0036794715598382766,0.004445329917662615,EURUSD
2024-08-07,1.0926215648651123,1.093637228012085,1.0906909704208374,1.0926215648651123,0,1.0857965230941773,1.087715884696804,60.31755955728916,0.0021532694175823153,-0.002261616420014434,0.004325291380258142,EURUSD
2024-08-08,1.0928125381469727,1.0946906805038452,1.0882340669631958,1.0928125381469727,0,1.0866825699806213,1.088642548960471,60.522264002712845,0.002433615148018653,0.00017478447067253988,0.004288313737105794,EURUSD
2024-08-09,1.0915720462799072,1.093135118484497,1.0909645557403564,1.0915720462799072,0,1.0873269438743591,1.0891751848367321,58.41434272128729,0.002526569116679811,-0.0011351369276645373,0.004330484282903831,EURUSD
2024-08-12,1.091381311416626,1.0939722061157227,1.0913337469100952,1.091381311416626,0,1.087927508354187,1.0895762987603492,58.07939107114304,0.002555388172928552,-0.00017473410383794796,0.004336203403196181,EURUSD
2024-08-13,1.0936251878738403,1.0962508916854858,1.0915720462799072,1.0936251878738403,0,1.089095366001129,1.0903124604173475,60.918532538347606,0.0027278446646057386,0.002055996775592428,0.004148691307071689,EURUSD
2024-08-14,1.0996986627578735,1.1048502922058105,1.098828673362732,1.0996986627578735,0,1.0909045100212098,1.0920190426610794,67.36183062373661,0.003316367323596303,0.005553525057191644,0.004339868232857087,EURUSD
2024-08-15,1.1013215780258179,1.1016855239868164,1.09505033493042,1.1013215780258179,0,1.0927975058555603,1.0937104127273956,68.84017515210103,0.0038691305413471877,0.0014757817963280129,0.004328214166394257,EURUSD
2024-08-16,1.0972732305526733,1.1004369258880615,1.0973695516586304,1.0972732305526733,0,1.094648802280426,1.0943581977865369,61.3724251607418,0.003935169383136206,-0.0036758995319072785,0.004371201296564017,EURUSD
2024-08-19,1.1024993658065796,1.1072603464126587,1.1023900508880615,1.1024993658065796,0,1.0957903742790223,1.0958384101538172,66.43449908807621,0.0043589636596856884,0.004762838560523397,0.003027941636610559,EURUSD
2024-08-20,1.1086474657058716,1.1117286682128906,1.107248067855835,1.1086474657058716,0,1.0971452951431275,1.0981673293450998,71.21376185064084,0.00513176812861027,0.005576511052951094,0.0032617011551449057,EURUSD
2024-08-21,1.112792730331421,1.1148271560668945,1.11055588722229,1.112792730331421,0,1.0991624116897583,1.1008264931607945,73.91101093634015,0.0060094364076848095,0.0037390286396496997,0.003094598297664214,EURUSD
2024-08-22,1.115536093711853,1.1157476902008057,1.1099271774291992,1.115536093711853,0,1.1014347672462463,1.1035009659882598,75.54419052378422,0.006847428446906667,0.0024652959222828397,0.003042366143182402,EURUSD
2024-08-23,1.111716389656067,1.1195951700210571,1.110679268836975,1.111716389656067,0,1.1034492015838624,1.1049946793824064,69.06165730986686,0.007121235807124204,-0.00342409723658188,0.0033774775969125244,EURUSD
2024-08-26,1.1187934875488281,1.1201093196868896,1.1152873039245605,1.1187934875488281,0,1.1061904191970826,1.107503553594483,73.58451068751019,0.007819158376436652,0.006365920264025826,0.0035726247747519184,EURUSD
2024-08-27,1.1164700984954834,1.1179554462432861,1.1151255369186401,1.1164700984954834,0,1.1084749102592468,1.109133834485574,69.96818535921943,0.008091515013363804,-0.0020766916139590696,0.0038561209341430006,EURUSD
2024-08-28,1.117793083190918,1.1181930303573608,1.1105434894561768,1.117793083190918,0,1.1102843523025512,1.1107082433410909,70.84677338513808,0.008318226086223568,0.0011849710056877072,0.003660923943300395,EURUSD
2024-08-29,1.1124955415725708,1.1140199899673462,1.1056320667266846,1.1124955415725708,0,1.1114017486572265,1.1110332066559052,62.91026531004393,0.007978458209807249,-0.004739286454720659,0.004182224496595301,EURUSD
2024-08-30,1.1080454587936401,1.109570026397705,1.1053999662399292,1.1080454587936401,0,1.1124789714813232,1.110489979771857,57.121482532426256,0.007266343347517079,-0.004000090438690873,0.004223702340334398,EURUSD
2024-09-02,1.1044842004776,1.1077632904052734,1.1042524576187134,1.1044842004776,0,1.1126774549484253,1.109398019900174,52.92445157269185,0.006341522283787926,-0.003214000190856159,0.004184103714536089,EURUSD
2024-09-03,1.1067456007003784,1.107051968574524,1.1033751964569092,1.1067456007003784,0,1.112487268447876,1.1089157618638477,55.176645065170504,0.0057250759150617725,0.0020474717717107183,0.0038113130665648302,EURUSD
2024-09-04,1.1048868894577026,1.1093976497650146,1.1040817499160767,1.1048868894577026,0,1.111696684360504,1.108183239608185,52.93497247655369,0.005028588821458069,-0.0016794385642910914,0.0035722614907708803,EURUSD
2024-09-05,1.1080454587936401,1.112112045288086,1.1075178384780884,1.1080454587936401,0,1.1109476208686828,1.108158188550995,56.19208419525623,0.004677567839633134,0.0028587264145090163,0.0036130155123105124,EURUSD
2024-09-06,1.1111111640930176,1.1149640083312988,1.1067211627960205,1.1111111640930176,0,1.110887098312378,1.108695093194999,59.147240195112886,0.004593803472174862,0.0027667685247454443,0.003618616921228173,EURUSD
2024-09-09,1.1087212562561035,1.109139323234558,1.10349702835083,1.1087212562561035,0,1.1098798751831054,1.1086998501152,55.97713330650477,0.0042851771634191405,-0.002150916950658943,0.0028649240427117886,EURUSD
2024-09-10,1.1037527322769165,1.1050333976745605,1.101624846458435,1.1037527322769165,0,1.1086081385612487,1.107800374144603,49.97971777335799,0.003598192505359865,-0.0044813102943156435,0.0030683305864444,EURUSD
2024-09-11,1.1020983457565308,1.1054977178573608,1.100279450416565,1.1020983457565308,0,1.10703866481781,1.1067636417104079,48.13058169138961,0.0028869777658768747,-0.0014988742242775244,0.0029576841064157294,EURUSD
2024-09-12,1.1010911464691162,1.1047526597976685,1.1006548404693604,1.1010911464691162,0,1.1058982253074645,1.1057322789392638,46.990724803956894,0.0022165118272188256,-0.0009138923865484871,0.002716671662509947,EURUSD
2024-09-13,1.1077877283096313,1.1102476119995117,1.1073951721191406,1.1077877283096313,0,1.1058724522590637,1.1061059970066034,54.67630986262378,0.0022001588673743466,0.006081768854457881,0.003298900884505214,EURUSD
2024-09-16,1.1088441610336304,1.1135361194610596,1.1087088584899902,1.1088441610336304,0,1.1063084483146668,1.1066038450115172,55.76588150667213,0.0022465475193551576,0.0009536418367903643,0.00310806391391013,EURUSD
2024-09-17,1.1129536628723145,1.1146159172058105,1.1113086938858032,1.1129536628723145,0,1.1069292545318603,1.107758357349844,59.813018747495335,0.002585113732176847,0.003706113070797379,0.003246998423195479,EURUSD
2024-09-18,1.1123099327087402,1.1140819787979126,1.110913634300232,1.1123099327087402,0,1.1076715588569641,1.1085859165060068,58.90387246790044,0.0027695604815134445,-0.0005783979918021487,0.0031804480269242174,EURUSD
2024-09-19,1.1114816665649414,1.118067979812622,1.107051968574524,1.1114816665649414,0,1.1080151796340942,1.109112416516722,57.68886000037547,0.002816435587254862,-0.0007446361121506984,0.003108785711567691,EURUSD
2024-09-20,1.1161960363388062,1.1181679964065552,1.1137346029281616,1.1161960363388062,0,1.108523666858673,1.1104003473934645,62.43808776675541,0.003197140047078273,0.004241518250529985,0.003268922638316376,EURUSD
2024-09-23,1.1160838603973389,1.1168192625045776,1.1084877252578735,1.1160838603973389,0,1.1092599272727965,1.1114337133941687,62.25901428621649,0.0034500296194490687,-0.00010049842305048795,0.0031489573135744715,EURUSD
2024-09-24,1.1111727952957153,1.1163455247879028,1.1103955507278442,1.1111727952957153,0,1.1100019335746765,1.1113862737399045,54.84310562429987,0.0032170800213824347,-0.004400265316868879,0.0031343063307330502,EURUSD
2024-09-25,1.1191190481185913,1.1212396621704102,1.1141688823699951,1.1191190481185913,0,1.1117040038108825,1.1127922327178474,62.604693808824486,0.0036317968860168914,0.007151230534546471,0.0036232947105007433,EURUSD
2024-09-26,1.1131023168563843,1.118956208229065,1.112681269645691,1.1131023168563843,0,1.1129051208496095,1.1128486116521268,54.90891913057923,0.0034353623415401824,-0.005376310297212861,0.004189587273860984,EURUSD
2024-09-27,1.117717981338501,1.1199839115142822,1.1126564741134644,1.117717981338501,0,1.1138981461524964,1.113733951595104,59.06599531777438,0.003610512359779383,0.004146666853728442,0.003972656402526317,EURUSD
2024-09-30,1.1169815063476562,1.1208375692367554,1.1136106252670288,1.1169815063476562,0,1.114711880683899,1.1143244160955679,58.14487317827194,0.003647842575827953,-0.0006589094951865437,0.004002845888123272,EURUSD
2024-10-01,1.113660216331482,1.1145787239074707,1.1061090230941772,1.113660216331482,0,1.1147825360298156,1.1142036525020977,54.05115315003673,0.003370572828412577,-0.0029734512140978664,0.004009948629113304,EURUSD
2024-10-02,1.1063904762268066,1.108217477798462,1.1034117937088013,1.1063904762268066,0,1.1141905903816223,1.1127830749974994,46.35763853262714,0.002535005321905759,-0.006527790072830886,0.004525192999969568,EURUSD
2024-10-03,1.1048502922058105,1.1048502922058105,1.1009578704833984,1.1048502922058105,0,1.1135274529457093,1.111340750853556,44.89949691320945,0.0017286057829744017,-0.001392079970037985,0.004533320989325261,EURUSD
2024-10-04,1.103557825088501,1.1039965152740479,1.0956143140792847,1.103557825088501,0,1.1122636318206787,1.1099256734417278,43.658477540936396,0.0009740092712291482,-0.0011698119884905323,0.0042036267304512865,EURUSD
2024-10-07,1.0974539518356323,1.0985027551651,1.095554232597351,1.0974539518356323,0,1.110400640964508,1.107658087695165,38.27760689843033,-0.00011521730681973708,-0.005531086014798681,0.004401938099089388,EURUSD
2024-10-08,1.0975743532180786,1.0997470617294312,1.096166729927063,1.0975743532180786,0,1.1090407967567444,1.1058246814266037,38.43878343099362,-0.0009576822670127605,0.00010970973519652816,0.004321795557100293,EURUSD
2024-10-09,1.0975743532180786,1.098056435585022,1.094067931175232,1.0975743532180786,0,1.1068863272666931,1.1043246217523264,38.43878343099362,-0.0016068194037222039,0.0,0.003238087844980233,EURUSD
2024-10-10,1.0943313837051392,1.095446228981018,1.0914051532745361,1.0943313837051392,0,1.1050092339515687,1.1025076693801104,35.53974409787777,-0.002355789720937418,-0.002954669543280719,0.003036605576560232,EURUSD
2024-10-11,1.0933860540390015,1.0954222679138184,1.0927408933639526,1.0933860540390015,0,1.1025760412216186,1.100849193863545,34.717763958313185,-0.0029911541340492676,-0.0008638422329961815,0.002286252820259092,EURUSD
2024-10-14,1.0925379991531372,1.0939722061157227,1.0905719995498657,1.0925379991531372,0,1.1001316905021667,1.0993380675525617,33.958964821812245,-0.0035225106408121043,-0.0007756225559412133,0.0022778153574373673,EURUSD
2024-10-15,1.0909169912338257,1.0918222665786743,1.0885775089263916,1.0909169912338257,0,1.097857367992401,1.097806962767337,32.49691208931132,-0.004027984197898293,-0.001483708503107417,0.0022708865238850037,EURUSD
2024-10-16,1.0884116888046265,1.0901559591293335,1.0868147611618042,1.0884116888046265,0,1.0960594892501831,1.0960987311377532,30.32394102431259,-0.004577960720475893,-0.002296510595518164,0.0016568831010286423,EURUSD
2024-10-17,1.0862481594085693,1.0869920253753662,1.0813850164413452,1.0862481594085693,0,1.094199275970459,1.0943077180960834,28.548591537458933,-0.005129272754426317,-0.0019877858886587774,0.0016578569710367752,EURUSD
2024-10-18,1.0829542875289917,1.0863661766052246,1.0828253030776978,1.0829542875289917,0,1.0921389222145081,1.0922434579929758,26.04821839316095,-0.005765518141738868,-0.0030323382838881585,0.0016964315129075669,EURUSD
2024-10-21,1.0868619680404663,1.08695650100708,1.0821105241775513,1.0868619680404663,0,1.0910797238349914,1.0912650052743378,33.490419122327054,-0.005886573283114371,0.003608352223611222,0.0019541564230108753,EURUSD
2024-10-22,1.0817828178405762,1.0837758779525757,1.0801936388015747,1.0817828178405762,0,1.0895005702972411,1.089540971195472,29.35523384495812,-0.00631950797354941,-0.004673224704925039,0.0022273941010503553,EURUSD
2024-10-23,1.079727053642273,1.0808473825454712,1.0762641429901123,1.079727053642273,0,1.0877158403396607,1.0877566225494357,27.85603049033425,-0.0067506772200678355,-0.0019003483549562272,0.0021706678794599084,EURUSD
2024-10-24,1.0780508518218994,1.0810226202011108,1.0771567821502686,1.0780508518218994,0,1.0860877871513366,1.0859919369626108,26.660446443254855,-0.007145271194092695,-0.0015524310655355977,0.0021207329430582614,EURUSD
2024-10-25,1.0824151039123535,1.0842459201812744,1.081186294555664,1.0824151039123535,0,1.0849906921386718,1.0853416036807457,34.53843701757688,-0.00702485295918609,0.004048280359946421,0.0027568420939093697,EURUSD
2024-10-28,1.0796570777893066,1.0827198028564453,1.078271746635437,1.0796570777893066,0,1.083702600002289,1.0843080535186658,32.185498066484044,-0.007070466363770622,-0.002548029968427179,0.002797170047290894,EURUSD
2024-10-29,1.0816774368286133,1.0826259851455688,1.077040672302246,1.0816774368286133,0,1.0827786445617675,1.08382975957502,35.644180339102846,-0.006864460003956241,0.0018712969894509879,0.002953753121152573,EURUSD
2024-10-30,1.0820636749267578,1.0866730213165283,1.0809992551803589,1.0820636749267578,0,1.0821438431739807,1.083508653275336,36.31291022691423,-0.006594020528990718,0.0003570732687898648,0.0029280753038075113,EURUSD
2024-10-31,1.0859178304672241,1.0888383388519287,1.0845046043395996,1.0859178304672241,0,1.0821108102798462,1.0839466854920428,42.71023977202124,-0.005999538213137479,0.0035618565060204777,0.003149357039613611,EURUSD
2024-11-01,1.0886130332946777,1.0904054641723633,1.084845781326294,1.0886130332946777,0,1.0826766848564149,1.084795112365249,46.73927696628818,-0.005250402974160462,0.0024819583506552334,0.0030455167283009498,EURUSD
2024-11-04,1.087453007698059,1.0915838479995728,1.0870392322540283,1.087453007698059,0,1.082735788822174,1.0852783660621235,45.26378798711942,-0.004696177658177536,-0.0010655995851049926,0.002873623042297701,EURUSD
2024-11-05,1.0874056816101074,1.0921800136566162,1.0873347520828247,1.0874056816101074,0,1.0832980751991272,1.0856651507072113,45.20109475630909,-0.00421221315086906,-4.352012235619984e-05,0.0023523278537490406,EURUSD
2024-11-06,1.093445897102356,1.0933382511138916,1.068376064300537,1.093445897102356,0,1.0846699595451355,1.0870798318699648,53.96494472318079,-0.003303195698172834,0.005554702899202235,0.002660778401960825,EURUSD
2024-11-07,1.073306918144226,1.082602620124817,1.0714094638824463,1.073306918144226,0,1.0841955661773681,1.0845756657380123,34.280018313937205,-0.0041598875173851635,-0.01841790161863377,0.006788916969042345,EURUSD
2024-11-08,1.0795172452926636,1.0797386169433594,1.0710422992706299,1.0795172452926636,0,1.083905780315399,1.0836559529297671,41.38105521009106,-0.00428826797338977,0.005786161482286278,0.006936644959989157,EURUSD
2024-11-11,1.0714898109436035,1.0728462934494019,1.0628799200057983,1.0714898109436035,0,1.0830890536308289,1.081443927114101,35.970760501694286,-0.004980346934305491,-0.007436133497694897,0.007280573503334076,EURUSD
2024-11-12,1.066439151763916,1.0663481950759888,1.0597037076950073,1.066439151763916,0,1.081565225124359,1.0787157861413401,33.04349990736371,-0.005868719537000189,-0.004713679148511618,0.007316355565270754,EURUSD
2024-11-13,1.061672568321228,1.0649060010910034,1.0559773445129395,1.061672568321228,0,1.0795261144638062,1.0756170192649561,30.519265596482427,-0.006878098237821595,-0.004469625327243376,0.007347182290596481,EURUSD
2024-11-14,1.0564124584197998,1.0580891370773315,1.0499238967895508,1.0564124584197998,0,1.0765755772590637,1.072125280929473,27.97916629104334,-0.008010149027037006,-0.0049545500735181935,0.00713739001182652,EURUSD
2024-11-15,1.0530084371566772,1.0591648817062378,1.052443265914917,1.0530084371566772,0,1.0730151176452636,1.068649491152601,26.445234097578563,-0.009077345512203516,-0.003222246420885977,0.006898710931793481,EURUSD
2024-11-18,1.0533745288848877,1.0586491823196411,1.0531193017959595,1.0533745288848877,0,1.0696072697639465,1.065872225285744,26.909338428343702,-0.009780818683092773,0.00034766267324415345,0.0069637003438959705,EURUSD
2024-11-19,1.059490442276001,1.0601080656051636,1.0528532266616821,1.059490442276001,0,1.0668157458305358,1.0647119011021544,34.36053359979216,-0.009732631424719473,0.005806019818599184,0.007480770452557053,EURUSD
2024-11-20,1.0607603788375854,1.0612331628799438,1.0508506298065186,1.0607603788375854,0,1.0635471940040588,1.0639934425085964,35.82353657890424,-0.00948265921538649,0.001198629558994746,0.0070705532293599835,EURUSD
2024-11-21,1.0546187162399292,1.0557432174682617,1.0469120740890503,1.0546187162399292,0,1.061678373813629,1.0622889468233843,32.097554788226944,-0.009668680749022496,-0.005789868023150069,0.0047638750635723,EURUSD
2024-11-22,1.0469341278076172,1.0498688220977783,1.0339871644973755,1.0469341278076172,0,1.0584200620651245,1.0594971615477902,28.15205747116984,-0.010317255321269148,-0.007286603503216971,0.00423160079356881,EURUSD
2024-11-25,1.0479873418807983,1.0529640913009644,1.0449539422988892,1.0479873418807983,0,1.056069815158844,1.0574044670628824,29.432370186350852,-0.010623805156122934,0.0010059984149974888,0.004099843331925048,EURUSD
2024-11-26,1.0444300174713135,1.0543851852416992,1.0427310466766357,1.0444300174713135,0,1.0538689017295837,1.0550454762280517,27.640761232415073,-0.011026685690099791,-0.0033944345196962322,0.004030896478601426,EURUSD
2024-11-27,1.0491198301315308,1.0583466291427612,1.0475481748580933,1.0491198301315308,0,1.052613627910614,1.0539680860286842,33.39687414981013,-0.010842556486672983,0.004490308188931369,0.004417016302530945,EURUSD
2024-11-28,1.0562450885772705,1.0565240383148193,1.0529197454452515,1.0562450885772705,0,1.052596890926361,1.0543820864920634,41.06733107701718,-0.010006337132343113,0.006791653575785039,0.004842988602507197,EURUSD
2024-11-29,1.0563008785247803,1.0595465898513794,1.0542962551116943,1.0563008785247803,0,1.0529261350631713,1.054730957770739,41.124505423121555,-0.009232696706416021,5.281913081822687e-05,0.00471018750642479,EURUSD
2024-12-02,1.0545742511749268,1.0545742511749268,1.0462220907211304,1.0545074939727783,0,1.0530394315719604,1.0546903279892916,39.788212464350686,-0.008664414266246423,-0.0016977970845830637,0.004753176975385674,EURUSD
2024-12-03,1.0501223802566528,1.0530306100845337,1.048185110092163,1.0501223802566528,0,1.0521026253700256,1.0538597920379027,36.65209770342999,-0.00847024861365342,-0.004158447181446645,0.00446384322950734,EURUSD
2024-12-04,1.0510826110839844,1.0540074110031128,1.0473946332931519,1.0510826110839844,0,1.0511348485946654,1.053354850046281,37.808079392534474,-0.00814499786697831,0.0009143989742383951,0.004450029367976079,EURUSD
2024-12-05,1.051414132118225,1.0588284730911255,1.050894856452942,1.051414132118225,0,1.0508143901824951,1.05300199224118,38.227197235950776,-0.007770905172498788,0.0003154091131798431,0.004111659618351687,EURUSD
2024-12-06,1.058559536933899,1.0626428127288818,1.0546075105667114,1.058559536933899,0,1.0519769310951232,1.0540124549125833,46.582898986811415,-0.006819251478736188,0.006795994648919557,0.0038552482747003184,EURUSD
2024-12-09,1.0565463304519653,1.0592771768569946,1.0533078908920288,1.0565463304519653,0,1.05283282995224,1.0544731595561072,44.746403266825006,-0.006156539255928406,-0.0019018358549437453,0.0039719920977188215,EURUSD
2024-12-10,1.0555204153060913,1.056747317314148,1.0500340461730957,1.0555204153060913,0,1.0539418697357177,1.054663569692468,43.798785315606295,-0.005648999671280519,-0.0009710081955754957,0.0037541907342017455,EURUSD
2024-12-11,1.0532968044281006,1.0540739297866821,1.0481630563735962,1.0532968044281006,0,1.0543595671653747,1.0544150669171284,41.73571044377389,-0.005364360697264869,-0.002106648858464677,0.003663570719645884,EURUSD
2024-12-12,1.0506850481033325,1.052997350692749,1.0464848279953003,1.0506850481033325,0,1.053803563117981,1.0537368816782564,39.388862709440964,-0.005288565872336282,-0.002479601489141614,0.002975885463641949,EURUSD
2024-12-13,1.0474056005477905,1.0522992610931396,1.045434594154358,1.0474056005477905,0,1.052914035320282,1.0525857396545353,36.60546212081446,-0.005430522257551251,-0.0031212470011464655,0.0030751808429100164,EURUSD
2024-12-16,1.051005244255066,1.0524100065231323,1.0475043058395386,1.051005244255066,0,1.0525638103485107,1.0522983768546317,41.49262066929775,-0.005192704289175953,0.003436723753809101,0.003333998730056866,EURUSD
2024-12-17,1.0517348051071167,1.0532857179641724,1.047998309135437,1.0517348051071167,0,1.0527250528335572,1.0521959092641744,42.46079844245294,-0.004889004966334376,0.0006941552918395821,0.003056032301038003,EURUSD
2024-12-18,1.0495051145553589,1.0515247583389282,1.0467805862426758,1.0495051145553589,0,1.0525673031806946,1.0517066738625716,40.26764772511977,-0.004773215797680308,-0.0021200121370241742,0.003122467234543916,EURUSD
2024-12-19,1.0350252389907837,1.0422203540802002,1.0352503061294556,1.0350252389907837,0,1.0509284138679504,1.0486736857040646,29.58178451583852,-0.005783191955052391,-0.013796860409498679,0.005312157297691631,EURUSD
2024-12-20,1.0364949703216553,1.0433076620101929,1.0344257354736328,1.0364949703216553,0,1.0487219572067261,1.0464593738163537,31.566862655014504,-0.006391334969846341,0.0014199956440721362,0.004596745436727171,EURUSD
2024-12-23,1.0433076620101929,1.0448229312896729,1.038594126701355,1.0433076620101929,0,1.0473980903625488,1.0458863353061425,40.0088593424895,-0.0062515019838345065,0.006572816929756531,0.005354916502540479,EURUSD
2024-12-24,1.0405826568603516,1.0411244630813599,1.0387451648712158,1.0405826568603516,0,1.045904314517975,1.0449220301341804,37.99010931621489,-0.0062880833659058055,-0.002611890288039209,0.005370631329540993,EURUSD
2024-12-25,1.0402579307556152,1.0432968139648438,1.0401498079299927,1.0402579307556152,0,1.0446004271507263,1.0440740120653502,37.74569403803162,-0.006270988999918625,-0.0003120618074839987,0.005374794397630875,EURUSD
2024-12-26,1.0399551391601562,1.042535424232483,1.0391446352005005,1.0399551391601562,0,1.0435274362564086,1.0433251260825878,37.50340165331249,-0.006210286031333778,-0.00029107357560742564,0.005362883940834311,EURUSD
2024-12-27,1.0423181056976318,1.0444954633712769,1.0406694412231445,1.0423181056976318,0,1.0430186867713929,1.0431420314671411,40.70235728579242,-0.005903455479950637,0.0022721812206090153,0.00539838382715128,EURUSD
2024-12-30,1.0429377555847168,1.0458500385284424,1.0374196767807007,1.0429377555847168,0,1.042211937904358,1.0431048903976095,41.54730505340919,-0.005546354567163014,0.000594492107253819,0.00524219290308251,EURUSD
2024-12-31,1.040615200996399,1.0424268245697021,1.0348539352416992,1.040615200996399,0,1.041099977493286,1.0426522195973893,39.28759795704666,-0.005388643339777177,-0.0022269349976842268,0.005233673389843343,EURUSD
2025-01-02,1.0351860523223877,1.0375596284866333,1.0231853723526,1.0351860523223877,0,1.039668071269989,1.0412947346382981,34.55623565178148,-0.005636765852546688,-0.005217249054994322,0.005393248760453626,EURUSD
2025-01-03,1.0268205404281616,1.0305347442626953,1.0265464782714844,1.0268205404281616,0,1.038847601413727,1.038663062963728,28.800771867936092,-0.006434261466905067,-0.00808116751134591,0.00406901525586569,EURUSD
2025-01-06,1.0305347442626953,1.0435036420822144,1.029632806777954,1.0305347442626953,0,1.0382515788078308,1.0371851868362674,34.052588437105626,-0.006689465286602969,0.003617188874099675,0.004256498776404827,EURUSD
2025-01-07,1.0386372804641724,1.043623447418213,1.035947322845459,1.0386372804641724,0,1.0377845406532287,1.0374492038595229,43.79275706804646,-0.006166821912327203,0.007862458055476917,0.004508954418396809,EURUSD
2025-01-08,1.034554123878479,1.0358400344848633,1.0276752710342407,1.034554123878479,0,1.0371816873550415,1.0369228256811511,40.543045413668516,-0.0060127882052736226,-0.003931263264369433,0.0045980108620770925,EURUSD
2025-01-09,1.0314701795578003,1.0323113203048706,1.0286160707473755,1.0314701795578003,0,1.03630291223526,1.0359314354769054,38.23522822596176,-0.006069597375411018,-0.0029809405322528404,0.004658349459488289,EURUSD
2025-01-10,1.0297601222991943,1.0311936140060425,1.0221186876296997,1.0297601222991943,0,1.0352834105491637,1.0348093785355033,36.97827115451358,-0.006181351607681851,-0.0016578833712275198,0.004660562786741604,EURUSD
2025-01-13,1.0244431495666504,1.025020718574524,1.0183818340301514,1.0244431495666504,0,1.0334959149360656,1.0329246096320754,33.311457362363186,-0.006622611561969638,-0.005163311937805948,0.004678057947908584,EURUSD
2025-01-14,1.0265253782272339,1.0303966999053955,1.0239711999893188,1.0265253782272339,0,1.0318546772003174,1.0317611130130133,35.9884623683931,-0.006726752982724404,0.002032546814788372,0.0047780928710755115,EURUSD
2025-01-15,1.0306835174560547,1.0350252389907837,1.0270631313323975,1.0306835174560547,0,1.030861508846283,1.0315651865481117,41.07532966694687,-0.006399983696028455,0.004050693063236022,0.005085379503882384,EURUSD
2025-01-16,1.0295268297195435,1.0311510562896729,1.0263779163360596,1.0295268297195435,0,1.0302955865859986,1.0311945762156447,40.12021140461143,-0.0061633049723726074,-0.001122253065001133,0.0048633284493540515,EURUSD
2025-01-17,1.0301949977874756,1.0329724550247192,1.0266518592834473,1.0301949977874756,0,1.03063303232193,1.0310128346832501,40.974045278830104,-0.0058543346738058055,0.0006490050075860232,0.004079012579436537,EURUSD
2025-01-20,1.0277386903762817,1.0427310466766357,1.0279394388198853,1.0277386903762817,0,1.0303534269332886,1.0304175357183467,38.78459986161654,-0.005741492613157151,-0.0023843130829300785,0.003982917402556588,EURUSD
2025-01-21,1.0420682430267334,1.0434056520462036,1.034457802772522,1.0420682430267334,0,1.0306965231895446,1.0325358461380532,54.17002489182143,-0.004444555258901639,0.01394279770201634,0.0055264596467722756,EURUSD
2025-01-22,1.0405935049057007,1.0458062887191772,1.0400739908218384,1.0405935049057007,0,1.031300461292267,1.0340008750048981,52.701968953756484,-0.0034954289738107214,-0.0014152030165982543,0.005365135874310779,EURUSD
2025-01-23,1.0410159826278687,1.042546272277832,1.0385618209838867,1.0410159826278687,0,1.0322550415992737,1.0352763491181656,53.09414782221571,-0.0026782756390073548,0.00040599688560072345,0.005219223153608488,EURUSD
2025-01-24,1.041601538658142,1.051934003829956,1.0413196086883545,1.041601538658142,0,1.0334391832351684,1.0364263835799794,53.66757136666675,-0.0019608231077405947,0.0005624851491667915,0.0051433952040370705,EURUSD
2025-01-27,1.0467586517333984,1.0533745288848877,1.045434594154358,1.0467586517333984,0,1.0356707334518434,1.0383049777896918,58.48163287148969,-0.0009649772255855282,0.00495113811170067,0.004741459416104769,EURUSD
2025-01-28,1.0445064306259155,1.0455766916275024,1.0415256023406982,1.0445064306259155,0,1.0374688386917115,1.039432514669005,55.75695795314396,-0.00035342356323364577,-0.0021516145137691067,0.004935326073215839,EURUSD
2025-01-29,1.0429050922393799,1.0444954633712769,1.0383461713790894,1.0429050922393799,0,1.038690996170044,1.0400638924090733,53.836397557584114,1.9994469564466044e-06,-0.0015331053400753358,0.0049617662547800844,EURUSD
2025-01-30,1.0425245761871338,1.0465506315231323,1.0391337871551514,1.0425245761871338,0,1.039990770816803,1.0405112894596296,53.36599673289918,0.00025008742573562337,-0.00036486163034166186,0.00492820779018047,EURUSD
2025-01-31,1.0397279262542725,1.0412328243255615,1.0362050533294678,1.0397279262542725,0,1.0409440636634826,1.0403688597859282,49.91404542322969,0.0002185137685883909,-0.00268257458552168,0.00508469657953034,EURUSD
2025-02-03,1.024779200553894,1.032652497291565,1.0213043689727783,1.024779200553894,0,1.0406481146812439,1.0375343762891946,36.37123423548727,-0.0010012045516409884,-0.014377536010052872,0.007005658423965108,EURUSD
2025-02-04,1.0327378511428833,1.0386804342269897,1.0276541709899902,1.0327378511428833,0,1.0397150754928588,1.036662280808047,44.93699449553115,-0.001310536470059409,0.007766210111102678,0.00577851992869585,EURUSD
2025-02-05,1.0372798442840576,1.0436452627182007,1.0370432138442993,1.0372798442840576,0,1.0393837094306946,1.0367745650764124,49.144655435820525,-0.0011756314094664155,0.004398011689169534,0.006007020616250982,EURUSD
2025-02-06,1.0400848388671875,1.040528655052185,1.0354539155960083,1.0400848388671875,0,1.0392905950546265,1.0373764330383715,51.60422175856958,-0.0008327788008379855,0.0027041830597469563,0.006080653017975484,EURUSD
2025-02-07,1.0385725498199463,1.0405935049057007,1.0324605703353882,1.0385725498199463,0,1.0389876961708069,1.0375939088168395,50.19471427379929,-0.0006753101704863873,-0.0014540054721770002,0.00609067341234766,EURUSD
2025-02-10,1.0311616659164429,1.0336023569107056,1.0299509763717651,1.0311616659164429,0,1.0374279975891114,1.0364244101076765,43.8709066514539,-0.0011354230914819574,-0.007135643922794088,0.006137568641695651,EURUSD
2025-02-11,1.0301525592803955,1.0351966619491577,1.0292725563049316,1.0301525592803955,0,1.0359926104545594,1.0352840735936253,43.0751159608997,-0.0015634696633257672,-0.0009786114722859507,0.0061345807428910505,EURUSD
2025-02-12,1.0364949703216553,1.039565920829773,1.031821370124817,1.0364949703216553,0,1.0353515982627868,1.0355042366350853,49.30001205147332,-0.0013750691489338163,0.006156768707821447,0.0065772778771276295,EURUSD
2025-02-13,1.039198637008667,1.044571876525879,1.0379257202148438,1.039198637008667,0,1.03501900434494,1.0361759457939184,51.72354417069519,-0.0009961144899885976,0.0026084706288276305,0.006655667491182524,EURUSD
2025-02-14,1.0461673736572266,1.0513699054718018,1.0448119640350342,1.0461673736572266,0,1.0356629490852356,1.0379925690417924,57.37879915901557,-0.00013195034375046433,0.006705875470178757,0.006938320459770577,EURUSD
2025-02-17,1.0489217042922974,1.0507071018218994,1.0467368364334106,1.0489217042922974,0,1.0380771994590758,1.0399796845418843,59.40301711990678,0.0007663237285358004,0.0026327820045104477,0.004506707015353044,EURUSD
2025-02-18,1.048536777496338,1.0486466884613037,1.044277310371399,1.048536777496338,0,1.0396570920944215,1.0415355196245122,58.981423916535476,0.0014306602660789647,-0.0003669738116622856,0.004137488892173342,EURUSD
2025-02-19,1.044833779335022,1.0462440252304077,1.0405069589614868,1.044833779335022,0,1.0404124855995178,1.0421352032082412,54.941738645059395,0.0016394521699059084,-0.003531586340879578,0.004283423126135339,EURUSD
2025-02-20,1.0421009063720703,1.047877550125122,1.0419706106185913,1.0421009063720703,0,1.040614092350006,1.0421289674198464,52.10535316917155,0.0015663453947212247,-0.00261560548386075,0.004341517694896001,EURUSD
2025-02-21,1.0500562191009521,1.0507513284683228,1.0449975728988647,1.0500562191009521,0,1.0417624592781067,1.0435702859073201,58.77689284932676,0.0021258297584076935,0.007633917867490458,0.004874745858328736,EURUSD
2025-02-24,1.0474823713302612,1.0528643131256104,1.045434594154358,1.0474823713302612,0,1.0433945298194884,1.0442815741660367,56.05623871060351,0.002334625038751925,-0.002451152351532815,0.004168082959273432,EURUSD
2025-02-25,1.0461344718933105,1.0518454313278198,1.0457953214645386,1.0461344718933105,0,1.0449927210807801,1.0446184646619046,54.630111978150744,0.002364080929649459,-0.001286799161344221,0.004190179125030904,EURUSD
2025-02-26,1.0524100065231323,1.0527424812316895,1.0476469993591309,1.0524100065231323,0,1.0465842247009278,1.0460351086366733,59.762747309428526,0.0028608302627355364,0.005998783902478877,0.004171128575600522,EURUSD
2025-02-27,1.0488777160644531,1.0489877462387085,1.0404852628707886,1.0488777160644531,0,1.0475521326065063,1.046551946350815,55.92754053215428,0.0029356411251422188,-0.0033563824334480463,0.004419320837671558,EURUSD
2025-02-28,1.039511799812317,1.0421009063720703,1.038184404373169,1.039511799812317,0,1.0468865752220153,1.0452719197074516,47.26616039117764,0.0022136604060580822,-0.008929464425346478,0.00489185323182333,EURUSD
2025-03-03,1.0413846969604492,1.050023078918457,1.039047360420227,1.0413846969604492,0,1.0461328744888305,1.0445651519352692,48.968127732895205,0.0017721839980104903,0.0018017084062638133,0.004837067725126313,EURUSD
2025-03-04,1.0485037565231323,1.0559550523757935,1.0471752882003784,1.0485037565231323,0,1.04612957239151,1.045281261860335,54.92345740462834,0.0019740042816287495,0.0068361476632621265,0.005397718849716235,EURUSD
2025-03-05,1.062699317932129,1.0785857439041138,1.0602879524230957,1.062699317932129,0,1.0479161262512207,1.0484481811461157,63.95603156735299,0.0032420392682965815,0.013538875107199866,0.0066963286589902206,EURUSD
2025-03-06,1.0794938802719116,1.0851047039031982,1.0782485008239746,1.0794938802719116,0,1.0516554236412048,1.054092853714442,71.28671709447703,0.0055383048232093834,0.015803682242369943,0.007812407373315984,EURUSD
2025-03-07,1.0787951946258545,1.088565707206726,1.0782135725021362,1.0787951946258545,0,1.054529321193695,1.0585841884256078,70.6430236560352,0.007218523085940287,-0.000647234466842117,0.007771257252470983,EURUSD
2025-03-10,1.086059331893921,1.0873465538024902,1.0806254148483276,1.086059331893921,0,1.0583870172500611,1.06357966905621,73.33853622472043,0.009032146372017547,0.0067335647250317265,0.007632279722798848,EURUSD
2025-03-11,1.0839403867721558,1.0930275917053223,1.0836819410324097,1.0839403867721558,0,1.0621676087379455,1.0672816177318365,71.28248827006085,0.010181113194734692,-0.001951039928978826,0.007682735616509018,EURUSD
2025-03-12,1.0914170742034912,1.093457818031311,1.087725043296814,1.0914170742034912,0,1.0660683155059814,1.0716698825448647,74.04725503657555,0.011561707700562973,0.006897692458530891,0.007719315268361845,EURUSD
2025-03-13,1.0886249542236328,1.0899182558059692,1.082297921180725,1.0886249542236328,0,1.0700430393218994,1.0747526228500952,71.28710796078656,0.012288879492199811,-0.002558252061335975,0.007642304980584337,EURUSD
2025-03-14,1.085564136505127,1.0910122394561768,1.0831302404403687,1.085564136505127,0,1.0746482729911804,1.0767183526055555,68.28228174540556,0.012474388975428186,-0.002811636557319863,0.006701206212643159,EURUSD
2025-03-17,1.0881274938583374,1.0928961038589478,1.0869210958480835,1.0881274938583374,0,1.0793225526809693,1.0787927419242431,69.44389801338534,0.012682057231484967,0.002361313594480885,0.006679730438650022,EURUSD
2025-03-18,1.091917634010315,1.095446228981018,1.0897043943405151,1.091917634010315,0,1.0836639404296875,1.0811790859398924,71.12763373288983,0.013002582774918059,0.0034831765334208953,0.006628950839932863,EURUSD
2025-03-19,1.093948245048523,1.0945708751678467,1.0875948667526245,1.093948245048523,0,1.086788833141327,1.0835007512323707,72.01728932498378,0.013267515260428686,0.0018596741869165712,0.005748653765362496,EURUSD
2025-03-20,1.0911908149719238,1.0917507410049438,1.0818296670913696,1.0911908149719238,0,1.087958526611328,1.084898944639562,68.91203579891733,0.013103920759941268,-0.002520622057834987,0.0037616451819861936,EURUSD
2025-03-21,1.0856702327728271,1.086130142211914,1.0805671215057373,1.0856702327728271,0,1.0886460304260255,1.0850391788456102,63.05046960096588,0.012386027676612343,-0.005059227151979595,0.004218360995106993,EURUSD
2025-03-24,1.0835762023925781,1.0856938362121582,1.079074501991272,1.0835762023925781,0,1.0883977174758912,1.084773183126877,60.93329800088216,0.011515379359607003,-0.001928790453157081,0.0036844215323720516,EURUSD
2025-03-25,1.0803569555282593,1.0830715894699097,1.0778650045394897,1.0803569555282593,0,1.0880393743515016,1.083970232654401,57.724209355730125,0.010445212075231414,-0.0029709464430933696,0.0037510915715900065,EURUSD
2025-03-26,1.0787487030029297,1.080228567123413,1.076878309249878,1.0787487030029297,0,1.0867725372314454,1.0830208636268608,56.133703154507266,0.009359434519067733,-0.0014886306947903272,0.002764736185367846,EURUSD
2025-03-27,1.0742061138153076,1.0818763971328735,1.0742061138153076,1.0742061138153076,0,1.0853306531906128,1.081418181842942,51.79279473178555,0.008039722088085677,-0.004210979976130513,0.002903310285434524,EURUSD
2025-03-28,1.080100178718567,1.0845280885696411,1.07658851146698,1.080100178718567,0,1.0847842574119568,1.0811785449112374,56.49393167355424,0.007384320408367451,0.005486903144057864,0.003546972346747541,EURUSD
2025-03-31,1.082391619682312,1.084845781326294,1.0785740613937378,1.082391619682312,0,1.0842106699943543,1.0813991039605237,58.2005634105054,0.006969470275686174,0.0021215078090845996,0.003526236927418741,EURUSD
2025-04-01,1.0818880796432495,1.0830715894699097,1.0779578685760498,1.0818880796432495,0,1.0832077145576477,1.0814880086301102,57.665242604082934,0.006524852644108181,-0.0004652105854351385,0.0032370368056850404,EURUSD
2025-04-02,1.0795987844467163,1.087263822555542,1.0782020092010498,1.0795987844467163,0,1.081772768497467,1.0811445133240385,55.18026112002296,0.005919526362731409,-0.002116018504694228,0.0030992427585188934,EURUSD
2025-04-03,1.090869426727295,1.1133378744125366,1.0882458686828613,1.090869426727295,0,1.081740629673004,1.0829126793973578,63.5159833006353,0.00627689146537147,0.010439658179454803,0.004788580766812874,EURUSD
2025-04-04,1.1043744087219238,1.1107531785964966,1.0964791774749756,1.1043744087219238,0,1.083611047267914,1.0868148120018244,70.57731010042174,0.0075626673434743275,0.012380016951382578,0.005814728523901751,EURUSD
2025-04-07,1.098454475402832,1.1049845218658447,1.0903223752975464,1.098454475402832,0,1.0850988745689392,1.088931114438371,64.6687005947714,0.008011611970738741,-0.005360440510336351,0.006146123993066359,EURUSD
2025-04-08,1.0915361642837524,1.0991909503936768,1.0891940593719482,1.0915361642837524,0,1.0862167954444886,1.089404759864804,58.504491619947636,0.007720160726523595,-0.00629822288861126,0.006488463350582465,EURUSD
2025-04-09,1.0980443954467773,1.1094838380813599,1.0972250699996948,1.0980443954467773,0,1.0881463646888734,1.09097560269789,62.158727026823776,0.007923011830510696,0.005962451246217304,0.006591695895537582,EURUSD
2025-04-10,1.0952062606811523,1.122536063194275,1.0953142642974854,1.0952062606811523,0,1.0902463793754578,1.0917448132403014,59.69011645401081,0.00776524611209739,-0.0025847176829951746,0.006445524831193156,EURUSD
2025-04-11,1.1257838010787964,1.1471836566925049,1.1250872611999512,1.1257838010787964,0,1.0948147416114806,1.0979337201200277,72.40545502037378,0.009992381650906434,0.027919435356977162,0.010462564850655153,EURUSD
2025-04-14,1.1343141794204712,1.1424784660339355,1.1299690008163452,1.1343141794204712,0,1.1000069975852966,1.1045483490837447,74.79418749940723,0.012303901138472684,0.007577279343956134,0.010484371395488025,EURUSD
2025-04-15,1.1339668035507202,1.1377859115600586,1.1285662651062012,1.1339668035507202,0,1.1052148699760438,1.109897158986831,74.51132031121887,0.013946994386831113,-0.0003062430815494732,0.010475709961456492,EURUSD
2025-04-16,1.1292672157287598,1.1390169858932495,1.129420280456543,1.1292672157287598,0,1.110181713104248,1.1134189874853635,70.62008268770009,0.014700482155310723,-0.004144378660155601,0.010641985776208682,EURUSD
2025-04-17,1.1396790742874146,1.1396400928497314,1.13413405418396,1.1396790742874146,0,1.11506267786026,1.1181935487221,73.87523329890837,0.015953870324407537,0.009220013132087201,0.010573865274762683,EURUSD
2025-04-22,1.1512778997421265,1.1546543836593628,1.1453967094421387,1.1512778997421265,0,1.1197530269622802,1.1242088852711956,76.94032914205539,0.017679321543598414,0.010177273336324122,0.010411700340137392,EURUSD
2025-04-23,1.1351252794265747,1.144007682800293,1.13379967212677,1.1351252794265747,0,1.1234201073646546,1.1261936842085372,65.42787059638961,0.01754116892327806,-0.01403016623455533,0.011591825367766033,EURUSD
2025-04-24,1.132733702659607,1.1394323110580444,1.1322335004806519,1.132733702659607,0,1.12753986120224,1.127382778472368,63.90324579024999,0.017042249277248844,-0.0021068835399171704,0.011275698934066077,EURUSD
2025-04-25,1.1371906995773315,1.1384334564208984,1.1316184997558594,1.1371906995773315,0,1.1314544916152953,1.1291660368550884,65.51597282241403,0.016812688063372105,0.003934726147248657,0.011250062421115288,EURUSD
2025-04-28,1.1343141794204712,1.140823245048523,1.133105993270874,1.1343141794204712,0,1.1353652834892274,1.130102062776067,63.54278366256872,0.0162117688312875,-0.0025294967307852856,0.011246721142908919,EURUSD
2025-04-29,1.1409143209457397,1.1419566869735718,1.1371389627456665,1.1409143209457397,0,1.1368783354759215,1.1320679278978256,66.06801571896032,0.016082720679034157,0.005818618549439769,0.007466714240878991,EURUSD
2025-04-30,1.1389262676239014,1.1398869752883911,1.1327080726623535,1.1389262676239014,0,1.1373395442962646,1.133314898757112,64.61617655101672,0.01563974456052364,-0.0017425088679668965,0.007180773486033927,EURUSD
2025-05-01,1.1324899196624756,1.1340954303741455,1.126697063446045,1.1324899196624756,0,1.13719185590744,1.1331649025580872,60.0178102757208,0.014601011928750296,-0.00565124200256939,0.00743598196215349,EURUSD
2025-05-02,1.1296498775482178,1.1378635168075562,1.1275228261947632,1.1296498775482178,0,1.137230122089386,1.1325258071017472,58.05459093992066,0.013394240701821936,-0.002507785777999927,0.007354777204445369,EURUSD
2025-05-05,1.1323232650756836,1.1364539861679077,1.1312856674194336,1.1323232650756836,0,1.1364945411682128,1.1324889812788266,59.40084639745626,0.012509385432751818,0.002366562932993199,0.006696003968345489,EURUSD
2025-05-06,1.1313369274139404,1.1361182928085327,1.1281206607818604,1.1313369274139404,0,1.1345004439353943,1.1322795169397564,58.65288224597782,0.011594883451971016,-0.0008710742701883989,0.005524157856381159,EURUSD
2025-05-07,1.1342755556106567,1.1377729177474976,1.1327080726623535,1.1342755556106567,0,1.1344154715538024,1.1326424330617382,60.2584785087769,0.010980678355063445,0.0025974827882915275,0.003566760787655386,EURUSD
2025-05-08,1.1306205987930298,1.1336711645126343,1.123608112335205,1.1306205987930298,0,1.1342041611671447,1.1322748268310638,57.27920495736264,0.010082764093059637,-0.0032222829801346053,0.0036539400072114763,EURUSD
2025-05-09,1.122422695159912,1.1291142702102661,1.1199839115142822,1.122422695159912,0,1.132727360725403,1.1304835301635816,51.16838898691577,0.008610402896049196,-0.0072507998190278755,0.003953893688174982,EURUSD
2025-05-12,1.12296462059021,1.1242902278900146,1.1075055599212646,1.12296462059021,0,1.1315924048423767,1.1291164556956959,51.53646601125947,0.007401949822790854,0.0004828175986058003,0.003964486061595128,EURUSD
2025-05-13,1.1095577478408813,1.1177430152893066,1.109668493270874,1.1095577478408813,0,1.128456747531891,1.1255603269948204,42.91767280063242,0.0053013092774392145,-0.011938820247321957,0.004511173673215971,EURUSD
2025-05-14,1.1185556650161743,1.1264559030532837,1.1182429790496826,1.1185556650161743,0,1.126419687271118,1.124286752089612,49.07335360249134,0.0043128770661193805,0.008109462705120363,0.005684591396874103,EURUSD
2025-05-15,1.1181930303573608,1.1227755546569824,1.117480754852295,1.1181930303573608,0,1.1249899983406066,1.1231788026837481,48.84473886953158,0.003460386647816893,-0.00032419902750946417,0.005529894518864782,EURUSD
2025-05-16,1.1192693710327148,1.1219944953918457,1.1141440868377686,1.1192693710327148,0,1.1239519476890565,1.1224679969290148,49.595314590341985,0.002838908377974736,0.0009625714399328356,0.005551450336423693,EURUSD
2025-05-19,1.1187559366226196,1.128604531288147,1.1173559427261353,1.1187559366226196,0,1.12259521484375,1.1217930768733064,49.2242892583852,0.0022786852406493363,-0.0004587228270362953,0.0054369476027303215,EURUSD
2025-05-20,1.1233429908752441,1.1277261972427368,1.12186861038208,1.1233429908752441,0,1.1217958211898804,1.1220748794191133,52.63360214494546,0.0021797149140010408,0.004100138468513759,0.005690827272809677,EURUSD
2025-05-21,1.1287955045700073,1.1362345218658447,1.1287446022033691,1.1287955045700073,0,1.1212478160858155,1.1232968112647304,56.38262386831255,0.002512292361206425,0.004853828028530183,0.005877510095314647,EURUSD
2025-05-22,1.133118748664856,1.134455680847168,1.1267098188400269,1.133118748664856,0,1.121497631072998,1.125082618064753,59.143854396136696,0.003089102797652288,0.003829962183004465,0.005933217081077926,EURUSD
2025-05-23,1.1281843185424805,1.1376564502716064,1.1279934644699097,1.1281843185424805,0,1.1220737934112548,1.125646563606158,54.87392143446542,0.003112186602226119,-0.0043547334541853555,0.005587763546211642,EURUSD
2025-05-26,1.1372811794281006,1.1418914794921875,1.136932134628296,1.1372811794281006,0,1.123505449295044,1.1277619483010564,60.53116609864742,0.003820481202357895,0.008063275420608917,0.006074232833244101,EURUSD
2025-05-27,1.1388484239578247,1.1409013271331787,1.1325156688690186,1.1388484239578247,0,1.1264345169067382,1.1297776711477414,61.42833789519314,0.004456896977454994,0.0013780624862818058,0.003936881428146863,EURUSD
2025-05-28,1.1337097883224487,1.1345586776733398,1.128426194190979,1.1337097883224487,0,1.1279499292373658,1.1304926015431427,56.86422686346704,0.0044948028248947836,-0.004512133069928481,0.004002667220851644,EURUSD
2025-05-29,1.123368263244629,1.1369450092315674,1.12271249294281,1.123368263244629,0,1.1284674525260925,1.1291972673070492,48.97736395356683,0.0036483133507276833,-0.009121845100342862,0.005200168727766144,EURUSD
2025-05-30,1.1378376483917236,1.1390429735183716,1.1314393281936646,1.1378376483917236,0,1.1303242802619935,1.1307682456860808,57.7971341140314,0.0040977860724367154,0.012880357778047635,0.006522188448119189,EURUSD
2025-06-02,1.1353315114974976,1.1449114084243774,1.135589361190796,1.1353315114974976,0,1.1319818377494812,1.1315979303790655,55.99179753385414,0.004203318896202957,-0.0022025434804063826,0.006608050129305429,EURUSD
2025-06-03,1.1453442573547363,1.145514726638794,1.1367640495300293,1.1453442573547363,0,1.1341819643974305,1.13409726255646,61.20559397119042,0.005036837799204497,0.008819226592268192,0.006973450739816152,EURUSD
2025-06-04,1.1384464502334595,1.143458366394043,1.1359375715255737,1.1384464502334595,0,1.1351470589637755,1.134888023952278,56.26058356149573,0.005082227393884864,-0.006022474969410441,0.007312471726843374,EURUSD
2025-06-05,1.1422044038772583,1.1494252681732178,1.1406149864196777,1.1422044038772583,0,1.136055624485016,1.136218274847729,58.24010646782501,0.005359651698693568,0.003300948975710094,0.007290605699485215,EURUSD
2025-06-06,1.1453834772109985,1.1458691358566284,1.137229561805725,1.1453834772109985,0,1.1377755403518677,1.1378846752774143,59.893718983345714,0.0057695295630024734,0.002783278827282354,0.007073563334866385,EURUSD
2025-06-09,1.1407841444015503,1.1440337896347046,1.138757586479187,1.1407841444015503,0,1.1381258368492126,1.1384118514818027,56.41327495444704,0.005658010975447825,-0.004015539686889502,0.006863405703124969,EURUSD
2025-06-10,1.1428048610687256,1.1448328495025635,1.1374623775482178,1.1428048610687256,0,1.1385214805603028,1.1392105804976067,57.57960993626504,0.005667356876307261,0.0017713400708556648,0.006871208821504292,EURUSD
2025-06-11,1.143746018409729,1.149095058441162,1.1406019926071167,1.143746018409729,0,1.1395251035690308,1.140035205572538,58.14142706338201,0.005685171978242254,0.0008235503479774309,0.006653869503404438,EURUSD
2025-06-12,1.1509333848953247,1.1628718376159668,1.1502846479415894,1.1509333848953247,0,1.1422816157341003,1.1420166927221356,62.25288900650569,0.006207692567176348,0.0062840581474452595,0.005804520369594096,EURUSD
2025-06-13,1.1600254774093628,1.1612108945846558,1.1492931842803955,1.1600254774093628,0,1.1445003986358642,1.1452910172107222,66.70774625381691,0.007271626989060032,0.00789975565342127,0.00496187070977327,EURUSD
2025-06-16,1.1556684970855713,1.1614806652069092,1.1524852514266968,1.1556684970855713,0,1.1465340971946716,1.147177831733422,62.87812277495176,0.007674760917822709,-0.0037559350278424386,0.005127660064733786,EURUSD
2025-06-17,1.1551345586776733,1.1574074029922485,1.1512514352798462,1.1551345586776733,0,1.1475131273269654,1.1486245093596494,62.405307408389646,0.00786055154835652,-0.0004620169272109287,0.0045173935224063705,EURUSD
2025-06-18,1.1482638120651245,1.1530035734176636,1.1482374668121338,1.1482638120651245,0,1.1484948635101317,1.1485589280333721,56.51604100161188,0.007368441326282005,-0.00594800541714724,0.004504829702888298,EURUSD
2025-06-19,1.1477497816085815,1.1486859321594238,1.1448458433151245,1.1477497816085815,0,1.1490494012832642,1.148411810501592,56.08956816688142,0.006857908764576148,-0.0004476588490744948,0.0044353254060467626,EURUSD
2025-06-20,1.1512778997421265,1.1534557342529297,1.1496102809906006,1.1512778997421265,0,1.149638843536377,1.1489329176362344,58.409386204527145,0.0066612113805644135,0.0030739436330802228,0.004452917683887104,EURUSD
2025-06-23,1.1500862836837769,1.1551746129989624,1.1455540657043457,1.1500862836837769,0,1.1505690574645997,1.1491426205539694,57.30814991792406,0.0063361348114494564,-0.0010350377251370224,0.004208469798694543,EURUSD
2025-06-24,1.1599044799804688,1.1635890007019043,1.1582921743392944,1.1599044799804688,0,1.152279019355774,1.1510993222678785,63.4266221165145,0.006792456465452235,0.008536921477964032,0.004870136641797528,EURUSD
2025-06-25,1.161224365234375,1.1631423234939575,1.1590977907180786,1.161224365234375,0,1.1540268540382386,1.1529402391708778,64.17004081155368,0.007177856511316305,0.0011379258177608431,0.004866319868136227,EURUSD
2025-06-26,1.1683744192123413,1.1743428707122803,1.1668611764907837,1.1683744192123413,0,1.1557709574699402,1.155746453723871,67.9684690685664,0.00796838385590437,0.006157340641507414,0.0048527062506792985,EURUSD
2025-06-27,1.1692214012145996,1.1750881671905518,1.1684290170669556,1.1692214012145996,0,1.1566905498504638,1.1581964441767307,68.39588508444817,0.008564500609184789,0.0007249234392081583,0.004303235160208248,EURUSD
2025-06-30,1.1727453470230103,1.177163004875183,1.170905351638794,1.1727453470230103,0,1.1583982348442077,1.1608416992396906,70.17882833812888,0.00921505498910169,0.003013925168278586,0.00403107573222303,EURUSD
2025-07-01,1.178717017173767,1.1830259561538696,1.1767750978469849,1.178717017173767,0,1.160756480693817,1.1640917570458864,72.96246330878076,0.010096106267568628,0.005092043354438136,0.004116225910097292,EURUSD
2025-07-02,1.180553913116455,1.1810001134872437,1.1749224662780762,1.180553913116455,0,1.1639854907989502,1.1670848763314443,73.7734290712155,0.010817866275840693,0.0015583858686389895,0.0030444778741202487,EURUSD
2025-07-03,1.18002450466156,1.1813349723815918,1.1720856428146362,1.18002450466156,0,1.167212963104248,1.169437536027829,73.09297000002488,0.011217835222947059,-0.00044844072685967795,0.0030445700214890617,EURUSD
2025-07-04,1.1771491765975952,1.1786893606185913,1.1756683588027954,1.1771491765975952,0,1.169800090789795,1.1708396524950593,69.35152580694813,0.011173991729418464,-0.002436668096811645,0.003456529214821326,EURUSD
2025-07-07,1.178078293800354,1.179008960723877,1.1719070672988892,1.178078293800354,0,1.1725992918014527,1.1721557690960218,69.88790559870603,0.011086420088504578,0.0007892943572744837,0.00331008910966385,EURUSD
2025-07-08,1.1736538410186768,1.17648446559906,1.168470025062561,1.1736538410186768,0,1.1739742279052734,1.1724281458092318,64.13201925170509,0.01053852105861175,-0.003755652578407487,0.0030557530542496335,EURUSD
2025-07-09,1.1724566221237183,1.1728830337524414,1.1690847873687744,1.1724566221237183,0,1.1750974535942078,1.1724333233209565,62.62893308205347,0.009893653689626802,-0.001020078368183408,0.0031344996606995747,EURUSD
2025-07-10,1.17311692237854,1.1750881671905518,1.166575312614441,1.17311692237854,0,1.1755717039108275,1.1725576140586988,63.142022491977386,0.009328341056879186,0.0005631767029690149,0.0025500640356749516,EURUSD
2025-07-11,1.1702749729156494,1.1713716983795166,1.1665889024734497,1.1702749729156494,0,1.1756770610809326,1.1721425883963261,59.36419840455009,0.00855241819877639,-0.0024225628397964716,0.002696643800878307,EURUSD
2025-07-14,1.1682106256484985,1.169864296913147,1.1656641960144043,1.1682106256484985,0,1.1752235889434814,1.1714276860785393,56.709996523294826,0.007682360699478252,-0.0017639848026551608,0.0025404288188907924,EURUSD
2025-07-15,1.1666297912597656,1.1692078113555908,1.1602139472961426,1.1666297912597656,0,1.1740148663520813,1.170555341566035,54.693339300046844,0.006787037001502849,-0.0013532100753280707,0.0016625419390023587,EURUSD
2025-07-16,1.1607391834259033,1.1716736555099487,1.1564035415649414,1.1607391834259033,0,1.172033393383026,1.1687705855405566,47.86315795935789,0.0055383213767239425,-0.005049252023215933,0.0018250883386428964,EURUSD
2025-07-17,1.1635754108428955,1.1635754108428955,1.1569386720657349,1.1635754108428955,0,1.1703884840011596,1.1678260083228,51.03388643832495,0.004723119910498008,0.002443466592228827,0.0022282223753338076,EURUSD
2025-07-18,1.161548137664795,1.1669564247131348,1.1612648963928223,1.161548137664795,0,1.1688283801078796,1.1666845772940717,48.75165541108154,0.003868884777048276,-0.0017422791502890167,0.00220302295032735,EURUSD
2025-07-21,1.1630746126174927,1.1716736555099487,1.1614941358566284,1.1630746126174927,0,1.1673280119895935,1.1660282200801482,50.54503790964166,0.0032772924632837874,0.0013141727864731667,0.00226454915435576,EURUSD
2025-07-22,1.1694538593292236,1.174936294555664,1.1680059432983398,1.1694538593292236,0,1.1669080138206482,1.16665106357998,57.27402194702314,0.003285331927073143,0.005484812962579078,0.0029292275716313837,EURUSD
2025-07-23,1.1739156246185303,1.1752538681030273,1.1712344884872437,1.1739156246185303,0,1.1670539140701295,1.1679718928597163,61.245762130648664,0.003610115268766423,0.003815255517533478,0.0031942640003298993,EURUSD
2025-07-24,1.1774264574050903,1.1787587404251099,1.1733232736587524,1.1774264574050903,0,1.1674848675727845,1.1696909045952388,64.07562956877415,0.004103500670231464,0.002990702834968051,0.003320670016601861,EURUSD
2025-07-25,1.1756131649017334,1.1760693788528442,1.1707408428192139,1.1756131649017334,0,1.1680186867713929,1.1707676791964197,61.57475457047889,0.004298642529570573,-0.0015400473566333783,0.0032491129133594876,EURUSD
2025-07-28,1.1756821870803833,1.1770660877227783,1.1609952449798584,1.1756821870803833,0,1.1687658429145813,1.171661226084413,61.63613457872708,0.004408050114192097,5.871164147408514e-05,0.003160405150696922,EURUSD
2025-07-29,1.1596757173538208,1.160092830657959,1.1519941091537476,1.1596757173538208,0,1.1680704355239868,1.1694820426788508,44.05933479446602,0.003166664738039282,-0.013614622984389979,0.005519011389285574,EURUSD
2025-07-30,1.1550945043563843,1.157273530960083,1.1459347009658813,1.1550945043563843,0,1.167505967617035,1.1668661266202205,40.499546420840325,0.0017925291217362194,-0.003950425906899313,0.005430457152268541,EURUSD
2025-07-31,1.1429355144500732,1.1460267305374146,1.1406540870666504,1.1429355144500732,0,1.1654419779777527,1.1625151062256482,32.90147587941746,-0.00027444845190172096,-0.010526402697315196,0.006156528289713322,EURUSD
2025-08-01,1.142374038696289,1.1582921743392944,1.1394582986831665,1.142374038696289,0,1.163524568080902,1.158853093947583,32.597349811244854,-0.001935537796770248,-0.0004912575965008159,0.006169873095136364,EURUSD
2025-08-04,1.158668041229248,1.1588828563690186,1.1550945043563843,1.158668041229248,0,1.1630839109420776,1.1588194479987948,47.70454038619303,-0.0019150971920094406,0.014263281535664252,0.007959469214820976,EURUSD
2025-08-05,1.1584129333496094,1.158815622329712,1.1530035734176636,1.1584129333496094,0,1.1619798183441161,1.1587455362443975,47.52493924893348,-0.001897608489880076,-0.00022017339786817303,0.007694760673738061,EURUSD
2025-08-06,1.1579166650772095,1.164646029472351,1.156510591506958,1.1579166650772095,0,1.1603799223899842,1.1585948323958177,47.153030583136946,-0.001901869699515668,-0.00042840360126583654,0.007519526593498677,EURUSD
2025-08-07,1.1663167476654053,1.1695358753204346,1.1614266633987427,1.1663167476654053,0,1.1592689514160157,1.1599988169902882,53.75044831782932,-0.001213442466986514,0.007254479395229829,0.007903808049512106,EURUSD
2025-08-08,1.1676650047302246,1.167924165725708,1.1630746126174927,1.1676650047302246,0,1.1584741353988648,1.16139266930664,54.72737815672793,-0.0005526947273042371,0.0011559956311337771,0.007926238413569169,EURUSD
2025-08-11,1.1647952795028687,1.1676785945892334,1.1591111421585083,1.1647952795028687,0,1.1573854446411134,1.1620113257059543,52.19995327897409,-0.0002576403086267387,-0.0024576614146443188,0.00794117293073411,EURUSD
2025-08-12,1.1618449687957764,1.1694538593292236,1.1599314212799072,1.1618449687957764,0,1.1576023697853088,1.161981078995013,49.660741431802485,-0.0002588886659709022,-0.0025329006384293695,0.006635912279721631,EURUSD
2025-08-13,1.1677058935165405,1.1730618476867676,1.1671879291534424,1.1677058935165405,0,1.1588635087013244,1.1630219543625633,54.40560124503407,0.0002106217288315726,0.005044498085522431,0.006619420568572493,EURUSD
2025-08-14,1.171289324760437,1.1715638637542725,1.1638462543487549,1.171289324760437,0,1.1616988897323608,1.1645251126167222,57.06997604858815,0.0008619292686733449,0.0030687789312298097,0.005211135653835829,EURUSD
2025-08-15,1.1651345491409302,1.171522617340088,1.1647816896438599,1.1651345491409302,0,1.163974940776825,1.164635919257487,51.503059792241665,0.0008714111462677643,-0.0052547013700186,0.005705699166036703,EURUSD
2025-08-18,1.1706587076187134,1.1710972785949707,1.166167140007019,1.1706587076187134,0,1.1651740074157715,1.165730971686801,55.68164460571737,0.0013095829671545545,0.004741219356902748,0.003956020239317392,EURUSD
2025-08-19,1.1668338775634766,1.169344425201416,1.1641037464141846,1.1668338775634766,0,1.1660161018371582,1.1659315000280146,52.32027987562687,0.001332841307122079,-0.003267246064411977,0.004174913684889274,EURUSD
2025-08-20,1.164252758026123,1.1672561168670654,1.1623852252960205,1.164252758026123,0,1.1666497111320495,1.165626274209489,50.12137122954344,0.001129973304890397,-0.002212071132819071,0.004267102289650166,EURUSD
2025-08-21,1.165175199508667,1.1661943197250366,1.1602678298950195,1.165175199508667,0,1.1665355563163757,1.1655442606275213,50.91533079845343,0.001031739024770717,0.0007923034548853458,0.003572399679530431,EURUSD
2025-08-22,1.16130530834198,1.1730343103408813,1.1583592891693115,1.16130530834198,0,1.1658995866775512,1.16477354203015,47.499344590868525,0.0006343078686477099,-0.003321295517033751,0.0036776048898773304,EURUSD
2025-08-25,1.1709601879119873,1.1719757318496704,1.1667250394821167,1.1709601879119873,0,1.166516077518463,1.1658983867359385,55.517735419330876,0.0010858914257749763,0.008313816789309092,0.004531754403933904,EURUSD
2025-08-26,1.1618449687957764,1.1664528846740723,1.1602543592453003,1.1618449687957764,0,1.166516077518463,1.1651614016559089,48.0554764264752,0.0007001813894587094,-0.007784397121532227,0.005184348701194064,EURUSD
2025-08-27,1.1639411449432373,1.1642799377441406,1.157474398612976,1.1639411449432373,0,1.1661396026611328,1.1649395367990594,49.72888667295073,0.0005572239723194983,0.0018041788739109332,0.004929883153234935,EURUSD
2025-08-28,1.1647952795028687,1.168770432472229,1.1629530191421509,1.1647952795028687,0,1.165490198135376,1.1649133081997518,50.42964439787192,0.0005070062574108469,0.0007338296814596301,0.004805701470723987,EURUSD
2025-08-29,1.1681560277938843,1.1707408428192139,1.1654332876205444,1.1681560277938843,0,1.1657923460006714,1.1655028935805032,53.194308850447754,0.000729977925556291,0.0028852694977008486,0.004604581678547709,EURUSD
2025-09-01,1.1691803932189941,1.1735849380493164,1.1688660383224487,1.1691803932189941,0,1.1656445145606995,1.1661715298784106,54.03578887953085,0.000978067751598477,0.0008769080505832694,0.004342191886245974,EURUSD
2025-09-02,1.1715912818908691,1.1716049909591675,1.1613458395004272,1.1715912818908691,0,1.1661202549934386,1.167156939335221,56.03896876387781,0.0013536156546405387,0.0020620331010148263,0.004238513410814519,EURUSD
2025-09-03,1.163602590560913,1.1682243347167969,1.1609817743301392,1.163602590560913,0,1.1660552382469178,1.1665106941035286,48.49679782130919,0.00099514800073508,-0.006818667442679227,0.004772465735443322,EURUSD
2025-09-04,1.16604483127594,1.1667931079864502,1.1632235050201416,1.16604483127594,0,1.166142201423645,1.1664259917712396,50.682084692714646,0.0008977791779254396,0.0020988615312806935,0.004815643395505026,EURUSD
2025-09-05,1.1656913757324219,1.1759172677993774,1.1653246879577637,1.1656913757324219,0,1.1665808081626892,1.1662924252187272,50.34912080807265,0.000783066077632455,-0.00030312345978267263,0.004670835302506772,EURUSD
2025-09-08,1.1713168621063232,1.175585389137268,1.1705764532089233,1.1713168621063232,0,1.166616475582123,1.1672059591982902,55.37415556097445,0.0011330240593365737,0.00482587972341042,0.00410963745173981,EURUSD
2025-09-09,1.1769136190414429,1.1780366897583008,1.1718658208847046,1.1769136190414429,0,1.1681233406066895,1.1689709882606816,59.73980675893749,0.00184076064883687,0.004778174989349404,0.0032913637751997064,EURUSD
2025-09-10,1.1702749729156494,1.1730204820632935,1.1688660383224487,1.1702749729156494,0,1.1687567234039307,1.1692080763797665,53.10367608570907,0.0018446991901330811,-0.00564072504420543,0.0039410958570725765,EURUSD
2025-09-11,1.1703435182571411,1.1745636463165283,1.1668883562088013,1.1703435182571411,0,1.1693115472793578,1.1694145203574708,53.1615305557185,0.001832230733317619,5.857199639236477e-05,0.003943377419209242,EURUSD
2025-09-12,1.1734747886657715,1.1748120784759521,1.170261263847351,1.1734747886657715,0,1.1698434233665467,1.17015275095898,55.84155760608279,0.0020513698298532113,0.0026755139493517266,0.0039297096611634556,EURUSD
2025-09-15,1.1726491451263428,1.1774401664733887,1.1717147827148438,1.1726491451263428,0,1.1701902985572814,1.1706066408075912,54.948763927908566,0.0021338192689528412,-0.0007035886474966446,0.003942899889064346,EURUSD
2025-09-16,1.1763737201690674,1.1852554082870483,1.17583429813385,1.1763737201690674,0,1.1706685423851013,1.171655200691496,58.19576677878709,0.0024712164765681166,0.0031762058226916245,0.004013234479955229,EURUSD
2025-09-17,1.1871408224105835,1.187295913696289,1.18343186378479,1.1871408224105835,0,1.1730223655700684,1.1744707682767845,65.85679462097815,0.0035663111459423025,0.009152790526439691,0.003992743460790648,EURUSD
2025-09-18,1.1826341152191162,1.1848341226577759,1.1751296520233154,1.1826341152191162,0,1.174681293964386,1.1759550131753902,60.8317248297248,0.004024140171962287,-0.003796270085562381,0.00439354963699086,EURUSD
2025-09-19,1.1791062355041504,1.1793843507766724,1.1730343103408813,1.1791062355041504,0,1.1760227799415588,1.17652796268971,57.155209029012426,0.004055552677513896,-0.0029830694629607857,0.004587927624614898,EURUSD
2025-09-22,1.1736950874328613,1.1786893606185913,1.172717809677124,1.1736950874328613,0,1.1762606024742126,1.176012894461192,51.967251778285224,0.0036022879547805697,-0.004589194686919318,0.004715052737747718,EURUSD
2025-09-23,1.1801080703735352,1.1820051670074463,1.178175449371338,1.1801080703735352,0,1.176580047607422,1.1767574718997997,56.95411608731277,0.0037176912931509154,0.005463925860591745,0.00479316751357762,EURUSD
2025-09-24,1.1814465522766113,1.1816558837890625,1.1731306314468384,1.1814465522766113,0,1.177697205543518,1.1776100319683107,57.93572971128646,0.0038725136468984456,0.001134202821486019,0.004318379570915131,EURUSD
2025-09-25,1.1744670867919922,1.1754333972930908,1.1667931079864502,1.1744670867919922,0,1.1781095623970033,1.1770385873907983,51.35886768470059,0.0033929155247436338,-0.005907559229970993,0.004837514557478169,EURUSD
2025-09-26,1.166275978088379,1.1702202558517456,1.16593599319458,1.166275978088379,0,1.177389681339264,1.1750817493358128,44.914711300615856,0.002325074529322846,-0.0069743194983751255,0.0052681109721279835,EURUSD
2025-09-29,1.170823097229004,1.1754887104034424,1.1705353260040283,1.170823097229004,0,1.17720707654953,1.1743074489527565,48.75842826664676,0.001824683543794281,0.003898836318379839,0.005456008354461226,EURUSD
2025-09-30,1.1731443405151367,1.1759449243545532,1.1713168621063232,1.1731443405151367,0,1.1768841385841369,1.174095974691371,50.65146501855522,0.001597015614495545,0.001982573876127436,0.005387970451836453,EURUSD
2025-10-01,1.1735849380493164,1.1778839826583862,1.171687364578247,1.1735849380493164,0,1.1755285501480102,1.1740030589382702,51.02133546165625,0.0014355910787173798,0.0003755697563918581,0.004286148861983331,EURUSD
2025-10-02,1.1734058856964111,1.1759172677993774,1.1685655117034912,1.1734058856964111,0,1.1746057271957397,1.1738944819852049,50.85452334047622,0.0012784754732040327,-0.0001525687209337212,0.0041889778716219924,EURUSD
2025-10-03,1.1725116968154907,1.1756683588027954,1.1716187000274658,1.1725116968154907,0,1.1739462733268737,1.173643066499802,49.975765616636934,0.0010694783732760893,-0.0007620456756015637,0.0041171704809183935,EURUSD
2025-10-06,1.171248197555542,1.1731581687927246,1.1654061079025269,1.171248197555542,0,1.1737015843391418,1.1732076357826637,48.69533130813145,0.0007927544551795673,-0.0010776005590223958,0.0038774483383994,EURUSD
2025-10-07,1.171028733253479,1.1710972785949707,1.1655147075653076,1.171028733253479,0,1.1727936506271361,1.1728114716864482,48.463067083149966,0.0005494066040254708,-0.00018737642672239652,0.003333606221268541,EURUSD
2025-10-08,1.1654603481292725,1.1652973890304565,1.1603620052337646,1.1654603481292725,0,1.1711950302124023,1.1714749037669616,42.87514139674459,-9.171325056489543e-05,-0.0047551225397653996,0.0034775177833770918,EURUSD
2025-10-09,1.1631964445114136,1.164958119392395,1.1549211740493774,1.1631964445114136,0,1.1700679659843445,1.169969729356862,40.81465745524425,-0.0007735662656935816,-0.0019424973329146278,0.0031072134422639366,EURUSD
2025-10-10,1.156644344329834,1.1629935503005981,1.1560827493667603,1.156644344329834,0,1.16910480260849,1.1675469320792204,35.49761505674802,-0.0018216406793170048,-0.005632840619910651,0.002835782475943204,EURUSD
2025-10-13,1.160240888595581,1.1629664897918701,1.1559356451034546,1.160240888595581,0,1.1680465817451477,1.1662185605367406,40.109726847839184,-0.002335118347659648,0.0031094642734201816,0.002697273191228023,EURUSD
2025-10-14,1.1566845178604126,1.160725712776184,1.154521107673645,1.1566845178604126,0,1.1664005994796753,1.1644850982319537,37.27174216517691,-0.0029945037208456426,-0.0030652003132498606,0.0025661374414857217,EURUSD
2025-10-15,1.1602274179458618,1.1648223400115967,1.1602543592453003,1.1602274179458618,0,1.16506484746933,1.1637109745435732,41.69746622263747,-0.0031943662859459376,0.0030629787385783036,0.002893620521319036,EURUSD
2025-10-16,1.1646324396133423,1.1678286790847778,1.1643340587615967,1.1646324396133423,0,1.164187502861023,1.1638785136471677,46.729903994486655,-0.0029631529912717003,0.0037966881314348555,0.003286264047884621,EURUSD
2025-10-17,1.1699601411819458,1.1728416681289673,1.165813684463501,1.1699601411819458,0,1.1639323472976684,1.1649842641080363,52.11359073005928,-0.0023232330142874957,0.004574577684245407,0.003691570507547262,EURUSD
2025-10-20,1.165745735168457,1.1676785945892334,1.1645375490188599,1.165745735168457,0,1.16338210105896,1.1651227133917492,47.98253847456841,-0.0021315875517518013,-0.003602179138539885,0.0038406811676998374,EURUSD
2025-10-21,1.164442539215088,1.1656370162963867,1.1598505973815918,1.164442539215088,0,1.1627234816551208,1.1649990453596288,46.74848144064773,-0.00206110502836121,-0.0011179075454055276,0.0038445010019285348,EURUSD
2025-10-22,1.160038948059082,1.1616560220718384,1.1577692031860352,1.160038948059082,0,1.1621813416481017,1.164097209486802,42.74768408732069,-0.0023336789267156544,-0.0037817161497502028,0.0037372285908347062,EURUSD
2025-10-23,1.1608469486236572,1.1621150970458984,1.1586410999298096,1.1608469486236572,0,1.1619463920593263,1.1635062529662301,43.69977524466614,-0.002456183458147132,0.0006965288242495316,0.0037140048860260393,EURUSD
2025-10-24,1.1618045568466187,1.164768099784851,1.1601735353469849,1.1618045568466187,0,1.1624624133110046,1.1631968536717552,44.8699078390973,-0.0024477816976575806,0.0008249220313640837,0.003187767556341312,EURUSD
2025-10-27,1.1631693840026855,1.164958119392395,1.1618720293045044,1.1631693840026855,0,1.162755262851715,1.1631918591864696,46.57422436852559,-0.0023044290728850836,0.0011747476354984077,0.0030647501382667975,EURUSD
2025-10-28,1.165175199508667,1.1668611764907837,1.1627906560897827,1.165175199508667,0,1.1636043310165405,1.1635524665177783,49.06631946221747,-0.002005846388350996,0.001724439736437322,0.0028550700336470607,EURUSD
2025-10-29,1.1657865047454834,1.1665889024734497,1.1619800329208374,1.1657865047454834,0,1.1641602396965027,1.163958655286452,49.83433875668126,-0.0017002903472367326,0.0005246466257384785,0.0027354633611711503,EURUSD
2025-10-30,1.1603351831436157,1.1634671688079834,1.1547610759735107,1.1603351831436157,0,1.16373051404953,1.1632998421695726,43.530702843103796,-0.0018763813220425973,-0.004676089129250882,0.0029016445284262694,EURUSD
2025-10-31,1.157246708869934,1.1577826738357544,1.152379035949707,1.157246708869934,0,1.162459170818329,1.1621992724787291,40.41182908654653,-0.002239335089696537,-0.0026617087187809085,0.002389869992495946,EURUSD
2025-11-03,1.1528042554855347,1.1542012691497803,1.1506155729293823,1.1528042554855347,0,1.1611650228500365,1.1604910875708754,36.374762959025034,-0.002852564834737281,-0.003838812718454432,0.0024185143289579365,EURUSD
2025-11-04,1.1519144773483276,1.1532961130142212,1.1473548412322998,1.1519144773483276,0,1.1599122166633606,1.1589317038940485,35.60750321540925,-0.0033714870808598807,-0.0007718380054315688,0.0024209126092934095,EURUSD
2025-11-05,1.1485539674758911,1.149795413017273,1.1470125913619995,1.1485539674758911,0,1.1587637186050415,1.1570448427271107,32.794015837919915,-0.00400770345062762,-0.0029173258419082915,0.002327290409529006,EURUSD
2025-11-06,1.1496764421463013,1.154294490814209,1.149385690689087,1.1496764421463013,0,1.1576466679573059,1.1557051335306,34.651375281947935,-0.004370949596246287,0.0009772937991558983,0.002351492644702759,EURUSD
2025-11-07,1.1549211740493774,1.1589902639389038,1.153043508529663,1.1549211740493774,0,1.1569583296775818,1.1555625954431048,42.629616986432644,-0.00418734959161382,0.004561919954874316,0.0029002775162920505,EURUSD
2025-11-10,1.1554548740386963,1.1582250595092773,1.1543744802474976,1.1543878316879272,0,1.156080174446106,1.1553490020330726,42.067170115927,-0.004038330179876537,-0.0004617997950285835,0.0028350556903706274,EURUSD
2025-11-11,1.1557353734970093,1.1606314182281494,1.1548144817352295,1.1557220220565796,0,1.1551348567008972,1.1554168238555285,44.05565667408803,-0.003769125082242475,0.0011557557451913336,0.002785081542808909,EURUSD
2025-11-12,1.1588828563690186,1.1597968339920044,1.1563233137130737,1.1587486267089844,0,1.1544310688972472,1.1560226061925205,48.383844947802615,-0.003273817867297746,0.0026187998451556727,0.0029692925622511555,EURUSD
2025-11-13,1.159245491027832,1.1649309396743774,1.1579837799072266,1.159218668937683,0,1.154319417476654,1.1566037085098229,49.04319795775681,-0.0028109519471193334,0.0004056464170609786,0.002607227857888552,EURUSD
2025-11-14,1.1630746126174927,1.1653653383255005,1.1608065366744995,1.1631964445114136,0,1.154914391040802,1.1578023877828394,54.35688203579866,-0.0020989586368573843,0.0034314281509766342,0.002651874667568185,EURUSD
2025-11-17,1.16146719455719,1.1617100238800049,1.1583056449890137,1.1615345478057861,0,1.155787420272827,1.1584809623324661,51.920845726581675,-0.0016497823202992201,-0.0014287326216213536,0.002298022851760248,EURUSD
2025-11-18,1.159003734588623,1.1606987714767456,1.1573805809020996,1.159057378768921,0,1.1565017104148865,1.1585857653209124,48.436372515476585,-0.0014766715416598686,-0.002132669270616838,0.0024348431450631034,EURUSD
2025-11-19,1.158104419708252,1.1597565412521362,1.1535356044769287,1.1581177711486816,0,1.1574580907821654,1.1585006754714158,47.14397202817783,-0.0013991697270565595,-0.0008106653194661639,0.002171587512880723,EURUSD
2025-11-20,1.154068112373352,1.1551345586776733,1.1507744789123535,1.154068112373352,0,1.1578972578048705,1.1576947549081313,41.94878195318997,-0.0016455536808601678,-0.0034967590310897023,0.0025637376236559597,EURUSD
2025-11-21,1.1535356044769287,1.1552013158798218,1.1492139101028442,1.1534557342529297,0,1.1577507138252259,1.1569240238799128,41.20925174634591,-0.0018686874698754519,-0.0005306256310669832,0.0021067578162035244,EURUSD
2025-11-24,1.1507877111434937,1.1551345586776733,1.1502846479415894,1.1507612466812134,0,1.1573880553245544,1.1558035189346947,38.032166746547574,-0.0022371566838577106,-0.0023360129840279686,0.002220357207123802,EURUSD
2025-11-25,1.1520737409591675,1.1583458185195923,1.1512116193771362,1.1520073413848877,0,1.1570165872573852,1.1551133048347297,40.32354440754595,-0.0024009451608000276,0.0010828438194874224,0.002215113991656801,EURUSD
2025-11-26,1.156577467918396,1.1602274179458618,1.154961109161377,1.156483769416809,0,1.1567901015281676,1.1553624802132896,47.79202793945524,-0.0021448142936266734,0.0038857634592328605,0.0024278735013724467,EURUSD
2025-11-27,1.1603620052337646,1.1615750789642334,1.1577155590057373,1.1602139472961426,0,1.1568896293640136,1.1562445651374444,53.06339980773898,-0.0016221355863093034,0.0032254476698920787,0.0026579709116267523,EURUSD
2025-11-28,1.1600254774093628,1.1606718301773071,1.1557353734970093,1.1599851846694946,0,1.1565685033798219,1.1569246777796354,52.71189145753161,-0.001212392471461765,-0.00019717279488074002,0.0023845962151441105,EURUSD
2025-12-01,1.1602139472961426,1.1651887893676758,1.159003734588623,1.1601465940475464,0,1.1564297080039978,1.1575104807374372,52.948723444179606,-0.0008646762633297556,0.00013914779273482836,0.002351541015430589,EURUSD
2025-12-02,1.1607661247253418,1.1623852252960205,1.1592992544174194,1.1607661247253418,0,1.15660058259964,1.1581024160079654,53.903011966318445,-0.0005329739235351294,0.0005340106853513049,0.0022464256791345106,EURUSD
2025-12-03,1.1628988981246948,1.1675832271575928,1.1628177165985107,1.1627906560897827,0,1.15706787109375,1.1589548232955684,56.97404959585709,-0.00010551831857230631,0.0017441337417734015,0.0022702323655941054,EURUSD
2025-12-04,1.166670560836792,1.1682243347167969,1.1653653383255005,1.1666841506958008,0,1.158329474925995,1.1603601555501561,62.19090312489659,0.0005411774466914654,0.003348405480923855,0.0019759334263282865,EURUSD
2025-12-05,1.1644561290740967,1.167147159576416,1.162858247756958,1.1642799377441406,0,1.159411895275116,1.1610728432217896,57.55060282951988,0.0008498915863333067,-0.002060723075929638,0.0021654889808011583,EURUSD
2025-12-08,1.1641172170639038,1.1672561168670654,1.1616965532302856,1.164022445678711,0,1.1607380151748656,1.1616091345775934,57.05955566197264,0.0010615355869720844,-0.00022115992647664395,0.0018969947215611003,EURUSD
2025-12-09,1.1641442775726318,1.165677785873413,1.1616965532302856,1.1641442775726318,0,1.1619517087936402,1.1620700696676003,57.24543778540664,0.001224975048104593,0.00010466455726287904,0.0019257338325151174,EURUSD
2025-12-10,1.1628447771072388,1.165745735168457,1.1622366905212402,1.1628313064575195,0,1.1625864624977111,1.1622084763566765,54.50700389268767,0.0012343276418249616,-0.0011278422618286044,0.0017501238010783993,EURUSD
2025-12-11,1.170192837715149,1.1759449243545532,1.1683062314987183,1.1701242923736572,0,1.1635774970054626,1.1636477156324911,64.62859117504892,0.0018093654149238247,0.006271748856121917,0.0024089082376282833,EURUSD
2025-12-12,1.1741361618041992,1.1746740341186523,1.172016978263855,1.1739431619644165,0,1.164973294734955,1.1655196149655684,68.57170280833836,0.0025439132054758673,0.003263644397137,0.002488474761249788,EURUSD
2025-12-15,1.1737502813339233,1.1769136190414429,1.1727042198181152,1.1737639904022217,0,1.1663350343704224,1.1670185923176872,68.18763203563003,0.003076130259146437,-0.00015262371126645302,0.0025039523984161137,EURUSD
2025-12-16,1.1755025386810303,1.18047034740448,1.1746050119400024,1.1754610538482666,0,1.1678045272827149,1.168553585323247,69.90691259927866,0.0035934320973574074,0.0014458302179327642,0.0024947874613450247,EURUSD
2025-12-17,1.1749638319015503,1.1757928133010864,1.1704530715942383,1.1749500036239624,0,1.1690204620361329,1.1697165704688315,68.70277743710746,0.003917007227950409,-0.00043476576500012243,0.0025426532969664065,EURUSD
2025-12-18,1.1742188930511475,1.1758896112442017,1.17134428024292,1.1742326021194458,0,1.1697753071784973,1.1705376671325796,66.95917059286455,0.00406865363785025,-0.0006105804521927549,0.002450476895642654,EURUSD
2025-12-19,1.1725391149520874,1.1737502813339233,1.1704120635986328,1.1725666522979736,0,1.1706039786338807,1.1709065735262876,62.96300017169917,0.004008202222379742,-0.0014187562314870172,0.0023790019767399037,EURUSD
2025-12-22,1.1710835695266724,1.177024483680725,1.1710835695266724,1.1708093881607056,0,1.17128267288208,1.170888903459818,58.96547204596053,0.003774981869139271,-0.001498647547091836,0.0024673393702728673,EURUSD
2025-12-23,1.1764428615570068,1.18035888671875,1.176429033279419,1.1765950918197632,0,1.1725277543067931,1.1719263922525351,66.50564852104424,0.004010777247589026,0.00494162732000869,0.0028128044467111983,EURUSD
2025-12-24,1.179565191268921,1.1809163093566895,1.1774264574050903,1.179551362991333,0,1.1741997599601746,1.1733127505686802,69.58135378975498,0.0043856382529658955,0.002512564596030664,0.0027314398523326415,EURUSD
2025-12-26,1.178383708000183,1.179940938949585,1.1763044595718384,1.1785364151000977,0,1.1750409722328186,1.1742625077562105,67.29654392560263,0.004548389485194315,-0.000860452476322382,0.002208374772887046,EURUSD
2025-12-29,1.1774957180023193,1.1788560152053833,1.1754058599472046,1.1772738695144653,0,1.1753740429878234,1.174810028075893,64.46096337893762,0.004523351748796367,-0.0010712826260231845,0.0020747459655550173,EURUSD
2025-12-30,1.1773016452789307,1.1781338453292847,1.1746188402175903,1.1772878170013428,0,1.1757264256477356,1.1752605351532475,64.47876956082175,0.004453299740614147,1.1847274655973905e-05,0.002071538193683008,EURUSD
