Date,Open,High,Low,Close,Volume,SMA_10,EMA_10,RSI,MACD,Returns,Volatility,Pair
2015-02-05,9.558300018310547,9.558300018310547,9.421600341796875,9.444700241088867,0,9.539980125427245,9.493352782104475,54.452978881652136,0.09793352461619875,-0.01181256591833657,0.00773531419172957,USDMAD
2015-02-06,9.432000160217285,9.585000038146973,9.42490005493164,9.532400131225586,0,9.531030178070068,9.500452300126495,59.20297170703136,0.09471940483135377,0.009285619225391839,0.0075732824307789826,USDMAD
2015-02-09,9.289999961853027,9.587699890136719,9.289999961853027,9.526800155639648,0,9.524010181427002,9.505242819310705,58.78142581720164,0.09067507469869263,-0.0005874675327144363,0.007550374884018267,USDMAD
2015-02-10,9.536199569702148,9.586099624633789,9.516599655151367,9.531999588012695,0,9.525660133361816,9.51010768634743,59.072811192762,0.08688787532880227,0.0005457690187788966,0.007038676311808272,USDMAD
2015-02-11,9.54419994354248,9.582900047302246,9.51449966430664,9.549599647521973,0,9.52322006225586,9.51728804292462,60.10101572028802,0.0843345144690435,0.0018464184085162927,0.006760436284388065,USDMAD
2015-02-12,9.550999641418457,9.55270004272461,9.458800315856934,9.476300239562988,0,9.517280101776123,9.509835715040685,54.01474909434997,0.07552569476203175,-0.007675652452928228,0.007080241570656945,USDMAD
2015-02-13,9.500200271606445,9.520000457763672,9.448200225830078,9.520000457763672,0,9.51363010406494,9.511683850081228,56.82211092243903,0.07124956345474409,0.004611527399505322,0.007226588208079978,USDMAD
2015-02-16,9.229499816894531,9.547200202941895,9.22249984741211,9.532999992370605,0,9.513530063629151,9.51555951231566,57.65035527597594,0.06812435720309473,0.0013654972670018584,0.007208183718852152,USDMAD
2015-02-17,9.523099899291992,9.55049991607666,9.444899559020996,9.470100402832031,0,9.514250087738038,9.507294219682272,52.41158821755484,0.059881856761228036,-0.00659808975022691,0.007113718915780374,USDMAD
2015-02-18,9.48289966583252,9.543399810791016,9.45199966430664,9.482999801635742,0,9.506790065765381,9.50287705276472,53.34786650362738,0.05377065481805232,0.0013621184839660572,0.006248426878138397,USDMAD
2015-02-19,9.483699798583984,9.522500038146973,9.443099975585938,9.503800392150879,0,9.512700080871582,9.503044932653113,54.88912632440127,0.050029211458445744,0.002193461030290056,0.004927153410020705,USDMAD
2015-02-20,9.503800392150879,9.581199645996094,9.461899757385254,9.495200157165527,0,9.508980083465577,9.501618609837188,54.09339234825371,0.04584168909572384,-0.0009049258854861852,0.003882201209323662,USDMAD
2015-02-23,9.261799812316895,9.557100296020508,9.251299858093262,9.523200035095215,0,9.508620071411134,9.505542505338646,56.31391502947388,0.04427206281623697,0.002948845465733374,0.0040202298930491955,USDMAD
2015-02-24,9.5246000289917,9.568599700927734,9.505000114440918,9.54990005493164,0,9.510410118103028,9.513607514355554,58.3812423954073,0.04466768981708036,0.0028036815081096123,0.004118399520585351,USDMAD
2015-02-25,9.294099807739258,9.520000457763672,9.2568998336792,9.492400169372559,0,9.504690170288086,9.509751633449554,52.607542315687866,0.039881735031634946,-0.006020993437453659,0.004501570592443659,USDMAD
2015-02-26,9.503399848937988,9.640000343322754,9.48550033569336,9.60890007019043,0,9.51795015335083,9.527778621947894,61.01909331790258,0.044971002030999685,0.012272965608188358,0.005352983484354234,USDMAD
2015-02-27,9.609600067138672,9.626700401306152,9.574199676513672,9.62030029296875,0,9.527980136871339,9.544600743951685,61.734813319048804,0.04935524890990095,0.0011864232841474198,0.005233140265937685,USDMAD
2015-03-02,9.395099639892578,9.652799606323242,9.395099639892578,9.626700401306152,0,9.537350177764893,9.559527954379769,62.15491973944863,0.05273829714210976,0.0006652711602028738,0.00523329641292932,USDMAD
2015-03-03,9.626700401306152,9.665399551391602,9.598400115966797,9.624600410461426,0,9.552800178527832,9.571359310030978,61.91472461528999,0.0546203066339519,-0.00021814232885464246,0.00454954792129128,USDMAD
2015-03-04,9.623299598693848,9.730600357055664,9.613200187683105,9.72089958190918,0,9.576590156555175,9.59854845037247,68.01824974814103,0.06315434704494116,0.01000552410914457,0.005258979619603942,USDMAD
2015-03-05,9.691499710083008,9.782099723815918,9.654500007629395,9.730899810791016,0,9.599300098419189,9.62261233408493,68.58134682669379,0.06991859243962573,0.0010287349228919052,0.005279214812408511,USDMAD
2015-03-06,9.722100257873535,9.869999885559082,9.722100257873535,9.83650016784668,0,9.633430099487304,9.66150103113252,73.82272616770653,0.08284538193061763,0.010852064979495424,0.005754902616131231,USDMAD
2015-03-09,9.584199905395508,9.885299682617188,9.574600219726562,9.866299629211426,0,9.667740058898925,9.698737139874138,75.08581092812506,0.09440626654746431,0.0030294780517723385,0.005754019369732142,USDMAD
2015-03-10,9.85789966583252,9.98550033569336,9.85789966583252,9.954099655151367,0,9.708160018920898,9.745166688106362,78.39375586412031,0.10939207546416263,0.008898982317543824,0.005983217181933376,USDMAD
2015-03-11,9.962800025939941,10.102499961853027,9.95110034942627,10.07450008392334,0,9.766370010375976,9.805045487345813,81.93576149385098,0.12949105311615838,0.01209556192354011,0.00525278866640962,USDMAD
2015-03-12,10.083499908447266,10.116499900817871,9.972000122070312,10.018500328063965,0,9.80733003616333,9.843855458385477,75.71829335745952,0.1392952168704955,-0.0055585642357319776,0.005870140487325412,USDMAD
2015-03-13,10.019499778747559,10.149999618530273,10.01159954071045,10.097000122070312,0,9.855000019073486,9.889881760873628,78.21395413911905,0.15165122369994855,0.007835483499107454,0.005867618694748944,USDMAD
2015-03-16,9.850600242614746,10.112500190734863,9.773500442504883,10.058500289916992,0,9.89818000793457,9.920539675245148,74.18671437810372,0.15653242507603693,-0.003812997096946269,0.006372780552542479,USDMAD
2015-03-17,10.031999588012695,10.074000358581543,9.787599563598633,10.040499687194824,0,9.93976993560791,9.942350586508725,72.31195202818915,0.1571369373321616,-0.0017895911123263497,0.006517471485044102,USDMAD
2015-03-18,10.031999588012695,10.060999870300293,9.525300025939941,9.845800399780273,0,9.95226001739502,9.924796007103552,55.86685886920847,0.1402882566298782,-0.019391394201511813,0.00955781438932634,USDMAD
2015-03-19,9.83549976348877,10.041000366210938,9.801400184631348,9.975199699401855,0,9.976690006256103,9.933960314794152,62.04487362915803,0.13581144799670497,0.013142588145954148,0.010258926797128734,USDMAD
2015-03-20,9.986499786376953,10.008999824523926,9.642399787902832,9.642399787902832,0,9.95727996826172,9.880949309904821,44.70988344636043,0.10420812694803772,-0.03336273172746396,0.014797751589941633,USDMAD
2015-03-23,9.657099723815918,9.907099723815918,9.521499633789062,9.786800384521484,0,9.949330043792724,9.863831323471487,51.094643668978726,0.08977926913933842,0.014975586969523391,0.01569418992740674,USDMAD
2015-03-24,9.771599769592285,9.820300102233887,9.557900428771973,9.815999984741211,0,9.93552007675171,9.855134716429617,52.29430838106389,0.07978079572681018,0.002983569611362258,0.015401069019454058,USDMAD
2015-03-25,9.806500434875488,9.810999870300293,9.524399757385254,9.768099784851074,0,9.904880046844482,9.839310183415336,50.122213449989445,0.06721695251234827,-0.004879808472350922,0.014680648385258961,USDMAD
2015-03-26,9.76830005645752,9.871600151062012,9.710200309753418,9.828499794006348,0,9.88587999343872,9.837344658068247,52.785304027937805,0.06142571479816361,0.006183393954364069,0.014919637487538362,USDMAD
2015-03-27,9.829299926757812,9.905500411987305,9.572999954223633,9.572999954223633,0,9.833479976654052,9.789281984641953,42.45819802188363,0.03580665854600085,-0.02599581270160123,0.016264191007807627,USDMAD
2015-03-30,9.600299835205078,9.90149974822998,9.582599639892578,9.856100082397461,0,9.8132399559021,9.80143072968841,53.34901669121498,0.03791018129625279,0.029572770242093593,0.019652886226320554,USDMAD
2015-03-31,9.888500213623047,9.968000411987305,9.852499961853027,9.935799598693848,0,9.802769947052003,9.825861433143944,55.88068129412111,0.045484011744783004,0.00808631361594303,0.019903149099827728,USDMAD
2015-04-01,9.915300369262695,9.968000411987305,9.643799781799316,9.908900260925293,0,9.809079933166505,9.840959401831462,54.79975868882831,0.0487537720548854,-0.0027073148468182984,0.018849307759854224,USDMAD
2015-04-02,9.896300315856934,9.923500061035156,9.576299667358398,9.587800025939941,0,9.770339965820312,9.79493042439664,43.886638409331866,0.02514511797360086,-0.03240523433781817,0.02092431375217254,USDMAD
2015-04-03,9.590999603271484,9.75,9.497900009155273,9.497900009155273,0,9.755889987945556,9.740924894352753,41.40074617780425,-0.0008097561409829979,-0.009376501026454709,0.018372347005325734,USDMAD
2015-04-06,9.486800193786621,9.760000228881836,9.484100341796875,9.535900115966797,0,9.730799961090089,9.703647661918943,42.87372206407242,-0.018104195930794376,0.004000895647974234,0.017599914006820688,USDMAD
2015-04-07,9.52929973602295,9.88290023803711,9.52929973602295,9.871299743652344,0,9.736329936981202,9.734129858597743,53.890537076558324,-0.004692129216490315,0.0351723092321361,0.02126645407468865,USDMAD
2015-04-08,9.618499755859375,9.913999557495117,9.588899612426758,9.647199630737305,0,9.724239921569824,9.718324362623118,47.323610210732795,-0.0120075602658396,-0.02270218904649768,0.02250294696528151,USDMAD
2015-04-09,9.876299858093262,10.008000373840332,9.622200012207031,9.986499786376953,0,9.740039920806884,9.767083530578361,56.05504070627668,0.009464494037302984,0.03517084424775363,0.025234761536334204,USDMAD
2015-04-10,9.98550033569336,10.056500434875488,9.694600105285645,9.778400421142578,0,9.76057996749878,9.769141147044582,50.5236366737157,0.009578951959387183,-0.020838068360873874,0.02464754119673361,USDMAD
2015-04-13,9.77079963684082,10.081000328063965,9.77079963684082,9.789999961853027,0,9.753969955444337,9.772933658827936,50.81498214011687,0.010484784610751419,0.0011862411244041304,0.022730051685065616,USDMAD
2015-04-14,9.783300399780273,10.071999549865723,9.746700286865234,10.001500129699707,0,9.760540008544922,9.81449119898644,55.91272954418408,0.02794680609333966,0.02160369445054089,0.023675787147366074,USDMAD
2015-04-15,10.001500129699707,10.072500228881836,9.718299865722656,9.718299865722656,0,9.741479969024658,9.797001865665752,48.64277868450208,0.01871792088530988,-0.02831577866365076,0.025430497565598936,USDMAD
2015-04-16,9.717100143432617,10.010499954223633,9.690600395202637,9.929200172424316,0,9.775619983673096,9.821037921440036,53.49245180203309,0.028097959266784045,0.021701358222699474,0.02386788169896825,USDMAD
2015-04-17,9.920499801635742,9.95300006866455,9.643699645996094,9.643699645996094,0,9.790199947357177,9.788794598632046,47.01948732583916,0.0123518167535277,-0.02875362783209101,0.025764130742397376,USDMAD
2015-04-20,9.923800468444824,9.960000038146973,9.689000129699707,9.935199737548828,0,9.830129909515382,9.815413714798733,53.240954604775965,0.02312790252366348,0.03022699817012242,0.02729957182799571,USDMAD
2015-04-21,9.944299697875977,10.010000228881836,9.684300422668457,9.684300422668457,0,9.811429977416992,9.79157493441141,48.014637221380696,0.011292378763098299,-0.0252535753188865,0.026415757543041866,USDMAD
2015-04-22,9.684499740600586,9.960000038146973,9.67959976196289,9.941699981689453,0,9.840880012512207,9.818870397552871,53.10099157794646,0.02242414259039549,0.026579055562804488,0.026636999444744357,USDMAD
2015-04-23,9.941699981689453,9.981200218200684,9.635000228881836,9.63599967956543,0,9.805830001831055,9.785621176100609,47.19498242357095,0.006503715304559066,-0.030749298680010417,0.02603176376322574,USDMAD
2015-04-24,9.646200180053711,9.91919994354248,9.609700202941895,9.609700202941895,0,9.788959980010986,9.753635544617206,46.713621377238084,-0.008141634297382794,-0.0027292940533515386,0.025292559292411847,USDMAD
2015-04-27,9.859999656677246,9.913800239562988,9.827899932861328,9.85770034790039,0,9.795730018615723,9.77255641794142,51.7148656825726,0.0002603584533105163,0.0258072717900788,0.02673497999462052,USDMAD
2015-04-28,9.85770034790039,9.888299942016602,9.548999786376953,9.548999786376953,0,9.750479984283448,9.73190975765697,45.93549639625794,-0.017785536561016002,-0.0313156771486961,0.02743439327330603,USDMAD
2015-04-29,9.554200172424316,9.82349967956543,9.471500396728516,9.729900360107422,0,9.751640033721923,9.731544412647962,49.49727610481362,-0.017290559120112903,0.018944452589531924,0.026899279786240852,USDMAD
2015-04-30,9.729900360107422,9.74940013885498,9.434499740600586,9.434499740600586,0,9.70216999053955,9.67753629045753,44.358201675984155,-0.04027043465704416,-0.030360086801914044,0.027362387549863032,USDMAD
2015-05-01,9.443400382995605,9.694999694824219,9.435500144958496,9.454299926757812,0,9.683230018615722,9.636947860693944,44.77211042896462,-0.05623618628560578,0.0020987001644632297,0.026065060871187876,USDMAD
2015-05-04,9.4621000289917,9.746199607849121,9.4621000289917,9.711600303649902,0,9.66087007522583,9.650521032140482,49.97936148040658,-0.04757871164097338,0.02721516969901394,0.025669876455598838,USDMAD
2015-05-05,9.470600128173828,9.766200065612793,9.447500228881836,9.685500144958496,0,9.660990047454835,9.656880870834666,49.469822017101606,-0.04233564631197417,-0.002687523979091,0.024354410768199615,USDMAD
2015-05-06,9.693499565124512,9.7052001953125,9.362700462341309,9.369400024414062,0,9.603760051727296,9.60461162603092,43.66384519928952,-0.06296133811972737,-0.03263642721733584,0.024448295162539477,USDMAD
2015-05-07,9.373700141906738,9.68690013885498,9.368000030517578,9.648099899291992,0,9.60497007369995,9.61251858480566,49.312354678470975,-0.056171091390586625,0.029745754706994587,0.025022957586045735,USDMAD
2015-05-08,9.648099899291992,9.710599899291992,9.449399948120117,9.449399948120117,0,9.588940048217774,9.582860650862832,45.78751472725565,-0.06606167947245822,-0.020594723649830393,0.025894440515659718,USDMAD
2015-05-11,9.454000473022461,9.742899894714355,9.447500228881836,9.72350025177002,0,9.575520038604736,9.608431487391412,50.99166739077958,-0.051192324778519094,0.029007165021566417,0.026284544980369053,USDMAD
2015-05-12,9.711899757385254,9.725500106811523,9.423199653625488,9.666299819946289,0,9.58725004196167,9.618953002401389,49.914818703195266,-0.04352215455378072,-0.005882699680428094,0.024177535646858032,USDMAD
2015-05-13,9.666600227355957,9.699299812316895,9.362600326538086,9.597800254821777,0,9.574040031433105,9.615107048296004,48.591427279424785,-0.04248113573175161,-0.0070864308370782725,0.023480143339874294,USDMAD
2015-05-14,9.605799674987793,9.634300231933594,9.335599899291992,9.577099800109863,0,9.588300037384034,9.608196639534887,48.17574262687215,-0.04283272551223405,-0.0021567915733101684,0.021156289482006912,USDMAD
2015-05-15,9.555999755859375,9.640899658203125,9.307900428771973,9.307900428771973,0,9.573660087585449,9.553597328487083,43.0214590480868,-0.06409465908785705,-0.02810865261473028,0.023155464271795708,USDMAD
2015-05-18,9.316900253295898,9.64050006866455,9.311300277709961,9.609399795532227,0,9.563440036773681,9.5637432315862,49.53380547070726,-0.05597121415240913,0.03239176966572166,0.023909812379679325,USDMAD
2015-05-19,9.628499984741211,9.74839973449707,9.596599578857422,9.7121000289917,0,9.566100025177002,9.590717194750836,51.56456762611225,-0.04077623195662028,0.010687476392357231,0.024165276636586783,USDMAD
2015-05-20,9.713199615478516,9.771699905395508,9.491800308227539,9.722700119018555,0,9.60143003463745,9.614714090072239,51.78024585180256,-0.027561053744594943,0.001091431306845303,0.02119156971734155,USDMAD
2015-05-21,9.728899955749512,9.75510025024414,9.481900215148926,9.724200248718262,0,9.609040069580079,9.634620664371514,51.812948085445115,-0.01677352709252311,0.00015429147061452042,0.019150757332454083,USDMAD
2015-05-22,9.742500305175781,9.810500144958496,9.549500465393066,9.549500465393066,0,9.619050121307373,9.61914426455725,47.75144158346825,-0.0220667749427097,-0.01796546542202504,0.018837582062660035,USDMAD
2015-05-25,9.774999618530273,9.833100318908691,9.527899742126465,9.797200202941895,0,9.62642011642456,9.651518071536275,53.33668724431278,-0.006202910007276685,0.025938502065786517,0.018353276851295345,USDMAD
2015-05-26,9.796899795532227,9.88479995727539,9.597299575805664,9.842399597167969,0,9.644030094146729,9.68622380346931,54.29676554759484,0.00990238211694816,0.0046135011319357044,0.018221537429791105,USDMAD
2015-05-27,9.842399597167969,9.91409969329834,9.58329963684082,9.590700149536133,0,9.643320083618164,9.668855866390551,48.3331392272394,0.0023290524075534336,-0.02557297589342533,0.02008349847260722,USDMAD
2015-05-28,9.832200050354004,9.885700225830078,9.545599937438965,9.801799774169922,0,9.66579008102417,9.6930274859868,52.99608512356592,0.013208846168328847,0.022010866917156147,0.021203653619127332,USDMAD
2015-05-29,9.801799774169922,9.845100402832031,9.556699752807617,9.556699752807617,0,9.690670013427734,9.668240625408766,47.622089374947436,0.0020302344913947223,-0.025005613969814156,0.020722803416802917,USDMAD
2015-06-01,9.585700035095215,9.876199722290039,9.585700035095215,9.827500343322754,0,9.712480068206787,9.697196937756763,53.2613322539486,0.01485125268313503,0.028336203660220605,0.020110721807027596,USDMAD
2015-06-02,9.826399803161621,9.846500396728516,9.672800064086914,9.696800231933594,0,9.710950088500976,9.697124809425278,50.438741555758355,0.014300745199088638,-0.013299425776969187,0.020443976106430218,USDMAD
2015-06-03,9.70460033416748,9.764699935913086,9.616900444030762,9.663000106811523,0,9.704980087280273,9.690920318040957,49.705133388411085,0.011010158183911045,-0.0034856988195713923,0.020468797732017104,USDMAD
2015-06-04,9.66100025177002,9.684900283813477,9.576499938964844,9.67140007019043,0,9.69970006942749,9.687371182068134,49.90015380330538,0.008976673604708552,0.0008692914504870863,0.020472304614594344,USDMAD
2015-06-05,9.67300033569336,9.786199569702148,9.618000030517578,9.721799850463867,0,9.71693000793457,9.693630939958267,51.12471818635972,0.011301684698603154,0.005211218635115866,0.019548304458426004,USDMAD
2015-06-08,9.486200332641602,9.750900268554688,9.47819995880127,9.634900093078613,0,9.700699996948241,9.682952604161965,48.905120963615325,0.006062306081052071,-0.008938649089870743,0.01783101849176989,USDMAD
2015-06-09,9.635899543762207,9.699000358581543,9.58810043334961,9.625699996948242,0,9.67903003692627,9.672543039214014,48.664234924641946,0.0011543829021309904,-0.0009548719801443228,0.01770448026091239,USDMAD
2015-06-10,9.628299713134766,9.673800468444824,9.564299583435059,9.607099533081055,0,9.680669975280761,9.660644219917112,48.14787737431297,-0.0041878091038327625,-0.0019323751906962228,0.01568223297645762,USDMAD
2015-06-11,9.607600212097168,9.710399627685547,9.6003999710083,9.653900146484375,0,9.665880012512208,9.659418024747522,49.59701405952577,-0.004592180585120786,0.004871461281541478,0.013876056189429857,USDMAD
2015-06-12,9.653900146484375,9.73330020904541,9.614999771118164,9.643600463867188,0,9.674570083618164,9.65654210458746,49.270660632817666,-0.005678290409322884,-0.0010668934276203412,0.011155749463332355,USDMAD
2015-06-15,9.433300018310547,9.705300331115723,9.425600051879883,9.629300117492676,0,9.654750061035156,9.651589016024772,48.790621771633056,-0.007605289664320836,-0.0014828845749149666,0.005654017881883374,USDMAD
2015-06-16,9.629500389099121,9.70199966430664,9.601699829101562,9.655699729919434,0,9.65064001083374,9.652336418551073,49.763685885393855,-0.006922424959242335,0.002741592026901385,0.004182708742553835,USDMAD
2015-06-17,9.642399787902832,9.692299842834473,9.585000038146973,9.604000091552734,0,9.644740009307862,9.643547995460466,47.846276975732984,-0.010432716641677331,-0.005354312977080333,0.004372480423640608,USDMAD
2015-06-18,9.591300010681152,9.619500160217285,9.546500205993652,9.602999687194824,0,9.6378999710083,9.636175575775804,47.807890827322076,-0.013143858146305476,-0.00010416538404556253,0.004346805300277653,USDMAD
2015-06-19,9.602999687194824,9.65530014038086,9.317899703979492,9.353599548339844,0,9.601079940795898,9.584798116241993,39.33532534550284,-0.03501335207544187,-0.025971066018834144,0.008669497042815569,USDMAD
2015-06-22,9.343799591064453,9.635899543762207,9.325799942016602,9.581899642944336,0,9.59577989578247,9.584271121096965,48.357596594291074,-0.03353658504776291,0.024407725969518568,0.012182844181636263,USDMAD
2015-06-23,9.616999626159668,9.736499786376953,9.45359992980957,9.68280029296875,0,9.601489925384522,9.602185515982743,51.7715373577295,-0.023948335835552115,0.0105303388455662,0.012665401097763684,USDMAD
2015-06-24,9.675999641418457,9.722599983215332,9.432299613952637,9.674300193786621,0,9.608209991455078,9.615297275583448,51.462892927700466,-0.016841329853784615,-0.000877855467937394,0.012645757039338875,USDMAD
2015-06-25,9.690500259399414,9.714599609375,9.424300193786621,9.424300193786621,0,9.585249996185302,9.58057053343857,43.28873576339364,-0.03102425873013459,-0.0258416624450587,0.015041528859182867,USDMAD
2015-06-26,9.425299644470215,9.730899810791016,9.425299644470215,9.699999809265137,0,9.590889930725098,9.602284947225217,52.28887590015511,-0.019789555518388013,0.029254120710233922,0.018069465460611354,USDMAD
2015-06-29,9.602299690246582,9.767800331115723,9.416899681091309,9.677000045776367,0,9.595659923553466,9.615869510598152,51.55383281780694,-0.012596654585003364,-0.0023711096846414925,0.018083730232976845,USDMAD
2015-06-30,9.66759967803955,9.743000030517578,9.458700180053711,9.710000038146973,0,9.60108995437622,9.632984151970664,52.58375822209442,-0.00418516124768864,0.0034101469685337005,0.018093590644343405,USDMAD
2015-07-01,9.694199562072754,9.784000396728516,9.462499618530273,9.757599830627441,0,9.616449928283691,9.655641548090077,54.09954880616283,0.006249868673126713,0.004902141327854492,0.018002214268600436,USDMAD
2015-07-02,9.75570011138916,9.780500411987305,9.714099884033203,9.73799991607666,0,9.629949951171875,9.67061579681491,53.34336686458538,0.012790712394236792,-0.0020086819393084765,0.01803386640408358,USDMAD
2015-07-03,9.748000144958496,9.765199661254883,9.482600212097168,9.720000267028809,0,9.666590023040772,9.679594791399255,52.61601401270493,0.016333672509302843,-0.0018483928119711335,0.015359581320787264,USDMAD
2015-07-06,9.566900253295898,9.803600311279297,9.486800193786621,9.516200065612793,0,9.660020065307616,9.64988665943808,45.11513384314298,0.0026657913182983606,-0.020967098335102463,0.015348621414023877,USDMAD
2015-07-07,9.517399787902832,9.858499526977539,9.491000175476074,9.784000396728516,0,9.670140075683594,9.674270975309067,54.32871910358782,0.013289947382233436,0.02814151964747258,0.017609201801613326,USDMAD
2015-07-08,9.784000396728516,9.81089973449707,9.720199584960938,9.76449966430664,0,9.679160022735596,9.690676191490443,53.622807862404905,0.01990665000400149,-0.0019931246556771365,0.017627200976503034,USDMAD
2015-07-09,9.746299743652344,9.803000450134277,9.702099800109863,9.737799644470215,0,9.710509967803954,9.699244092032218,52.61477727043013,0.022733903752007123,-0.002734397127793997,0.015031106797044473,USDMAD
2015-07-10,9.767000198364258,9.767000198364258,9.456899642944336,9.456899642944336,0,9.686199951171876,9.655181464925331,43.376280511102266,0.0022819354413776693,-0.028846352541807896,0.015146454887518729,USDMAD
2015-07-13,9.480299949645996,9.809200286865234,9.451899528503418,9.79010009765625,0,9.697509956359863,9.679712125421862,53.75018219931746,0.012812401836663767,0.03523358260024567,0.019269959346667094,USDMAD
2015-07-14,9.807499885559082,9.817099571228027,9.73960018157959,9.794599533081055,0,9.705969905853271,9.70060074499626,53.87307751669048,0.021275686290371354,0.0004595903392123901,0.019257136435866483,USDMAD
2015-07-15,9.794599533081055,9.842399597167969,9.754300117492676,9.803199768066406,0,9.710529899597168,9.719255112827195,54.124004743109076,0.028350065376404388,0.0008780588686965185,0.0192093068678361,USDMAD
2015-07-16,9.831999778747559,9.891900062561035,9.59850025177002,9.59850025177002,0,9.696579933166504,9.697299683544072,47.50056936381028,0.017240286262030224,-0.02088088798957133,0.020388374618439495,USDMAD
2015-07-17,9.600299835205078,9.910099983215332,9.589099884033203,9.628800392150879,0,9.687459945678711,9.684845266927127,48.505115700719884,0.010756678083007287,0.0031567577836206784,0.02043359495328517,USDMAD
2015-07-20,9.630800247192383,9.910599708557129,9.613800048828125,9.630800247192383,0,9.69891996383667,9.675018899702627,48.5750560453406,0.0057138774550846705,0.00020769513958707186,0.0191640776730141,USDMAD
2015-07-21,9.629899978637695,9.910400390625,9.575300216674805,9.576800346374512,0,9.678199958801269,9.657160980915696,46.729472587395364,-0.002609834526111854,-0.005607000397875872,0.016742830552528114,USDMAD
2015-07-22,9.576199531555176,9.885000228881836,9.5693998336792,9.827899932861328,0,9.684539985656738,9.688204426723992,55.24480409149907,0.01092921665595803,0.026219569940379328,0.01897472365726248,USDMAD
2015-07-23,9.83899974822998,9.84630012512207,9.550800323486328,9.803999900817871,0,9.691160011291505,9.709258149286516,54.35419968851082,0.019505630648062322,-0.0024318554530192715,0.018968686984559894,USDMAD
2015-07-24,9.803999900817871,9.85099983215332,9.564399719238281,9.805000305175781,0,9.72597007751465,9.726665813993655,54.38734640501732,0.02608256126703168,0.00010204042921579948,0.01589488616160846,USDMAD
2015-07-27,9.56309986114502,9.807000160217285,9.503199577331543,9.750499725341797,0,9.722010040283203,9.73099925242059,52.16491471631179,0.02659056536901616,-0.0055584475408139156,0.011554381477793628,USDMAD
2015-07-28,9.750499725341797,9.801899909973145,9.514599800109863,9.762299537658691,0,9.718780040740967,9.736690213372972,52.61637288262541,0.027626843464295447,0.0012101751345345857,0.01156262715580282,USDMAD
2015-07-29,9.746800422668457,9.81350040435791,9.54419994354248,9.807000160217285,0,9.719160079956055,9.749473840071937,54.373141964371655,0.03168976806254342,0.004578902991672962,0.011662266786101634,USDMAD
2015-07-30,9.806300163269043,9.854999542236328,9.58650016784668,9.831500053405762,0,9.74246006011963,9.764387697041723,55.350245875770156,0.03646624157122069,0.0024982046281452064,0.009036874999607038,USDMAD
2015-07-31,9.830499649047852,9.857199668884277,9.522100448608398,9.522100448608398,0,9.73179006576538,9.720335470053845,42.86575329487123,0.015111473235821293,-0.03147023375036073,0.014001219909896659,USDMAD
2015-08-03,9.535499572753906,9.83650016784668,9.535499572753906,9.809100151062012,0,9.749620056152343,9.73647450296442,53.37193898641143,0.02110288202078614,0.03014037753566834,0.017141495407586086,USDMAD
2015-08-04,9.822400093078613,9.870699882507324,9.60509967803955,9.85669994354248,0,9.77761001586914,9.758333673978612,54.85469420780194,0.029353651471600628,0.004852615606673716,0.01694590798315912,USDMAD
2015-08-05,9.861100196838379,9.897000312805176,9.602899551391602,9.852499961853027,0,9.78007001876831,9.775454817228505,54.6894399708572,0.035148373710297776,-0.00042610424518452206,0.014857912272321647,USDMAD
2015-08-06,9.852499961853027,9.877699851989746,9.821800231933594,9.840499877929688,0,9.783720016479492,9.787281191901448,54.18714750486114,0.03833057533692674,-0.001217973506196568,0.014837608125491255,USDMAD
2015-08-07,9.843199729919434,9.886199951171875,9.810999870300293,9.829999923706055,0,9.78621997833252,9.79504823404774,53.72220969931856,0.03954933439024266,-0.0010670143136917165,0.014845441194835442,USDMAD
2015-08-10,9.577300071716309,9.8641996383667,9.531800270080566,9.778800010681152,0,9.789050006866455,9.79209401161745,51.40599485254636,0.03596917438284386,-0.005208536462083635,0.014830361557920411,USDMAD
2015-08-11,9.778800010681152,9.82450008392334,9.736900329589844,9.778800010681152,0,9.7907000541687,9.789676920538122,51.40599485254637,0.032754300594907804,0.0,0.014827853877719153,USDMAD
2015-08-12,9.777199745178223,9.785900115966797,9.683099746704102,9.708000183105469,0,9.780800056457519,9.774826604641275,48.08143083541863,0.02421440695906618,-0.007240134525539954,0.014916832602314922,USDMAD
2015-08-13,9.716699600219727,9.753000259399414,9.470600128173828,9.717499732971191,0,9.769400024414063,9.764403537064895,48.56211470370019,0.018005458293957943,0.0009785279858414153,0.014885918025021498,USDMAD
2015-08-14,9.469200134277344,9.743499755859375,9.469200134277344,9.495100021362305,0,9.766699981689452,9.715439261482606,39.37166968063727,-0.004805580569659185,-0.022886515844635524,0.013075260110539852,USDMAD
2015-08-17,9.508399963378906,9.778400421142578,9.508399963378906,9.758299827575684,0,9.76161994934082,9.723232091681346,51.1534052884322,-0.0016267167270420657,0.027719540143992694,0.012458829153216494,USDMAD
2015-08-18,9.75879955291748,9.80459976196289,9.7322998046875,9.783499717712402,0,9.754299926757813,9.734189841868812,52.112915989027314,0.002892631841209692,0.002582405806542898,0.012371859566743046,USDMAD
2015-08-19,9.7746000289917,9.799699783325195,9.725099563598633,9.736200332641602,0,9.74266996383667,9.734555385645683,50.12273831632305,0.002627297217053126,-0.00483460790469159,0.012440298073329987,USDMAD
2015-08-20,9.729900360107422,9.751500129699707,9.65880012512207,9.663100242614746,0,9.724930000305175,9.72156354145824,47.12726268716748,-0.0034418729574845486,-0.007508071683958728,0.012603891785046631,USDMAD
2015-08-21,9.663700103759766,9.692000389099121,9.35200023651123,9.35200023651123,0,9.677130031585694,9.654370213286056,36.994370276476964,-0.032974791695565386,-0.03219463715501458,0.0158445958231549,USDMAD
2015-08-24,9.593500137329102,9.593500137329102,9.230400085449219,9.500800132751465,0,9.649330043792725,9.626448380461584,43.276560274918914,-0.043867260047314005,0.015911023575395422,0.017146874176354455,USDMAD
2015-08-25,9.491999626159668,9.59939956665039,9.297200202941895,9.513299942016602,0,9.622780036926269,9.60587593710795,43.78364419715982,-0.050904197645939675,0.001315658585643531,0.017175319456968607,USDMAD
2015-08-26,9.510000228881836,9.637100219726562,9.379199981689453,9.379199981689453,0,9.589900016784668,9.564662127031859,39.68488542159376,-0.0665347957604645,-0.014096050912352776,0.017513922552614768,USDMAD
2015-08-27,9.378199577331543,9.697999954223633,9.352299690246582,9.421799659729004,0,9.560330009460449,9.538687132976793,41.55659438285068,-0.07462449465888277,0.004541930881388101,0.017646424609179947,USDMAD
2015-08-28,9.42770004272461,9.728599548339844,9.421699523925781,9.461600303649902,0,9.55698003768921,9.524671345826448,43.32614654979239,-0.07693717610801443,0.00422431439409765,0.016271305191901494,USDMAD
2015-08-31,9.435400009155273,9.71310043334961,9.435400009155273,9.677499771118164,0,9.548900032043457,9.552458332243123,51.84390422731442,-0.060649579540967835,0.022818493757866376,0.015385472462576516,USDMAD
2015-09-01,9.677499771118164,9.686800003051758,9.389900207519531,9.642499923706055,0,9.534800052642822,9.568829530690929,50.518369452580245,-0.04998948937982206,-0.0036166208462814486,0.015362318902023211,USDMAD
2015-09-02,9.63949966430664,9.694600105285645,9.434900283813477,9.682499885559082,0,9.52943000793457,9.589496867939683,52.02796187025206,-0.037877005950422316,0.004148297865648631,0.015398112211755615,USDMAD
2015-09-03,9.683500289916992,9.767200469970703,9.489800453186035,9.732500076293945,0,9.53636999130249,9.615497451276822,53.92039782928217,-0.023966902510357713,0.00516397534994395,0.015273239600639999,USDMAD
2015-09-04,9.731399536132812,9.76609992980957,9.706500053405762,9.720199584960938,0,9.57318992614746,9.63453420285575,53.362690665975165,-0.013776782001141186,-0.001263857306610161,0.01009978079214841,USDMAD
2015-09-07,9.476300239562988,9.740099906921387,9.476300239562988,9.714699745178223,0,9.594579887390136,9.64910975600529,53.09823948003235,-0.006074802644667088,-0.0005658155200047865,0.009231981312918138,USDMAD
2015-09-08,9.715200424194336,9.730400085449219,9.67020034790039,9.6899995803833,0,9.612249851226807,9.656544269528563,51.85534062809046,-0.0019416433302748004,-0.0025425556571814223,0.009355947340982272,USDMAD
2015-09-09,9.6899995803833,9.743000030517578,9.448200225830078,9.6850004196167,0,9.642829895019531,9.661718114999132,51.59211936451704,0.0009199204398502303,-0.0005159092861801717,0.007599963546456122,USDMAD
2015-09-10,9.6850004196167,9.71720027923584,9.413999557495117,9.65369987487793,0,9.666019916534424,9.660260253158913,49.884722366230214,0.0006544933809902176,-0.003231857860880538,0.007845520381105963,USDMAD
2015-09-11,9.653400421142578,9.666000366210938,9.383199691772461,9.383199691772461,0,9.65817985534668,9.609885605634103,38.13815083217431,-0.021139283090986893,-0.02802036386167317,0.012365079132694653,USDMAD
2015-09-14,9.376799583435059,9.660599708557129,9.36520004272461,9.635000228881836,0,9.653929901123046,9.614451900770053,49.952278302913996,-0.017886623143317237,0.0268352529393745,0.013249808709904241,USDMAD
2015-09-15,9.638500213623047,9.674200057983398,9.616000175476074,9.65779972076416,0,9.655459880828857,9.622333322587163,50.86724041689808,-0.013315643796058652,0.002366319807028283,0.01322151391933835,USDMAD
2015-09-16,9.65779972076416,9.699600219726562,9.6225004196167,9.64900016784668,0,9.652109909057618,9.627181839907076,50.483630784481306,-0.010284605579558459,-0.0009111343341031697,0.013151846413765234,USDMAD
2015-09-17,9.64900016784668,9.660400390625,9.555999755859375,9.592900276184082,0,9.63814992904663,9.620948828321076,47.99841381432075,-0.01226786208866848,-0.005814062668331066,0.013106093770865121,USDMAD
2015-09-18,9.583999633789062,9.659099578857422,9.558199882507324,9.646499633789062,0,9.630779933929443,9.625594429315255,50.50541017557808,-0.009406158609213122,0.005587398603324356,0.013289837606085502,USDMAD
2015-09-21,9.404899597167969,9.717000007629395,9.389800071716309,9.702199935913086,0,9.62952995300293,9.639522703242132,53.039115092096566,-0.002613561598501235,0.005774146502729449,0.013446261968402129,USDMAD
2015-09-22,9.702199935913086,9.752799987792969,9.661999702453613,9.719499588012695,0,9.63247995376587,9.654063955018598,53.829658807649096,0.004118087071379506,0.0017830648939292093,0.013426633073620561,USDMAD
2015-09-23,9.739100456237793,9.758999824523926,9.693900108337402,9.702799797058105,0,9.634259891510009,9.662925017207598,52.903820799170504,0.008013063963698386,-0.001718173945414403,0.013440974364250227,USDMAD
2015-09-24,9.702799797058105,9.726400375366211,9.645999908447266,9.708100318908691,0,9.639699935913086,9.671138708425978,53.179082366054985,0.011396200719680394,0.000546287871691753,0.013384739860980896,USDMAD
2015-09-25,9.708100318908691,9.752900123596191,9.6899995803833,9.69789981842041,0,9.67116994857788,9.676004364788602,52.5426396437261,0.013103220068238386,-0.0010507205481193882,0.008949936465671842,USDMAD
2015-09-28,9.46049976348877,9.73169994354248,9.46049976348877,9.68120002746582,0,9.675789928436279,9.676949030729913,51.456873934550714,0.012959126888329564,-0.0017220007699882967,0.0035425708533636927,USDMAD
2015-09-29,9.673199653625488,9.706700325012207,9.640999794006348,9.666999816894531,0,9.676709938049317,9.675140082759844,50.501233205467635,0.011565770683130694,-0.0014667820653434527,0.0035236075711374696,USDMAD
2015-09-30,9.666999816894531,9.729299545288086,9.656200408935547,9.712599754333496,0,9.683069896697997,9.681950932136871,53.488446563362515,0.013979908031078736,0.004717072339162742,0.003783892095558331,USDMAD
2015-10-01,9.711999893188477,9.73840045928955,9.458399772644043,9.700599670410156,0,9.693839836120606,9.685341611822922,52.58900788170792,0.01475473933793836,-0.001235517186630286,0.0031342298057949066,USDMAD
2015-10-02,9.699000358581543,9.731399536132812,9.622599601745605,9.6850004196167,0,9.69768991470337,9.685279576876336,51.379508469477535,0.013949271046820755,-0.0016080707712369247,0.002803550799974328,USDMAD
2015-10-05,9.440500259399414,9.719599723815918,9.440500259399414,9.700599670410156,0,9.697529888153076,9.68806504842794,52.55464695598454,0.014403624773237311,0.001610660827836563,0.0021500888307511064,USDMAD
2015-10-06,9.700900077819824,9.71660041809082,9.628999710083008,9.660799980163574,0,9.691659927368164,9.683107763288964,49.28186215554206,0.011420551977701976,-0.0041028072076805255,0.0023950312245997,USDMAD
2015-10-07,9.659199714660645,9.695300102233887,9.649999618530273,9.67549991607666,0,9.68892993927002,9.681724518341271,50.50778641069696,0.01012588240186929,0.0015216064863436962,0.002446001874056668,USDMAD
2015-10-08,9.687299728393555,9.687299728393555,9.622300148010254,9.650799751281738,0,9.683199882507324,9.676101833421356,48.391200844244054,0.00702576195395288,-0.002552856700859474,0.0025248765214963974,USDMAD
2015-10-09,9.65149974822998,9.660200119018555,9.577199935913086,9.611499786376953,0,9.67455987930298,9.66435600668601,45.14925971658056,0.0013817870584347247,-0.004072197736728067,0.0027564452623715864,USDMAD
2015-10-12,9.342100143432617,9.624899864196777,9.341300010681152,9.61400032043457,0,9.667839908599854,9.655200427367566,45.399903782778644,-0.002856404653496014,0.00026016065267575605,0.0027613197421784705,USDMAD
2015-10-13,9.61400032043457,9.625800132751465,9.576199531555176,9.600199699401855,0,9.661159896850586,9.645200295010163,44.199458357240495,-0.0072452778474652035,-0.0014354712474246023,0.0027603622820677113,USDMAD
2015-10-14,9.598600387573242,9.606200218200684,9.545700073242188,9.553899765014648,0,9.645289897918701,9.62860019864734,40.34515976117531,-0.014294728502148857,-0.004822809507815995,0.002293083064734365,USDMAD
2015-10-15,9.553899765014648,9.608499526977539,9.536600112915039,9.606599807739258,0,9.635889911651612,9.624600127573142,46.10597928247463,-0.015450907475765163,0.005516076578235829,0.003229411081596251,USDMAD
2015-10-16,9.606900215148926,9.63479995727539,9.586199760437012,9.619500160217285,0,9.62933988571167,9.623672860781168,47.44391990885085,-0.015151579038320762,0.0013428635246817144,0.0032985658647609393,USDMAD
2015-10-19,9.370100021362305,9.650500297546387,9.348699569702148,9.633299827575684,0,9.622609901428223,9.62542321838017,48.90517126914184,-0.013643566723548162,0.0014345513933737841,0.003285460011126187,USDMAD
2015-10-20,9.64050006866455,9.642399787902832,9.582900047302246,9.617500305175781,0,9.618279933929443,9.623982688706645,47.2841902004953,-0.013566954113123586,-0.0016400945348629126,0.003087654976716406,USDMAD
2015-10-21,9.627300262451172,9.635499954223633,9.365099906921387,9.365599632263184,0,9.587289905548095,9.57700395117147,30.13447681119169,-0.03344696139868475,-0.02619190693209894,0.008615518616536361,USDMAD
2015-10-22,9.367899894714355,9.76039981842041,9.362700462341309,9.758999824523926,0,9.598109912872314,9.610094109962825,56.60530293233422,-0.017258952209608935,0.042004805640584175,0.016713276283889928,USDMAD
2015-10-23,9.760700225830078,9.815799713134766,9.722000122070312,9.79699993133545,0,9.616659927368165,9.644076986576028,58.25076558135419,-0.0013480082593062548,0.003893852597069536,0.016621560758565957,USDMAD
2015-10-26,9.529800415039062,9.811400413513184,9.526700019836426,9.77180004119873,0,9.63243989944458,9.667299360143792,56.714921197439516,0.00912294528925095,-0.0025722047885411436,0.016679219952261383,USDMAD
2015-10-27,9.77400016784668,9.799300193786621,9.758399963378906,9.787199974060059,0,9.6511399269104,9.689099471764932,57.45319489099017,0.018451203308661235,0.0015759566094681876,0.016642401445213926,USDMAD
2015-10-28,9.787699699401855,9.86989974975586,9.750399589538574,9.846099853515625,0,9.680359935760498,9.717644995719603,60.24599787428704,0.03024796332820401,0.0060180521100696716,0.016497118065724542,USDMAD
2015-10-29,9.847000122070312,9.866299629211426,9.800399780273438,9.800399780273438,0,9.699739933013916,9.732691320183935,57.11344181297982,0.03550014310392946,-0.0046414391405821265,0.016646471160041004,USDMAD
2015-10-30,9.811300277709961,9.833700180053711,9.759499549865723,9.77649974822998,0,9.715439891815185,9.74065648891958,55.488492398441444,0.037303983470573954,-0.002438679296691948,0.016708983310632614,USDMAD
2015-11-02,9.518600463867188,9.814200401306152,9.518600463867188,9.80780029296875,0,9.732889938354493,9.752864453292155,57.20571039164872,0.04078904164615871,0.003201610550282785,0.0167146865131365,USDMAD
2015-11-03,9.80780029296875,9.84939956665039,9.77400016784668,9.81879997253418,0,9.753019905090332,9.764852729517976,57.82153455106551,0.04393213526306283,0.0011215236074204604,0.016672071949797716,USDMAD
2015-11-04,9.81779956817627,9.899700164794922,9.815600395202637,9.8774995803833,0,9.804209899902343,9.785333975129854,61.043293093332714,0.050576611682924266,0.005978287368448187,0.013360338059282202,USDMAD
2015-11-05,9.878499984741211,9.897199630737305,9.645500183105469,9.880399703979492,0,9.8163498878479,9.802618653102515,61.20097758673344,0.05543737529951542,0.0002936090832088567,0.0036492217985396747,USDMAD
2015-11-06,9.879799842834473,9.973999977111816,9.84939956665039,9.944999694824219,0,9.831149864196778,9.828506115233733,64.63484086084719,0.06376717654457842,0.006538196103413441,0.0039463612476274825,USDMAD
2015-11-09,9.73449993133545,9.956299781799316,9.685600280761719,9.935500144958496,0,9.847519874572754,9.84795957518369,63.741454254786795,0.06880888378097083,-0.0009552086633715096,0.0037906816656909947,USDMAD
2015-11-10,9.944499969482422,9.984999656677246,9.711700439453125,9.947500228881836,0,9.863549900054931,9.866057875856079,64.41065843684547,0.07293206413634934,0.0012077986762879522,0.003793474565195063,USDMAD
2015-11-11,9.943300247192383,9.97089958190918,9.639800071716309,9.947500228881836,0,9.873689937591553,9.880865576406215,64.41065843684547,0.07533134146165921,0.0,0.0034852519959513045,USDMAD
2015-11-12,9.934000015258789,9.97659969329834,9.65410041809082,9.906000137329102,0,9.88424997329712,9.885435496574011,59.97124618240195,0.07304209170421316,-0.004171911595663214,0.0034025303474700774,USDMAD
2015-11-13,9.909500122070312,9.973199844360352,9.67609977722168,9.685400009155273,0,9.87513999938965,9.849065407952423,43.00381457314021,0.05281840042506403,-0.022269344348435194,0.008148496160630367,USDMAD
2015-11-16,9.727299690246582,9.98900032043457,9.72070026397705,9.722000122070312,0,9.866559982299805,9.82596262870113,45.74641670636544,0.03929137608932187,0.0037788953352926313,0.008182799267310383,USDMAD
2015-11-17,9.72249984741211,10.020099639892578,9.72070026397705,10.001500129699707,0,9.884829998016357,9.8578785379736,61.128937549154614,0.050541812035010736,0.02874922897757326,0.012465069266628043,USDMAD
2015-11-18,10.003000259399414,10.021300315856934,9.733499526977539,9.986499786376953,0,9.895730018615723,9.881264219501482,60.143359936862915,0.05758367250192542,-0.0014998093414216873,0.012418442022198243,USDMAD
2015-11-19,9.983499526977539,9.999099731445312,9.93120002746582,9.955499649047852,0,9.90324001312256,9.894761570328093,58.05998236877806,0.05997163003235073,-0.0031042044752647158,0.01249126882108206,USDMAD
2015-11-20,9.967399597167969,10.015700340270996,9.690600395202637,9.690600395202637,0,9.8778000831604,9.857641356668918,44.02574514784572,0.04002753514081547,-0.02660833340198554,0.014961137887765688,USDMAD
2015-11-23,9.728799819946289,10.038800239562988,9.717100143432617,10.016599655151367,0,9.885910034179688,9.886542865483907,57.606685672465794,0.04995130449360552,0.03364077009202826,0.018849468082734765,USDMAD
2015-11-24,10.005499839782715,10.026599884033203,9.982999801635742,10.014300346374512,0,9.892590045928955,9.909771498373107,57.50071635234219,0.056973671183893515,-0.00022954983287892805,0.018852952716536725,USDMAD
2015-11-25,10.003000259399414,10.053899765014648,9.705699920654297,10.026000022888184,0,9.90044002532959,9.930903957375847,57.92484172794344,0.0627595603504929,0.0011682969462671888,0.018850867412667487,USDMAD
2015-11-26,10.011500358581543,10.036800384521484,10.001399993896484,10.036800384521484,0,9.913520050048827,9.950157853220508,58.338174715853604,0.06743902304321381,0.0010772353489572062,0.01876542899367665,USDMAD
2015-11-27,10.02299976348877,10.05620002746582,9.740900039672852,9.740900039672852,0,9.919070053100587,9.912110978030025,45.228817450738454,0.04673214695364969,-0.029481541279326784,0.019884433837854567,USDMAD
2015-11-30,9.774499893188477,10.061800003051758,9.768400192260742,10.042499542236328,0,9.951119995117187,9.935817989703898,56.06565476928448,0.054035470484512516,0.03096218022309216,0.022081349354312323,USDMAD
2015-12-01,10.043499946594238,10.060099601745605,9.710800170898438,10.017999649047852,0,9.952769947052001,9.950760109584616,55.11173300563875,0.05718725133856317,-0.0024396210410999597,0.020239464180597706,USDMAD
2015-12-02,10.017999649047852,10.065999984741211,9.778200149536133,10.032899856567383,0,9.957409954071045,9.965694609036028,55.60644066562429,0.06019350928744238,0.0014873435856974648,0.020231195244071937,USDMAD
2015-12-03,10.027000427246094,10.071399688720703,9.428199768066406,9.861000061035156,0,9.947959995269775,9.946659236672232,48.90949600553337,0.04815006946946632,-0.017133610221346296,0.020992365595661956,USDMAD
2015-12-04,9.855600357055664,9.901399612426758,9.59220027923584,9.59220027923584,0,9.938119983673095,9.882212153501978,40.66268723266449,0.016722889645526706,-0.027258876395453435,0.021082199248820852,USDMAD
2015-12-07,9.633299827575684,9.927800178527832,9.60890007019043,9.907699584960938,0,9.927229976654052,9.886846231949061,51.08747058345554,0.01707791685389637,0.03289123418409612,0.020946963385795346,USDMAD
2015-12-08,9.907699584960938,9.90939998626709,9.56410026550293,9.875399589538574,0,9.91333990097046,9.884765024238062,50.116713685436025,0.014584814127569956,-0.0032600903111144053,0.020958174483643406,USDMAD
2015-12-09,9.865500450134277,9.881999969482422,9.476099967956543,9.807499885559082,0,9.89148988723755,9.870716817205519,48.049729585040204,0.007048819205417445,-0.006875641169135194,0.021011529822545984,USDMAD
2015-12-10,9.798500061035156,9.854100227355957,9.789999961853027,9.845100402832031,0,9.872319889068603,9.86605928731943,49.29682680985368,0.004063692718888845,0.0038338534500839128,0.02107442195895947,USDMAD
2015-12-11,9.845600128173828,9.855999946594238,9.52750015258789,9.52750015258789,0,9.850979900360107,9.804503081004604,40.46144054272961,-0.0236570239805598,-0.03225972689448453,0.02149506330086898,USDMAD
2015-12-14,9.559800148010254,9.843700408935547,9.504500389099121,9.81470012664795,0,9.82819995880127,9.806357089303393,49.30903795905683,-0.022195399259034687,0.030144315870942018,0.0213567992878211,USDMAD
2015-12-15,9.813300132751465,9.8681001663208,9.593500137329102,9.851300239562988,0,9.811530017852784,9.814528571168774,50.32218442445557,-0.017877645535170572,0.0037291116837758764,0.021434433304914752,USDMAD
2015-12-16,9.842000007629395,9.888699531555176,9.805500030517578,9.88599967956543,0,9.796840000152589,9.827523318149984,51.315656674100616,-0.011523009705337373,0.003522320826553127,0.021475253204872907,USDMAD
2015-12-17,9.885100364685059,9.929499626159668,9.61299991607666,9.892499923706055,0,9.799989986419678,9.839337246432905,51.51128234056051,-0.005894452075811074,0.0006575201650129703,0.020739040588842506,USDMAD
2015-12-18,9.892000198364258,9.923199653625488,9.630200386047363,9.632100105285645,0,9.803979969024658,9.801657766224311,43.90091258002329,-0.02219007532181827,-0.026322953796178106,0.020601442944408417,USDMAD
2015-12-21,9.628800392150879,9.897700309753418,9.549099922180176,9.85949993133545,0,9.79916000366211,9.812174523517244,50.7446168254068,-0.01656426609666184,0.02360854056375694,0.01914256062215946,USDMAD
2015-12-22,9.864299774169922,9.867600440979004,9.55049991607666,9.843799591064453,0,9.796000003814697,9.817924535798554,50.28846706206487,-0.013220263037640123,-0.001592407361462378,0.0191213754886427,USDMAD
2015-12-23,9.844099998474121,9.910599708557129,9.614999771118164,9.641500473022461,0,9.779400062561034,9.785847433475627,44.711405866445546,-0.026587480735058122,-0.020550917983501615,0.02011841135950069,USDMAD
2015-12-24,9.638500213623047,9.8858003616333,9.56779956817627,9.56779956817627,0,9.751669979095459,9.746202367057561,42.847080281158874,-0.04263665532065275,-0.007644132264724934,0.020106249603043663,USDMAD
2015-12-25,9.614100456237793,9.614100456237793,9.556900024414062,9.556900024414062,0,9.754609966278077,9.711783759304197,42.56441641140184,-0.05559438641779657,-0.0011391902270256882,0.017218678360358567,USDMAD
2015-12-28,9.607600212097168,9.859800338745117,9.525500297546387,9.5871000289917,0,9.731849956512452,9.68911399015647,43.67320182691195,-0.06270378350574646,0.0031600209796573964,0.013826901147244615,USDMAD
2015-12-29,9.579999923706055,9.885600090026855,9.54319953918457,9.611900329589844,0,9.707909965515137,9.675075142780718,44.61870757323988,-0.06558087937017554,0.0025868407050253506,0.013776578604963672,USDMAD
2015-12-30,9.858499526977539,9.885000228881836,9.574600219726562,9.624500274658203,0,9.681760025024413,9.665879712212988,45.12271635560408,-0.06608253003491527,0.0013108693012109374,0.013688929080162174,USDMAD
2015-12-31,9.602399826049805,9.902600288391113,9.587900161743164,9.587900161743164,0,9.651300048828125,9.651701612127564,43.87367312599162,-0.06864215104427096,-0.0038028065739068584,0.013643855154217711,USDMAD
2016-01-01,9.641300201416016,9.894499778747559,9.585700035095215,9.585700035095215,0,9.646660041809081,9.639701325394409,43.79519319372951,-0.07004081406290119,-0.00022946908195065063,0.010919080418910383,USDMAD
2016-01-04,9.652799606323242,9.951199531555176,9.636300086975098,9.914999961853027,0,9.65221004486084,9.689755622932338,56.373757392183954,-0.04406950672573018,0.03435324760342784,0.013717381806698596,USDMAD
2016-01-05,9.914999961853027,9.994999885559082,9.672699928283691,9.973899841308594,0,9.665220069885255,9.741418208091657,58.176705816213214,-0.01852083387849035,0.005940482065776909,0.013787505103490274,USDMAD
2016-01-06,9.968299865722656,9.989999771118164,9.639599800109863,9.938799858093262,0,9.694950008392334,9.777305780819221,56.67358676764504,-0.0010930024298403396,-0.00351918344617419,0.011663125768881765,USDMAD
2016-01-07,9.93910026550293,9.954999923706055,9.559100151062012,9.857799530029297,0,9.723950004577636,9.791941007948326,53.25409314376162,0.006112172704936469,-0.008149910373535185,0.011715880654662897,USDMAD
2016-01-08,9.8681001663208,9.920999526977539,9.522199630737305,9.522199630737305,0,9.720479965209961,9.742897121182686,41.95825943378492,-0.015083903388887876,-0.034044098611426654,0.016618523841568065,USDMAD
2016-01-11,9.514599800109863,9.89780044555664,9.514599800109863,9.646200180053711,0,9.726389980316162,9.725315859159235,46.4757989558767,-0.02162683766634288,0.013022258944890952,0.01712751907804546,USDMAD
2016-01-12,9.64229965209961,9.918499946594238,9.601400375366211,9.907999992370605,0,9.755999946594239,9.758531156106756,54.52361235454962,-0.005622293024638125,0.027140201056395252,0.019070352717471133,USDMAD
2016-01-13,9.89680004119873,9.927000045776367,9.867799758911133,9.883500099182129,0,9.78189992904663,9.78125278212046,53.70973261298336,0.005026544409238554,-0.002472738515072903,0.01914941569128705,USDMAD
2016-01-14,9.883000373840332,9.91100025177002,9.830100059509277,9.894700050354004,0,9.812579917907716,9.801879558162922,54.04742563398575,0.014205811501804888,0.0011331968492418465,0.01902282523684211,USDMAD
2016-01-15,9.874199867248535,9.899499893188477,9.572999954223633,9.572999954223633,0,9.811309909820556,9.760265084719414,44.09663496662088,-0.004427030342073479,-0.03251236464907914,0.022170511076675194,USDMAD
2016-01-18,9.565799713134766,9.88599967956543,9.565799713134766,9.870499610900879,0,9.806859874725342,9.780307725843317,52.758749540153204,0.004757206128767066,0.031076951645235162,0.021625411593423866,USDMAD
2016-01-19,9.874600410461426,9.891599655151367,9.557299613952637,9.859999656677246,0,9.795469856262207,9.79479716781312,52.44985100249431,0.011061016632197607,-0.0010637713021169892,0.021516197642375792,USDMAD
2016-01-20,9.84589958190918,9.884400367736816,9.811100006103516,9.871600151062012,0,9.788749885559081,9.808761346585646,52.778802697935845,0.01679924359712004,0.0011765207696441404,0.0215048662656657,USDMAD
2016-01-21,9.879500389099121,9.930999755859375,9.824999809265137,9.893500328063965,0,9.792319965362548,9.824168434127158,53.43375143514927,0.022850583759570497,0.002218503248391457,0.021342750870203327,USDMAD
2016-01-22,9.881600379943848,9.929699897766113,9.644399642944336,9.644399642944336,0,9.804539966583253,9.791483199366644,45.67394604519521,0.0074599769968539675,-0.025178215682980065,0.01987918080647371,USDMAD
2016-01-25,9.664299964904785,9.920999526977539,9.57960033416748,9.897600173950195,0,9.8296799659729,9.810777194745471,53.125490156210624,0.015515128280128465,0.026253633235853835,0.021135345061023155,USDMAD
2016-01-26,9.877099990844727,9.91569995880127,9.581999778747559,9.88599967956543,0,9.827479934692382,9.824454010167281,52.76837489915962,0.02072393810065698,-0.001172051222608217,0.019328181001776697,USDMAD
2016-01-27,9.892200469970703,9.897199630737305,9.846699714660645,9.848999977111816,0,9.824029922485352,9.828916913248106,51.57748387057984,0.02161720100533593,-0.003742636420481782,0.019349997475924766,USDMAD
2016-01-28,9.855600357055664,9.886500358581543,9.533699989318848,9.850899696350098,0,9.81964988708496,9.832913782903013,51.63783423793381,0.02222224554504315,0.00019288447991638868,0.019345185546501702,USDMAD
2016-01-29,9.851200103759766,9.919400215148926,9.64330005645752,9.649800300598145,0,9.827329921722413,9.799620422483946,45.21377726033884,0.006400921286308758,-0.020414317671558768,0.017384013467068315,USDMAD
2016-02-01,9.639300346374512,9.900500297546387,9.54889965057373,9.873100280761719,0,9.827589988708496,9.812980396716267,52.30863540362738,0.011745455725863607,0.023140373189871388,0.01597940957466068,USDMAD
2016-02-02,9.863900184631348,9.873900413513184,9.830499649047852,9.859600067138672,0,9.827550029754638,9.82145670042943,51.87127853654135,0.014721977567825562,-0.0013673732909765812,0.015982241283140457,USDMAD
2016-02-03,9.83650016784668,9.86709976196289,9.725500106811523,9.760299682617188,0,9.816419982910157,9.810337242645385,48.64922008597635,0.008964840330408563,-0.010071441422096372,0.01629170686736997,USDMAD
2016-02-04,9.757399559020996,9.768199920654297,9.453300476074219,9.699999809265137,0,9.797069931030274,9.790275891121702,46.75015575342401,-0.00045814700711055423,-0.006178076013325984,0.01632293780061673,USDMAD
2016-02-05,9.69950008392334,9.753899574279785,9.477499961853027,9.477499961853027,0,9.780379962921142,9.73340754034558,40.47219552365744,-0.02558488392257452,-0.02293812905022785,0.015979024802088973,USDMAD
2016-02-08,9.489399909973145,9.769000053405762,9.489399909973145,9.696100234985352,0,9.760229969024659,9.726624393916447,47.877850604657276,-0.027541309758349897,0.023065183224710184,0.01538145846594449,USDMAD
2016-02-09,9.70479965209961,9.726499557495117,9.359800338745117,9.655599594116211,0,9.737189960479736,9.713710793952767,46.718204072089584,-0.03199108129721573,-0.004177003113376099,0.01539395050587285,USDMAD
2016-02-10,9.66100025177002,9.72599983215332,9.42609977722168,9.65880012512207,0,9.718169975280762,9.70372703598355,46.827806554686475,-0.0348574857981685,0.0003314689030611273,0.015403938468222755,USDMAD
2016-02-11,9.656100273132324,9.668499946594238,9.378600120544434,9.639300346374512,0,9.697010040283203,9.69201309241827,46.204193414047744,-0.038261545910707184,-0.002018861400479799,0.015387349800578137,USDMAD
2016-02-12,9.646499633789062,9.694499969482422,9.409099578857422,9.409099578857422,0,9.67293996810913,9.640574271770841,39.51419061017071,-0.058856109551117086,-0.023881480942096744,0.015878039333082374,USDMAD
2016-02-15,9.429400444030762,9.746000289916992,9.429400444030762,9.721500396728516,0,9.657779979705811,9.655288112672237,50.078128576885426,-0.04939986357538473,0.03320198869752322,0.017870734543623153,USDMAD
2016-02-16,9.721500396728516,9.74839973449707,9.493000030517578,9.738499641418457,0,9.645669937133789,9.670417481535186,50.58388694142482,-0.04007209733906869,0.0017486235659325278,0.017898576037103587,USDMAD
2016-02-17,9.73900032043457,9.755999565124512,9.435500144958496,9.749500274658203,0,9.64458999633789,9.684796171193916,50.93033493782707,-0.031429812908710275,0.0011296024690456985,0.017622539032269298,USDMAD
2016-02-18,9.741499900817871,9.77649974822998,9.473400115966797,9.758299827575684,0,9.650419998168946,9.698160472354237,51.224909446223606,-0.02359865920023907,0.0009025645078808431,0.0174871895261377,USDMAD
2016-02-19,9.753700256347656,9.777999877929688,9.430299758911133,9.430299758911133,0,9.645699977874756,9.64945852445549,41.27780508147255,-0.043359456966555854,-0.0336124196284342,0.01932235355401096,USDMAD
2016-02-22,9.517000198364258,9.8125,9.4975004196167,9.80150032043457,0,9.656239986419678,9.677102487360777,52.51569836333369,-0.02873599780762426,0.03936254106585246,0.022014683572400932,USDMAD
2016-02-23,9.782999992370605,9.820500373840332,9.55720043182373,9.803999900817871,0,9.671080017089844,9.700174744352976,52.58150558421876,-0.016751999201730428,0.00025502018074607946,0.021936672171612895,USDMAD
2016-02-24,9.803000450134277,9.838600158691406,9.48550033569336,9.809000015258789,0,9.686100006103516,9.719961157244942,52.72265338303728,-0.0067730510029448965,0.0005100075980724039,0.02193546931695145,USDMAD
2016-02-25,9.808500289916992,9.824999809265137,9.502799987792969,9.798800468444824,0,9.702050018310548,9.734295577463103,52.3801391590612,0.00030875995969559256,-0.0010398151491587404,0.021918908930380093,USDMAD
2016-02-26,9.802200317382812,9.86050033569336,9.601099967956543,9.601099967956543,0,9.721250057220459,9.710078193916456,46.12509724769498,-0.009917311375872373,-0.020175990022956225,0.021461988063914743,USDMAD
2016-02-29,9.613699913024902,9.892499923706055,9.577099800109863,9.872599601745605,0,9.736359977722168,9.739627540794483,54.21167071046831,0.0038419176107815645,0.028277971763150722,0.02071591694719571,USDMAD
2016-03-01,9.872900009155273,9.906499862670898,9.60319995880127,9.886500358581543,0,9.751160049438477,9.766331689483039,54.58751433905914,0.01568705006745752,0.0014080138359384708,0.020716173552027366,USDMAD
2016-03-02,9.877300262451172,9.911499977111816,9.621800422668457,9.888500213623047,0,9.76506004333496,9.788544148417586,54.645193703408644,0.024948187293892587,0.00020228139068123596,0.020721094136672353,USDMAD
2016-03-03,9.868800163269043,9.895500183105469,9.524100303649902,9.825599670410156,0,9.771790027618408,9.795281516052597,52.3912427849937,0.026902047060652023,-0.006360979102395636,0.020875343095540733,USDMAD
2016-03-04,9.827300071716309,9.866499900817871,9.490599632263184,9.490599632263184,0,9.777820014953614,9.739884809909066,42.36804960647422,0.001402623070626774,-0.03409461502444755,0.020964243489046182,USDMAD
2016-03-07,9.572600364685059,9.847999572753906,9.541500091552734,9.802499771118164,0,9.777919960021972,9.75126934831072,51.643905853631665,0.0062893803310259955,0.03286411301080272,0.019699853405592518,USDMAD
2016-03-08,9.809499740600586,9.819000244140625,9.528800010681152,9.799300193786621,0,9.777449989318848,9.760002229306338,51.5522416071245,0.009791125516217747,-0.00032640422405005864,0.01970048047830293,USDMAD
2016-03-09,9.815999984741211,9.845499992370605,9.548999786376953,9.824000358581543,0,9.778950023651124,9.77163825281092,52.25674779862861,0.014393461807159724,0.002520604972443108,0.019715084347035044,USDMAD
2016-03-10,9.824000358581543,9.90999984741211,9.460599899291992,9.721500396728516,0,9.771220016479493,9.762522278977755,49.06801483873786,0.0096586176501674,-0.010433627657952083,0.020009079174232693,USDMAD
2016-03-11,9.71500015258789,9.772199630737305,9.442700386047363,9.442700386047363,0,9.755380058288575,9.7043728438995,41.627399988325514,-0.016401544494693,-0.028678701774776938,0.02108457046365476,USDMAD
2016-03-14,9.493399620056152,9.77299976348877,9.470000267028809,9.76099967956543,0,9.744220066070557,9.714668632202397,50.800187913807456,-0.011240741626748374,0.03370850291812588,0.021986315823319523,USDMAD
2016-03-15,9.76200008392334,9.7746000289917,9.734800338745117,9.758999824523926,0,9.731470012664795,9.72272884898813,50.746231430462565,-0.00722881053264679,-0.00020488219518033368,0.021973259802181063,USDMAD
2016-03-16,9.7524995803833,9.790800094604492,9.67590045928955,9.69950008392334,0,9.712569999694825,9.718505437158168,49.07610390582136,-0.008749598121843505,-0.006096909690587959,0.022022639367434413,USDMAD
2016-03-17,9.6850004196167,9.708800315856934,9.374799728393555,9.407999992370605,0,9.67081003189087,9.662049901742247,41.81523371191179,-0.03309495640679572,-0.030053104699270805,0.023782636903212834,USDMAD
2016-03-18,9.38700008392334,9.38700008392334,9.38700008392334,9.38700008392334,0,9.660450077056884,9.61204084395699,41.34070784300205,-0.053467010934596715,-0.002232133127582414,0.021321633190164786,USDMAD
2016-03-21,9.380999565124512,9.6899995803833,9.380999565124512,9.6899995803833,0,9.649200057983398,9.626215159670865,50.13378628379079,-0.04464781164835152,0.03227862935453607,0.02121919496705275,USDMAD
2016-03-22,9.670100212097168,9.713000297546387,9.439800262451172,9.68120002746582,0,9.637390041351319,9.636212408360857,49.89984508520949,-0.03793133424487394,-0.0009081066355559608,0.0212180873152884,USDMAD
2016-03-23,9.68120002746582,9.729499816894531,9.68120002746582,9.720000267028809,0,9.626990032196044,9.6514465644823,50.985909628679266,-0.029141695126069678,0.004007792365916529,0.021250769605020255,USDMAD
2016-03-24,9.719499588012695,9.736000061035156,9.691699981689453,9.719499588012695,0,9.626789951324463,9.663819841487827,50.97055477812503,-0.02196306684765581,-5.15101854278166e-05,0.020983070935344482,USDMAD
2016-03-25,9.734999656677246,9.734999656677246,9.486499786376953,9.48859977722168,0,9.631379890441895,9.631961647984891,44.338803076455115,-0.03450785219863661,-0.023756347608244188,0.020276791483417562,USDMAD
2016-03-28,9.494500160217285,9.719499588012695,9.48900032043457,9.699999809265137,0,9.625279903411865,9.644332222763117,50.66742093764063,-0.027079315633130818,0.022279370719265,0.01844714892696831,USDMAD
2016-03-29,9.461000442504883,9.725600242614746,9.461000442504883,9.645600318908691,0,9.613939952850341,9.644562785698675,49.11972126466081,-0.025290201422114578,-0.0056081949923838526,0.018517399357625117,USDMAD
2016-03-30,9.647899627685547,9.657099723815918,9.376199722290039,9.637999534606934,0,9.607789897918702,9.643369467318358,48.89498638467305,-0.02420659671194869,-0.0007880053133507703,0.018431386012634315,USDMAD
2016-03-31,9.637499809265137,9.649499893188477,9.373499870300293,9.615500450134277,0,9.628539943695069,9.638302373284889,48.192105693718496,-0.02487655877203565,-0.0023344143555796837,0.015310333848486575,USDMAD
2016-04-01,9.614500045776367,9.633700370788574,9.350600242614746,9.373600006103516,0,9.627199935913087,9.590174670161002,41.315327920838286,-0.044414865792827385,-0.025157343113366926,0.017606653085671,USDMAD
2016-04-04,9.371500015258789,9.625100135803223,9.358400344848633,9.61050033569336,0,9.619250011444091,9.593870245712338,48.99181680407037,-0.040318471886930496,0.02527314259575708,0.01626792622031357,USDMAD
2016-04-05,9.61050033569336,9.63599967956543,9.36709976196289,9.371600151062012,0,9.588290023803712,9.55345750123046,42.89774078269966,-0.05570714128296572,-0.024858246322938427,0.017974724615866147,USDMAD
2016-04-06,9.367799758911133,9.63949966430664,9.343299865722656,9.601499557495117,0,9.576439952850341,9.562192420551305,49.41828601653435,-0.04878939808824079,0.02453149971481161,0.01994059985680268,USDMAD
2016-04-07,9.598099708557129,9.634499549865723,9.559100151062012,9.618499755859375,0,9.56633996963501,9.572430117880044,49.87410622202071,-0.04145736810219525,0.0017705774251677298,0.01995902320004072,USDMAD
2016-04-08,9.601799964904785,9.628499984741211,9.370800018310547,9.370800018310547,0,9.554559993743897,9.535770099776498,43.695469240697506,-0.0549999747483394,-0.025752429571767155,0.020221650110841437,USDMAD
2016-04-11,9.365099906921387,9.615599632263184,9.335100173950195,9.577300071716309,0,9.542290019989014,9.543321003765554,49.33105100113197,-0.04851056002849319,0.022036544692263238,0.020190625752733147,USDMAD
2016-04-12,9.57859992980957,9.62909984588623,9.554300308227539,9.612000465393066,0,9.53893003463745,9.555808178606918,50.23249794654242,-0.04010531127914696,0.00362319165285796,0.020172055233770008,USDMAD
2016-04-13,9.612000465393066,9.670000076293945,9.599200248718262,9.668000221252441,0,9.541930103302002,9.576206731815194,51.725140134319005,-0.02859574485393601,0.005826025088221387,0.020257627561466738,USDMAD
2016-04-14,9.649999618530273,9.687999725341797,9.433699607849121,9.67199993133545,0,9.54758005142212,9.593623677182512,51.83625117485461,-0.0189333356554382,0.00041370603966428554,0.020233592470152578,USDMAD
2016-04-15,9.653800010681152,9.68340015411377,9.628700256347656,9.663299560546875,0,9.576550006866455,9.606292019612395,51.5582616754824,-0.01184135420207788,-0.0008995420647581742,0.018123858387567002,USDMAD
2016-04-18,9.416600227355957,9.661700248718262,9.387700080871582,9.630000114440918,0,9.57849998474121,9.61060258230849,50.443244016287316,-0.008806380340210751,-0.0034459705918578054,0.016433470784313058,USDMAD
2016-04-19,9.651300430297852,9.653499603271484,9.376799583435059,9.625,0,9.60383996963501,9.613220294616037,50.26745247520206,-0.006727063733292127,-0.0005192226772063879,0.013895767834204435,USDMAD
2016-04-20,9.603699684143066,9.661999702453613,9.590800285339355,9.657099723815918,0,9.60939998626709,9.621198372652378,51.43749614253721,-0.0024606461017224746,0.0033350362406148193,0.011638864562754838,USDMAD
2016-04-21,9.655799865722656,9.668499946594238,9.402899742126465,9.641500473022461,0,9.611700057983398,9.624889663628755,50.81187173264772,-0.0003343543328551135,-0.0016153142495760608,0.011651524186097828,USDMAD
2016-04-22,9.640700340270996,9.699999809265137,9.632499694824219,9.675999641418457,0,9.64222002029419,9.634182386863246,52.19665473515335,0.004087424495798686,0.003578194959646286,0.007209555298980404,USDMAD
2016-04-25,9.428799629211426,9.687899589538574,9.428799629211426,9.652799606323242,0,9.649769973754882,9.637567335855973,51.15370537078295,0.005654485741469983,-0.0023976887096922583,0.0030955222200773564,USDMAD
2016-04-26,9.66569995880127,9.676600456237793,9.617199897766113,9.657999992370605,0,9.654369926452636,9.641282364313179,51.38817903442118,0.007232647305345452,0.0005387438110655562,0.0029311377364641005,USDMAD
2016-04-27,9.657500267028809,9.668499946594238,9.382800102233887,9.641200065612793,0,9.651689910888672,9.641267400913108,50.54408798236772,0.007046510244450133,-0.001739482995556374,0.0023086234452775085,USDMAD
2016-04-28,9.627300262451172,9.656499862670898,9.39210033416748,9.625499725341797,0,9.647039890289307,9.638400550809234,49.72210666108219,0.00556792545723539,-0.0016284632788603481,0.002331131153876185,USDMAD
2016-04-29,9.611499786376953,9.625499725341797,9.33549976348877,9.33549976348877,0,9.614259910583495,9.583327680387331,37.56884207088522,-0.01878786215016426,-0.030128301919693845,0.009674468549256474,USDMAD
2016-05-02,9.323399543762207,9.576499938964844,9.314800262451172,9.5201997756958,0,9.603279876708985,9.571849879534325,46.532530092664054,-0.022922021129190284,0.019784694647992485,0.012138204348004633,USDMAD
2016-05-03,9.5201997756958,9.553500175476074,9.47659969329834,9.544599533081055,0,9.59523983001709,9.566895271088274,47.602808151122325,-0.02395339556773024,0.0025629459423262,0.012193010741828325,USDMAD
2016-05-04,9.542499542236328,9.565999984741211,9.522700309753418,9.556300163269043,0,9.585159873962402,9.564968887848414,48.138921915499154,-0.023555095690420913,0.0012258901117259136,0.012132183732433719,USDMAD
2016-05-05,9.547699928283691,9.608499526977539,9.52299976348877,9.601400375366211,0,9.581149864196778,9.571592794669831,50.25182750201163,-0.019376865525913445,0.004719421881547614,0.012260141524735918,USDMAD
2016-05-06,9.586099624633789,9.609100341796875,9.552900314331055,9.581199645996094,0,9.571669864654542,9.57333949491097,49.28330104246396,-0.01749395858864844,-0.0021039357364937006,0.012189406497791112,USDMAD
2016-05-09,9.369400024414062,9.613499641418457,9.347200393676758,9.610300064086914,0,9.567419910430909,9.580059598397504,50.755722905965285,-0.013497984375984373,0.0030372415945827402,0.012237103239918999,USDMAD
2016-05-10,9.611599922180176,9.623700141906738,9.583999633789062,9.602800369262695,0,9.561899948120118,9.584194284009357,50.35001828166208,-0.010811678418980009,-0.0007803809219489866,0.01223329067232315,USDMAD
2016-05-11,9.602800369262695,9.619999885559082,9.564900398254395,9.573699951171875,0,9.555149936676026,9.58228622349345,48.72261259756549,-0.010905213617528275,-0.0030304095651063623,0.012254557458003907,USDMAD
2016-05-12,9.573699951171875,9.618499755859375,9.555500030517578,9.617500305175781,0,9.554349994659423,9.588688783799327,51.27536037636148,-0.007360174908187744,0.0045750706860772095,0.012355234125922146,USDMAD
2016-05-13,9.617500305175781,9.66450023651123,9.575499534606934,9.648099899291992,0,9.585610008239746,9.599490804797993,53.034435131879604,-0.002057853027972456,0.003181657722406639,0.006379107380715713,USDMAD
2016-05-16,9.404000282287598,9.652999877929688,9.389900207519531,9.64799976348877,0,9.598390007019043,9.608310615469044,53.02768834861652,0.0021118510366449073,-1.0378810778033376e-05,0.002727387508897626,USDMAD
2016-05-17,9.647000312805176,9.653499603271484,9.617500305175781,9.632599830627441,0,9.607190036773682,9.612726836406935,51.933479167322744,0.004126161844354215,-0.0015961788182879966,0.002834793178265979,USDMAD
2016-05-18,9.64799976348877,9.703700065612793,9.631400108337402,9.697500228881836,0,9.621310043334962,9.628140180493281,56.049475154857504,0.010834543541978547,0.006737578576454517,0.003383249785490728,USDMAD
2016-05-19,9.697999954223633,9.718999862670898,9.67609977722168,9.70580005645752,0,9.631750011444092,9.642260157941324,56.56175925226083,0.016629022074164723,0.0008558728929919379,0.003186186497872149,USDMAD
2016-05-20,9.691200256347656,9.710399627685547,9.462699890136719,9.695500373840332,0,9.643180084228515,9.651940197195689,55.694205726990866,0.020157724053577297,-0.0010611884190149246,0.003085643738034605,USDMAD
2016-05-23,9.455499649047852,9.714500427246094,9.455499649047852,9.701299667358398,0,9.652280044555663,9.660914646316181,56.102477459483495,0.023155280653661237,0.0005981427770054282,0.0030191643970947962,USDMAD
2016-05-24,9.685199737548828,9.744099617004395,9.66349983215332,9.742799758911133,0,9.666279983520507,9.675802848606171,59.013141406944136,0.0285504644311132,0.004277786788956517,0.0031196543434482047,USDMAD
2016-05-25,9.726499557495117,9.745499610900879,9.702500343322754,9.72599983215332,0,9.681509971618652,9.684929572887471,57.35520484804503,0.031111933752640653,-0.001724342814543256,0.0029328539094397358,USDMAD
2016-05-26,9.726200103759766,9.726499557495117,9.68589973449707,9.696999549865723,0,9.689459896087646,9.687124114156243,54.50837238817363,0.03045081815251649,-0.002981727615470997,0.0030476675268385485,USDMAD
2016-05-27,9.712499618530273,9.757100105285645,9.693599700927734,9.73840045928955,0,9.698489952087403,9.696447085998662,57.73371248671161,0.032888468868252474,0.004269455640471875,0.003158422291218968,USDMAD
2016-05-30,9.502599716186523,9.753000259399414,9.492199897766113,9.71969985961914,0,9.705659961700439,9.700674863020566,55.8089453645459,0.032931726077890744,-0.0019202947905651024,0.003277543272539989,USDMAD
2016-05-31,9.720199584960938,9.760000228881836,9.694499969482422,9.742500305175781,0,9.716650009155273,9.70827948886697,57.662258801233904,0.03440916569021191,0.0023457972865361665,0.0032007655528977857,USDMAD
2016-06-01,9.742500305175781,9.759499549865723,9.69950008392334,9.717000007629395,0,9.718599987030029,9.709865037732865,54.889631952912566,0.03314036483359928,-0.0026174284575428697,0.0027127764669103364,USDMAD
2016-06-02,9.717000007629395,9.755000114440918,9.687000274658203,9.735400199890137,0,9.721560001373291,9.714507794488732,56.51445650198597,0.033236443717923336,0.0018936083406704274,0.002759913922169191,USDMAD
2016-06-03,9.735400199890137,9.75,9.619000434875488,9.623900413513184,0,9.714400005340575,9.69803372522045,45.75871653535041,0.02403838645228973,-0.011453025462498378,0.004645209497645826,USDMAD
2016-06-06,9.285900115966797,9.652700424194336,9.285900115966797,9.640000343322754,0,9.708270072937012,9.68748220123905,47.31783454218152,0.01784231448878515,0.0016729110981825723,0.004691586237760193,USDMAD
2016-06-07,9.640000343322754,9.649200439453125,9.610099792480469,9.625200271606445,0,9.696510124206544,9.676158214033121,46.008614322017664,0.011603878431873937,-0.0015352770943166671,0.004365594772507677,USDMAD
2016-06-08,9.624899864196777,9.640600204467773,9.59000015258789,9.600500106811523,0,9.683960151672363,9.662402194538284,43.82904558097152,0.0046135934072726315,-0.002566197491784661,0.004384796646145528,USDMAD
2016-06-09,9.600799560546875,9.664299964904785,9.592000007629395,9.648599624633789,0,9.67912015914917,9.659892636373831,48.90518778436394,0.002921296380572258,0.005010105441084267,0.004754739387477525,USDMAD
2016-06-10,9.649200439453125,9.681500434875488,9.621500015258789,9.679300308227539,0,9.673210144042969,9.663421303983595,51.89344670803565,0.004011188895558959,0.0031818797326161885,0.004644947616949531,USDMAD
2016-06-13,9.442999839782715,9.69279956817627,9.429400444030762,9.660099983215332,0,9.667250156402588,9.662817427480274,49.926826064314504,0.0032877318747530637,-0.001983648032480856,0.004646993060057924,USDMAD
2016-06-14,9.660099983215332,9.722299575805664,9.653400421142578,9.699600219726562,0,9.662960147857666,9.669505207888689,53.805424816000986,0.005834469806645259,0.004089009076496453,0.004800161834597147,USDMAD
2016-06-15,9.71720027923584,9.727899551391602,9.655699729919434,9.691200256347656,0,9.660380172729493,9.673449762153956,52.86760002575144,0.00709320506999056,-0.000866011298261804,0.004743127465856816,USDMAD
2016-06-16,9.672100067138672,9.760100364685059,9.654999732971191,9.675100326538086,0,9.654350185394287,9.67374986476925,51.0316268537272,0.006714234535721175,-0.001661293687438281,0.004697138724224604,USDMAD
2016-06-17,9.687000274658203,9.706100463867188,9.385199546813965,9.385199546813965,0,9.630480098724366,9.621286170595562,30.495385858126426,-0.01678518331995349,-0.0299635941685219,0.01004613487219158,USDMAD
2016-06-20,9.379899978637695,9.675000190734863,9.379899978637695,9.659199714660645,0,9.632400035858154,9.628179542243759,50.692213994954535,-0.013147560748226539,0.02919492190655615,0.014211310790266283,USDMAD
2016-06-21,9.659000396728516,9.69950008392334,9.429200172424316,9.6806001663208,0,9.63794002532959,9.637710564803221,51.86861314653547,-0.008440583264743395,0.002215551214628464,0.01420728102979512,USDMAD
2016-06-22,9.680299758911133,9.702400207519531,9.338899612426758,9.641500473022461,0,9.642040061950684,9.6383996390249,49.542902191114614,-0.00777565526285251,-0.004038974095259995,0.014252062420633921,USDMAD
2016-06-23,9.641500473022461,9.667499542236328,9.341899871826172,9.641500473022461,0,9.641330146789551,9.638963427024455,49.542902191114614,-0.007166088819630545,0.0,0.01416438682896964,USDMAD
2016-06-24,9.641500473022461,9.862700462341309,9.443300247192383,9.443300247192383,0,9.617730140686035,9.603388303418622,39.20763120686316,-0.02241768766885599,-0.020556989691039806,0.015501174263714848,USDMAD
2016-06-27,9.515399932861328,9.850299835205078,9.515399932861328,9.808799743652344,0,9.632600116729737,9.640735838006572,57.01572260494124,-0.0049548188141042004,0.03870463576212435,0.020229106916524558,USDMAD
2016-06-28,9.808500289916992,9.823599815368652,9.500699996948242,9.7746000289917,0,9.64010009765625,9.66507478182205,55.380980190147994,0.006055198849187704,-0.0034866360364607107,0.020271993119582984,USDMAD
2016-06-29,9.789899826049805,9.808500289916992,9.450699806213379,9.773900032043457,0,9.64837007522583,9.684861190953214,55.346001841791406,0.014556435736530204,-7.161387127518903e-05,0.02026562339842918,USDMAD
2016-06-30,9.764300346374512,9.811800003051758,9.49209976196289,9.49209976196289,0,9.630070018768311,9.649813658409519,43.448766473446234,-0.001428729964844777,-0.028831916548838432,0.02237836707742418,USDMAD
2016-07-01,9.516300201416016,9.76710033416748,9.509900093078613,9.74269962310791,0,9.665820026397705,9.666702015627408,53.10320585700489,0.006054433750373178,0.026400887836138587,0.021546825273086448,USDMAD
2016-07-04,9.494799613952637,9.777600288391113,9.490300178527832,9.73799991607666,0,9.673700046539306,9.679665270254544,52.9207383595097,0.011473409504814569,-0.0004823824209978511,0.019643585546449085,USDMAD
2016-07-05,9.7524995803833,9.804699897766113,9.521100044250488,9.796099662780762,0,9.685249996185302,9.700835159804765,54.98021254326617,0.020223032303009703,0.005966291559335923,0.019705397907084518,USDMAD
2016-07-06,9.785799980163574,9.818599700927734,9.473899841308594,9.777400016784668,0,9.698839950561524,9.71475604289202,54.15902681966973,0.025355978321245587,-0.0019088868672030301,0.019651988664080133,USDMAD
2016-07-07,9.783900260925293,9.819999694824219,9.763199806213379,9.794699668884277,0,9.714159870147705,9.729291247617885,54.83117105014515,0.030468589433835902,0.001769350959346161,0.019644212862752596,USDMAD
2016-07-08,9.795000076293945,9.819100379943848,9.771699905395508,9.808799743652344,0,9.750709819793702,9.743747337805969,55.40510579084035,0.03525176832766164,0.001439561726722438,0.018034391802841176,USDMAD
2016-07-11,9.569100379943848,9.824899673461914,9.538399696350098,9.785200119018555,0,9.748349857330322,9.751284207117347,54.16457545450695,0.036714952466537554,-0.0024059645675875707,0.013294331296195915,USDMAD
2016-07-12,9.785200119018555,9.8100004196167,9.531000137329102,9.782999992370605,0,9.749189853668213,9.757050713527029,54.043089787972065,0.03726740911092996,-0.00022484227416796898,0.013243591095264592,USDMAD
2016-07-13,9.784500122070312,9.816399574279785,9.736800193786621,9.77970027923584,0,9.74976987838745,9.761168816383176,53.84801883105512,0.0370123207148918,-0.0003372905179739316,0.013244385069900904,USDMAD
2016-07-14,9.789899826049805,9.802499771118164,9.729299545288086,9.779399871826172,0,9.77849988937378,9.764483553736447,53.82896915280132,0.036366708181443386,-3.0717445431927004e-05,0.008540865271928311,USDMAD
2016-07-15,9.77750015258789,9.806400299072266,9.55679988861084,9.55679988861084,0,9.759909915924073,9.726722887349972,41.97832002699541,0.01768918735679037,-0.022762131228177718,0.007693662389983119,USDMAD
2016-07-18,9.531900405883789,9.82409954071045,9.527199745178223,9.777000427246094,0,9.763809967041016,9.735864258240175,53.00111161202361,0.020420070848469862,0.02304124196402535,0.011042059152090366,USDMAD
2016-07-19,9.777000427246094,9.832500457763672,9.528900146484375,9.813699722290039,0,9.765569972991944,9.750016160794695,54.550824808157,0.025254523663424067,0.003753635413748624,0.01094105017489816,USDMAD
2016-07-20,9.829000473022461,9.845800399780273,9.563599586486816,9.82129955291748,0,9.769959926605225,9.762976777544292,54.88259603785765,0.029360653825895255,0.0007744103490532339,0.010915547139219904,USDMAD
2016-07-21,9.82129955291748,9.840900421142578,9.571700096130371,9.798500061035156,0,9.770339965820312,9.769435556360811,53.61806415288851,0.030424350141196044,-0.002321433305183307,0.010939390717206713,USDMAD
2016-07-22,9.805000305175781,9.859999656677246,9.580100059509277,9.580100059509277,0,9.747469997406006,9.735010920569623,43.321146637918794,0.013488791860337912,-0.022289125903501406,0.01299511421555056,USDMAD
2016-07-25,9.583900451660156,9.859999656677246,9.583900451660156,9.837400436401367,0,9.752690029144286,9.753627196175394,54.42544267459582,0.020591859832704174,0.026857796400225675,0.015927713308829416,USDMAD
2016-07-26,9.837900161743164,9.846699714660645,9.57859992980957,9.841099739074707,0,9.758500003814698,9.76953129488436,54.563271848701525,0.026217377576077894,0.0003760447383691634,0.01592519554669005,USDMAD
2016-07-27,9.8233003616333,9.859999656677246,9.558699607849121,9.794099807739258,0,9.75993995666504,9.773998297221613,52.395206867498636,0.026576778692119163,-0.0047758820235134225,0.016019090355401885,USDMAD
2016-07-28,9.782500267028809,9.8100004196167,9.546699523925781,9.787799835205078,0,9.76077995300293,9.776507667764061,52.096389639143,0.026052929578687767,-0.0006432416105460748,0.01602150649355489,USDMAD
2016-07-29,9.78950023651123,9.8100004196167,9.494400024414062,9.494400024414062,0,9.754539966583252,9.725215368973153,40.509293725392375,0.001940493890208117,-0.029976073860409902,0.01728308815005011,USDMAD
2016-08-01,9.49839973449707,9.760000228881836,9.49839973449707,9.741000175476074,0,9.75093994140625,9.728085333791865,50.47885113560327,0.0026986774795041413,0.025973221101691424,0.01774588138841139,USDMAD
2016-08-02,9.737899780273438,9.742899894714355,9.690699577331543,9.70359992980957,0,9.739929962158204,9.72363344215872,49.13399861001443,0.0002784464210350279,-0.0038394666864561833,0.017719056622894518,USDMAD
2016-08-03,9.706999778747559,9.765000343322754,9.69890022277832,9.749600410461426,0,9.732760047912597,9.728354709122849,50.86781798167285,0.002048634829833418,0.004740558244836768,0.017807018202929396,USDMAD
2016-08-04,9.749899864196777,9.772299766540527,9.733400344848633,9.751700401306152,0,9.728080081939698,9.732599380428903,50.950014769911924,0.0035797089516353964,0.0002153925039301008,0.01779767496234921,USDMAD
2016-08-05,9.751999855041504,9.806400299072266,9.730899810791016,9.785900115966797,0,9.74866008758545,9.742290423253975,52.3481786100367,0.0074666564108571976,0.0035070514118813456,0.01604543599566075,USDMAD
2016-08-08,9.539299964904785,9.800000190734863,9.52649974822998,9.771100044250488,0,9.742030048370362,9.74752853616243,51.6618764244273,0.009246263013665157,-0.001512387367633261,0.01351896933702429,USDMAD
2016-08-09,9.770000457763672,9.800000190734863,9.749500274658203,9.770299911499023,0,9.734950065612793,9.751668786223629,51.622472858872634,0.010471342918728865,-8.188768386785394e-05,0.013516095619645915,USDMAD
2016-08-10,9.768099784851074,9.781499862670898,9.714099884033203,9.728899955749512,0,9.728430080413819,9.747528998864698,49.51796455725981,0.008009271241324,-0.004237327013962622,0.013498843654211752,USDMAD
2016-08-11,9.728899955749512,9.770000457763672,9.717499732971191,9.741299629211426,0,9.723780059814453,9.746396386200466,50.17315906301189,0.006978171699106639,0.0012745195775794027,0.01351154755562044,USDMAD
2016-08-12,9.741499900817871,9.75529956817627,9.681500434875488,9.727499961853027,0,9.747090053558349,9.742960672682749,49.40465823173502,0.004989978687877539,-0.0014166146082825737,0.008739559278847736,USDMAD
2016-08-15,9.44540023803711,9.740799903869629,9.44540023803711,9.718999862670898,0,9.744890022277833,9.738604161771503,48.90773363701473,0.002697341166683742,-0.0008738215590298193,0.002861804265986079,USDMAD
2016-08-16,9.717900276184082,9.730500221252441,9.647500038146973,9.682600021362305,0,9.742790031433106,9.728421590788011,46.739687224628796,-0.0020333147866953283,-0.0037452250049307967,0.002848694614223931,USDMAD
2016-08-17,9.682600021362305,9.694999694824219,9.645299911499023,9.654800415039062,0,9.73331003189087,9.71503592247002,45.095511641435394,-0.007934129900892373,-0.0028710889907576087,0.0023515933842305943,USDMAD
2016-08-18,9.655599594116211,9.671199798583984,9.61709976196289,9.631999969482422,0,9.721339988708497,9.699938476472274,43.736583115666114,-0.014285697172649492,-0.0023615657058145834,0.0023479499322324802,USDMAD
2016-08-19,9.630399703979492,9.675000190734863,9.403300285339355,9.675000190734863,0,9.710249996185302,9.695404242701835,46.98149433552391,-0.01566897926944044,0.00446430869899106,0.002571493164097143,USDMAD
2016-08-22,9.423299789428711,9.68280029296875,9.423299789428711,9.661100387573242,0,9.699250030517579,9.689167178133,46.05681059930248,-0.017682999634299534,-0.0014366721330850707,0.0025703733697471655,USDMAD
2016-08-23,9.661100387573242,9.670499801635742,9.386899948120117,9.655099868774414,0,9.687730026245116,9.682973121885983,45.639202156274024,-0.019538094016539276,-0.0006211009676027057,0.0025515641020454455,USDMAD
2016-08-24,9.654800415039062,9.697699546813965,9.649100303649902,9.675800323486328,0,9.6824200630188,9.68166897672241,47.41073133430731,-0.019117540874418637,0.0021439917756689297,0.0025001165440777734,USDMAD
2016-08-25,9.676600456237793,9.689200401306152,9.65149974822998,9.662300109863281,0,9.674520111083984,9.678147364566204,46.34987519186814,-0.01964712407631275,-0.0013952555004961287,0.0024257496373356856,USDMAD
2016-08-26,9.662500381469727,9.720000267028809,9.600000381469727,9.712200164794922,0,9.672990131378175,9.684338782789606,50.737610130266226,-0.01585750967782218,0.005164407476921928,0.0030545066621180737,USDMAD
2016-08-29,9.464900016784668,9.744600296020508,9.457900047302246,9.713500022888184,0,9.672440147399902,9.689640826443892,50.85037386942703,-0.012604033823384597,0.00013383765482655186,0.0030446977669881916,USDMAD
2016-08-30,9.728099822998047,9.75469970703125,9.713000297546387,9.735400199890137,0,9.677720165252685,9.697960712525026,52.81029077230264,-0.008164355899399567,0.002254612338533857,0.002818936762775858,USDMAD
2016-08-31,9.735099792480469,9.757100105285645,9.727399826049805,9.730400085449219,0,9.685280132293702,9.703858780329425,52.297529032561286,-0.004991804194705907,-0.0005136013248817628,0.002590598965109693,USDMAD
2016-09-01,9.727499961853027,9.751700401306152,9.704999923706055,9.711400032043457,0,9.693220138549805,9.705229917004703,50.29897564156063,-0.0039649738807217005,-0.001952648733752893,0.002538138949036037,USDMAD
2016-09-02,9.711400032043457,9.740400314331055,9.682000160217285,9.730999946594238,0,9.698820114135742,9.709915376930073,52.323052801097106,-0.0015517663613771049,0.0020182377912669747,0.0022498467474730693,USDMAD
2016-09-05,9.485799789428711,9.75,9.473400115966797,9.735199928283691,0,9.706230068206787,9.714512568085276,52.76695325306446,0.0006916485120420646,0.0004316084382389729,0.002138635755267335,USDMAD
2016-09-06,9.734999656677246,9.75,9.675000190734863,9.690899848937988,0,9.709810066223145,9.710219346422132,47.72010413607381,-0.001092481760144537,-0.00455050534884216,0.0027072790280359476,USDMAD
2016-09-07,9.690899848937988,9.701299667358398,9.672499656677246,9.687000274658203,0,9.710930061340331,9.705997697010508,47.291321559824254,-0.0027889318389036077,-0.00040239547829112876,0.002641191667893073,USDMAD
2016-09-08,9.687000274658203,9.69219970703125,9.640000343322754,9.671600341796875,0,9.711860084533692,9.69974363242621,45.550650752030265,-0.005314761367166909,-0.0015897524955805764,0.002654264013237524,USDMAD
2016-09-09,9.674500465393066,9.706000328063965,9.66409969329834,9.700799942016602,0,9.71072006225586,9.699935688715373,49.356908271599615,-0.004903807716601705,0.0030191074059933154,0.0022562537965062886,USDMAD
2016-09-12,9.40429973602295,9.449399948120117,9.34939956665039,9.404800415039062,0,9.679850101470947,9.646274729865134,27.993753039715543,-0.028138449513180674,-0.030512898806983046,0.009864949312082118,USDMAD
2016-09-13,9.407699584960938,9.425000190734863,9.386099815368652,9.402700424194336,0,9.646580123901368,9.601988492470442,27.901484038458932,-0.046189083244403406,-0.00022328925145165268,0.009743653353271643,USDMAD
2016-09-14,9.403599739074707,9.720000267028809,9.387900352478027,9.682900428771973,0,9.641830158233642,9.616699753616174,51.073878118701735,-0.03745280921287808,0.029799950220326776,0.014368706066090272,USDMAD
2016-09-15,9.6850004196167,9.707099914550781,9.646499633789062,9.68649959564209,0,9.639340114593505,9.629390633984523,51.29043766625402,-0.029894224404090508,0.00037170338542602543,0.014359528699821414,USDMAD
2016-09-16,9.68649959564209,9.734800338745117,9.646499633789062,9.730999946594238,0,9.639340114593505,9.647865054459015,54.00142245776789,-0.020081695781033915,0.004594059031620468,0.01442596867182962,USDMAD
2016-09-19,9.486200332641602,9.74209976196289,9.478300094604492,9.720499992370605,0,9.637870121002198,9.661071406806576,53.24836556378989,-0.013002569182164692,-0.0010790210955974322,0.014429946557844832,USDMAD
2016-09-20,9.720199584960938,9.745599746704102,9.692000389099121,9.734999656677246,0,9.642280101776123,9.674512906783061,54.19822667495567,-0.006151399119477929,0.001491658280749153,0.014347163380319267,USDMAD
2016-09-21,9.734199523925781,9.760899543762207,9.696499824523926,9.713800430297852,0,9.644960117340087,9.681656092876658,52.518186083399215,-0.0024046782502615827,-0.0021776299051899928,0.014371177451786503,USDMAD
2016-09-22,9.713000297546387,9.734999656677246,9.661999702453613,9.703700065612793,0,9.64817008972168,9.68566408791959,51.69595668587539,-0.000247536538427795,-0.001039795367172136,0.014363897615622019,USDMAD
2016-09-23,9.703700065612793,9.734999656677246,9.666500091552734,9.693099975585938,0,9.647400093078613,9.68701606749529,50.797122510851395,0.0005997614563177933,-0.001092376099341652,0.014340198114227369,USDMAD
2016-09-26,9.442000389099121,9.701800346374512,9.442000389099121,9.682999610900879,0,9.675220012664795,9.686285802659942,49.906704215873674,0.00045103693081216534,-0.0010420159402563245,0.00962165896987796,USDMAD
2016-09-27,9.682000160217285,9.715900421142578,9.646499633789062,9.699000358581543,0,9.704850006103516,9.688597540100233,51.36124309833387,0.0016057877650634822,0.0016524577428105314,0.009570847918458024,USDMAD
2016-09-28,9.699000358581543,9.722100257873535,9.668999671936035,9.70300006866455,0,9.706859970092774,9.691216181657381,51.73848471902434,0.0028112726957818523,0.00041238374421426194,0.001977610048023981,USDMAD
2016-09-29,9.696599960327148,9.710000038146973,9.666999816894531,9.698399543762207,0,9.708049964904784,9.692522247494622,51.24614834706893,0.003356710211164682,-0.00047413427494458205,0.0019879461843403255,USDMAD
2016-09-30,9.698399543762207,9.736900329589844,9.666999816894531,9.68589973449707,0,9.703539943695068,9.691318154222339,49.857913321272655,0.0027486584062099695,-0.001288852785321315,0.0012528989901354445,USDMAD
2016-10-03,9.450699806213379,9.720000267028809,9.445199966430664,9.70110034942627,0,9.701599979400635,9.693096735168508,51.57584647321183,0.0034535254661278714,0.001569354974330528,0.0013816768527075815,USDMAD
2016-10-04,9.70110034942627,9.74779987335205,9.682499885559082,9.70300006866455,0,9.698400020599365,9.694897341258697,51.79811645466551,0.004117959877195432,0.00019582513012483815,0.0012610046107185003,USDMAD
2016-10-05,9.70300006866455,9.727800369262695,9.682000160217285,9.704999923706055,0,9.697519969940185,9.696734174430944,52.047646292446224,0.004751132426191518,0.0002061068769814156,0.0010857354444264375,USDMAD
2016-10-06,9.706199645996094,9.744999885559082,9.682000160217285,9.741000175476074,0,9.701249980926514,9.70478253825733,56.42111747257594,0.00806487878182871,0.0037094541012909765,0.001559508106784354,USDMAD
2016-10-07,9.741000175476074,9.765899658203125,9.704500198364258,9.711000442504883,0,9.703040027618409,9.70591306630234,52.15249301940784,0.008176070261828983,-0.0030797384694354335,0.0018653175883461188,USDMAD
2016-10-10,9.469099998474121,9.743599891662598,9.469099998474121,9.741499900817871,0,9.708890056610107,9.712383399850617,55.812680583564685,0.01060301672540831,0.0031407122771298646,0.0020217364287831,USDMAD
2016-10-11,9.741499900817871,9.8100004196167,9.729999542236328,9.782999992370605,0,9.717290019989013,9.725222780308796,60.26659089714013,0.01569418702187164,0.004260133652441933,0.0023183556060234747,USDMAD
2016-10-12,9.53969955444336,9.827699661254883,9.515800476074219,9.808699607849121,0,9.72785997390747,9.740400385316127,62.76928322747558,0.021554256300614583,0.002626966727850233,0.002375374366006127,USDMAD
2016-10-13,9.808699607849121,9.831899642944336,9.783900260925293,9.804800033569336,0,9.738500022888184,9.752109412271256,62.129803371852,0.025588768969040387,-0.0003975628203217729,0.0023699014166186235,USDMAD
2016-10-14,9.789600372314453,9.845000267028809,9.786100387573242,9.831100463867188,0,9.753020095825196,9.766471421652334,64.73898800101313,0.03055614206385826,0.0026824035378392175,0.002256199836191709,USDMAD
2016-10-17,9.588700294494629,9.850000381469727,9.569700241088867,9.824199676513672,0,9.765330028533935,9.776967467990758,63.502699267123944,0.033549250288706034,-0.000701934374374269,0.0023594384032049605,USDMAD
2016-10-18,9.81149959564209,9.850000381469727,9.793000221252441,9.828499794006348,0,9.777880001068116,9.786336981811774,63.964496115893176,0.03585497977723229,0.0004377066462681878,0.002348482824775683,USDMAD
2016-10-19,9.829500198364258,9.85219955444336,9.786499977111816,9.84589958190918,0,9.791969966888427,9.797166545465846,65.84754034823061,0.03864087650519643,0.0017703401605038138,0.002320308693719933,USDMAD
2016-10-20,9.84589958190918,9.890000343322754,9.786399841308594,9.855899810791016,0,9.803459930419923,9.807845320979514,66.91752747347124,0.041180946313915,0.001015674474296846,0.002180331191356631,USDMAD
2016-10-21,9.855899810791016,9.906599998474121,9.831500053405762,9.878999710083008,0,9.820259857177735,9.820782482634694,69.30944467285543,0.04454445797293971,0.002343763607123961,0.0016021259600563502,USDMAD
2016-10-24,9.64680004119873,9.902400016784668,9.625800132751465,9.885899543762207,0,9.834699821472167,9.832621948294241,70.00700415650417,0.04722247283720549,0.0006984344449525448,0.0015462974632267355,USDMAD
2016-10-25,9.900500297546387,9.913800239562988,9.86400032043457,9.895500183105469,0,9.845949840545654,9.844054354623555,70.99486904104194,0.04954834776009953,0.0009711447401181683,0.0011983887631440038,USDMAD
2016-10-26,9.895500183105469,9.901300430297852,9.635600090026855,9.8818998336792,0,9.853269863128663,9.85093535081549,67.5982432359448,0.049721032742493065,-0.0013743973699772427,0.0013111833412575464,USDMAD
2016-10-27,9.8818998336792,9.8951997756958,9.84570026397705,9.872400283813477,0,9.860029888153075,9.854838065906034,65.2500218063229,0.048531906938926284,-0.000961308050638876,0.0013762498623091082,USDMAD
2016-10-28,9.872400283813477,9.887700080871582,9.829999923706055,9.840999603271484,0,9.861019802093505,9.85232198179066,58.06925815466965,0.04454228791068715,-0.0031806530974515246,0.0016532797194009595,USDMAD
2016-10-31,9.515899658203125,9.899999618530273,9.515899658203125,9.833000183105469,0,9.861899852752686,9.848808927484262,56.36740477083124,0.040270783212518424,-0.0008128666282393171,0.0016596323918525886,USDMAD
2016-11-01,9.850000381469727,9.854999542236328,9.779000282287598,9.800999641418457,0,9.859149837493897,9.84011633001775,50.04838857758346,0.033912486653878915,-0.0032544026330837417,0.0019577812693346718,USDMAD
2016-11-02,9.801199913024902,9.805299758911133,9.750499725341797,9.765000343322754,0,9.851059913635254,9.826458877891387,44.063915702721545,0.02567270931222332,-0.0036730231009878267,0.002077899114078744,USDMAD
2016-11-03,9.765600204467773,9.8016996383667,9.748100280761719,9.779800415039062,0,9.843449974060059,9.817975521009144,46.87632414007552,0.02010510931749998,0.0015156242904208472,0.0021323484890085663,USDMAD
2016-11-04,9.781100273132324,9.787300109863281,9.74899959564209,9.76550006866455,0,9.832100009918213,9.808434529673763,44.545764770567885,0.014373143122899279,-0.0014622329462389283,0.0018329156946669544,USDMAD
2016-11-07,9.45479965209961,9.816800117492676,9.45479965209961,9.788999557495117,0,9.822410011291504,9.804900898368553,49.030279133731014,0.01159309301249678,0.002406378440974244,0.002086654280402285,USDMAD
2016-11-08,9.789299964904785,9.832300186157227,9.77970027923584,9.826000213623047,0,9.815460014343262,9.808737137505732,55.17667417472601,0.012234495346318042,0.003779819981664989,0.0025223808547060163,USDMAD
2016-11-09,9.8100004196167,9.885299682617188,9.650899887084961,9.88010025024414,0,9.815280055999756,9.821712248912714,62.329565974840996,0.016913266530949045,0.005505804543550541,0.0031729517233772715,USDMAD
2016-11-10,9.865099906921387,9.907600402832031,9.840100288391113,9.897000312805176,0,9.817740058898925,9.835400987802252,64.24886586441951,0.021734379811174875,0.0017105152916456756,0.0031966931154360687,USDMAD
2016-11-11,9.897000312805176,9.927800178527832,9.612099647521973,9.612099647521973,0,9.794850063323974,9.794800744114928,33.376391829969634,0.0025368014775217773,-0.02878656727075035,0.009763510603616314,USDMAD
2016-11-14,9.723099708557129,9.996500015258789,9.677300453186035,9.953499794006348,0,9.806900024414062,9.823655116822458,58.876823965960085,0.014701254052729595,0.03551774939956953,0.015471946021811315,USDMAD
2016-11-15,9.949199676513672,10.0,9.918399810791016,9.968999862670898,0,9.823700046539306,9.850081434249446,59.63227832592636,0.025300745119904988,0.001557248102208586,0.015388265853715869,USDMAD
2016-11-16,9.969799995422363,10.026000022888184,9.88010025024414,9.982999801635742,0,9.845499992370605,9.874248410137863,60.34094361867533,0.03443366635639755,0.0014043473926874661,0.015270671612881747,USDMAD
2016-11-17,9.984199523925781,10.027099609375,9.700300216674805,9.701199531555176,0,9.837639904022216,9.842784977668284,43.70803634824245,0.018716888898715922,-0.028228015193829115,0.0180816090141578,USDMAD
2016-11-18,9.69849967956543,10.079999923706055,9.69849967956543,10.064000129699707,0,9.867489910125732,9.88300591440127,59.27304282096867,0.03513123474370339,0.037397498831401865,0.02170300489771184,USDMAD
2016-11-21,9.805100440979004,10.064499855041504,9.770099639892578,10.04800033569336,0,9.893389987945557,9.91300490009074,58.504752898484796,0.046314784419539734,-0.001589804630380609,0.02175650825002746,USDMAD
2016-11-22,10.044500350952148,10.064000129699707,10.007699966430664,10.047499656677246,0,9.915539932250976,9.937458492197377,58.47920829999936,0.054509080746393934,-4.982872207270894e-05,0.02177157025607911,USDMAD
2016-11-23,10.031000137329102,10.102499961853027,9.822699546813965,9.831500053405762,0,9.910679912567138,9.918193321507992,48.61699691421061,0.043077189792825266,-0.021497846295315703,0.022990151033506153,USDMAD
2016-11-24,9.84000015258789,10.108499526977539,9.77079963684082,9.802800178527832,0,9.901259899139404,9.897212750057054,47.471439251486316,0.03134022321737007,-0.002919175580738287,0.022992754810881796,USDMAD
2016-11-25,9.807100296020508,10.09000015258789,9.799500465393066,10.062000274658203,0,9.946249961853027,9.927174118166354,57.265215584985626,0.042464371338541085,0.02644143422387879,0.022118210541361757,USDMAD
2016-11-28,9.776200294494629,10.079999923706055,9.755000114440918,10.052499771118164,0,9.95614995956421,9.949960600521226,56.84684877426555,0.04993807261730865,-0.0009441963109428908,0.019320830818690925,USDMAD
2016-11-29,10.053500175476074,10.077500343322754,9.79539966583252,10.034500122070312,0,9.96269998550415,9.96533142262106,56.01192103722815,0.05378857229779577,-0.0017905644822361344,0.01934212098370393,USDMAD
2016-11-30,10.006999969482422,10.066499710083008,10.0,10.066499710083008,0,9.971049976348876,9.983725656705051,57.215013284180394,0.05874504405648118,0.003188956861170711,0.019356314779707756,USDMAD
2016-12-01,10.067500114440918,10.072500228881836,10.000800132751465,10.02649974822998,0,10.003579998016358,9.991502764255037,55.183259149361966,0.05876798031154706,-0.003973572046394813,0.016611886674355834,USDMAD
2016-12-02,10.025500297546387,10.046299934387207,9.754300117492676,9.754300117492676,0,9.972609996795654,9.948375010298244,43.787902348256154,0.03640229908149628,-0.027148021500260522,0.014328394918852228,USDMAD
2016-12-05,9.749899864196777,10.06980037689209,9.749899864196777,9.951499938964844,0,9.962959957122802,9.948943179146717,51.5876478791981,0.034195528331155245,0.02021670638557893,0.0161191159990378,USDMAD
2016-12-06,9.949000358581543,10.010000228881836,9.863300323486328,9.996500015258789,0,9.957859992980957,9.957589876621638,53.184027259199596,0.03566663393389646,0.0045219390614421595,0.016208840551552566,USDMAD
2016-12-07,9.9975004196167,10.000499725341797,9.945500373840332,9.974499702453613,0,9.972159957885742,9.960664390409269,52.27644445909616,0.034657741473706594,-0.0022008015577046347,0.014472408961497991,USDMAD
2016-12-08,9.975299835205078,10.0649995803833,9.769100189208984,10.053500175476074,0,9.997229957580567,9.977543624057779,55.23084550370157,0.03977437068220269,0.007920244160519507,0.01450726014254658,USDMAD
2016-12-09,10.053500175476074,10.109999656677246,9.771599769592285,9.771599769592285,0,9.968189907073974,9.940099286882234,44.616704795439226,0.020842074912577502,-0.028040025957471015,0.014795828712554162,USDMAD
2016-12-12,9.857199668884277,10.087599754333496,9.788800239562988,10.042799949645996,0,9.967219924926757,9.958772134657464,53.812804958517894,0.027405765525701398,0.02775391813504724,0.017699402832069416,USDMAD
2016-12-13,10.022500038146973,10.0600004196167,9.792699813842773,10.050399780273438,0,9.968809890747071,9.97543170658764,54.043094545997484,0.032842196050133055,0.0007567442013727277,0.017688379023201625,USDMAD
2016-12-14,10.032500267028809,10.121700286865234,9.827899932861328,10.113499641418457,0,9.973509883880615,10.000534967465969,56.00451195941611,0.04176084483098208,0.0062783434017092965,0.017771235424677966,USDMAD
2016-12-15,10.115400314331055,10.191499710083008,9.890600204467773,10.169500350952148,0,9.987809944152833,10.031255946281638,57.72881457005836,0.052739776176716546,0.005537223663344859,0.017753252546188213,USDMAD
2016-12-16,10.172499656677246,10.174500465393066,10.041899681091309,10.093999862670898,0,10.021779918670655,10.042663931079684,54.62065596832869,0.054717648950207476,-0.007424208237937768,0.01510805199573018,USDMAD
2016-12-19,9.827500343322754,10.184900283813477,9.817999839782715,10.178500175476074,0,10.044479942321777,10.067361430060846,57.386041285042126,0.062384467113894004,0.008371340792035387,0.014084222207509392,USDMAD
2016-12-20,10.180299758911133,10.199999809265137,10.086799621582031,10.15999984741211,0,10.06082992553711,10.084204778670166,56.5731848212397,0.06620448973716364,-0.0018175888141692687,0.014118106172045971,USDMAD
2016-12-21,10.15939998626709,10.191900253295898,9.876799583435059,10.13949966430664,0,10.077329921722413,10.094258394240434,55.63280873257761,0.06680757559328043,-0.0020177345879281994,0.014112584193358488,USDMAD
2016-12-22,10.138500213623047,10.170000076293945,9.896699905395508,10.159000396728516,0,10.087879943847657,10.106029667420085,56.3756529641726,0.06807435284647667,0.001923244052220996,0.01394683958685358,USDMAD
2016-12-23,10.160699844360352,10.160699844360352,9.901200294494629,9.901200294494629,0,10.100839996337891,10.06878796325182,45.524056841492516,0.04772581572594525,-0.025376522508740673,0.013340054900796438,USDMAD
2016-12-26,9.8996000289917,10.083800315856934,9.89579963684082,9.89579963684082,0,10.086139965057374,10.037335540268002,45.32721865549901,0.03080852402977463,-0.0005454548431680362,0.009607275421657744,USDMAD
2016-12-27,9.907400131225586,10.157299995422363,9.88479995727539,10.144499778747559,0,10.095549964904786,10.056819947264284,54.980649510567716,0.03704246893240182,0.025131889390813678,0.012789345630796338,USDMAD
2016-12-28,10.130000114440918,10.195500373840332,9.910400390625,10.171500205993652,0,10.101350021362304,10.077670903396895,55.89122263633795,0.04365835763719872,0.0026615829104417177,0.012674304250922823,USDMAD
2016-12-29,10.154999732971191,10.170000076293945,9.869099617004395,10.080100059509277,0,10.092409992218018,10.0781125681446,52.05306465744385,0.04105303530588067,-0.008985906172475633,0.01288173631744808,USDMAD
2016-12-30,10.084500312805176,10.119199752807617,9.979700088500977,10.10200023651123,0,10.093210029602051,10.082455780574897,52.88789299152397,0.0402910101597822,0.0021726150407894718,0.012690113805828195,USDMAD
2017-01-02,9.833700180053711,10.152600288391113,9.833700180053711,10.148200035095215,0,10.090180015563964,10.094409281396771,54.680553554502204,0.042920279118572324,0.004573331766218658,0.012471732903409855,USDMAD
2017-01-03,10.13599967956543,10.190099716186523,9.904199600219727,10.167499542236328,0,10.090929985046387,10.107698419731236,55.443281320650314,0.0460306895092959,0.0019017665274994044,0.012474521818782483,USDMAD
2017-01-04,10.167499542236328,10.174200057983398,9.906800270080566,10.121500015258789,0,10.089130020141601,10.110207800736244,53.14735246769229,0.044273576529354486,-0.004524173006987042,0.012547745150082222,USDMAD
2017-01-05,10.102499961853027,10.129500389099121,9.963800430297852,10.0625,0,10.07947998046875,10.101533655147836,50.2718245417374,0.03768582495429129,-0.005829177016236975,0.012647477879253573,USDMAD
2017-01-06,10.06879997253418,10.109999656677246,9.971799850463867,10.092499732971191,0,10.098609924316406,10.09989112384299,51.70272214643015,0.03448815412874673,0.0029813399226028547,0.0092745498144729,USDMAD
2017-01-09,9.840999603271484,10.114899635314941,9.81149959564209,10.071499824523926,0,10.116179943084717,10.094729069421343,50.605020458599405,0.029914622704064087,-0.0020807440181207504,0.00933304148814543,USDMAD
2017-01-10,10.071499824523926,10.094400405883789,9.831199645996094,10.094400405883789,0,10.11117000579834,10.094669312414515,51.80665332449252,0.027817291209682793,0.002273800502294643,0.004565093613404028,USDMAD
2017-01-11,10.088500022888184,10.145500183105469,9.814299583435059,10.06350040435791,0,10.100370025634765,10.089002238222404,50.03783127503516,0.023392119219602492,-0.0030611032140024363,0.0044847241921651135,USDMAD
2017-01-12,10.071999549865723,10.080100059509277,9.797800064086914,10.05150032043457,0,10.097510051727294,10.082183707715524,49.33338162626446,0.01870125561845093,-0.0011924363731473653,0.0035293151868693233,USDMAD
2017-01-13,10.043000221252441,10.0649995803833,9.733799934387207,9.733799934387207,0,10.060690021514892,10.018841203474011,35.20310666884794,-0.01053066267817826,-0.03160726020189075,0.010400220788770793,USDMAD
2017-01-16,9.745699882507324,10.075799942016602,9.745699882507324,10.037300109863281,0,10.0496000289917,10.02219736827206,49.95102704293456,-0.009102315007323725,0.03118003015491211,0.015086939013775188,USDMAD
2017-01-17,10.036399841308594,10.065400123596191,9.641599655151367,9.984199523925781,0,10.031270027160645,10.01528866930001,47.896982742000816,-0.012115453288620515,-0.005290325621062131,0.015104878024002727,USDMAD
2017-01-18,9.994000434875488,10.0516996383667,9.903800010681152,10.0516996383667,0,10.024289989471436,10.021908845493952,50.67371297445601,-0.00895348180673139,0.0067606936619368785,0.015292072310246473,USDMAD
2017-01-19,10.032500267028809,10.069999694824219,9.775300025939941,10.03279972076416,0,10.021319961547851,10.02388900463399,49.87227470395673,-0.00788180547660211,-0.00188027082806963,0.015192308793988989,USDMAD
2017-01-20,10.029800415039062,10.048399925231934,9.733099937438965,9.733099937438965,0,9.98537998199463,9.971018265143986,39.266916332744884,-0.03086002690228007,-0.02987199900990034,0.01776444249542827,USDMAD
2017-01-23,9.70460033416748,10.003100395202637,9.684200286865234,9.975099563598633,0,9.9757399559021,9.971760319408466,48.74490460758674,-0.029206412235559753,0.024863571494709635,0.01991318805771437,USDMAD
2017-01-24,9.975199699401855,9.997699737548828,9.68809986114502,9.988499641418457,0,9.965149879455566,9.974803832501191,49.21749216977376,-0.026509056505517492,0.0013433527890511776,0.019899489596752053,USDMAD
2017-01-25,9.976200103759766,10.003600120544434,9.87909984588623,9.980799674987793,0,9.956879806518554,9.975893985680573,48.93826351047695,-0.024707888437923486,-0.0007708831863731946,0.019884715209367177,USDMAD
2017-01-26,9.980199813842773,10.03499984741211,9.893099784851074,10.019000053405762,0,9.953629779815675,9.983731452539697,50.44047527811711,-0.019967821862303836,0.003827386548364453,0.019932707269812062,USDMAD
2017-01-27,10.016799926757812,10.032600402832031,9.713299751281738,10.018500328063965,0,9.98209981918335,9.990053066271383,50.41957831478031,-0.016066405092574954,-4.98777661576133e-05,0.016621059772647412,USDMAD
2017-01-30,9.739800453186035,10.04990005493164,9.698599815368652,10.0024995803833,0,9.97861976623535,9.992316068837185,49.709450442345215,-0.014103059517115213,-0.001597120043590028,0.013361029593624863,USDMAD
2017-01-31,10.00220012664795,10.018099784851074,9.853099822998047,9.93529987335205,0,9.973729801177978,9.981949487839888,46.73252225923218,-0.017764767567129525,-0.00671829141218272,0.013428149336176967,USDMAD
2017-02-01,9.952199935913086,9.98799991607666,9.852399826049805,9.954500198364258,0,9.964009857177734,9.976958707935228,47.69632353438105,-0.018899529798305892,0.0019325360338346975,0.013226995144332102,USDMAD
2017-02-02,9.953900337219238,9.977899551391602,9.826299667358398,9.970000267028809,0,9.957729911804199,9.975693536861334,48.506330823836116,-0.018336736555495392,0.0015570916023586179,0.013243117819007617,USDMAD
2017-02-03,9.694000244140625,9.989800453186035,9.694000244140625,9.71310043334961,0,9.955729961395264,9.927949336222838,38.00181699810955,-0.03818027004558999,-0.025767284533459556,0.012260394807295535,USDMAD
2017-02-06,9.715800285339355,9.990300178527832,9.678199768066406,9.968099594116211,0,9.955029964447021,9.935249383112541,49.656066010463064,-0.032950281806639836,0.026253116861745918,0.012578971791705846,USDMAD
2017-02-07,9.968299865722656,10.030500411987305,9.718999862670898,10.02180004119873,0,9.95836000442505,9.95098586640094,51.7145407032416,-0.02419341453812507,0.005387230191220782,0.012691418931686226,USDMAD
2017-02-08,10.021499633789062,10.045000076293945,9.67020034790039,10.007499694824219,0,9.961030006408691,9.961261107932444,51.11516178816234,-0.018197681038103042,-0.0014269239373889686,0.012699867662780237,USDMAD
2017-02-09,10.01099967956543,10.039999961853027,9.746600151062012,10.015000343322754,0,9.96063003540039,9.971031878003409,51.433117009422915,-0.01269444572580447,0.0007495027456672076,0.012643122519587394,USDMAD
2017-02-10,10.030699729919434,10.060400009155273,9.737700462341309,9.737700462341309,0,9.932550048828125,9.928607984246662,40.85375821974013,-0.03035891630613108,-0.02768845446583812,0.015386374242791328,USDMAD
2017-02-13,9.810999870300293,10.074999809265137,9.78689956665039,10.048999786376953,0,9.93720006942749,9.950497402815806,52.63274418124274,-0.01901963616757385,0.031968463729145746,0.018917436346655048,USDMAD
2017-02-14,10.059499740600586,10.08489990234375,9.798100471496582,9.820799827575684,0,9.925750064849854,9.92691602549942,45.48212620637164,-0.028122822103936684,-0.022708723619502047,0.020236886788215145,USDMAD
2017-02-15,9.821599960327148,10.109999656677246,9.757100105285645,10.063899993896484,0,9.936690044403075,9.951822201571613,52.83360375367546,-0.015541853976017705,0.02475360159955642,0.021825523886825928,USDMAD
2017-02-16,10.064399719238281,10.06470012664795,9.708000183105469,9.768099784851074,0,9.916499996185303,9.91841812580424,44.899853065620185,-0.029104452842657835,-0.029392204734228877,0.023883563235327105,USDMAD
2017-02-17,9.768199920654297,10.0649995803833,9.764699935913086,9.767900466918945,0,9.921979999542236,9.891051278734187,44.89496092995752,-0.03941464594537791,-2.040498526012513e-05,0.022349761613270274,USDMAD
2017-02-20,9.789999961853027,10.058799743652344,9.76039981842041,9.800100326538086,0,9.905180072784423,9.874514741971257,45.92009757957119,-0.04447461303976752,0.0032964975153251252,0.020549950852977335,USDMAD
2017-02-21,10.057700157165527,10.114999771118164,9.838199615478516,10.097900390625,0,9.912790107727051,9.915130314453755,54.37401811460153,-0.024176011057900126,0.030387450552979534,0.022871588064138935,USDMAD
2017-02-22,10.093899726867676,10.12399959564209,9.765000343322754,9.830400466918945,0,9.895080184936523,9.899724887629244,47.23169701813995,-0.02933606312207182,-0.026490647892942643,0.02448265959655289,USDMAD
2017-02-23,9.829899787902832,10.100000381469727,9.820300102233887,10.075499534606934,0,9.901130104064942,9.93168391435246,53.28641379462425,-0.01349246246650182,0.024932765304199966,0.02588533328620877,USDMAD
2017-02-24,10.074000358581543,10.100000381469727,9.973899841308594,10.100000381469727,0,9.937360095977784,9.96228690837378,53.856389569088776,0.001028858736649596,0.002431725273634111,0.023861981069910037,USDMAD
2017-02-27,9.813599586486816,10.080499649047852,9.809800148010254,10.072999954223633,0,9.939760112762452,9.982416553073753,53.08764707393208,0.010240357121347188,-0.002673309527357115,0.021758804255346695,USDMAD
2017-02-28,10.071599960327148,10.095000267028809,9.964400291442871,10.0826997756958,0,9.965950107574463,10.00064986627776,53.34528924052412,0.018114418741085103,0.0009629525976619924,0.02019029629717258,USDMAD
2017-03-01,10.084699630737305,10.119999885559082,9.832599639892578,9.838500022888184,0,9.943410110473632,9.971168076570564,46.43160438292693,0.004596801054049138,-0.0242196790780439,0.02021809519090886,USDMAD
2017-03-02,9.842000007629395,10.125900268554688,9.837400436401367,9.85669994354248,0,9.952270126342773,9.950355688747276,46.98309337426422,-0.0045944647289459795,0.0018498674200291276,0.01779740414649919,USDMAD
2017-03-03,9.856800079345703,10.119999885559082,9.796699523925781,9.796699523925781,0,9.955150032043457,9.922418204234276,45.326375061633705,-0.01652959857702463,-0.006087272612575356,0.017940613896583586,USDMAD
2017-03-06,9.80370044708252,10.095000267028809,9.80370044708252,10.076499938964844,0,9.982789993286133,9.950433065094378,53.55174143805598,-0.00337185439702381,0.02856068151888569,0.02004335483314372,USDMAD
2017-03-07,10.075499534606934,10.095000267028809,9.822600364685059,9.822600364685059,0,9.955259990692138,9.927190755929047,46.687723880279634,-0.013278751869233218,-0.02519719900934847,0.019286807200634894,USDMAD
2017-03-08,9.824399948120117,10.114999771118164,9.821800231933594,10.095199584960938,0,9.981739902496338,9.957737815753026,53.56887801398983,0.0008565654251917465,0.027752245857008306,0.01944604177238247,USDMAD
2017-03-09,10.099800109863281,10.107099533081055,9.817999839782715,10.079999923706055,0,9.98218994140625,9.979967289926304,53.156887150193356,0.010708974197640941,-0.0015056325659500436,0.017838071076573495,USDMAD
2017-03-10,10.075499534606934,10.09000015258789,9.762200355529785,9.762200355529785,0,9.948409938812256,9.94037330185421,45.31037319951329,-0.007045474216324621,-0.03152773517675045,0.02041040558581275,USDMAD
2017-03-13,9.75510025024414,10.045000076293945,9.731599807739258,9.780699729919434,0,9.919179916381836,9.911341743320614,45.811803220497104,-0.01939963072363149,0.0018950004830795564,0.020474738695713306,USDMAD
2017-03-14,9.777600288391113,10.079999923706055,9.772500038146973,10.059700012207031,0,9.91687994003296,9.938315974027235,52.835318935771,-0.006601301984494157,0.028525595304201845,0.022758230959091838,USDMAD
2017-03-15,10.059399604797363,10.069999694824219,9.731200218200684,9.98639965057373,0,9.931669902801513,9.947058460672054,50.966277490996575,-0.0023462151313093926,-0.007286535537277872,0.021341420201762083,USDMAD
2017-03-16,9.987500190734863,10.010000228881836,9.712200164794922,9.712200164794922,0,9.917219924926759,9.904356952330756,44.60911377617791,-0.02085918338388737,-0.027457291453687804,0.023245590206526875,USDMAD
2017-03-17,9.71679973602295,10.010000228881836,9.71310043334961,9.734199523925781,0,9.910969924926757,9.873419238075307,45.199711007941445,-0.03337099956696221,0.0022651262080246592,0.023201797685267457,USDMAD
2017-03-20,9.722399711608887,10.010000228881836,9.701399803161621,9.733599662780762,0,9.87667989730835,9.847997497112662,45.18556355745622,-0.0428412604334536,-6.162408563181732e-05,0.02088199484740252,USDMAD
2017-03-21,9.726699829101562,10.0,9.689000129699707,9.692500114440918,0,9.863669872283936,9.819725245717798,44.16557014657296,-0.05305135744219136,-0.004222440799265592,0.019437085809025284,USDMAD
2017-03-22,9.695500373840332,9.96500015258789,9.689200401306152,9.703399658203125,0,9.824489879608155,9.798575138896947,44.523225573004396,-0.059576668047013115,0.0011245337769940633,0.016661586994101547,USDMAD
2017-03-23,9.70419979095459,9.970000267028809,9.695899963378906,9.959199905395508,0,9.8124098777771,9.827779641896685,52.25329604829993,-0.04360443677279946,0.02636192017259975,0.01922582915436377,USDMAD
2017-03-24,9.962200164794922,9.972000122070312,9.698800086975098,9.698800086975098,0,9.80606985092163,9.804328813729123,45.329039247784856,-0.05136629879066845,-0.02614666046409364,0.018332186499994397,USDMAD
2017-03-27,9.657099723815918,9.9399995803833,9.636199951171875,9.916799545288086,0,9.819679832458496,9.824778037648935,51.16353246856069,-0.03947188861114448,0.02247695141234507,0.01973286580946824,USDMAD
2017-03-28,9.916799545288086,9.960000038146973,9.688300132751465,9.688599586486816,0,9.782569789886475,9.800018319255823,45.66920301922185,-0.047907069501805566,-0.023011452208862804,0.01860486677893174,USDMAD
2017-03-29,9.6899995803833,9.989999771118164,9.686200141906738,9.974100112915039,0,9.781339836120605,9.83166955446659,52.536557209290734,-0.03119490917968193,0.029467677333515185,0.021238723870717607,USDMAD
2017-03-30,9.974100112915039,10.029999732971191,9.758999824523926,10.013500213623047,0,9.811469841003419,9.864729674313217,53.41173247266803,-0.014602810760518281,0.003950241150777023,0.018908563723670974,USDMAD
2017-03-31,9.757399559020996,10.03499984741211,9.757399559020996,9.779399871826172,0,9.815989875793457,9.849215164770117,47.77501777392853,-0.020111560794704886,-0.023378472742067613,0.020705966673096852,USDMAD
2017-04-03,9.766900062561035,10.037500381469727,9.766799926757812,10.027299880981445,0,9.845359897613525,9.881594204081265,53.385147240981276,-0.0044228421618708325,0.02534920469603219,0.022119118004385433,USDMAD
2017-04-04,10.027299880981445,10.045000076293945,9.767200469970703,10.020000457763672,0,9.8781099319458,9.906758977478066,53.20391525020459,0.007337001549181821,-0.0007279550132551771,0.022016239987402247,USDMAD
2017-04-05,10.0201997756958,10.050000190734863,9.769200325012207,10.023900032043457,0,9.910159969329834,9.92805735103541,53.29513520892361,0.01677801891150743,0.00038917905205915204,0.0220264543838001,USDMAD
2017-04-06,10.023900032043457,10.043100357055664,9.782500267028809,9.783499717712402,0,9.892589950561524,9.901774144976681,47.188287540327835,0.004806391839496271,-0.023982712672968143,0.021967005303712258,USDMAD
2017-04-07,9.782500267028809,10.100000381469727,9.776900291442871,10.070699691772461,0,9.92977991104126,9.93248788075773,53.973609846163434,0.018282677484855014,0.029355545801274197,0.022076425102222297,USDMAD
2017-04-10,9.820599555969238,10.086700439453125,9.807999610900879,10.066499710083008,0,9.944749927520752,9.95685366790778,53.864618628405765,0.02829763006385555,-0.0004170496408392177,0.021112145252785038,USDMAD
2017-04-11,10.066499710083008,10.079999923706055,9.968999862670898,10.059599876403809,0,9.981849956512452,9.975534796725238,53.67286626017387,0.0352712086848026,-0.0006854253094834561,0.01931240017015048,USDMAD
2017-04-12,10.059599876403809,10.067399978637695,9.971099853515625,10.024200439453125,0,9.986859989166259,9.984383095403036,52.637544868885826,0.03750900085403863,-0.003518970673348387,0.01716376995078454,USDMAD
2017-04-13,10.024200439453125,10.0600004196167,9.955400466918945,10.059399604797363,0,9.991449928283691,9.998022460747459,53.59605346308915,0.04164271445165468,0.003511418746746209,0.017154906178812906,USDMAD
2017-04-14,9.798999786376953,10.050000190734863,9.798999786376953,9.801899909973145,0,9.993699932098389,9.962363815152129,46.22590460360363,0.02386553190595464,-0.025597918856053448,0.017510129586963206,USDMAD
2017-04-17,9.802599906921387,10.039999961853027,9.770899772644043,9.770899772644043,0,9.968059921264649,9.92755217105975,45.4162014366632,0.007192622581433383,-0.003162666178376239,0.015153024530194117,USDMAD
2017-04-18,9.773200035095215,10.038700103759766,9.73550033569336,9.737000465393066,0,9.939759922027587,9.892906406393081,44.49830066650952,-0.008656383565561754,-0.0034694151040097765,0.015142526757113308,USDMAD
2017-04-19,9.737600326538086,10.024999618530273,9.735600471496582,9.746600151062012,0,9.912029933929443,9.86630526906016,44.838296402156004,-0.020209260937161133,0.0009858976286449828,0.015157474278586693,USDMAD
2017-04-20,9.745499610900879,10.020000457763672,9.743399620056152,9.74470043182373,0,9.908150005340577,9.844195298653535,44.77983533036686,-0.029181900173950837,-0.00019491096473001068,0.013184114665925332,USDMAD
2017-04-21,9.745100021362305,10.045000076293945,9.738200187683105,9.738200187683105,0,9.87490005493164,9.824923460295274,44.565722078077314,-0.03639772645702344,-0.0006670542810527369,0.008122491095185003,USDMAD
2017-04-24,9.605899810791016,9.949999809265137,9.605899810791016,9.915599822998047,0,9.859810066223144,9.841410071695776,51.3960335155094,-0.027484824842204603,0.018216881137781193,0.010617184845045369,USDMAD
2017-04-25,9.915599822998047,9.925000190734863,9.62909984588623,9.631500244140625,0,9.817000102996825,9.80324464850393,42.38838327233733,-0.04285177915720162,-0.028651779411114076,0.01364307921466289,USDMAD
2017-04-26,9.630000114440918,9.930000305175781,9.621700286865234,9.891799926757812,0,9.803760051727295,9.819345608186454,50.88229443551091,-0.03363842931877947,0.02702587094627784,0.016864973081595482,USDMAD
2017-04-27,9.891799926757812,9.920000076293945,9.660599708557129,9.66759967803955,0,9.764580059051514,9.791755439068835,44.76098391434997,-0.043921569037499,-0.022665263185498663,0.018042741833548627,USDMAD
2017-04-28,9.665200233459473,9.91919994354248,9.650300025939941,9.650300025939941,0,9.749420070648194,9.7660362730454,44.3179435587324,-0.05285765851125035,-0.0017894464681762479,0.01633990456290272,USDMAD
2017-05-01,9.641500473022461,9.899999618530273,9.641500473022461,9.892800331115723,0,9.761610126495361,9.78908428360364,51.556308795084455,-0.0399117480449096,0.02512878402992058,0.01833534941295614,USDMAD
2017-05-02,9.892800331115723,9.899999618530273,9.630599975585938,9.879400253295898,0,9.775850105285645,9.805505369002232,51.16054134518722,-0.030383058040728272,-0.0013545282802966963,0.01828517405893322,USDMAD
2017-05-03,9.879400253295898,9.906499862670898,9.652700424194336,9.652799606323242,0,9.766470050811767,9.77774068487878,44.88567442304671,-0.04064771938523393,-0.022936680482912863,0.019871072605425533,USDMAD
2017-05-04,9.654199600219727,9.908499717712402,9.603699684143066,9.853099822998047,0,9.777309989929199,9.791442346355009,50.64777794725789,-0.032248246237950084,0.02075047911940442,0.021011777582201352,USDMAD
2017-05-05,9.853099822998047,9.869999885559082,9.59589958190918,9.59589958190918,0,9.763079929351807,9.755889116455766,44.25031780155635,-0.045817359201008045,-0.026103484762078466,0.022745268038699563,USDMAD
2017-05-08,9.626799583435059,9.895000457763672,9.604599952697754,9.631500244140625,0,9.734669971466065,9.733272957853012,45.28060864316705,-0.053086356595756,0.003709986950943378,0.02180996855688538,USDMAD
2017-05-09,9.630800247192383,9.925000190734863,9.630599975585938,9.653499603271484,0,9.73686990737915,9.718768711565462,45.945402076231254,-0.05642153266843053,0.0022841051314141936,0.019821456255502256,USDMAD
2017-05-10,9.654500007629395,9.930000305175781,9.647199630737305,9.662300109863281,0,9.713919925689698,9.708501693074156,46.22684691705676,-0.0576895472118526,0.0009116389862195984,0.01750999977913466,USDMAD
2017-05-11,9.664600372314453,9.9350004196167,9.654199600219727,9.66349983215332,0,9.713509941101075,9.700319536543095,46.267919502908754,-0.0579298708200362,0.00012416528946501693,0.01596639993197308,USDMAD
2017-05-12,9.667200088500977,9.909700393676758,9.629899978637695,9.629899978637695,0,9.71146993637085,9.687515980560294,45.22604245957932,-0.06013831927419133,-0.0034769859884333787,0.015997154520740294,USDMAD
2017-05-15,9.633199691772461,9.880000114440918,9.603699684143066,9.604700088500977,0,9.682659912109376,9.672458545640417,44.41816944639171,-0.06319349583152523,-0.0026168382010841595,0.013317697213342587,USDMAD
2017-05-16,9.6048002243042,9.861000061035156,9.544500350952148,9.544500350952148,0,9.649169921875,9.649193419333459,42.466605886378986,-0.0696692571457902,-0.006267737357140479,0.01334614190179305,USDMAD
2017-05-17,9.546299934387207,9.796299934387207,9.508700370788574,9.758500099182129,0,9.659739971160889,9.669067361124126,50.75038045345285,-0.056877702679697606,0.02242126254504595,0.013658379615205597,USDMAD
2017-05-18,9.758500099182129,9.802499771118164,9.543000221252441,9.781999588012695,0,9.652629947662353,9.689600493285685,51.57491434232906,-0.04433304747698941,0.002408104584897819,0.011849002345545053,USDMAD
2017-05-19,9.781999588012695,9.787400245666504,9.487500190734863,9.487500190734863,0,9.641790008544922,9.65285498373099,42.069274935706005,-0.05749222341182225,-0.030106257378984647,0.01283092625793158,USDMAD
2017-05-22,9.49120044708252,9.744999885559082,9.427599906921387,9.471400260925293,0,9.625780010223389,9.619863215948135,41.61768423873462,-0.06843126193917115,-0.0016969622646535454,0.012720998394593858,USDMAD
2017-05-23,9.472200393676758,9.7524995803833,9.468299865722656,9.502300262451172,0,9.610660076141357,9.598488133494142,42.88489867781015,-0.0737569328922767,0.0032624533516294463,0.01275791126490284,USDMAD
2017-05-24,9.505000114440918,9.755000114440918,9.43529987335205,9.718400001525879,0,9.616270065307617,9.620290291318094,50.909868624521486,-0.059850206642826365,0.022741834409152117,0.014904271254791573,USDMAD
2017-05-25,9.718400001525879,9.75,9.450799942016602,9.7298002243042,0,9.622900104522705,9.640201188224658,51.29862494737647,-0.047363150281109156,0.001173055521128008,0.014903621146271912,USDMAD
2017-05-26,9.7298002243042,9.770000457763672,9.478799819946289,9.478799819946289,0,9.607790088653564,9.610855484901318,43.188977730948814,-0.057062917293713156,-0.02579707687429522,0.017119348774000273,USDMAD
2017-05-29,9.505999565124512,9.768500328063965,9.47920036315918,9.526800155639648,0,9.600000095367431,9.595572697762833,44.98028109761371,-0.06018307358966091,0.005063967654676205,0.0172329985788529,USDMAD
2017-05-30,9.527999877929688,9.780400276184082,9.44909954071045,9.506199836730957,0,9.596170043945312,9.579323086666127,44.33419599495037,-0.06358512377903303,-0.0021623544707711773,0.01713370018487058,USDMAD
2017-05-31,9.505999565124512,9.753299713134766,9.421600341796875,9.712499618530273,0,9.591569995880127,9.603537001550517,51.80070742937747,-0.04906896827071705,0.02170160372625407,0.01702899643781018,USDMAD
2017-06-01,9.712499618530273,9.731100082397461,9.45110034942627,9.726300239562988,0,9.586000061035156,9.625857590280056,52.26200163416893,-0.036035817197253905,0.0014209134182496808,0.01701414268966087,USDMAD
2017-06-02,9.726300239562988,9.739999771118164,9.391300201416016,9.391300201416016,0,9.576380062103272,9.583210792304776,41.80328001710397,-0.05213764413207933,-0.03444269967981417,0.017887136189366607,USDMAD
2017-06-05,9.454299926757812,9.729999542236328,9.422599792480469,9.463600158691406,0,9.575600051879883,9.561463404375072,44.38985150809317,-0.05839135645925175,0.0076986099607900815,0.018084746701152978,USDMAD
2017-06-06,9.463899612426758,9.704999923706055,9.404800415039062,9.697600364685059,0,9.595130062103271,9.586215578976887,51.849073152019386,-0.04395887696156642,0.024726341146053876,0.019707208254661934,USDMAD
2017-06-07,9.697600364685059,9.739999771118164,9.40880012512207,9.703900337219238,0,9.593680095672607,9.607612807748223,52.03561036307608,-0.031647861005254185,0.0006496424163984216,0.018341045089866878,USDMAD
2017-06-08,9.703900337219238,9.736499786376953,9.461299896240234,9.501500129699707,0,9.570850086212157,9.588319593557584,45.88537052837016,-0.03778770424895583,-0.020857613999107794,0.019473102207147965,USDMAD
2017-06-09,9.493900299072266,9.762499809265137,9.45259952545166,9.45259952545166,0,9.568230056762696,9.563643217538324,44.51638381701749,-0.0460683965394626,-0.005146619331740432,0.017707582394395783,USDMAD
2017-06-12,9.493300437927246,9.755000114440918,9.45580005645752,9.73799991607666,0,9.589350032806397,9.595344435454384,53.2777827398586,-0.02926413971960784,0.030192794041103976,0.020142871093796463,USDMAD
2017-06-13,9.738499641418457,9.774999618530273,9.451000213623047,9.730400085449219,0,9.611770057678223,9.619900008180718,53.03760836878321,-0.01637117126727361,-0.000780430344314853,0.020112978188804493,USDMAD
2017-06-14,9.730400085449219,9.774999618530273,9.452899932861328,9.731800079345703,0,9.613700103759765,9.64024547566526,53.07956971548183,-0.005971596228631526,0.0001438783486999995,0.018949828495893547,USDMAD
2017-06-15,9.731800079345703,9.779999732971191,9.722100257873535,9.768799781799316,0,9.617950057983398,9.663618985871452,54.24319115131916,0.005195814566928192,0.00380193819765573,0.018979568488824053,USDMAD
2017-06-16,9.768799781799316,9.774999618530273,9.73449993133545,9.774999618530273,0,9.656319999694825,9.683870009991237,54.44705157549299,0.014380572797636049,0.0006346569557611481,0.014495531186353388,USDMAD
2017-06-19,9.490400314331055,9.779999732971191,9.446100234985352,9.524700164794922,0,9.662430000305175,9.65493003813736,45.611803090702495,0.001445819286708172,-0.025606083222843745,0.017159661681796275,USDMAD
2017-06-20,9.524999618530273,9.805000305175781,9.48270034790039,9.52400016784668,0,9.645069980621338,9.631124607175417,45.5895223116809,-0.008760563639794938,-7.34928067163132e-05,0.014965434629434404,USDMAD
2017-06-21,9.52280044555664,9.800000190734863,9.464900016784668,9.50790023803711,0,9.625469970703126,9.608720176422997,45.04450850715409,-0.017941506901610893,-0.0016904587910365754,0.014942818504988391,USDMAD
2017-06-22,9.50790023803711,9.8149995803833,9.484999656677246,9.51710033416748,0,9.627029991149902,9.59206202328563,45.445858493663685,-0.024196181197172706,0.0009676264895550624,0.013385122044089936,USDMAD
2017-06-23,9.517800331115723,9.795000076293945,9.447400093078613,9.447400093078613,0,9.626510047912598,9.565759854157081,42.890233285633634,-0.034380960276886086,-0.007323684593156576,0.013499762137595494,USDMAD
2017-06-26,9.495699882507324,9.507200241088867,9.4552001953125,9.50059986114502,0,9.602770042419433,9.553912582700342,45.41341716531843,-0.03772482608872174,0.005631154343233691,0.008827231905757928,USDMAD
2017-06-27,9.501700401306152,9.510499954223633,9.456600189208984,9.505000114440918,0,9.580230045318604,9.545019406653173,45.627396221412745,-0.03956373407052993,0.0004631553123182197,0.008861737699861183,USDMAD
2017-06-28,9.506099700927734,9.65999984741211,9.361900329589844,9.642999649047852,0,9.571350002288819,9.562833996179478,51.984398426670076,-0.029545095294805535,0.014518625244125172,0.010344893251261813,USDMAD
2017-06-29,9.642999649047852,9.65999984741211,9.322400093078613,9.609999656677246,0,9.555469989776611,9.571409570815435,50.46496013547473,-0.02399151621182405,-0.00342217085674823,0.010234218226080588,USDMAD
2017-06-30,9.609999656677246,9.654999732971191,9.338399887084961,9.338399887084961,0,9.51181001663208,9.52904417377353,40.08126924805826,-0.04103309238252706,-0.02826220388088896,0.013189236460317008,USDMAD
2017-07-03,9.382499694824219,9.675000190734863,9.3774995803833,9.642499923706055,0,9.523589992523194,9.54967249194308,51.99219296796693,-0.02965844865609668,0.03256446932002399,0.015467438623289764,USDMAD
2017-07-04,9.642499923706055,9.666500091552734,9.385199546813965,9.412199974060059,0,9.512409973144532,9.524677488691621,44.73897222299158,-0.03878020868656584,-0.023883842516794207,0.01741837290035243,USDMAD
2017-07-05,9.411499977111816,9.6899995803833,9.36929988861084,9.656900405883789,0,9.527309989929199,9.548718019090197,52.34604068738869,-0.02596468470527924,0.02599821853531825,0.019392954142768957,USDMAD
2017-07-06,9.656900405883789,9.668499946594238,9.549500465393066,9.61769962310791,0,9.537369918823241,9.561260128911599,51.13171983021937,-0.018755266141319282,-0.0040593545680552845,0.019479731567278342,USDMAD
2017-07-07,9.61769962310791,9.645000457763672,9.541500091552734,9.633700370788574,0,9.555999946594238,9.574431081980139,51.62500804839453,-0.011616713136437085,0.0016636772105276254,0.019247570453893054,USDMAD
2017-07-10,9.392600059509277,9.635299682617188,9.352899551391602,9.631199836730957,0,9.569059944152832,9.584752673753014,51.537454483745854,-0.006090918335084794,-0.0002595611199617265,0.01921833206505277,USDMAD
2017-07-11,9.631199836730957,9.638999938964844,9.299099922180176,9.374300003051758,0,9.555989933013915,9.54648855180733,43.3947823672278,-0.02218561377470074,-0.02667371023695808,0.02119979768319629,USDMAD
2017-07-12,9.37279987335205,9.635100364685059,9.350099563598633,9.606499671936035,0,9.552339935302735,9.557399664558003,50.93973216177248,-0.01601953987736593,0.024769814152383107,0.02226445256210588,USDMAD
2017-07-13,9.606499671936035,9.635899543762207,9.35099983215332,9.391599655151367,0,9.530499935150146,9.527254208302251,44.96602506210648,-0.028149032722650347,-0.022370272640769073,0.023352939232428357,USDMAD
2017-07-14,9.390600204467773,9.604599952697754,9.300299644470215,9.300299644470215,0,9.526689910888672,9.485989742150972,42.67625120481269,-0.04461460167032527,-0.009721454707779631,0.02171962993721857,USDMAD
2017-07-17,9.353599548339844,9.596500396728516,9.317000389099121,9.592499732971191,0,9.521689891815186,9.505355195027375,51.235004047582855,-0.03369713892361048,0.03141835206080845,0.021529735805487168,USDMAD
2017-07-18,9.592499732971191,9.592499732971191,9.277799606323242,9.31820011138916,0,9.512289905548096,9.471326998002244,44.51577577192572,-0.0466410095596661,-0.028595218057626104,0.02214562016201203,USDMAD
2017-07-19,9.318599700927734,9.57610034942627,9.302900314331055,9.539999961853027,0,9.50059986114502,9.483812991429659,50.202719969225335,-0.03855726190635522,0.02380286405233689,0.021859667918323344,USDMAD
2017-07-20,9.539999961853027,9.580900192260742,9.276700019836426,9.280599594116211,0,9.46688985824585,9.446865101009031,44.46286506211018,-0.05247734921218239,-0.027190814336903957,0.023389416809495793,USDMAD
2017-07-21,9.281000137329102,9.498100280761719,9.223600387573242,9.223600387573242,0,9.425879859924317,9.406271516747978,43.29158681546528,-0.06733231330180445,-0.006141759049609896,0.02333496268811867,USDMAD
2017-07-24,9.25220012664795,9.51259994506836,9.241100311279297,9.505599975585938,0,9.413319873809815,9.424331236536698,50.27125081574971,-0.055707804490076285,0.030573699657741926,0.025804599115392724,USDMAD
2017-07-25,9.272600173950195,9.524999618530273,9.236700057983398,9.272000312805176,0,9.403089904785157,9.396634704949149,45.297648054872255,-0.0646001675005472,-0.024574951963130753,0.025580262446249714,USDMAD
2017-07-26,9.27180004119873,9.524999618530273,9.157099723815918,9.46500015258789,0,9.388939952850341,9.40906478633801,49.723396779457694,-0.055434935716961675,0.02081534008537189,0.025168253071865307,USDMAD
2017-07-27,9.46500015258789,9.510000228881836,9.444499969482422,9.480500221252441,0,9.39783000946045,9.422053047231543,50.072761986588134,-0.046385988691431734,0.0016376194838532143,0.024044233827194665,USDMAD
2017-07-28,9.484100341796875,9.493499755859375,9.17490005493164,9.17490005493164,0,9.385290050506592,9.377116139540652,43.634761854383214,-0.0631461034213352,-0.03223460357458108,0.02614307554141091,USDMAD
2017-07-31,9.218500137329102,9.452500343322754,9.09850025177002,9.185500144958496,0,9.344590091705323,9.342276867798441,43.904176136923816,-0.0747120424990726,0.0011553357489881844,0.023594471851222133,USDMAD
2017-08-01,9.186599731445312,9.428799629211426,9.162500381469727,9.190199851989746,0,9.33179006576538,9.31462650128777,44.03190695520909,-0.08254735098769572,0.0005116441083319323,0.021973169671759656,USDMAD
2017-08-02,9.186300277709961,9.41569995880127,9.125200271606445,9.395299911499023,0,9.31732006072998,9.32929439405345,49.44233758663325,-0.07138415658359598,0.022317257819466363,0.02178986630641481,USDMAD
2017-08-03,9.395600318908691,9.41189956665039,9.11620044708252,9.382699966430664,0,9.327530097961425,9.339004498122033,49.12813543569319,-0.0628296932629464,-0.0013410902458725893,0.019823413550056675,USDMAD
2017-08-04,9.382699966430664,9.460399627685547,9.20740032196045,9.20740032196045,0,9.325910091400146,9.315076466092654,44.85705291552417,-0.06939548773284798,-0.01868328360678695,0.020720967044684506,USDMAD
2017-08-07,9.205300331115723,9.434100151062012,9.16189956665039,9.196000099182129,0,9.294950103759765,9.293426217563468,44.58558460973056,-0.07465821641115156,-0.0012381586962315616,0.01773550958920118,USDMAD
2017-08-08,9.195500373840332,9.465499877929688,9.187299728393555,9.445099830627441,0,9.312260055541993,9.321003238120554,51.49330409269601,-0.05805942735252145,0.02708783479324528,0.018320365727978648,USDMAD
2017-08-09,9.445099830627441,9.48009967803955,9.173199653625488,9.219900131225586,0,9.287750053405762,9.30262085504874,45.92022536253427,-0.06235768057963931,-0.02384301949584533,0.018664818619577535,USDMAD
2017-08-10,9.215800285339355,9.446499824523926,9.214200019836426,9.445799827575684,0,9.284280014038085,9.328653395508184,51.58119714740729,-0.046994140458087585,0.024501317057115335,0.020530101625201535,USDMAD
2017-08-11,9.445799827575684,9.453100204467773,9.29640007019043,9.41469955444336,0,9.308259963989258,9.344298151678215,50.792895690701,-0.03690256653343482,-0.0032924975862320682,0.017293540103524956,USDMAD
2017-08-14,9.095399856567383,9.185700416564941,9.095399856567383,9.18239974975586,0,9.307949924468994,9.314862078601422,45.232327486844106,-0.04710655922812457,-0.024674160162430625,0.019358451852363765,USDMAD
2017-08-15,9.178500175476074,9.47599983215332,9.178500175476074,9.225799560546875,0,9.311509895324708,9.298668893500595,46.41265389401582,-0.05110222034487499,0.004726412699705085,0.01941337800125889,USDMAD
2017-08-16,9.227100372314453,9.485300064086914,9.222399711608887,9.424500465393066,0,9.31442995071411,9.321547361117407,51.55994958298569,-0.03779957815123858,0.021537526752251734,0.01931759310180818,USDMAD
2017-08-17,9.424500465393066,9.491600036621094,9.193499565124512,9.237799644470215,0,9.299939918518067,9.306320503545189,46.99247390906344,-0.041840028493073333,-0.019810155626647785,0.020365322970287095,USDMAD
2017-08-18,9.238900184631348,9.463700294494629,9.175700187683105,9.175700187683105,0,9.296769905090333,9.282571355206628,45.5471950409608,-0.049482616869346074,-0.006722321242838669,0.01957118131356083,USDMAD
2017-08-21,9.2391996383667,9.24940013885498,9.176799774169922,9.224100112915039,0,9.299579906463624,9.27194022024452,46.917497095516495,-0.05104553262291667,0.005274793666090183,0.019640034681938926,USDMAD
2017-08-22,9.225500106811523,9.453300476074219,9.179100036621094,9.21679973602295,0,9.276749897003175,9.26191467765878,46.72649219640837,-0.05227069004376794,-0.0007914459733441292,0.01728008928390938,USDMAD
2017-08-23,9.218500137329102,9.42300033569336,9.203300476074219,9.387999534606934,0,9.29355983734131,9.284839197103897,51.693116837737136,-0.03897792984492909,0.01857475517395346,0.0165996451117964,USDMAD
2017-08-24,9.387999534606934,9.435199737548828,9.127799987792969,9.166399955749512,0,9.265619850158691,9.263304789584918,45.74785307063049,-0.04579664048295662,-0.023604557929571723,0.016300302673784864,USDMAD
2017-08-25,9.167799949645996,9.43179988861084,9.154600143432617,9.177000045776367,0,9.241849899291992,9.247613017983362,46.06738568123589,-0.04977144487832419,0.0011564071039913415,0.01634837956901343,USDMAD
2017-08-28,9.041500091552734,9.366600036621094,9.035300254821777,9.08430004119873,0,9.23203992843628,9.217919749477065,43.646350610563985,-0.05971328407315646,-0.010101340755719113,0.01471330150604484,USDMAD
2017-08-29,9.08329963684082,9.318499565124512,9.076600074768066,9.083999633789062,0,9.217859935760497,9.193570637533792,43.63834690004632,-0.06684594518357656,-3.306885597187392e-05,0.014584762151952833,USDMAD
2017-08-30,9.0826997756958,9.350500106811523,9.075499534606934,9.11870002746582,0,9.187279891967773,9.179957799339615,44.89536069605588,-0.06890431270973352,0.0038199466177526453,0.012393203775523137,USDMAD
2017-08-31,9.11929988861084,9.383299827575684,9.059499740600586,9.338000297546387,0,9.19729995727539,9.208692799013573,52.15742827823963,-0.05223772084819167,0.02404951028326696,0.01357560660032241,USDMAD
2017-09-01,9.338000297546387,9.350000381469727,9.102899551391602,9.113499641418457,0,9.191079902648926,9.191384952178097,45.540811008704125,-0.05649343231903181,-0.0240416201514706,0.015640926597413528,USDMAD
2017-09-04,9.097000122070312,9.345499992370605,9.086700439453125,9.117400169372559,0,9.180409908294678,9.177933173486181,45.669770066406656,-0.058872726172280565,0.0004279945254372919,0.015514279347155227,USDMAD
2017-09-05,9.116700172424316,9.369999885559082,9.07859992980957,9.331000328063965,0,9.19182996749878,9.205763565227596,52.32730219058465,-0.04302660213124021,0.02342774856026808,0.017342569584897508,USDMAD
2017-09-06,9.331000328063965,9.353500366210938,9.220399856567383,9.344400405883789,0,9.187470054626464,9.230970263528722,52.7187296572658,-0.02905226395811944,0.001436081593473082,0.016266621560367157,USDMAD
2017-09-07,9.345199584960938,9.350000381469727,9.179100036621094,9.270000457763672,0,9.197830104827881,9.23806666248053,50.25165694599296,-0.023707667074706507,-0.00796198203078613,0.014429943827337874,USDMAD
2017-09-08,9.279500007629395,9.310799598693848,9.025300025939941,9.025300025939941,0,9.182660102844238,9.199381819473151,43.10657354773895,-0.03877039436766161,-0.02639702478318573,0.016867702103920995,USDMAD
2017-09-11,9.057499885559082,9.322699546813965,9.0556001663208,9.09000015258789,0,9.183230113983154,9.179494243675832,45.320369384832205,-0.04496858491452649,0.007168750785236266,0.016777312379781816,USDMAD
2017-09-12,9.092000007629395,9.331999778747559,9.043899536132812,9.306500434875488,0,9.205480194091797,9.202586278439405,52.0447142535316,-0.032041576813890416,0.02381741239310764,0.018362527308306918,USDMAD
2017-09-13,9.306500434875488,9.359999656677246,9.11240005493164,9.122099876403809,0,9.205820178985595,9.187952387160205,46.769112718453,-0.0362584489001474,-0.019814167501744362,0.019659587525133377,USDMAD
2017-09-14,9.11970043182373,9.357500076293945,9.06879997253418,9.338000297546387,0,9.205820178985595,9.215233825412238,52.801626602477214,-0.02192623874666566,0.02366784228059693,0.019608470254548187,USDMAD
2017-09-15,9.338000297546387,9.343999862670898,9.060600280761719,9.092100143432617,0,9.203680229187011,9.192845883234124,46.357753211798936,-0.030063394211030214,-0.026333277605311456,0.019933609753416095,USDMAD
2017-09-18,9.099100112915039,9.334500312805176,9.05109977722168,9.317500114440918,0,9.223690223693847,9.215510288908087,52.125233327315726,-0.018115431212805788,0.024790748831677867,0.02143184159388243,USDMAD
2017-09-19,9.317500114440918,9.347599983215332,9.034899711608887,9.074999809265137,0,9.198090171813964,9.189962928973005,46.35115319500609,-0.027892801570523318,-0.026026327040225894,0.021739050210397116,USDMAD
2017-09-20,9.075699806213379,9.364999771118164,9.074999809265137,9.357000350952148,0,9.199350166320801,9.220333369332849,52.88694748729807,-0.012739498080080125,0.03107444050842867,0.02422360723266201,USDMAD
2017-09-21,9.357000350952148,9.359000205993652,9.054499626159668,9.097599983215332,0,9.182110118865968,9.198018208220573,47.19174290868482,-0.021414979118366873,-0.027722598910709717,0.025739947915075997,USDMAD
2017-09-22,9.098799705505371,9.326700210571289,9.06190013885498,9.06190013885498,0,9.18577013015747,9.173269468335919,46.450380564957456,-0.030815813907954848,-0.0039240947531454795,0.024271371144510917,USDMAD
2017-09-25,9.10420036315918,9.37600040435791,9.092300415039062,9.368499755859375,0,9.21362009048462,9.208765884249274,53.24387174197679,-0.013371873837815684,0.03383392139687991,0.026433166627757704,USDMAD
2017-09-26,9.368499755859375,9.404999732971191,9.130999565124512,9.40250015258789,0,9.223220062255859,9.243990296674477,53.94168898237703,0.0031596991622908632,0.003629225341789777,0.02544769770147063,USDMAD
2017-09-27,9.40250015258789,9.439499855041504,9.157400131225586,9.196399688720703,0,9.230650043487548,9.2353374588647,49.15283702519372,-0.00036528434170080004,-0.021919751185588865,0.02564988041515939,USDMAD
2017-09-28,9.189000129699707,9.449999809265137,9.133399963378906,9.404999732971191,0,9.23734998703003,9.26618514506588,53.63904454442585,0.013517598600699898,0.022682794496887038,0.025555329048607942,USDMAD
2017-09-29,9.174699783325195,9.40999984741211,9.174699783325195,9.190099716186523,0,9.24714994430542,9.252351430724177,48.85667355244823,0.007097433201233017,-0.022849550546109154,0.02516190609802206,USDMAD
2017-10-02,9.167400360107422,9.430000305175781,9.162099838256836,9.428500175476074,0,9.258249950408935,9.284378475224521,53.77988586913152,0.02100420711134454,0.025941008982705238,0.025283271905166025,USDMAD
2017-10-03,9.428500175476074,9.44789981842041,9.174200057983398,9.19320011138916,0,9.270069980621338,9.267800590890818,48.787920726814114,0.012890088029868352,-0.02495625600123963,0.025155902694832644,USDMAD
2017-10-04,9.190299987792969,9.427499771118164,9.155400276184082,9.416999816894531,0,9.276069927215577,9.294927722891492,53.23425092483407,0.024238944595751377,0.02434404807833057,0.02435640547734967,USDMAD
2017-10-05,9.416999816894531,9.449999809265137,9.160799980163574,9.212400436401367,0,9.28754997253418,9.279922761711468,49.04218058014268,0.016532953494401426,-0.021726599179295203,0.023636493821240227,USDMAD
2017-10-06,9.21090030670166,9.463800430297852,9.159799575805664,9.159799575805664,0,9.297339916229248,9.258082182455867,47.99574294270621,0.006111006304861277,-0.005709788774254654,0.023688758453383463,USDMAD
2017-10-09,9.204299926757812,9.446999549865723,9.163100242614746,9.19480037689209,0,9.27996997833252,9.24657639962609,48.778923858634435,0.0006681086640547562,0.003821131761318819,0.020842941270290582,USDMAD
2017-10-10,9.195199966430664,9.4350004196167,9.117500305175781,9.389599800109863,0,9.278679943084716,9.272580654259503,53.01959255574211,0.011935671525078462,0.02118582407806624,0.02204412461657047,USDMAD
2017-10-11,9.389599800109863,9.406999588012695,9.074999809265137,9.364500045776367,0,9.295489978790282,9.289293270898932,52.417410656639476,0.01862525551181271,-0.0026731442093199664,0.020709603046088307,USDMAD
2017-10-12,9.364500045776367,9.392499923706055,9.121700286865234,9.150300025939941,0,9.270020008087158,9.264021771815479,47.46311141048442,0.006566947873306361,-0.02287362045911201,0.020666427614626347,USDMAD
2017-10-13,9.152400016784668,9.404999732971191,9.124699592590332,9.124699592590332,0,9.26347999572754,9.238690466501815,46.892653024011686,-0.004997480975330149,-0.0027977698301733245,0.019412713683828676,USDMAD
2017-10-16,9.162599563598633,9.404199600219727,9.133199691772461,9.39900016784668,0,9.2605299949646,9.267837684928153,53.360840049212854,0.007880547793059023,0.030061326674150735,0.020069927609088024,USDMAD
2017-10-17,9.39900016784668,9.446499824523926,9.145600318908691,9.411499977111816,0,9.282359981536866,9.293958101688819,53.63794988797944,0.01887750044137171,0.001329908398969737,0.018080193831027557,USDMAD
2017-10-18,9.411499977111816,9.452500343322754,9.168499946594238,9.398500442504883,0,9.2805100440979,9.312965800019011,53.28337980208239,0.026241218411531264,-0.0013812394027038488,0.016376012923139886,USDMAD
2017-10-19,9.398500442504883,9.406000137329102,9.10509967803955,9.3725004196167,0,9.296520042419434,9.323790276309499,52.535361444846885,0.029637391993524886,-0.0027664011984931403,0.014591169910978783,USDMAD
2017-10-20,9.142999649047852,9.420000076293945,9.140199661254883,9.14430046081543,0,9.29497013092041,9.291155764401486,46.38094851114533,0.01375647837710936,-0.024347820601175463,0.016698055719208942,USDMAD
2017-10-23,9.194999694824219,9.432999610900879,9.156100273132324,9.415599822998047,0,9.317050075531006,9.313781956873587,53.37419932765913,0.022799512516968434,0.029668684154154024,0.01917906750349135,USDMAD
2017-10-24,9.415599822998047,9.4399995803833,9.14680004119873,9.184499740600586,0,9.296540069580079,9.290276099369404,47.67062817986211,0.011189353061881846,-0.02454438238050305,0.01968460784941401,USDMAD
2017-10-25,9.186800003051758,9.395500183105469,9.105999946594238,9.386500358581543,0,9.298740100860595,9.307771419226157,52.453325715875074,0.01807956970310798,0.021993644040077864,0.021090681286553326,USDMAD
2017-10-26,9.386500358581543,9.489999771118164,9.127799987792969,9.244799613952637,0,9.308190059661865,9.296322000085516,49.06559718387066,0.011968089497738532,-0.015096227477300106,0.02026283385008592,USDMAD
2017-10-27,9.24429988861084,9.511300086975098,9.22819995880127,9.22819995880127,0,9.318540096282959,9.283936174397471,48.66904530063495,0.00571931525641034,-0.001795566788307057,0.020243267026550552,USDMAD
2017-10-30,9.259499549865723,9.506500244140625,9.19950008392334,9.478599548339844,0,9.326500034332275,9.319329515114266,54.626302236596736,0.020733270611650312,0.027134174666399558,0.01979762602145959,USDMAD
2017-10-31,9.478300094604492,9.494999885559082,9.202300071716309,9.470100402832031,0,9.332360076904298,9.346742403790223,54.395544297333096,0.03158206994505797,-0.0008966667981348264,0.01980626568083953,USDMAD
2017-11-01,9.469099998474121,9.510000228881836,9.225099563598633,9.486599922180176,0,9.341170024871825,9.372171043497488,54.794775239117634,0.04103813284720914,0.001742275017824646,0.01979272523847314,USDMAD
2017-11-02,9.480999946594238,9.481100082397461,9.235799789428711,9.235799789428711,0,9.327499961853027,9.347376270030438,47.92669237108016,0.02797220991177163,-0.026437304704405307,0.021637223225914957,USDMAD
2017-11-03,9.232500076293945,9.510000228881836,9.231499671936035,9.236000061035156,0,9.336669921875,9.327126050213113,47.93230467310474,0.017432580162733302,2.1684273263877785e-05,0.020062766554552084,USDMAD
2017-11-06,9.262100219726562,9.505000114440918,9.215200424194336,9.272899627685547,0,9.32239990234375,9.317266700662646,49.022467202402694,0.011919928779756006,0.003995189086893003,0.017489644591986892,USDMAD
2017-11-07,9.273599624633789,9.51200008392334,9.219799995422363,9.494000434875488,0,9.353349971771241,9.349400106883163,55.09009309629243,0.02510273150306297,0.023843761505820016,0.01705970656776001,USDMAD
2017-11-08,9.498499870300293,9.515000343322754,9.22350025177002,9.267200469970703,0,9.341419982910157,9.334454718353625,48.688296107223444,0.01705276228814334,-0.023888767065109118,0.017677260095401805,USDMAD
2017-11-09,9.270099639892578,9.512499809265137,9.20680046081543,9.475000381469727,0,9.364440059661865,9.360008475283824,53.96653580439905,0.027128103993890207,0.022423159202433984,0.018354158606961404,USDMAD
2017-11-10,9.473400115966797,9.487500190734863,9.187399864196777,9.187399864196777,0,9.360360050201416,9.328625091449815,46.792294186055635,0.011770246641930271,-0.030353615376671694,0.021128575924396393,USDMAD
2017-11-13,9.24779987335205,9.484999656677246,9.193099975585938,9.232999801635742,0,9.335800075531006,9.311238675119984,47.973260035223745,0.0032412053027126575,0.004963312592572322,0.018991967192968362,USDMAD
2017-11-14,9.230199813842773,9.472000122070312,9.10789966583252,9.17080020904541,0,9.305870056152344,9.28570440856097,46.45852659170405,-0.00843981971730301,-0.006736661315568604,0.0190283526607018,USDMAD
2017-11-15,9.16819953918457,9.409000396728516,9.1628999710083,9.17870044708252,0,9.275080108642578,9.266249142837616,46.68877306150023,-0.016865221246066042,0.0008614556916546334,0.019005767288866465,USDMAD
2017-11-16,9.405599594116211,9.432499885559082,9.142200469970703,9.178500175476074,0,9.269350147247314,9.250294785135516,46.683292462490165,-0.02329009913895952,-2.1819167931202976e-05,0.017151826578484124,USDMAD
2017-11-17,9.176300048828125,9.420000076293945,9.131999969482422,9.131999969482422,0,9.258950138092041,9.228786636834952,45.35212293723743,-0.03176783928657301,-0.005066209631710339,0.017210350364238118,USDMAD
2017-11-20,9.216899871826172,9.437000274658203,9.166199684143066,9.197799682617188,0,9.251440143585205,9.223152645158995,47.6278797505644,-0.03279893676712575,0.007205400060737777,0.017343262706149686,USDMAD
2017-11-21,9.197799682617188,9.43850040435791,9.157099723815918,9.200200080871582,0,9.222060108184815,9.218979451652192,47.71342319853526,-0.033041514855332466,0.00026097526987145514,0.015096343198023696,USDMAD
2017-11-22,9.423500061035156,9.4350004196167,9.104900360107422,9.414999961853027,0,9.236840057373048,9.25461954441598,54.82435303115946,-0.015719994192526343,0.023347305394807893,0.015235718817207524,USDMAD
2017-11-23,9.390899658203125,9.394000053405762,9.122300148010254,9.383500099182129,0,9.227690029144288,9.27805237255528,53.67159022845478,-0.004482666545071012,-0.0033457103344161077,0.013408741432472235,USDMAD
2017-11-24,9.374500274658203,9.39680004119873,9.055399894714355,9.055399894714355,0,9.214490032196045,9.23757010385693,43.42863752410626,-0.02180064362731393,-0.03496565258163853,0.014564343115918707,USDMAD
2017-11-27,9.139900207519531,9.383000373840332,9.121199607849121,9.373499870300293,0,9.2285400390625,9.262284606846633,52.82815185202835,-0.009744922278883905,0.03512820850370324,0.01858576529351719,USDMAD
2017-11-28,9.3725004196167,9.413800239562988,9.14799976348877,9.398500442504883,0,9.251310062408447,9.28705112242086,53.4823325141853,0.001805844335537543,0.002667154483439349,0.018349740378277253,USDMAD
2017-11-29,9.395999908447266,9.430000305175781,9.1274995803833,9.399499893188477,0,9.273390007019042,9.307496353469517,53.51008932887078,0.01091473909555063,0.00010634150519095442,0.01835927335487036,USDMAD
2017-11-30,9.402299880981445,9.420999526977539,9.102399826049805,9.145600318908691,0,9.270100021362305,9.278060710822094,46.000747537803456,-0.0023271440304117874,-0.027012030125536546,0.02062098502547355,USDMAD
2017-12-01,9.143600463867188,9.390000343322754,9.109100341796875,9.109100341796875,0,9.26781005859375,9.247340643726599,45.022583017284205,-0.015586997713171513,-0.003990987561128367,0.020595390890330592,USDMAD
2017-12-04,9.159000396728516,9.430000305175781,9.14109992980957,9.3951997756958,0,9.287550067901611,9.274224122266453,53.38908200921639,-0.002975395498744149,0.031408088961998315,0.02284343776503477,USDMAD
2017-12-05,9.394800186157227,9.430000305175781,9.381199836730957,9.404999732971191,0,9.308030033111573,9.29800150603095,53.64928229075646,0.0077211600416351445,0.0010430813084723045,0.02283678918766752,USDMAD
2017-12-06,9.413900375366211,9.460000038146973,9.192399978637695,9.42609977722168,0,9.309140014648438,9.3212921007929,54.24157318756249,0.017696856259446392,0.002243492275339154,0.021633298999730596,USDMAD
2017-12-07,9.42609977722168,9.460000038146973,9.20989990234375,9.438300132751465,0,9.314620018005371,9.34256628842173,54.602801227034234,0.026284146828373878,0.001294316400009654,0.021595471289748387,USDMAD
2017-12-08,9.442099571228027,9.457099914550781,9.213399887084961,9.213399887084961,0,9.330420017242432,9.31908148817868,47.20503181260168,0.014771786259940356,-0.023828469375124728,0.01975524978596711,USDMAD
2017-12-11,9.335000038146973,9.470000267028809,9.207099914550781,9.207099914550781,0,9.31378002166748,9.298721202064517,47.01288368031161,0.0050812291878141735,-0.0006837836858694102,0.015941438852870787,USDMAD
2017-12-12,9.20740032196045,9.484999656677246,9.206100463867188,9.223400115966797,0,9.296269989013672,9.285026459137658,47.60711993310798,-0.0012686923846558784,0.0017703947570129053,0.015916800259602473,USDMAD
2017-12-13,9.217100143432617,9.453800201416016,9.187299728393555,9.409899711608887,0,9.297309970855713,9.3077306868597,53.96801419441487,0.00864821649023817,0.020220265118851,0.017382916126574995,USDMAD
2017-12-14,9.411399841308594,9.460000038146973,9.207900047302246,9.207900047302246,0,9.303539943695068,9.289579661485616,47.273472576083336,0.00020538593197194643,-0.02146671808387457,0.016481821584893627,USDMAD
2017-12-15,9.21030044555664,9.470000267028809,9.201199531555176,9.22189998626709,0,9.31481990814209,9.277274265991338,47.75716724773807,-0.005294903686932528,0.0015204269043891383,0.01639570132942397,USDMAD
2017-12-18,9.221599578857422,9.454999923706055,9.199799537658691,9.433500289916992,0,9.318649959564208,9.305678997614184,54.54455791930109,0.00733588967986698,0.02294541298051489,0.014814101252781797,USDMAD
2017-12-19,9.434000015258789,9.440299987792969,9.174699783325195,9.40880012512207,0,9.319029998779296,9.324428293524708,53.66804136442813,0.015177827010043998,-0.002618345686735468,0.014844563839207996,USDMAD
2017-12-20,9.409600257873535,9.412199974060059,9.156999588012695,9.156999588012695,0,9.292119979858398,9.293986710704342,45.619759573323066,0.0010621757812590005,-0.026762236816685325,0.017056783147340562,USDMAD
2017-12-21,9.156800270080566,9.40999984741211,9.156800270080566,9.163700103759766,0,9.264659976959228,9.270298236714419,45.85246279699009,-0.009474685615101563,0.0007317370370794052,0.017042843970493708,USDMAD
2017-12-22,9.182299613952637,9.420000076293945,9.182299613952637,9.403499603271484,0,9.28366994857788,9.29451666699752,53.518427449220056,0.0015072170766039505,0.026168414155470998,0.017520919227826424,USDMAD
2017-12-25,9.403499603271484,9.403499603271484,9.076199531555176,9.077300071716309,0,9.270689964294434,9.255022740582753,44.32536573146266,-0.015927519423772907,-0.03468916311132619,0.02107793666047565,USDMAD
2017-12-26,9.403499603271484,9.404999732971191,9.163700103759766,9.16469955444336,0,9.26481990814209,9.238600343102862,46.95451630001592,-0.0224336645620955,0.009628356673960337,0.021346487152600794,USDMAD
2017-12-27,9.166399955749512,9.396499633789062,9.147700309753418,9.147700309753418,0,9.238599967956542,9.222073064312053,46.49461337405962,-0.028631482528215457,-0.001854861099259919,0.020077134068844944,USDMAD
2017-12-28,9.149100303649902,9.397500038146973,9.127900123596191,9.359700202941895,0,9.253779983520507,9.247096180426569,52.71481666954828,-0.01624936572278024,0.023175211912270344,0.02038650011529152,USDMAD
2017-12-29,9.350199699401855,9.359600067138672,9.09570026397705,9.09570026397705,0,9.241160011291504,9.21956965016302,45.604801746800725,-0.02742292329152818,-0.028206025111986444,0.022494093017044844,USDMAD
2018-01-01,9.095800399780273,9.095800399780273,9.088199615478516,9.088199615478516,0,9.206629943847656,9.195684189311292,45.417371585351475,-0.0364629654459403,-0.0008246367273382349,0.020861877373179717,USDMAD
2018-01-02,9.086600303649902,9.352499961853027,9.071200370788574,9.071200370788574,0,9.172869968414307,9.173050767761707,44.96631430819783,-0.04448615228923991,-0.0018704743963797732,0.020866829289147126,USDMAD
2018-01-03,9.295499801635742,9.350000381469727,9.093199729919434,9.350000381469727,0,9.19217004776001,9.205223424799527,53.1792095383805,-0.028024703496299708,0.030734632604848544,0.021636910571241064,USDMAD
2018-01-04,9.322600364685059,9.322600364685059,9.066399574279785,9.068499565124512,0,9.182649993896485,9.180364541222252,45.754594359589106,-0.03726409274308651,-0.030107037952972315,0.023958331320635885,USDMAD
2018-01-05,9.065999984741211,9.34000015258789,9.065500259399414,9.082099914550781,0,9.150510025024413,9.162498245463802,46.14580146093391,-0.0429933402871292,0.0014997353562846705,0.022070381506840066,USDMAD
2018-01-08,9.072699546813965,9.350500106811523,9.072699546813965,9.335599899291992,0,9.176340007781983,9.193971273432563,52.95601083454246,-0.026769893394561706,0.02791204535583991,0.021015484196219264,USDMAD
2018-01-09,9.336299896240234,9.385000228881836,9.13029956817627,9.355299949645996,0,9.195400047302247,9.223303760016822,53.44867056778002,-0.012182631631180385,0.002110207224658156,0.02088643973016151,USDMAD
2018-01-10,9.35990047454834,9.369999885559082,9.125100135803223,9.343000411987305,0,9.214930057525635,9.245066787647819,53.074957132080144,-0.0015961915827169548,-0.0013147133416236967,0.020875320276696124,USDMAD
2018-01-11,9.351400375366211,9.362000465393066,9.213000297546387,9.3056001663208,0,9.209520053863525,9.25607285649745,51.88691991124092,0.003732722665134247,-0.004003023013733231,0.01958653487985345,USDMAD
2018-01-12,9.289999961853027,9.324999809265137,8.996999740600586,8.996999740600586,0,9.199650001525878,9.20896865360711,43.278567767011324,-0.016752437997734404,-0.033162871841099895,0.02041349268175181,USDMAD
2018-01-15,9.006199836730957,9.232600212097168,8.99370002746582,9.190500259399414,0,9.209880065917968,9.205610763751165,48.99287131190661,-0.017175215501810115,0.021507227339979007,0.02160946251007494,USDMAD
2018-01-16,9.20580005645752,9.244999885559082,8.925999641418457,8.971799850463867,0,9.199940013885499,9.16309968860802,43.64146876215547,-0.034756908954257426,-0.023796355232336253,0.02303562750514438,USDMAD
2018-01-17,9.194000244140625,9.234199523925781,8.981200218200684,9.009900093078613,0,9.165929985046386,9.135245216693582,44.773210557089634,-0.04509631428301297,0.00424666658304651,0.020367049766484874,USDMAD
2018-01-18,9.00529956817627,9.238499641418457,8.949000358581543,9.205499649047852,0,9.17962999343872,9.148018749848903,50.29194235136986,-0.03707968647998605,0.021709403428290752,0.01941807895386324,USDMAD
2018-01-19,9.207599639892578,9.239999771118164,8.972700119018555,8.972700119018555,0,9.168690013885499,9.116142635152475,44.5818107962778,-0.0489471948818867,-0.025289179175991383,0.02120954831268818,USDMAD
2018-01-22,8.984000205993652,9.21500015258789,8.981800079345703,9.199999809265137,0,9.155130004882812,9.13138939408205,50.49228121865376,-0.03955512851177723,0.02533236230249103,0.020831024771425493,USDMAD
2018-01-23,9.199299812316895,9.210000038146973,9.097399711608887,9.173999786376953,0,9.136999988555909,9.139136738135667,49.83751589036403,-0.033819977158618286,-0.0028260895029583732,0.02080059418630844,USDMAD
2018-01-24,9.174699783325195,9.199999809265137,9.050000190734863,9.138099670410156,0,9.116509914398193,9.138948180367391,48.894694933922324,-0.03180503902846965,-0.003913245781857033,0.02081064684229895,USDMAD
2018-01-25,9.14050006866455,9.15999984741211,8.993599891662598,9.136799812316895,0,9.099629878997803,9.138557567994573,48.8586537448565,-0.029967625594583325,-0.00014224599644829805,0.020805572004950736,USDMAD
2018-01-26,9.135299682617188,9.137499809265137,9.011199951171875,9.137499809265137,0,9.113679885864258,9.138365248225583,48.880506630766504,-0.02813070504971904,7.661292384875118e-05,0.017619997580550783,USDMAD
2018-01-29,8.912300109863281,9.175000190734863,8.906900405883789,9.146900177001953,0,9.109319877624511,9.13991705345765,49.194471456642475,-0.025621057566336702,0.0010287680364473584,0.016193201428008758,USDMAD
2018-01-30,9.148799896240234,9.164999961853027,9.029999732971191,9.13860034942627,0,9.125999927520752,9.13967765272467,48.90885000858626,-0.02402492618150376,-0.0009073923859529431,0.01397816617370789,USDMAD
2018-01-31,9.13700008392334,9.15999984741211,9.026300430297852,9.131500244140625,0,9.138159942626952,9.138190851163934,48.64863903067129,-0.02306699772692511,-0.0007769357466310689,0.01397599052190848,USDMAD
2018-02-01,9.123100280761719,9.154999732971191,9.025099754333496,9.090999603271484,0,9.126709938049316,9.129610624274397,47.10898308687676,-0.025284432565726433,-0.004435266909742275,0.012077095151833635,USDMAD
2018-02-02,9.104499816894531,9.135000228881836,9.010899543762207,9.135000228881836,0,9.142939949035645,9.13059055238484,48.99752185939688,-0.023223575965490184,0.004840020628151587,0.00867457548379434,USDMAD
2018-02-05,8.894700050354004,9.170000076293945,8.89109992980957,9.154500007629395,0,9.13838996887207,9.134937726065667,49.85210091999081,-0.019788750683842338,0.002134622688449106,0.002809586054481152,USDMAD
2018-02-06,9.153499603271484,9.180000305175781,9.036199569702148,9.15250015258789,0,9.136240005493164,9.138130894524252,49.76001462813537,-0.017031668022799096,-0.00021845595497704817,0.0026872423342243373,USDMAD
2018-02-07,9.151200294494629,9.232500076293945,9.066699981689453,9.205599784851074,0,9.142990016937256,9.150397965492765,52.28050497460718,-0.01044159934118305,0.0058016532507971785,0.002951352299510946,USDMAD
2018-02-08,9.204999923706055,9.244999885559082,9.084600448608398,9.209400177001953,0,9.150250053405761,9.161125640312616,52.46431823716304,-0.0048562823467843685,0.00041283482224940826,0.0029381029004865943,USDMAD
2018-02-09,9.209199905395508,9.232999801635742,9.121500015258789,9.232999801635742,0,9.159800052642822,9.174193669644094,53.65807659596581,0.0014576116492062141,0.0025625582752635268,0.002975436759853121,USDMAD
2018-02-12,8.992199897766113,9.22249984741211,8.980299949645996,9.187899589538574,0,9.163899993896484,9.176685655079453,51.02110916103988,0.0027900460183793996,-0.0048846759521404826,0.003517163411062494,USDMAD
2018-02-13,9.192500114440918,9.204999923706055,9.078499794006348,9.162799835205078,0,9.166319942474365,9.174160960556838,49.56132664329252,0.001799921078525557,-0.0027318272352556683,0.003640713734545485,USDMAD
2018-02-14,9.161600112915039,9.180000305175781,9.056699752807617,9.111200332641602,0,9.164289951324463,9.162713573663158,46.60897206554833,-0.0031125293902825035,-0.005631412176573147,0.004091611495017488,USDMAD
2018-02-15,9.112299919128418,9.137499809265137,9.014699935913086,9.092499732971191,0,9.164439964294434,9.149947420810072,45.54994239949828,-0.008417630678408727,-0.0020524847426978132,0.0038825745958032906,USDMAD
2018-02-16,9.092100143432617,9.140000343322754,8.997200012207031,9.140000343322754,0,9.164939975738525,9.148138861266922,48.736178259231224,-0.008688899173215248,0.005224153065335413,0.003937043468222885,USDMAD
2018-02-19,8.908599853515625,9.14900016784668,8.908599853515625,9.140899658203125,0,9.163579940795898,9.146822642528049,48.797268239151514,-0.008730672457343047,9.839330925487388e-05,0.0038700057784106954,USDMAD
2018-02-20,9.14009952545166,9.180000305175781,9.05679988861084,9.170499801635742,0,9.165379905700684,9.151127580547628,50.872425640069174,-0.006302640967863482,0.003238208988111335,0.004014101633042376,USDMAD
2018-02-21,9.170900344848633,9.21500015258789,9.05679988861084,9.196999549865723,0,9.164519882202148,9.159467938605463,52.719861082373924,-0.002214572096303158,0.0028896732787948576,0.0036521949305536794,USDMAD
2018-02-22,9.204299926757812,9.204299926757812,9.088000297546387,9.17039966583252,0,9.160619831085205,9.161455525374018,50.660483601256026,-0.001108359916431212,-0.0028922350043598666,0.003750124203219798,USDMAD
2018-02-23,9.175200462341309,9.210000038146973,9.099200248718262,9.1899995803833,0,9.15631980895996,9.166645353557524,52.1438835937088,0.001334487367195436,0.0021373021095043576,0.0037148152449292616,USDMAD
2018-02-26,8.97249984741211,9.212499618530273,8.926899909973145,9.180500030517578,0,9.155579853057862,9.169164385732078,51.338249252274906,0.002475392373712637,-0.0010336833840558501,0.0033906864109101895,USDMAD
2018-02-27,9.17549991607666,9.242500305175781,9.088600158691406,9.218099594116211,0,9.161109828948975,9.178061696347374,54.34493489704208,0.006340449604651965,0.004095589943210687,0.0034824936389000103,USDMAD
2018-02-28,9.218799591064453,9.255000114440918,9.093899726867676,9.237000465393066,0,9.173689842224121,9.188777836173863,55.82262677722839,0.010804134322146552,0.00205040866437578,0.0027163921517519055,USDMAD
2018-03-01,9.239100456237793,9.260000228881836,9.146900177001953,9.19950008392334,0,9.184389877319337,9.190727335764675,52.211835177554626,0.011186715743431108,-0.004059800755691567,0.0030513692922335112,USDMAD
2018-03-02,9.201399803161621,9.20199966430664,9.094799995422363,9.175000190734863,0,9.187889862060548,9.187867854850163,49.93911391130027,0.009404567648278572,-0.0026631765818766473,0.0029042022088724808,USDMAD
2018-03-05,8.951399803161621,9.1899995803833,8.951399803161621,9.168999671936035,0,9.190699863433839,9.184437276138503,49.3722621031345,0.007422449348771565,-0.0006540074849140654,0.0029221739226256054,USDMAD
2018-03-06,9.16469955444336,9.1850004196167,9.053000450134277,9.130999565124512,0,9.186749839782715,9.174721328681413,45.82485900103112,0.0027535737918427117,-0.004144411404859327,0.0030309733290006264,USDMAD
2018-03-07,9.128100395202637,9.15999984741211,9.043600082397461,9.134099960327148,0,9.180459880828858,9.167335625344274,46.16472784222308,-0.00068843192795498,0.000339546090274645,0.002820873317608274,USDMAD
2018-03-08,9.131199836730957,9.204999923706055,9.043700218200684,9.177800178527832,0,9.181199932098389,9.169238271377647,50.8455818173445,0.00010874261445614763,0.004784293842906351,0.003174991093708538,USDMAD
2018-03-09,9.178999900817871,9.1899995803833,9.06719970703125,9.1899995803833,0,9.181199932098389,9.17301305483322,52.09772483641082,0.0017052419895513538,0.0013292294033606655,0.0031268783476616764,USDMAD
2018-03-12,8.952199935913086,9.1899995803833,8.941499710083008,9.159199714660645,0,9.179069900512696,9.170501538438206,48.723130814897644,0.0004796582857302667,-0.0033514545298131138,0.0032938198798131454,USDMAD
2018-03-13,9.15470027923584,9.165200233459473,9.046199798583984,9.128000259399414,0,9.170059967041016,9.162774033158424,45.50748310692516,-0.002974868492071181,-0.0034063516718924047,0.0030447249347419544,USDMAD
2018-03-14,9.127799987792969,9.164999961853027,9.047300338745117,9.134699821472168,0,9.159829902648926,9.15766963103365,46.32665682605422,-0.005113066930505283,0.0007339572614335488,0.0029253776445206346,USDMAD
2018-03-15,9.132599830627441,9.180000305175781,9.050000190734863,9.154999732971191,0,9.15537986755371,9.157184195022294,48.83641855928398,-0.0051106588988094614,0.002222285558996173,0.0028957252123419925,USDMAD
2018-03-16,9.156299591064453,9.185999870300293,9.056099891662598,9.167499542236328,0,9.154629802703857,9.159059712697573,50.375164262594524,-0.0040533953554025,0.0013653533183752842,0.0028380610223352207,USDMAD
2018-03-19,8.961700439453125,9.164999961853027,8.947999954223633,9.140899658203125,0,9.151819801330566,9.155757884607674,47.12700862752359,-0.0053007905037532055,-0.0029015418992554,0.002974448135184235,USDMAD
2018-03-20,9.141300201416016,9.21500015258789,9.05679988861084,9.187899589538574,0,9.157509803771973,9.161601830958746,52.905242117001634,-0.002468404254148737,0.005141718331113099,0.003089222994117192,USDMAD
2018-03-21,9.182299613952637,9.21500015258789,9.067700386047363,9.140899658203125,0,9.15818977355957,9.157837799548632,47.33437802714771,-0.0039704505268982615,-0.005115416301345266,0.0035868989729135525,USDMAD
2018-03-22,9.135000228881836,9.168999671936035,9.046699523925781,9.154000282287598,0,9.155809783935547,9.157140069137535,48.948051372778146,-0.0040569560782746095,0.0014331876045390324,0.0032381704811787794,USDMAD
2018-03-23,9.156399726867676,9.15999984741211,9.06350040435791,9.146200180053711,0,9.151429843902587,9.15515099839502,48.004930734377666,-0.004700728342847071,-0.0008520976614977416,0.003192753575184856,USDMAD
2018-03-26,8.927399635314941,9.147000312805176,8.927399635314941,9.100299835205078,0,9.145539855957031,9.145178059633212,42.7811532837606,-0.008813104739278543,-0.0050185152243588105,0.0033967510218610893,USDMAD
2018-03-27,9.100299835205078,9.149999618530273,9.015600204467773,9.127099990844727,0,9.145449829101562,9.141891138035305,46.44553379734672,-0.00979671366278545,0.0029449750145562614,0.0034157053987491233,USDMAD
2018-03-28,9.127099990844727,9.199999809265137,9.052200317382812,9.178899765014648,0,9.149869823455811,9.148619979304275,52.744753187802814,-0.006323528256961808,0.005675381470771734,0.0038626191257268077,USDMAD
2018-03-29,9.178899765014648,9.20199966430664,9.090100288391113,9.182499885559082,0,9.1526198387146,9.154779962259694,53.15714332627714,-0.003243119496637803,0.00039221700166680584,0.0038144544178369474,USDMAD
2018-03-30,8.963199615478516,9.202500343322754,8.963199615478516,9.202500343322754,0,9.156119918823242,9.16345639518025,55.481518124939754,0.0008027429092258842,0.0021781059638372735,0.0038480327133554107,USDMAD
2018-04-02,8.956100463867188,9.210000038146973,8.956100463867188,9.210000038146973,0,9.163029956817628,9.171918875719653,56.35604907445759,0.0045616963139369915,0.0008149627323470465,0.0036704169978097126,USDMAD
2018-04-03,8.970499992370605,9.210000038146973,8.970499992370605,9.19789981842041,0,9.164029979705811,9.176642683483427,54.495961027814445,0.00648950044127794,-0.0013138132113403866,0.003369378919871993,USDMAD
2018-04-04,9.19789981842041,9.211999893188477,9.106800079345703,9.19789981842041,0,9.16972999572754,9.180507617108333,54.495961027814445,0.007925933869351809,0.0,0.002832841476717534,USDMAD
2018-04-05,9.194700241088867,9.212499618530273,9.115599632263184,9.194700241088867,0,9.173799991607666,9.183088094195702,53.94988612536798,0.00870578370399322,-0.0003478595543229268,0.0028324030185632658,USDMAD
2018-04-06,9.208100318908691,9.220000267028809,9.11340045928955,9.208100318908691,0,9.179990005493163,9.187635771416245,55.94111330996445,0.01028651803067504,0.001457369731309166,0.00280873319946527,USDMAD
2018-04-09,8.977700233459473,9.11929988861084,8.972700119018555,9.191100120544434,0,9.1890700340271,9.188265653075916,52.82060850206256,0.010051618638982518,-0.0018462221061328332,0.0022089242023543,USDMAD
2018-04-10,9.17020034790039,9.178500175476074,9.063899993896484,9.17020034790039,0,9.193380069732665,9.184981052134912,49.187948775814604,0.00808581396290009,-0.002273914152814749,0.002311304898594511,USDMAD
2018-04-11,9.142800331115723,9.154000282287598,9.054300308227539,9.142800331115723,0,9.189770126342774,9.177311830131423,44.83455334478756,0.0042677512513762395,-0.0029879409113391375,0.001683184395439157,USDMAD
2018-04-12,9.140600204467773,9.14799976348877,9.063799858093262,9.140600204467773,0,9.185580158233643,9.170636989101668,44.49402549189052,0.0010522475567427136,-0.00024064034740667317,0.0016621589713916322,USDMAD
2018-04-13,9.164299964904785,9.1850004196167,9.077899932861328,9.16189956665039,0,9.181520080566406,9.1690483668378,48.56677021962006,0.00022008127429629099,0.002330192952997301,0.0016894112863020062,USDMAD
2018-04-16,8.944199562072754,9.164999961853027,8.928799629211426,9.162500381469727,0,9.176770114898682,9.167857824043605,48.68115889207142,-0.0003864806568376622,6.557753825675583e-05,0.0016435170639795228,USDMAD
2018-04-17,9.136500358581543,9.15999984741211,9.048500061035156,9.136500358581543,0,9.170630168914794,9.162156466686866,44.109353907623294,-0.002931378803003426,-0.0028376558587398515,0.001789864784343078,USDMAD
2018-04-18,9.144100189208984,9.15999984741211,9.052900314331055,9.144100189208984,0,9.165250205993653,9.158873507145433,45.714180289173484,-0.004285584550624222,0.000831809810011519,0.0018429065211527493,USDMAD
2018-04-19,9.135000228881836,9.14109992980957,9.049599647521973,9.135000228881836,0,9.15928020477295,9.154532911097506,44.08199146483963,-0.006023656150491163,-0.000995172858876514,0.0018450214566964717,USDMAD
2018-04-20,9.152700424194336,9.178999900817871,9.071900367736816,9.152700424194336,0,9.153740215301514,9.154199731660565,47.97307758251984,-0.0059047661123479145,0.001937623959388457,0.0019110304608838092,USDMAD
2018-04-23,8.970100402832031,9.199999809265137,8.9552001953125,8.942099571228027,0,9.128840160369872,9.115636066127376,25.360675083837904,-0.022544395907555526,-0.02300969584993784,0.0073684862207614105,USDMAD
2018-04-24,9.215200424194336,9.224699974060059,9.12660026550293,9.215200424194336,0,9.133340167999268,9.133738676685004,54.98934163689115,-0.013538403676772504,0.030541021243493338,0.012853591701075789,USDMAD
2018-04-25,9.200300216674805,9.214099884033203,9.133099555969238,9.200300216674805,0,9.139090156555175,9.145840774864968,53.73601631371197,-0.007516763598065523,-0.0016169162724243291,0.012818765998261613,USDMAD
2018-04-26,9.230600357055664,9.260000228881836,9.133000373840332,9.230600357055664,0,9.148090171813966,9.161251607990549,55.93545370658193,-0.00029618808039977296,0.003293386049070701,0.012838632781601928,USDMAD
2018-04-27,9.25730037689209,9.279999732971191,9.174699783325195,9.25730037689209,0,9.157630252838135,9.178715020518101,57.83760676279989,0.007494249455493929,0.002892555067235403,0.012846073318221518,USDMAD
2018-04-30,9.031100273132324,9.295000076293945,9.031100273132324,9.270000457763672,0,9.16838026046753,9.195312372744569,58.74974853043266,0.014525575919750011,0.0013718989721112074,0.012840910580211485,USDMAD
2018-05-01,9.046099662780762,9.270999908447266,9.046099662780762,9.270999908447266,0,9.181830215454102,9.20907374287233,58.82524170929925,0.01994864456115053,0.00010781560239903065,0.012770550448247412,USDMAD
2018-05-02,9.115300178527832,9.327899932861328,9.115300178527832,9.335000038146973,0,9.2009202003479,9.231969432922265,63.43945760333531,0.029075575984890634,0.006903260741205841,0.012877261921611333,USDMAD
2018-05-03,9.333999633789062,9.352499961853027,9.226799964904785,9.333999633789062,0,9.220820140838622,9.250520378534409,63.3200073121038,0.03581515580132155,-0.00010716704379454267,0.012856264745473226,USDMAD
2018-05-04,9.313799858093262,9.350000381469727,9.241000175476074,9.313799858093262,0,9.236930084228515,9.2620257384542,60.82944583052378,0.03907592533645321,-0.002164107187520914,0.012931887675362335,USDMAD
2018-05-07,9.107999801635742,9.354999542236328,9.107999801635742,9.09119987487793,0,9.251840114593506,9.230966490531241,41.4711946523488,0.02342808599396129,-0.023900017888177305,0.01312348138253524,USDMAD
2018-05-08,9.34000015258789,9.35200023651123,9.250900268554688,9.34000015258789,0,9.26432008743286,9.250790792723357,57.68154716169259,0.03074871167122062,0.02736715517579591,0.012365845001365505,USDMAD
2018-05-09,9.374899864196777,9.391500473022461,9.269599914550781,9.374899864196777,0,9.28178005218506,9.273356078445797,59.38099463118873,0.03891785451911467,0.0037365857643179012,0.012335858466763215,USDMAD
2018-05-10,9.383999824523926,9.384200096130371,9.244000434875488,9.383999824523926,0,9.297119998931885,9.293473123187274,59.83393351994303,0.04560059455972265,0.0009706728027998324,0.012329621816431898,USDMAD
2018-05-11,9.350199699401855,9.356200218200684,9.2322998046875,9.350199699401855,0,9.306409931182861,9.30378704613538,57.27905833828012,0.04762038837599292,-0.003601888933729258,0.012431493495265048,USDMAD
2018-05-14,9.103599548339844,9.345000267028809,9.095999717712402,9.097399711608887,0,9.289149856567382,9.266262076221471,42.620679882197805,0.02849378463743868,-0.027036854390301457,0.015275204826766618,USDMAD
2018-05-15,9.340900421142578,9.35200023651123,9.247699737548828,9.340900421142578,0,9.296139907836913,9.279832684388944,54.65731641671891,0.03260839631917989,0.026765967996653872,0.017763343586762848,USDMAD
2018-05-16,9.391500473022461,9.397500038146973,9.287699699401855,9.391500473022461,0,9.301789951324462,9.300135918685948,56.6904630575932,0.03949696064920616,0.005417042212049861,0.017713620904104985,USDMAD
2018-05-17,9.398500442504883,9.409600257873535,9.30270004272461,9.398500442504883,0,9.308240032196045,9.318020377562117,56.977860799967964,0.04500227829498371,0.0007453515551141265,0.017711116621223155,USDMAD
2018-05-18,9.409500122070312,9.409500122070312,9.303899765014648,9.409500122070312,0,9.31781005859375,9.33465305838179,57.45562165641579,0.04968018219025616,0.0011703653825119176,0.017679844863874895,USDMAD
2018-05-21,9.195300102233887,9.42549991607666,9.194199562072754,9.142200469970703,0,9.322910118103028,9.299661678670683,44.517935253586984,0.03145600151689543,-0.028407423203348325,0.018431312639052788,USDMAD
2018-05-22,9.412400245666504,9.42490005493164,9.300399780273438,9.412400245666504,0,9.330150127410889,9.320159599942649,55.44072314534527,0.03837372239507353,0.02955522322916937,0.018792350639236767,USDMAD
2018-05-23,9.416299819946289,9.454999923706055,9.343799591064453,9.416299819946289,0,9.33429012298584,9.33763963994331,55.57665119207131,0.04366735895277252,0.000414301791042071,0.01876659929495769,USDMAD
2018-05-24,9.45300006866455,9.46310043334961,9.340999603271484,9.45300006866455,0,9.341190147399903,9.358614263347171,56.90892879212281,0.050244816450401686,0.0038975233817981625,0.018795836115612936,USDMAD
2018-05-25,9.447699546813965,9.461999893188477,9.349499702453613,9.447699546813965,0,9.350940132141114,9.374811587613861,56.644701890396206,0.054402670963876076,-0.0005607237715099522,0.01873956549782189,USDMAD
2018-05-28,9.219400405883789,9.472999572753906,9.219400405883789,9.5,0,9.391200160980224,9.397573117138613,58.68313063464114,0.06121239175179305,0.005535787090485078,0.015903105146303175,USDMAD
2018-05-29,9.49530029296875,9.542499542236328,9.420700073242188,9.49530029296875,0,9.406640148162841,9.415341694562274,58.41733666212469,0.06547516056317626,-0.0004947060032894912,0.013858387839106737,USDMAD
2018-05-30,9.540499687194824,9.547499656677246,9.38129997253418,9.540499687194824,0,9.421540069580079,9.438097693222737,60.280627891846805,0.07167443070336788,0.004760185863689204,0.013840501117286717,USDMAD
2018-05-31,9.475899696350098,9.482000350952148,9.354000091552734,9.475899696350098,0,9.429279994964599,9.444970784700438,56.39137948982113,0.07056133048139479,-0.006771132850770134,0.0140975048483026,USDMAD
2018-06-01,9.460399627685547,9.473600387573242,9.357199668884277,9.460399627685547,0,9.434369945526123,9.447776028879549,55.46666886415597,0.06764865297263256,-0.0016357358310283843,0.014119655373102285,USDMAD
2018-06-04,9.241000175476074,9.468999862670898,9.241000175476074,9.23859977722168,0,9.44400987625122,9.409743983123573,44.2776912042045,0.0469022804946011,-0.02344508257502964,0.013031005046885081,USDMAD
2018-06-05,9.46049976348877,9.467000007629395,9.356800079345703,9.46049976348877,0,9.448819828033447,9.418972306826335,54.22616258079508,0.047814924546001336,0.02401878981858241,0.011742860186086617,USDMAD
2018-06-06,9.4443998336792,9.450300216674805,9.31980037689209,9.4443998336792,0,9.451629829406738,9.423595493526856,53.480107462795644,0.04670073474908776,-0.0017018054238218117,0.011765061665346268,USDMAD
2018-06-07,9.41819953918457,9.41819953918457,9.296500205993652,9.41819953918457,0,9.44814977645874,9.422614410919167,52.22096800488443,0.043205539937130055,-0.0027741619325769573,0.01173130655221055,USDMAD
2018-06-08,9.413000106811523,9.419699668884277,9.322999954223633,9.413000106811523,0,9.444679832458496,9.420866355626867,51.95952251264233,0.0395599990839024,-0.0005520622441066436,0.011731286045804323,USDMAD
2018-06-11,9.185199737548828,9.418499946594238,9.185199737548828,9.139100074768066,0,9.408589839935303,9.369636122743449,40.466119557797526,0.0144034047015964,-0.029098058954153738,0.014581243772763201,USDMAD
2018-06-12,9.424500465393066,9.43809986114502,9.313400268554688,9.424500465393066,0,9.401509857177734,9.379611457770652,52.30484414888509,0.017296663572135884,0.031228500431126127,0.018339410515144046,USDMAD
2018-06-13,9.43809986114502,9.446399688720703,9.323599815368652,9.43809986114502,0,9.391269874572753,9.390245712929628,52.78663155710987,0.020451200940126313,0.0014429831906626056,0.018261578172306357,USDMAD
2018-06-14,9.40999984741211,9.414600372314453,9.300999641418457,9.40999984741211,0,9.384679889678955,9.393837373744624,51.626191101227946,0.02044804591994165,-0.0029772956576347154,0.01816587496768681,USDMAD
2018-06-15,9.526700019836426,9.538200378417969,9.40530014038086,9.526700019836426,0,9.391309928894042,9.417994218488587,55.95660446242275,0.029521963337748147,0.01240171884342911,0.018609547315610753,USDMAD
2018-06-18,9.286299705505371,9.52649974822998,9.283900260925293,9.50879955291748,0,9.418329906463622,9.43450427929384,55.14120047412583,0.03486676779021458,-0.0018789787525242962,0.01662440017580692,USDMAD
2018-06-19,9.493499755859375,9.54640007019043,9.425999641418457,9.493499755859375,0,9.421629905700684,9.445230729578482,54.41137805872035,0.0374364539316403,-0.0016090145736020744,0.014913353809784601,USDMAD
2018-06-20,9.516200065612793,9.538800239562988,9.421099662780762,9.516200065612793,0,9.428809928894044,9.458134245221084,55.355524802574855,0.04083396545944851,0.0023911423960807365,0.014903953687460954,USDMAD
2018-06-21,9.525400161743164,9.542799949645996,9.403200149536133,9.525400161743164,0,9.439529991149902,9.470364411861462,55.75545850106162,0.04376439993226988,0.0009667825462829072,0.014849519997529386,USDMAD
2018-06-22,9.50979995727539,9.512999534606934,9.38070011138916,9.50979995727539,0,9.44920997619629,9.477534511027631,54.858064083751195,0.04431712402115551,-0.001637747937396794,0.014867966950814923,USDMAD
2018-06-25,9.249199867248535,9.495800018310547,9.249199867248535,9.505000114440918,0,9.485799980163574,9.482528257102775,54.56705409908007,0.043862238063875125,-0.0005047259517588776,0.01052556152725985,USDMAD
2018-06-26,9.459199905395508,9.473099708557129,9.37399959564209,9.459199905395508,0,9.489269924163818,9.478286738610544,51.74625926735293,0.03935241343772233,-0.0048185385054152485,0.004740488208710318,USDMAD
2018-06-27,9.484600067138672,9.48859977722168,9.3858003616333,9.484600067138672,0,9.493919944763183,9.479434616524749,53.19143294444471,0.03739683823221185,0.002685233634683648,0.004787550849742384,USDMAD
2018-06-28,9.52910041809082,9.543800354003906,9.411999702453613,9.52910041809082,0,9.505830001831054,9.488464762264034,55.69496838780216,0.038988403167300234,0.004691853176427507,0.004782558117688934,USDMAD
2018-06-29,9.524800300598145,9.524800300598145,9.365799903869629,9.524800300598145,0,9.505640029907227,9.495071223779327,55.38669543551453,0.03944801414930765,-0.0004512616410791148,0.0027558396875386752,USDMAD
2018-07-02,9.232399940490723,9.404999732971191,9.203900337219238,9.45740032196045,0,9.500500106811524,9.488221968903167,50.65411192983053,0.03398192173221304,-0.00707626160240471,0.0035280123084001766,USDMAD
2018-07-03,9.472999572753906,9.480299949645996,9.36460018157959,9.472999572753906,0,9.498450088500977,9.485454260512393,51.6831237072468,0.030556497004541328,0.0016494227020542596,0.003568168884252256,USDMAD
2018-07-04,9.464099884033203,9.468500137329102,9.366399765014648,9.464099884033203,0,9.493240070343017,9.481571646607085,51.02932365913862,0.026814590815632755,-0.0009394794808500473,0.00345190165176062,USDMAD
2018-07-05,9.455699920654297,9.46399974822998,9.333900451660156,9.455699920654297,0,9.48627004623413,9.47686769643385,50.38150332576164,0.022907236001323383,-0.0008875607275741215,0.0034113257987399416,USDMAD
2018-07-06,9.437600135803223,9.443699836730957,9.308300018310547,9.437600135803223,0,9.479050064086914,9.469728139955553,48.93979433712289,0.018141009523343854,-0.0019141665876619696,0.0034206156246221284,USDMAD
2018-07-09,9.176799774169922,9.414999961853027,9.176799774169922,9.174400329589844,0,9.445990085601807,9.416032174434514,33.79518323696381,-0.006795944589224945,-0.027888425280372275,0.009227941418985952,USDMAD
2018-07-10,9.40470027923584,9.416000366210938,9.31719970703125,9.40470027923584,0,9.44054012298584,9.413971829852937,48.742050443814904,-0.007884491633419088,0.025102452626055483,0.012879463479801265,USDMAD
2018-07-11,9.419300079345703,9.421899795532227,9.313699722290039,9.419300079345703,0,9.434010124206543,9.414940602487984,49.520116875916294,-0.007482833706191627,0.001552393981347544,0.012853262029782903,USDMAD
2018-07-12,9.444499969482422,9.448599815368652,9.344400405883789,9.444499969482422,0,9.425550079345703,9.420315032850608,50.90535983678415,-0.005072622342543909,0.0026753463552962042,0.012776322337411623,USDMAD
2018-07-13,9.45300006866455,9.469300270080566,9.35420036315918,9.45300006866455,0,9.418370056152344,9.426257766634961,51.38991587864298,-0.002448401854016069,0.0009000052103971257,0.012787769764623494,USDMAD
2018-07-16,9.21560001373291,9.449999809265137,9.21560001373291,9.460000038146973,0,9.418630027770996,9.43239272509169,51.811717472592214,0.0001939154886301253,0.0007405024258515525,0.012590914088724078,USDMAD
2018-07-17,9.431500434875488,9.432499885559082,9.319199562072754,9.431500434875488,0,9.414480113983155,9.432230490506926,49.91273665620153,-1.157534991413911e-05,-0.0030126430398056403,0.012613421169905936,USDMAD
2018-07-18,9.452799797058105,9.47249984741211,9.35770034790039,9.452799797058105,0,9.413350105285645,9.435970364425323,51.347917056435065,0.0015266538863070167,0.002258321709222022,0.012637811596595293,USDMAD
2018-07-19,9.455900192260742,9.470999717712402,9.372900009155273,9.455900192260742,0,9.413370132446289,9.439593969486308,51.56547222333743,0.0029617464506657143,0.00032798697414504474,0.012634677906300936,USDMAD
2018-07-20,9.451600074768066,9.465999603271484,9.322799682617188,9.451600074768066,0,9.414770126342773,9.441776897719356,51.223347961439295,0.0037093253099271806,-0.000454754957777026,0.012617576107467913,USDMAD
2018-07-23,9.169500350952148,9.425100326538086,9.169500350952148,9.176899909973145,0,9.415020084381103,9.393617445401862,35.170129320255256,-0.017660639730529226,-0.029063879408975368,0.012910603620128799,USDMAD
2018-07-24,9.423500061035156,9.43850040435791,9.317700386047363,9.423500061035156,0,9.416900062561036,9.399050648244279,50.24490402286971,-0.014530422059497283,0.026871836184463094,0.013297617038673883,USDMAD
2018-07-25,9.42240047454834,9.431400299072266,9.317899703979492,9.42240047454834,0,9.417210102081299,9.403296071208652,50.18886329419127,-0.012000099762799366,-0.00011668557114596911,0.013290337885357035,USDMAD
2018-07-26,9.397100448608398,9.406999588012695,9.310500144958496,9.397100448608398,0,9.412470149993897,9.402169594372243,48.839105906427626,-0.011899135932814886,-0.002685093465118693,0.013283589528132786,USDMAD
2018-07-27,9.448699951171875,9.450900077819824,9.345999717712402,9.448699951171875,0,9.41204013824463,9.410629659244902,51.6925644576235,-0.00756823089362868,0.0054910025539971485,0.013413116127393692,USDMAD
2018-07-30,9.207300186157227,9.444999694824219,9.207300186157227,9.441200256347656,0,9.410160160064697,9.41618794962722,51.245191914117,-0.004687090283164608,-0.0007937276940717108,0.013412932611205063,USDMAD
2018-07-31,9.415499687194824,9.4350004196167,9.29990005493164,9.415499687194824,0,9.408560085296632,9.416062811003147,49.65911566057661,-0.004426560104443311,-0.0027221718060214117,0.013406279742945145,USDMAD
2018-08-01,9.422499656677246,9.428899765014648,9.322699546813965,9.424400329589844,0,9.405720138549805,9.417578723473456,50.23358988574042,-0.0034619731339979865,0.0009453181127629939,0.01338715499677433,USDMAD
2018-08-02,9.434200286865234,9.44950008392334,9.341899871826172,9.434200286865234,0,9.403550148010254,9.420600825908323,50.898000252906535,-0.0018850269427748145,0.001039849426241135,0.013392284471452855,USDMAD
2018-08-03,9.45930004119873,9.469900131225586,9.329700469970703,9.45930004119873,0,9.40432014465332,9.427637046870215,52.641910896730735,0.0013742136033663144,0.0026605068336784665,0.013420580597513991,USDMAD
2018-08-06,9.217900276184082,9.479999542236328,9.217900276184082,9.479999542236328,0,9.434630107879638,9.437157500573145,54.090039259040104,0.005563331337919308,0.0021882698452786453,0.008649010465880697,USDMAD
2018-08-07,9.442700386047363,9.450200080871582,9.318099975585938,9.442700386047363,0,9.43655014038086,9.438165297932093,51.06020246591923,0.005806572586806169,-0.003934510336502162,0.0028733864695273353,USDMAD
2018-08-08,9.415499687194824,9.418399810791016,9.311300277709961,9.415499687194824,0,9.435860061645508,9.434044277798042,48.9086433009498,0.003761118128759122,-0.0028806059432671116,0.0030363224335013686,USDMAD
2018-08-09,9.41510009765625,9.43970012664795,9.32040023803711,9.41510009765625,0,9.437660026550294,9.430599881408625,48.87606070469869,0.002083816261073679,-4.243954668892158e-05,0.0028950589736962927,USDMAD
2018-08-10,9.461999893188477,9.503999710083008,9.386899948120117,9.461999893188477,0,9.438990020751953,9.436308974459507,52.84664307796846,0.004487237902795371,0.004981337961972532,0.002794197607197946,USDMAD
2018-08-13,9.293800354003906,9.550000190734863,9.284899711608887,9.519000053405762,0,9.446770000457764,9.451343716086098,57.197627719191665,0.010866145270162164,0.006024113386253527,0.0033218715588378225,USDMAD
2018-08-14,9.519800186157227,9.534899711608887,9.415499687194824,9.519800186157227,0,9.457200050354004,9.463790347008121,57.25724992643351,0.015803862255879153,8.405638690778261e-05,0.0030999485254576387,USDMAD
2018-08-15,9.549099922180176,9.565099716186523,9.459600448608398,9.549099922180176,0,9.469670009613036,9.479301178857584,59.482938974017145,0.021829643824800016,0.0030777679625622056,0.0031603784776619618,USDMAD
2018-08-16,9.55150032043457,9.55210018157959,9.42590045928955,9.55150032043457,0,9.48140001296997,9.492428295507946,59.66822966077647,0.02649341165180097,0.0002513742943268671,0.0031779269189348047,USDMAD
2018-08-17,9.540200233459473,9.54319953918457,9.416000366210938,9.540200233459473,0,9.489490032196045,9.501114102408224,58.31619446171325,0.028944010143295174,-0.0011830693185365115,0.003219328447595065,USDMAD
2018-08-20,9.267399787902832,9.514900207519531,9.237700462341309,9.522500038146973,0,9.49374008178711,9.505002454360723,56.16923278063931,0.029122167054515202,-0.0018553274438015688,0.0032867251040249483,USDMAD
2018-08-21,9.26140022277832,9.376799583435059,9.218099594116211,9.2608003616333,0,9.475550079345703,9.460602073864827,35.41121871064833,0.008053544661310141,-0.027482244732508043,0.009444967719824419,USDMAD
2018-08-22,9.210200309753418,9.346099853515625,9.15999984741211,9.211000442504883,0,9.455100154876709,9.41521995907211,32.91815738046364,-0.012517632183055127,-0.005377496240469126,0.00950650175232567,USDMAD
2018-08-23,9.19260025024414,9.44480037689209,9.19260025024414,9.191499710083008,0,9.432740116119385,9.374543550164999,31.969021478647562,-0.030047613981576404,-0.0021171133954013266,0.00947793885829537,USDMAD
2018-08-24,9.450400352478027,9.450900077819824,9.310600280761719,9.450400352478027,0,9.43158016204834,9.388335696040095,51.82792047053396,-0.022786464555954566,0.028167399288606454,0.013469033142083106,USDMAD
2018-08-27,9.165399551391602,9.425800323486328,9.165399551391602,9.416500091552734,0,9.421330165863036,9.39345649522421,49.77889073879309,-0.019542149329852876,-0.003587177226455185,0.013330352700984508,USDMAD
2018-08-28,9.38479995727539,9.392600059509277,9.255900382995605,9.385199546813965,0,9.407870101928712,9.391955231876892,47.89603278549047,-0.01927451391158641,-0.0033240104534006942,0.013343055633146453,USDMAD
2018-08-29,9.368499755859375,9.392000198364258,9.263199806213379,9.371299743652344,0,9.390090084075927,9.388199688563336,47.04503664326557,-0.01995399166900924,-0.0014810343767639456,0.013252806380227801,USDMAD
2018-08-30,9.356900215148926,9.382100105285645,9.275199890136719,9.356900215148926,0,9.370630073547364,9.382508875215262,46.130625112891195,-0.02140763045735916,-0.0015365561765507962,0.01323412058970802,USDMAD
2018-08-31,9.386500358581543,9.394599914550781,9.284000396728516,9.38700008392334,0,9.35531005859375,9.38332545861673,48.38887612034069,-0.019901430512298646,0.0032168632861642177,0.013336221827285468,USDMAD
2018-09-03,9.184200286865234,9.422499656677246,9.173700332641602,9.411700248718262,0,9.34423007965088,9.388484511362462,50.23259705468441,-0.016524178884949947,0.0026313161365818516,0.013399667713388503,USDMAD
2018-09-04,9.411499977111816,9.435799598693848,9.330599784851074,9.40310001373291,0,9.35846004486084,9.391141875429815,49.56861882704898,-0.014375932920648538,-0.0009137812252916211,0.009711385921315353,USDMAD
2018-09-05,9.415200233459473,9.441300392150879,9.300999641418457,9.415200233459473,0,9.378880023956299,9.395516122344297,50.558822727145724,-0.011563746241987971,0.0012868330347322043,0.009405666594303823,USDMAD
2018-09-06,9.394000053405762,9.406499862670898,9.28950023651123,9.394000053405762,0,9.399130058288574,9.39524047344638,48.75267529199834,-0.010919867951116657,-0.0022516972053733264,0.009412678393347975,USDMAD
2018-09-07,9.400300025939941,9.404600143432617,9.288999557495117,9.400300025939941,0,9.394120025634766,9.396160392081573,49.33193636356652,-0.009788400051540691,0.0006706379070005042,0.0023794790023747357,USDMAD
2018-09-10,9.191300392150879,9.442999839782715,9.191300392150879,9.429900169372559,0,9.395460033416748,9.40229489704357,52.07302456342455,-0.006429108630735314,0.0031488509250701124,0.0023709383340812257,USDMAD
2018-09-11,9.177499771118164,9.326299667358398,9.153300285339355,9.409600257873535,0,9.397900104522705,9.403623144467199,50.07237109084795,-0.005343285117140439,-0.002152717540420568,0.0022035582555482284,USDMAD
2018-09-12,9.408900260925293,9.430000305175781,9.284700393676758,9.408900260925293,0,9.40166015625,9.40458262018685,50.00103246717711,-0.0044875167634170765,-7.439178382273592e-05,0.00212337542341288,USDMAD
2018-09-13,9.391200065612793,9.432499885559082,9.297200202941895,9.391200065612793,0,9.405090141296387,9.402149428446112,48.13361405769576,-0.005177884582286296,-0.00188121829561827,0.0021608147777229664,USDMAD
2018-09-14,9.357999801635742,9.397500038146973,9.252799987792969,9.357999801635742,0,9.402190113067627,9.394122223571499,44.757069621243694,-0.008308217924787087,-0.0035352525497373,0.0022256902803686985,USDMAD
2018-09-17,9.15999984741211,9.382499694824219,9.153599739074707,9.393699645996094,0,9.40039005279541,9.394045391285061,48.907477795772664,-0.007818226914524828,0.0038149011666053223,0.002422117793562409,USDMAD
2018-09-18,9.3725004196167,9.382499694824219,9.26449966430664,9.3725004196167,0,9.39733009338379,9.390128123708994,46.66541581072086,-0.009036340598692405,-0.0022567494361426244,0.002502674044355211,USDMAD
2018-09-19,9.365599632263184,9.390000343322754,9.266500473022461,9.365599632263184,0,9.39237003326416,9.385668397991573,45.92732998934367,-0.010438215090571745,-0.0007362802928311263,0.002439034658107277,USDMAD
2018-09-20,9.367300033569336,9.390000343322754,9.228099822998047,9.367799758911133,0,9.389750003814697,9.382419554522402,46.21938937762399,-0.01124208710983865,0.0002349157271650526,0.0023692385772105225,USDMAD
2018-09-21,9.319999694824219,9.338500022888184,9.216400146484375,9.321000099182129,0,9.381820011138917,9.37125238082417,41.130353672278105,-0.01547709260633745,-0.0049958006077666095,0.0027624644210576827,USDMAD
2018-09-24,9.107199668884277,9.342499732971191,9.09939956665039,9.091300010681152,0,9.347959995269775,9.320351949889076,25.999147413588275,-0.036942393515563055,-0.024643287850745876,0.007759858345194564,USDMAD
2018-09-25,9.097100257873535,9.352499961853027,9.093799591064453,9.097599983215332,0,9.316759967803955,9.279851592312031,26.794603812300537,-0.05283637911390571,0.0006929671803568294,0.007871130935710936,USDMAD
2018-09-26,9.32960033416748,9.331600189208984,9.224800109863281,9.32960033416748,0,9.308829975128173,9.28889681810393,48.67457972986382,-0.04617965745130803,0.025501269717307817,0.012079524546129684,USDMAD
2018-09-27,9.329299926757812,9.364399909973145,9.251899719238281,9.329299926757812,0,9.302639961242676,9.29624283785918,48.654301424079705,-0.040461977452594056,-3.2199386780562556e-05,0.012074953569841134,USDMAD
2018-09-28,9.383500099182129,9.393699645996094,9.294400215148926,9.383500099182129,0,9.305189990997315,9.312107794463351,52.499365480637266,-0.03119754800148833,0.005809671985018028,0.012183289193217333,USDMAD
2018-10-01,9.161199569702148,9.40779972076416,9.161199569702148,9.393400192260742,0,9.30516004562378,9.326888230426512,53.18892447067619,-0.02279381325145735,0.0010550533355326852,0.012126928991527562,USDMAD
2018-10-02,9.412500381469727,9.457500457763672,9.354000091552734,9.412500381469727,0,9.309160041809083,9.342454076070732,54.559485347076894,-0.014426270211242098,0.0020333626608095567,0.012111622624981128,USDMAD
2018-10-03,9.426600456237793,9.43340015411377,9.321499824523926,9.429800033569336,0,9.315580081939697,9.358335159252297,55.82116289368786,-0.006326071704993552,0.001837944371685385,0.012109973037080375,USDMAD
2018-10-04,9.464200019836426,9.472399711608887,9.342399597167969,9.464200019836426,0,9.325220108032227,9.377583315722138,58.30053224084808,0.0028364880998985598,0.003648008032474559,0.012141917327080856,USDMAD
2018-10-05,9.443599700927734,9.459500312805176,9.337499618530273,9.443599700927734,0,9.337480068206787,9.389586294850428,56.26415105546692,0.00833947688765413,-0.002176657178157071,0.012016982379892663,USDMAD
2018-10-08,9.211299896240234,9.477999687194824,9.211299896240234,9.20199966430664,0,9.348550033569335,9.355479634751557,39.040928056654806,-0.006717038828323751,-0.025583468621330763,0.01224466158290542,USDMAD
2018-10-09,9.453499794006348,9.475600242614746,9.361800193786621,9.446900367736816,0,9.383480072021484,9.372101586203422,54.309180238356944,0.001099331625988853,0.02661385702719743,0.014620111390541373,USDMAD
2018-10-10,9.453499794006348,9.464500427246094,9.317299842834473,9.453499794006348,0,9.395870018005372,9.386901260349408,54.638892772013065,0.007737190554705009,0.0006985811231872141,0.012491737648569553,USDMAD
2018-10-11,9.436300277709961,9.440199851989746,9.290499687194824,9.436300277709961,0,9.406570053100586,9.395882899869507,53.554229297004184,0.011477577981711562,-0.0018193808294459934,0.012527086840326999,USDMAD
2018-10-12,9.402000427246094,9.416000366210938,9.291099548339844,9.40149974822998,0,9.408370018005371,9.396904145025957,51.3337319133104,0.011501171728321324,-0.0036879421442517213,0.012499758968051085,USDMAD
2018-10-15,9.196100234985352,9.442500114440918,9.182999610900879,9.422300338745117,0,9.411260032653809,9.401521634793076,52.59881822767675,0.013047895739230597,0.0022124757828188013,0.012513270185034578,USDMAD
2018-10-16,9.409600257873535,9.424799919128418,9.279000282287598,9.409600257873535,0,9.41097002029419,9.402990475353159,51.7148775509838,0.013097910712557947,-0.0013478747667762248,0.012509242541532344,USDMAD
2018-10-17,9.414199829101562,9.429800033569336,9.29740047454834,9.415499687194824,0,9.409539985656739,9.405264877506188,52.11742109432745,0.013458442039656404,0.0006269585486751161,0.012495752739995503,USDMAD
2018-10-18,9.451000213623047,9.46720027923584,9.322699546813965,9.451000213623047,0,9.4082200050354,9.413580393163798,54.57176204748977,0.016419487870949823,0.0037704346670526245,0.012499872049951538,USDMAD
2018-10-19,9.48069953918457,9.489999771118164,9.4375,9.48069953918457,0,9.411929988861084,9.425783874258483,56.57703419204607,0.020921455870505312,0.0031424531679422607,0.012513398772123496,USDMAD
2018-10-22,9.218999862670898,9.484999656677246,9.196999549865723,9.450499534606934,0,9.436779975891113,9.430277630685474,53.96829173898342,0.02180110045233441,-0.0031854194358567067,0.008781350269718784,USDMAD
2018-10-23,9.469599723815918,9.491999626159668,9.344300270080566,9.469599723815918,0,9.439049911499023,9.437427102163735,55.3699237291267,0.023765496908303874,0.0020210772075106576,0.0026296526753816977,USDMAD
2018-10-24,9.463700294494629,9.51039981842041,9.374500274658203,9.464400291442871,0,9.440139961242675,9.442331318396304,54.88003859032986,0.024618952553071338,-0.000549065697040052,0.0026352345579070055,USDMAD
2018-10-25,9.501899719238281,9.51449966430664,9.376899719238281,9.501700401306152,0,9.446679973602295,9.453125697107186,57.76681429824972,0.027982563858685694,0.003941095971712549,0.0027896670021608626,USDMAD
2018-10-26,9.513799667358398,9.543600082397461,9.390000343322754,9.513799667358398,0,9.457909965515137,9.464157328061951,58.69009158897156,0.031264165861738746,0.0012733790312502435,0.00232638989062335,USDMAD
2018-10-29,9.269700050354004,9.527899742126465,9.26140022277832,9.260899543762207,0,9.441769886016846,9.42720136728018,39.333896799335825,0.013304565937804824,-0.026582452063173556,0.009043655953288857,USDMAD
2018-10-30,9.512499809265137,9.536399841308594,9.390899658203125,9.512800216674805,0,9.452089881896972,9.442764794442839,55.18726689297012,0.019176675905667295,0.02720045409436156,0.012862821320524213,USDMAD
2018-10-31,9.528599739074707,9.572999954223633,9.418800354003906,9.527999877929688,0,9.463339900970459,9.458262082349538,55.935528274576804,0.024771302836370523,0.0015978114654651154,0.012861965468473806,USDMAD
2018-11-01,9.5447998046875,9.5447998046875,9.388899803161621,9.543100357055664,0,9.47254991531372,9.473687223205197,56.708906528813365,0.030076860130172633,0.001584852993224084,0.01283316010355904,USDMAD
2018-11-02,9.498000144958496,9.508099555969238,9.351499557495117,9.498499870300293,0,9.474329948425293,9.478198613586123,53.71046322691784,0.03033300595958721,-0.004673584588513302,0.012928842657391719,USDMAD
2018-11-05,9.255999565124512,9.50160026550293,9.255999565124512,9.517499923706055,0,9.481029987335205,9.485344306335202,54.806734902982846,0.0317036885083386,0.0020003214892039267,0.012879070749676385,USDMAD
2018-11-06,9.475899696350098,9.48799991607666,9.364299774169922,9.47599983215332,0,9.481669998168945,9.483645311029406,51.91469309932008,0.0291057408826898,-0.0043603984119156,0.01296860738725706,USDMAD
2018-11-07,9.462800025939941,9.492500305175781,9.313699722290039,9.462400436401367,0,9.481470012664795,9.47978260655158,50.96561243720047,0.025653770393688546,-0.0014351409870025922,0.012976887518605429,USDMAD
2018-11-08,9.463899612426758,9.471699714660645,9.321900367736816,9.455699920654297,0,9.47686996459961,9.475403936388439,50.47597920135003,0.022122370373837796,-0.0007081200792659059,0.012905262372979587,USDMAD
2018-11-09,9.490500450134277,9.520000457763672,9.363499641418457,9.494000434875488,0,9.474890041351319,9.478785117931539,53.241249539957586,0.022158808867397184,0.004050521330264623,0.01297521142571466,USDMAD
2018-11-12,9.276100158691406,9.554800033569336,9.263999938964844,9.50879955291748,0,9.499680042266846,9.484242287928982,54.30300679159155,0.023115391931312956,0.001558786324427519,0.009063214384180588,USDMAD
2018-11-13,9.557499885559082,9.562999725341797,9.423500061035156,9.565500259399414,0,9.504950046539307,9.499016464559968,58.21765276530478,0.02812456160751431,0.005962972104563535,0.003395498966690256,USDMAD
2018-11-14,9.51830005645752,9.535400390625,9.404999732971191,9.514900207519531,0,9.503640079498291,9.501904417825344,53.78924606275855,0.027692145544516933,-0.005289848989357471,0.003831653793017514,USDMAD
2018-11-15,9.508500099182129,9.515800476074219,9.397299766540527,9.517000198364258,0,9.50103006362915,9.504649105196055,53.945817668871875,0.027205298661753474,0.00022070550388608723,0.0037878121958290893,USDMAD
2018-11-16,9.501500129699707,9.501500129699707,9.357199668884277,9.499500274658203,0,9.501130104064941,9.503712954189172,52.353893504885086,0.025117828715380597,-0.0018388066976253725,0.003517872300975931,USDMAD
2018-11-19,9.221699714660645,9.46150016784668,9.221699714660645,9.21500015258789,0,9.470880126953125,9.451219717534393,34.51945311415352,0.0005009370684216918,-0.029948956665570403,0.010018153658725758,USDMAD
2018-11-20,9.42650032043457,9.43690013885498,9.303500175476074,9.43120002746582,0,9.466400146484375,9.447579773885561,48.79468593640178,-0.0015447964204824416,0.02346173318480238,0.013056232875347908,USDMAD
2018-11-21,9.471099853515625,9.479999542236328,9.324999809265137,9.474599838256836,0,9.467620086669921,9.452492512862156,51.09932458676269,0.000332118617642152,0.004601727316208448,0.013142160611528224,USDMAD
2018-11-22,9.466099739074707,9.468400001525879,9.32979965209961,9.466300010681152,0,9.468680095672607,9.455002967011064,50.63001247895913,0.0011367567626408004,-0.000876008244925619,0.013143566813634768,USDMAD
2018-11-23,9.458499908447266,9.458499908447266,9.335399627685547,9.457500457763672,0,9.465030097961426,9.45545705623881,50.104599957674395,0.0010522581333951564,-0.000929566241039459,0.013075220956623258,USDMAD
2018-11-26,9.252400398254395,9.5024995803833,9.231100082397461,9.246600151062012,0,9.43881015777588,9.417483073479392,39.51930489286982,-0.01584989213219501,-0.02229979344368227,0.014764433975084144,USDMAD
2018-11-27,9.491299629211426,9.493499755859375,9.364399909973145,9.491999626159668,0,9.431460094451904,9.431031537603078,52.17904328819372,-0.009335665499072832,0.026539427582955577,0.017317911585007915,USDMAD
2018-11-28,9.511899948120117,9.517600059509277,9.382399559020996,9.510899543762207,0,9.431060028076171,9.445552993268373,52.99510316614515,-0.0026178515988561912,0.001991141840171462,0.01725344391704471,USDMAD
2018-11-29,9.474599838256836,9.475000381469727,9.233499526977539,9.47350025177002,0,9.426710033416748,9.450634312995945,51.135524175288865,-0.00030819332770803953,-0.003932256020590219,0.017299924976844232,USDMAD
2018-11-30,9.460000038146973,9.463500022888184,9.346199989318848,9.461000442504883,0,9.422860050201416,9.452519063815751,50.497737417798206,0.0005077443886829514,-0.001319449932225547,0.017295648290864968,USDMAD
2018-12-03,9.242799758911133,9.494799613952637,9.237500190734863,9.259099960327148,0,9.427270030975341,9.41735195409055,41.49512563300545,-0.014964795800844755,-0.02134028884204131,0.01580429406152827,USDMAD
2018-12-04,9.479999542236328,9.480500221252441,9.332799911499023,9.480799674987793,0,9.432229995727539,9.428887903344595,51.68155568705706,-0.009231170041351433,0.023943981122416913,0.015882382684312763,USDMAD
2018-12-05,9.485300064086914,9.512499809265137,9.333700180053711,9.485699653625488,0,9.433339977264405,9.439217312486575,51.880971934165665,-0.004242933101521018,0.0005168317869455041,0.015821521002940965,USDMAD
2018-12-06,9.48550033569336,9.493499755859375,9.338199615478516,9.484999656677246,0,9.435209941864013,9.447541375066695,51.84805141479416,-0.00034225795534048586,-7.379497283310776e-05,0.015817326588490693,USDMAD
2018-12-07,9.469300270080566,9.475500106811523,9.229999542236328,9.470999717712402,0,9.436559867858886,9.451806528275005,51.14899796410075,0.0016009226885493888,-0.001476008378660132,0.015823026166254958,USDMAD
2018-12-10,9.213500022888184,9.467499732971191,9.213500022888184,9.464799880981445,0,9.45837984085083,9.454168956039812,50.82220683574459,0.0026105396624771515,-0.0006546127035947924,0.013737910331397377,USDMAD
2018-12-11,9.481200218200684,9.481200218200684,9.33530044555664,9.481100082397461,0,9.457289886474609,9.459065524468475,51.696009845878955,0.004672101340050361,0.0017221918710368378,0.01083049857320804,USDMAD
2018-12-12,9.497099876403809,9.501500129699707,9.353699684143066,9.498499870300293,0,9.456049919128418,9.466235405528804,52.662910206175425,0.007622058939057652,0.001835207702863162,0.01082732550125245,USDMAD
2018-12-13,9.474100112915039,9.47700023651123,9.355999946594238,9.472100257873535,0,9.455909919738769,9.467301742318755,50.995030030327165,0.007740466221170195,-0.002779345453201909,0.010787788567912567,USDMAD
2018-12-14,9.525500297546387,9.532999992370605,9.411700248718262,9.527000427246094,0,9.462509918212891,9.47815604866918,54.2406708538693,0.012124525708715694,0.005795986938263553,0.010922167895061457,USDMAD
2018-12-17,9.340200424194336,9.583000183105469,9.340200424194336,9.607500076293945,0,9.49734992980957,9.501673144600954,58.57324705948265,0.02184278334284606,0.008449632144198471,0.007861735673669788,USDMAD
2018-12-18,9.560999870300293,9.565699577331543,9.413999557495117,9.56190013885498,0,9.505459976196288,9.512623507192593,55.374838234043594,0.02557028040188669,-0.004746285410028861,0.0039026611051605486,USDMAD
2018-12-19,9.54699993133545,9.555500030517578,9.383600234985352,9.545000076293945,0,9.511390018463135,9.518510156120112,54.19372262766284,0.026851131734989764,-0.00176743767615406,0.0039907683837954845,USDMAD
2018-12-20,9.53320026397705,9.53689956665039,9.352899551391602,9.529600143432617,0,9.515850067138672,9.520526517449657,53.08263676088163,0.026320167260763583,-0.0016134031155825568,0.004050216531209745,USDMAD
2018-12-21,9.485899925231934,9.50510025024414,9.360400199890137,9.486100196838379,0,9.51736011505127,9.514267186429423,49.96639437593478,0.02213414331747643,-0.004564718974511939,0.0043241755025561724,USDMAD
2018-12-24,9.279500007629395,9.51550006866455,9.279500007629395,9.550000190734863,0,9.525880146026612,9.52076409630314,54.218155038516336,0.023699689389919953,0.006736171089335663,0.004776009160052514,USDMAD
2018-12-25,9.273200035095215,9.412400245666504,9.273200035095215,9.523500442504883,0,9.530120182037354,9.521261613794366,52.23571453265666,0.0225422348654849,-0.0027748426911750057,0.004900789819497658,USDMAD
2018-12-26,9.279500007629395,9.408900260925293,9.279500007629395,9.411999702453613,0,9.521470165252685,9.50139581173241,44.81127882044687,0.012483859779679918,-0.011707957670020641,0.0061815791413444765,USDMAD
2018-12-27,9.308300018310547,9.423500061035156,9.308300018310547,9.567500114440918,0,9.531010150909424,9.513414775861229,54.51986765017711,0.01686569154016304,0.016521506258310614,0.008209240253443011,USDMAD
2018-12-28,9.510299682617188,9.53499984741211,9.383299827575684,9.51200008392334,0,9.529510116577148,9.513157559145249,51.066906520499366,0.015679196136973772,-0.005800891544679221,0.008280423840316003,USDMAD
2018-12-31,9.283599853515625,9.552300453186035,9.283599853515625,9.524100303649902,0,9.521170139312744,9.515147149055185,51.783897540036,0.01553618511679744,0.0012721004646556455,0.007748393970903641,USDMAD
2019-01-01,9.282699584960938,9.426199913024902,9.282699584960938,9.550000190734863,0,9.519980144500732,9.521484065724216,53.359208354915545,0.01731317676170896,0.002719405115361395,0.007690134030280208,USDMAD
2019-01-02,9.30049991607666,9.522500038146973,9.283599853515625,9.394499778747559,0,9.504930114746093,9.498396013546643,44.053084433112424,0.0061035142536152165,-0.016282765327917614,0.009251626799558535,USDMAD
2019-01-03,9.592700004577637,9.592700004577637,9.385000228881836,9.597700119018555,0,9.511740112304688,9.516451305450627,55.07842469703486,0.013461173173409335,0.021629713668276374,0.011801990620842787,USDMAD
2019-01-04,9.512800216674805,9.512999534606934,9.371500015258789,9.507499694824219,0,9.513880062103272,9.514823739882187,50.33636980067269,0.011876841642948222,-0.009398129038809766,0.012139121377222336,USDMAD
2019-01-07,9.250399589538574,9.487000465393066,9.236000061035156,9.515000343322754,0,9.510380077362061,9.514855849598653,50.716351634338885,0.011098549963490356,0.0007889191416559083,0.01193221712536694,USDMAD
2019-01-08,9.45199966430664,9.478099822998047,9.344099998474121,9.456100463867188,0,9.503640079498291,9.504173052192932,47.634269834757916,0.005663732195795745,-0.006190213066770922,0.012059026293464285,USDMAD
2019-01-09,9.46500015258789,9.466500282287598,9.224900245666504,9.468999862670898,0,9.50934009552002,9.49777792682529,48.37422009850422,0.0023701520009371535,0.0013641351266306945,0.011417998723844558,USDMAD
2019-01-10,9.418999671936035,9.438599586486816,9.315799713134766,9.41819953918457,0,9.494410037994385,9.483309129072431,45.63911350050451,-0.004289746059480848,-0.005364909095267323,0.010056788642057656,USDMAD
2019-01-11,9.444000244140625,9.463500022888184,9.168499946594238,9.444000244140625,0,9.487610054016113,9.47616205908483,47.26979636434802,-0.007400553021327028,0.0027394519354480007,0.010015993410220808,USDMAD
2019-01-14,9.235899925231934,9.46679973602295,9.22439956665039,9.47439956665039,0,9.482639980316161,9.475841605914932,49.20325925279427,-0.007328440976166917,0.003218903189739608,0.010076720172574778,USDMAD
2019-01-15,9.493800163269043,9.495400428771973,9.3641996383667,9.495400428771973,0,9.477180004119873,9.479397755525302,50.55216491074071,-0.005513145489763005,0.0022165902940702864,0.010060236322267418,USDMAD
2019-01-16,9.50790023803711,9.517499923706055,9.36769962310791,9.507399559020996,0,9.488469982147217,9.484488992524518,51.34713623686332,-0.003070881992062624,0.001263678171240068,0.008400257610252447,USDMAD
2019-01-17,9.519200325012207,9.53219985961914,9.395999908447266,9.518099784851074,0,9.480509948730468,9.490600045674801,52.0868886915154,-0.0002688526100733668,0.0011254629369106262,0.00443181026423933,USDMAD
2019-01-18,9.52400016784668,9.526399612426758,9.398699760437012,9.521599769592285,0,9.481919956207275,9.496236359114343,52.342141436540295,0.0022087344646877227,0.0003677188535868847,0.0032511230447974312,USDMAD
2019-01-21,9.293399810791016,9.424300193786621,9.292099952697754,9.539999961853027,0,9.484419918060302,9.504193377794103,53.73750067772926,0.005592514780932589,0.0019324685668373753,0.0032957820553589263,USDMAD
2019-01-22,9.537799835205078,9.547499656677246,9.417900085449219,9.537500381469727,0,9.492559909820557,9.510249196644216,53.50830725451225,0.007980495627402107,-0.000262010523406242,0.0024227076247683227,USDMAD
2019-01-23,9.536800384521484,9.537500381469727,9.406000137329102,9.53600025177002,0,9.499259948730469,9.51493120666709,53.361212643156435,0.009640806506824973,-0.00015728751137156216,0.0024352803239256226,USDMAD
2019-01-24,9.535599708557129,9.566499710083008,9.415200233459473,9.531000137329102,0,9.510540008544922,9.517852830423818,52.83981072721753,0.010432883605027143,-0.0005243408461519383,0.0013195359707092625,USDMAD
2019-01-25,9.584600448608398,9.585100173950195,9.401399612426758,9.575599670410156,0,9.523699951171874,9.528352255875879,56.88646086596196,0.014492361080396421,0.0046794179454867635,0.001668714069851735,USDMAD
2019-01-28,9.282400131225586,9.403599739074707,9.281299591064453,9.29170036315918,0,9.505430030822755,9.485324639018296,35.817775640325564,-0.005139529921377672,-0.029648201368344784,0.009870285795810688,USDMAD
2019-01-29,9.503700256347656,9.512700080871582,9.378299713134766,9.503000259399414,0,9.506190013885497,9.4885383881785,50.509427571956145,-0.0036062387848421196,0.022740713538075497,0.012582722084011731,USDMAD
2019-01-30,9.503999710083008,9.503999710083008,9.226099967956543,9.503199577331543,0,9.505770015716553,9.491204058933597,50.52093316844955,-0.002347945566077314,2.0974210953150774e-05,0.012576655499124637,USDMAD
2019-01-31,9.480500221252441,9.508199691772461,9.347800254821777,9.47819995880127,0,9.501780033111572,9.488839677091356,48.98277244669631,-0.0033296176499035823,-0.002630652795076127,0.01259629452468656,USDMAD
2019-02-01,9.50629997253418,9.514300346374512,9.35990047454834,9.509499549865723,0,9.500570011138915,9.492596017595785,50.99448210735435,-0.0015639561189839668,0.003302271655008626,0.01264889760540695,USDMAD
2019-02-04,9.264900207519531,9.506799697875977,9.264900207519531,9.515000343322754,0,9.49807004928589,9.496669531364324,51.3575063572869,0.0002760295285249015,0.0005784524651573086,0.01263249908599179,USDMAD
2019-02-05,9.506500244140625,9.519800186157227,9.383000373840332,9.512100219726562,0,9.495530033111573,9.499475111066548,51.14240277968527,0.0014831191987738634,-0.0003047949018968321,0.01263253340495965,USDMAD
2019-02-06,9.51930046081543,9.538999557495117,9.38860034942627,9.518600463867188,0,9.49379005432129,9.502952447939391,51.631398525060426,0.0029304810747312615,0.0006833658172717971,0.012635604170860687,USDMAD
2019-02-07,9.522100448608398,9.531800270080566,9.409299850463867,9.521599769592285,0,9.492850017547607,9.506342870058099,51.870761907709465,0.004270319114310084,0.00031509944518459676,0.012635336117375329,USDMAD
2019-02-08,9.52869987487793,9.538000106811523,9.379799842834473,9.529600143432617,0,9.488250064849854,9.510571465217101,52.545363041016664,0.005909591627004218,0.0008402342078988045,0.01253438986841224,USDMAD
2019-02-11,9.277400016784668,9.526200294494629,9.277400016784668,9.23740005493164,0,9.4828200340271,9.460903936074288,33.871691643493165,-0.01618283259961828,-0.030662366112218065,0.012798559956950138,USDMAD
2019-02-12,9.525899887084961,9.529000282287598,9.378000259399414,9.527099609375,0,9.485229969024658,9.472939513038053,52.061615380924955,-0.010197356267733326,0.03136159013581907,0.014689480957305615,USDMAD
2019-02-13,9.480600357055664,9.485799789428711,9.374600410461426,9.474900245666504,0,9.482400035858154,9.47329600987959,49.42358510415877,-0.009555723126704052,-0.005479040405658164,0.01480569217381221,USDMAD
2019-02-14,9.521699905395508,9.53030014038086,9.383700370788574,9.521499633789062,0,9.486730003356934,9.482060305135857,51.77296055818426,-0.005226791862540381,0.0049181930061872325,0.014860311519668136,USDMAD
2019-02-15,9.524700164794922,9.530500411987305,9.41819953918457,9.524800300598145,0,9.488260078430176,9.489831213401727,51.94324109800008,-0.0015123134131105331,0.00034665409190060004,0.014828965055736689,USDMAD
2019-02-18,9.27239990234375,9.524700164794922,9.27239990234375,9.53499984741211,0,9.490260028839112,9.498043692312706,52.50135076924052,0.0022287639032310125,0.001070841014202184,0.014830958257031117,USDMAD
2019-02-19,9.513500213623047,9.529999732971191,9.40149974822998,9.51200008392334,0,9.49025001525879,9.500581218060093,51.06127964136388,0.0032996693980908987,-0.002412140939363705,0.014855599708194982,USDMAD
2019-02-20,9.497699737548828,9.50220012664795,9.361100196838379,9.499699592590332,0,9.488359928131104,9.500420922520137,50.267167830398016,0.0031198590737879783,-0.0012931550908833467,0.01486009772945414,USDMAD
2019-02-21,9.494000434875488,9.507100105285645,9.36460018157959,9.49590015411377,0,9.485789966583251,9.49959896462807,50.00845673552609,0.0026403389802798216,-0.0003999535395335929,0.014859601910174868,USDMAD
2019-02-22,9.5,9.515000343322754,9.405200004577637,9.499300003051758,0,9.482759952545166,9.499544607977832,50.25517620461861,0.002505770286910902,0.0003580333494255239,0.014856738212537891,USDMAD
2019-02-25,9.286700248718262,9.5600004196167,9.286700248718262,9.291500091552734,0,9.488169956207276,9.461718332264178,37.932848482953695,-0.01420484792903487,-0.02187528675084116,0.012999920234340889,USDMAD
2019-02-26,9.528800010681152,9.53320026397705,9.39680004119873,9.520700454711914,0,9.487530040740968,9.472442354527402,51.9325222488622,-0.008851544365535702,0.02466774588610887,0.011305254901307044,USDMAD
2019-02-27,9.508199691772461,9.520000457763672,9.380900382995605,9.51099967956543,0,9.491139984130859,9.479452777261589,51.40404148207008,-0.005330339370313908,-0.0010189140171597,0.011152456833285638,USDMAD
2019-02-28,9.532299995422363,9.536399841308594,9.387399673461914,9.53339958190918,0,9.492329978942871,9.489261287197515,52.603433144933156,-0.0007239291230423106,0.0023551575121885104,0.01106713287680583,USDMAD
2019-03-01,9.536800384521484,9.53909969329834,9.390199661254883,9.53279972076416,0,9.493129920959472,9.497177366027813,52.56601732753021,0.0028454794878722822,-6.292206047442406e-05,0.011067205056508165,USDMAD
2019-03-04,9.294500350952148,9.550000190734863,9.294500350952148,9.537599563598633,0,9.493389892578126,9.504526856495234,52.85497748420466,0.005992491024668922,0.0005035082006410452,0.01106335057894764,USDMAD
2019-03-05,9.555999755859375,9.576700210571289,9.436100006103516,9.556500434875488,0,9.49783992767334,9.513976598018916,54.0422398947216,0.009897569669318429,0.0019817220413607117,0.011040507811457838,USDMAD
2019-03-06,9.577199935913086,9.586099624633789,9.458700180053711,9.57800006866455,0,9.505669975280762,9.525617229045395,55.41757484994858,0.014559381904915014,0.002249739215267832,0.011032644889882464,USDMAD
2019-03-07,9.568400382995605,9.574899673461914,9.46150016784668,9.569100379943848,0,9.51298999786377,9.533523256481477,54.687999583049255,0.017335933337935927,-0.0009291802732199761,0.011040711359077398,USDMAD
2019-03-08,9.634200096130371,9.637299537658691,9.50100040435791,9.630000114440918,0,9.526060009002686,9.551064503383193,58.69526149861697,0.024171832131802518,0.006364206882468526,0.011175159010916964,USDMAD
2019-03-11,9.375200271606445,9.506600379943848,9.362799644470215,9.36520004272461,0,9.533430004119873,9.517270965081632,41.50668462034942,0.008128478376045578,-0.02749741106640491,0.01253609583124083,USDMAD
2019-03-12,9.59939956665039,9.634599685668945,9.487700462341309,9.600600242614746,0,9.541419982910156,9.532421742814925,54.31481360574927,0.014244630514470558,0.02513562965192695,0.01263530129776968,USDMAD
2019-03-13,9.593700408935547,9.604999542236328,9.476699829101562,9.593299865722656,0,9.54965000152588,9.543490492434513,53.92048671320411,0.0182917893835004,-0.0007604083815181406,0.012631184412366969,USDMAD
2019-03-14,9.571999549865723,9.581000328063965,9.463299751281738,9.570599555969238,0,9.553369998931885,9.54841941307719,52.64071914091318,0.019443335988496457,-0.002366267089651486,0.01266036819498013,USDMAD
2019-03-15,9.586400032043457,9.587499618530273,9.460599899291992,9.583999633789062,0,9.558489990234374,9.55488854411571,53.344664316427945,0.021192920465349374,0.0014001294006149578,0.012662083389140504,USDMAD
2019-03-18,9.334099769592285,9.57349967956543,9.329700469970703,9.567700386047363,0,9.561500072479248,9.557217969921465,52.32585019706533,0.021021937879893926,-0.0017006728260124948,0.012683274847147985,USDMAD
2019-03-19,9.56820011138916,9.593000411987305,9.459400177001953,9.571399688720703,0,9.56298999786377,9.559796464248599,52.54736425725913,0.020943511989107932,0.00038664491195139483,0.012671025438255113,USDMAD
2019-03-20,9.570799827575684,9.579500198364258,9.44219970703125,9.571999549865723,0,9.562389945983886,9.562015207088075,52.585836011282666,0.02069124687269408,6.267224904688007e-05,0.01265111590547449,USDMAD
2019-03-21,9.538800239562988,9.59179973602295,9.409299850463867,9.535300254821777,0,9.55900993347168,9.557157943039657,49.91933290840097,0.017330226485983147,-0.0038340259893200335,0.012708284965742958,USDMAD
2019-03-22,9.565999984741211,9.570799827575684,9.430899620056152,9.562800407409668,0,9.552289962768555,9.558183845652385,51.888071876521664,0.016693197312681818,0.00288403635470047,0.012552788221951439,USDMAD
2019-03-25,9.375300407409668,9.625,9.350700378417969,9.351200103759766,0,9.55088996887207,9.520550438035546,39.138666647056965,-0.0008759317873341388,-0.02212744119242993,0.01133107762211465,USDMAD
2019-03-26,9.594499588012695,9.598400115966797,9.464300155639648,9.586099624633789,0,9.549439907073975,9.532468471962499,52.957301620346136,0.004107486472259225,0.025119719209043545,0.01132714215186741,USDMAD
2019-03-27,9.608099937438965,9.64799976348877,9.482199668884277,9.607099533081055,0,9.550819873809814,9.546037755802237,53.96364130936964,0.009640271406796685,0.0021906624455791945,0.011346264462873878,USDMAD
2019-03-28,9.625800132751465,9.628999710083008,9.483699798583984,9.626399993896484,0,9.556399917602539,9.560649071819373,54.918169756284286,0.015404851675180353,0.002008978958630614,0.011320572863411708,USDMAD
2019-03-29,9.642200469970703,9.642200469970703,9.507399559020996,9.633500099182129,0,9.561349964141845,9.573894713158056,55.28546761613194,0.020312097017352926,0.0007375659945718649,0.011317562169242327,USDMAD
2019-04-01,9.398200035095215,9.664999961853027,9.393199920654297,9.637499809265137,0,9.568329906463623,9.585459276086617,55.50539163060482,0.024244393209240656,0.00041518763085357513,0.011290080888500231,USDMAD
2019-04-02,9.644000053405762,9.659799575805664,9.518799781799316,9.652700424194336,0,9.576459980010986,9.59768493937893,56.38338898471497,0.02826154733445385,0.001577236340340571,0.011291697872729874,USDMAD
2019-04-03,9.64739990234375,9.648200035095215,9.490599632263184,9.647500038146973,0,9.584010028839112,9.606742230064027,55.9764304791592,0.030671975783940653,-0.0005387493466935123,0.011298273415993525,USDMAD
2019-04-04,9.622900009155273,9.65999984741211,9.498700141906738,9.622900009155273,0,9.592770004272461,9.609680008080616,53.99121888168695,0.030248554441222097,-0.0025498863844963804,0.011246383269770562,USDMAD
2019-04-05,9.631400108337402,9.653400421142578,9.495800018310547,9.631400108337402,0,9.599629974365234,9.613629117218213,54.59048745136514,0.030250171791895042,0.000883319911257674,0.011226362070202382,USDMAD
2019-04-08,9.388799667358398,9.65250015258789,9.378899574279785,9.633299827575684,0,9.627839946746827,9.61720561001048,54.73239920305802,0.030058252199131275,0.00019724227183104404,0.007890943105395651,USDMAD
2019-04-09,9.378199577331543,9.619999885559082,9.364899635314941,9.608099937438965,0,9.630039978027344,9.615550033179295,52.393338445134674,0.027555096014987512,-0.002615914648953721,0.0016984240297501162,USDMAD
2019-04-10,9.605400085449219,9.613699913024902,9.489999771118164,9.605400085449219,0,9.62987003326416,9.613704588137463,52.136261638537434,0.02506454276594816,-0.0002809974924621317,0.0015552991206140732,USDMAD
2019-04-11,9.597000122070312,9.60219955444336,9.487000465393066,9.597000122070312,0,9.626930046081544,9.610667412488889,51.292991019714684,0.022157536244128195,-0.000874504268867593,0.0013973057641771935,USDMAD
2019-04-12,9.604999542236328,9.610699653625488,9.445300102233887,9.604999542236328,0,9.624079990386964,9.609636890624786,52.08775720598343,0.0202655898799442,0.0008335334025493246,0.0014055664920390384,USDMAD
2019-04-15,9.337200164794922,9.570199966430664,9.294699668884277,9.323699951171875,0,9.592700004577637,9.557648356178802,32.193962554241224,-0.003887504591496338,-0.02928678859665601,0.009246971095103407,USDMAD
2019-04-16,9.569600105285645,9.579099655151367,9.327400207519531,9.569600105285645,0,9.584389972686768,9.559821401470955,50.126027943663814,-0.003150600449314922,0.026373666613205726,0.013178697457486762,USDMAD
2019-04-17,9.573599815368652,9.578800201416016,9.453200340270996,9.573599815368652,0,9.576999950408936,9.562326567634173,50.356004239092115,-0.0022182844287410575,0.00041796000240368336,0.013184162558386562,USDMAD
2019-04-18,9.566699981689453,9.588299751281738,9.479700088500977,9.566699981689453,0,9.571379947662354,9.563121733826042,49.928293034514475,-0.0020129718921158,-0.0007207146540764153,0.013168174289760585,USDMAD
2019-04-19,9.355299949645996,9.493200302124023,9.355299949645996,9.60219955444336,0,9.56845989227295,9.5702267921201,52.17884286866759,0.0010027001085965992,0.00371074381153913,0.013231553516153002,USDMAD
2019-04-22,9.347800254821777,9.491600036621094,9.347800254821777,9.61400032043457,0,9.566529941558837,9.578185615450003,52.93612150791177,0.004295350956219579,0.001228964876672567,0.013239228259346402,USDMAD
2019-04-23,9.335800170898438,9.581199645996094,9.335800170898438,9.483699798583984,0,9.55408992767334,9.561006376019819,44.54767874899264,-0.003568230333083733,-0.013553205482387143,0.01390332787809316,USDMAD
2019-04-24,9.592000007629395,9.607999801635742,9.491999626159668,9.594499588012695,0,9.552999877929688,9.567096050927614,51.57480941086638,-0.0008497626100698596,0.011683181857491398,0.0144948363267121,USDMAD
2019-04-25,9.639300346374512,9.641500473022461,9.532899856567383,9.639300346374512,0,9.557229900360108,9.58022410464523,54.107218108103986,0.004863624593347993,0.004669421052223566,0.014564321964649048,USDMAD
2019-04-26,9.646300315856934,9.650400161743164,9.529899597167969,9.646300315856934,0,9.561359977722168,9.592237961229177,54.5075290386223,0.009842901311508001,0.0007261906187054912,0.014564117600046599,USDMAD
2019-04-29,9.406299591064453,9.656499862670898,9.37030029296875,9.394000053405762,0,9.568389987945556,9.556194705261282,40.72045932221717,-0.006494642438875431,-0.026155132453883012,0.013868942352638497,USDMAD
2019-04-30,9.63599967956543,9.643799781799316,9.509300231933594,9.63599967956543,0,9.575029945373535,9.570704700589308,53.00028894042815,8.411417329234894e-05,0.02576108417967604,0.013744415106618179,USDMAD
2019-05-01,9.38230037689209,9.517499923706055,9.38230037689209,9.623499870300293,0,9.5800199508667,9.580303822354942,52.39653022371382,0.0042403163163946545,-0.0012971990121216637,0.013760084050587837,USDMAD
2019-05-02,9.394000053405762,9.63640022277832,9.394000053405762,9.510700225830078,0,9.574419975280762,9.567648622986784,47.174043897899736,-0.001549984883258304,-0.011721270430764319,0.014306737943589935,USDMAD
2019-05-03,9.650699615478516,9.657400131225586,9.531000137329102,9.650699615478516,0,9.579269981384277,9.582748803439825,53.3843072934928,0.005099160472253672,0.01472019791647039,0.015069585981361605,USDMAD
2019-05-06,9.40999984741211,9.645999908447266,9.394100189208984,9.662500381469727,0,9.584119987487792,9.597249090354353,53.87652071767677,0.01119186639427916,0.0012227886538178634,0.015069557749157154,USDMAD
2019-05-07,9.631600379943848,9.642000198364258,9.532400131225586,9.631600379943848,0,9.598910045623779,9.603494779370624,52.3187217124093,0.013372853916372662,-0.0031979301739679666,0.014325951259399066,USDMAD
2019-05-08,9.652299880981445,9.652600288391113,9.531800270080566,9.652299880981445,0,9.604690074920654,9.612368434208955,53.292993163720986,0.016580449876379078,0.002149123740712966,0.013894129065938697,USDMAD
2019-05-09,9.648900032043457,9.657500267028809,9.507399559020996,9.648900032043457,0,9.605650043487548,9.619010542906137,53.10107334975628,0.018633359617785672,-0.0003522320047978367,0.013824805941498727,USDMAD
2019-05-10,9.625499725341797,9.625900268554688,9.499099731445312,9.625499725341797,0,9.603569984436035,9.620190394258074,51.72050141687976,0.01816272757439208,-0.0024251786860625124,0.013847012952296041,USDMAD
2019-05-13,9.372599601745605,9.507100105285645,9.337599754333496,9.609700202941895,0,9.62513999938965,9.618283086746041,50.76089725465844,0.016326655353800845,-0.0016414235988502224,0.01049085185636517,USDMAD
2019-05-14,9.614500045776367,9.614500045776367,9.503299713134766,9.614500045776367,0,9.622990036010743,9.617595261115191,51.05798108757393,0.015084971927265656,0.0004994789361902896,0.006503225662565978,USDMAD
2019-05-15,9.626500129699707,9.628899574279785,9.516799926757812,9.626500129699707,0,9.623290061950684,9.619214328130557,51.840319110475534,0.014897506171848818,0.0012481235494519183,0.006505511027493708,USDMAD
2019-05-16,9.621899604797363,9.626199722290039,9.383399963378906,9.621899604797363,0,9.634409999847412,9.619702560251794,51.500434705304556,0.014213865702638273,-0.00047790212853682235,0.005054874770734471,USDMAD
2019-05-17,9.633700370788574,9.641200065612793,9.529199600219727,9.632699966430664,0,9.632610034942626,9.622065725011588,52.29125384195063,0.01437783588465713,0.0011224770655386962,0.001763611486968567,USDMAD
2019-05-20,9.396699905395508,9.675000190734863,9.396699905395508,9.668999671936035,0,9.633259963989257,9.630599169906942,54.950038914758046,0.017238155573169323,0.0037683832811021833,0.0021342096189533046,USDMAD
2019-05-21,9.644800186157227,9.664899826049805,9.545599937438965,9.644800186157227,0,9.634579944610596,9.633181172861539,52.836047261524776,0.017352257254765746,-0.00250279104352924,0.0020244671422114256,USDMAD
2019-05-23,9.422200202941895,9.672800064086914,9.422200202941895,9.666099548339844,0,9.635959911346436,9.639166332039412,54.49538891472818,0.01894300105685609,0.002208377755009039,0.0020310808186300142,USDMAD
2019-05-24,9.673600196838379,9.697999954223633,9.555000305175781,9.673600196838379,0,9.638429927825928,9.645427034730133,55.094547239258425,0.020571777977956174,0.0007759746794480105,0.002031742936590899,USDMAD
2019-05-27,9.417699813842773,9.56410026550293,9.390199661254883,9.417699813842773,0,9.617649936676026,9.604022085477885,37.13134729382334,0.0011997432700194821,-0.026453479344664355,0.008728612220335706,USDMAD
2019-05-28,9.668899536132812,9.676799774169922,9.5625,9.668899536132812,0,9.623569869995118,9.615817985596962,53.246160329725875,0.00604727519696624,0.02667315026550421,0.0126305382816952,USDMAD
2019-05-29,9.686200141906738,9.714500427246094,9.589900016784668,9.686200141906738,0,9.630739879608154,9.628614741289647,54.11844075153122,0.011156389558198754,0.0017893045334966828,0.01263500489738327,USDMAD
2019-05-30,9.703800201416016,9.706000328063965,9.593600273132324,9.703800201416016,0,9.638469886779784,9.642284824948987,55.0374653520596,0.016436111943855636,0.0018170241427422074,0.012638451233487513,USDMAD
2019-05-31,9.707900047302246,9.709799766540527,9.57509994506836,9.707900047302246,0,9.647069931030273,9.654214865376852,55.26226778790303,0.02071239369056599,0.00042249900050839173,0.01263097029749154,USDMAD
2019-06-03,9.437600135803223,9.685400009155273,9.428500175476074,9.41819953918457,0,9.625619888305664,9.611302987887345,40.031583770873546,0.000716706164320513,-0.0298417275318138,0.015947288434524337,USDMAD
2019-06-04,9.645000457763672,9.645000457763672,9.506199836730957,9.645000457763672,0,9.623219966888428,9.617429800592133,51.338758972084776,0.003134782591214247,0.024081133303185176,0.017950523739079766,USDMAD
2019-06-05,9.636799812316895,9.649999618530273,9.489899635314941,9.63659954071045,0,9.62239990234375,9.620915207886371,50.95550275896301,0.004323404270817122,-0.0008710126132197571,0.01793369415112419,USDMAD
2019-06-06,9.647600173950195,9.652899742126465,9.485600471496582,9.647600173950195,0,9.620549964904786,9.625767019897975,51.46643313139828,0.006082934400506446,0.0011415472017151096,0.017922664556523558,USDMAD
2019-06-07,9.624699592590332,9.632599830627441,9.465700149536133,9.624699592590332,0,9.61565990447998,9.625572942205675,50.29185319579211,0.0055653354545981415,-0.002373707548712245,0.01793427554663019,USDMAD
2019-06-10,9.365500450134277,9.645000457763672,9.356900215148926,9.594400405883789,0,9.633329963684082,9.619905208328968,48.70795398855861,0.002679357449679287,-0.003148065704811076,0.015518464765779165,USDMAD
2019-06-11,9.599800109863281,9.618000030517578,9.459500312805176,9.599800109863281,0,9.626420021057129,9.616249735880661,49.01612120751324,0.0008184751997486472,0.0005627974392419244,0.012870780035347263,USDMAD
2019-06-12,9.590800285339355,9.605999946594238,9.447199821472168,9.590800285339355,0,9.61688003540039,9.611622563054969,48.49316452709137,-0.001366743051532282,-0.0009375012417892625,0.012842400378894468,USDMAD
2019-06-13,9.599300384521484,9.600600242614746,9.468700408935547,9.599300384521484,0,9.606430053710938,9.609382166957971,49.04610552517008,-0.002385162623603776,0.0008862763199357637,0.012823761775467816,USDMAD
2019-06-14,9.604599952697754,9.611000061035156,9.474200248718262,9.604599952697754,0,9.596100044250488,9.608512673456113,49.41075308534194,-0.0027331307799833837,0.0005520785853116994,0.012825432959399929,USDMAD
2019-06-17,9.39840030670166,9.645299911499023,9.36299991607666,9.380200386047363,0,9.592300128936767,9.567001348472704,37.25363156946098,-0.020875428746066405,-0.023363759839613252,0.01127659592366292,USDMAD
2019-06-18,9.625699996948242,9.642499923706055,9.476499557495117,9.625699996948242,0,9.590370082855225,9.57767383001371,51.35499270464538,-0.01526756869040824,0.026172107289525348,0.011787690225632008,USDMAD
2019-06-19,9.603699684143066,9.612199783325195,9.419599533081055,9.603699684143066,0,9.587080097198486,9.582405803491774,50.26481017639917,-0.01245496746099839,-0.0022855805616371905,0.011805938605498415,USDMAD
2019-06-20,9.296199798583984,9.523500442504883,9.27910041809082,9.536499977111816,0,9.575970077514649,9.57405928960451,46.98393900819658,-0.015470085948019019,-0.00699727284706797,0.011976405856254355,USDMAD
2019-06-21,9.517000198364258,9.524999618530273,9.388799667358398,9.517000198364258,0,9.565200138092042,9.563684909379008,46.044751619610835,-0.019211598896934134,-0.0020447521411796066,0.011972949358897811,USDMAD
2019-06-24,9.238699913024902,9.497900009155273,9.238699913024902,9.487799644470215,0,9.554540061950684,9.549887588486499,44.60678167806703,-0.024253437000631095,-0.003068251895073204,0.011971429535194231,USDMAD
2019-06-25,9.485600471496582,9.505499839782715,9.364700317382812,9.485600471496582,0,9.543120098114013,9.53819902176106,44.49408142218472,-0.028102635216516347,-0.00023178956723801658,0.011962151192328272,USDMAD
2019-06-26,9.501899719238281,9.535599708557129,9.397299766540527,9.501899719238281,0,9.534230041503907,9.531599148575099,45.59128034440677,-0.029497905962196924,0.0017183148068145027,0.011996378405790811,USDMAD
2019-06-27,9.527000427246094,9.554499626159668,9.424300193786621,9.527000427246094,0,9.527000045776367,9.53076301742437,47.31834494487718,-0.02825257264879255,0.0026416515380593975,0.012037643686759837,USDMAD
2019-06-28,9.553999900817871,9.55840015411377,9.416000366210938,9.553999900817871,0,9.52194004058838,9.534987905314097,49.186750099764666,-0.02480111335594337,0.0028339952095060017,0.012085354632475034,USDMAD
2019-07-01,9.322999954223633,9.592499732971191,9.322999954223633,9.55519962310791,0,9.539439964294434,9.53866276309479,49.27284199979834,-0.021718640469677197,0.0001255727760616221,0.009038233664246508,USDMAD
2019-07-02,9.355899810791016,9.600899696350098,9.355400085449219,9.596500396728516,0,9.536520004272461,9.54917869648274,52.27083944781639,-0.015761443127857433,0.004322334985103371,0.0033928672254453555,USDMAD
2019-07-03,9.579000473022461,9.594200134277344,9.42080020904541,9.579000473022461,0,9.5340500831604,9.55460083767178,50.898202069954294,-0.01231051099753877,-0.0018235734885209132,0.0033658417946443803,USDMAD
2019-07-04,9.556400299072266,9.561100006103516,9.418499946594238,9.556400299072266,0,9.536040115356446,9.554928012471867,49.10478830352759,-0.011269361398612787,-0.002359345739030405,0.0025550533795481883,USDMAD
2019-07-05,9.543899536132812,9.553400039672852,9.429800033569336,9.543899536132812,0,9.538730049133301,9.552922834955675,48.09532544077889,-0.011322431988373793,-0.0013081037365781922,0.00249263494965957,USDMAD
2019-07-08,9.332099914550781,9.600000381469727,9.332099914550781,9.59749984741211,0,9.549700069427491,9.56102774631139,52.595236813800014,-0.006959172639115607,0.0056161856143150946,0.0026988260663064227,USDMAD
2019-07-09,9.579500198364258,9.602499961853027,9.553099632263184,9.579500198364258,0,9.559090042114258,9.564386373957365,50.996349039107905,-0.0048972272309608655,-0.0018754518712188473,0.0028389825756957527,USDMAD
2019-07-10,9.558699607849121,9.580499649047852,9.526000022888184,9.558699607849121,0,9.564770030975343,9.563352416483138,49.137348172208334,-0.004885240445368311,-0.0021713649025957293,0.002990404528639882,USDMAD
2019-07-11,9.534199714660645,9.5600004196167,9.523599624633789,9.533300399780273,0,9.56540002822876,9.557888413446253,46.88960702899812,-0.006846324485564992,-0.0026571823690317853,0.003057192231697592,USDMAD
2019-07-12,9.550800323486328,9.566499710083008,9.270400047302246,9.54889965057373,0,9.564890003204345,9.556254092923975,48.44929400460714,-0.007060380869878813,0.001636290700943066,0.002958766654716905,USDMAD
2019-07-15,9.297800064086914,9.555000305175781,9.28499984741211,9.533599853515625,0,9.562730026245116,9.552135140304275,46.99167028826266,-0.008368125313850783,-0.0016022576022344248,0.002997604451904628,USDMAD
2019-07-16,9.529399871826172,9.534000396728516,9.281000137329102,9.529500007629395,0,9.556029987335204,9.548019661636115,46.58719584277709,-0.009624401398324878,-0.0004300417417580915,0.0025386378312225897,USDMAD
2019-07-17,9.546600341796875,9.548999786376953,9.411199569702148,9.546600341796875,0,9.552789974212647,9.547761603483526,48.575408373601746,-0.009134854278521232,0.001794462894568527,0.0026169287580317976,USDMAD
2019-07-18,9.536499977111816,9.537599563598633,9.407899856567383,9.536499977111816,0,9.550799942016601,9.545714035052306,47.45187002398649,-0.00945293215920806,-0.001058006444538906,0.00253622710761842,USDMAD
2019-07-19,9.534099578857422,9.53849983215332,9.411999702453613,9.537500381469727,0,9.550160026550293,9.544220643491837,47.58119480792003,-0.009514608417131143,0.0001049026750181703,0.002507170167762337,USDMAD
2019-07-22,9.32800006866455,9.574000358581543,9.326199531555176,9.3149995803833,0,9.521909999847413,9.502544086563011,29.93516931463664,-0.027203853339296202,-0.023329047673614767,0.007316451349853708,USDMAD
2019-07-23,9.57919979095459,9.600000381469727,9.360099792480469,9.57919979095459,0,9.521879959106446,9.51648148736148,52.4739192223865,-0.019677132667618835,0.028362879492520365,0.012338785287876533,USDMAD
2019-07-24,9.594499588012695,9.61050033569336,9.45009994506836,9.601200103759766,0,9.52613000869751,9.531884872161168,53.806492402135625,-0.011800877756149575,0.0022966754306503745,0.012329696503265946,USDMAD
2019-07-25,9.57979965209961,9.589400291442871,9.435199737548828,9.57979965209961,0,9.530779933929443,9.540596650331793,52.27116839434509,-0.007202698368132587,-0.0022289350736244273,0.012318204797206812,USDMAD
2019-07-26,9.5733003616333,9.595000267028809,9.457200050354004,9.5733003616333,0,9.5332200050354,9.546542779659339,51.78786366347472,-0.004036516054396699,-0.0006784369926655653,0.012317370214443558,USDMAD
2019-07-29,9.337800025939941,9.468899726867676,9.337800025939941,9.585100173950195,0,9.538370037078858,9.553553214984948,52.64397048427643,-0.0005685931331207428,0.0012325751696022902,0.012300742159160612,USDMAD
2019-07-30,9.581999778747559,9.600000381469727,9.452099800109863,9.581999778747559,0,9.543620014190674,9.55872531748724,52.380780000525036,0.0019075952150533482,-0.00032345986441151275,0.012299790180544307,USDMAD
2019-07-31,9.567000389099121,9.586400032043457,9.460000038146973,9.567000389099121,0,9.545660018920898,9.560229875962127,51.05103814858579,0.0026293573367972556,-0.0015653715294071668,0.012309948324641504,USDMAD
2019-08-01,9.623200416564941,9.648599624633789,9.501099586486816,9.623200416564941,0,9.55433006286621,9.571679065162638,55.59917990526851,0.0076480693686349355,0.005874362410380529,0.012420839149492593,USDMAD
2019-08-02,9.61870002746582,9.630000114440918,9.463399887084961,9.61870002746582,0,9.56245002746582,9.580228331035944,55.15721169751334,0.011133945825916314,-0.0004676603317306238,0.012426612042444092,USDMAD
2019-08-05,9.349499702453613,9.597999572753906,9.349499702453613,9.351200103759766,0,9.566070079803467,9.538586835167546,36.55604656749637,-0.007600862212035153,-0.027810402959050462,0.013437815586876976,USDMAD
2019-08-06,9.512800216674805,9.535300254821777,9.405400276184082,9.512800216674805,0,9.559430122375488,9.533898359077957,47.971255642947426,-0.009301334006815765,0.017281216434462232,0.011142913569779938,USDMAD
2019-08-07,9.538000106811523,9.545000076293945,9.395500183105469,9.538000106811523,0,9.553110122680664,9.53464413139315,49.4972411423231,-0.008517366723935993,0.0026490507067042923,0.011153780306537752,USDMAD
2019-08-08,9.531999588012695,9.534899711608887,9.392000198364258,9.531999588012695,0,9.548330116271973,9.534163305323977,49.12774599637015,-0.008284757198806503,-0.0006291170823685688,0.011139343044706531,USDMAD
2019-08-09,9.52750015258789,9.536499977111816,9.39680004119873,9.52750015258789,0,9.543750095367432,9.532951823008325,48.83337272739427,-0.0083670294030469,-0.0004720347901046029,0.011139051039277011,USDMAD
2019-08-12,9.27970027923584,9.52750015258789,9.250399589538574,9.550000190734863,0,9.5402400970459,9.536051526231331,50.43284044343682,-0.006541262082359722,0.002361588851915286,0.01116339181497542,USDMAD
2019-08-13,9.282099723815918,9.284700393676758,9.24839973449707,9.28320026397705,0,9.510360145568848,9.490078569457825,36.044402368696225,-0.0263194583436146,-0.027937164547562454,0.01417584066114079,USDMAD
2019-08-14,9.281100273132324,9.28339958190918,9.244799613952637,9.281900405883789,0,9.481850147247314,9.452227994262547,35.9905278554547,-0.04161895169142582,-0.00014002262757439876,0.014199813193654067,USDMAD
2019-08-15,9.282600402832031,9.45829963684082,9.280699729919434,9.282500267028809,0,9.447780132293701,9.421368407492775,36.03804023319064,-0.05308359201000812,6.462697495002168e-05,0.01391561612419288,USDMAD
2019-08-16,9.574000358581543,9.618000030517578,9.468299865722656,9.574000358581543,0,9.443310165405274,9.449119671327097,53.93283293464891,-0.03820735028947553,0.031403186982728704,0.017797935394857748,USDMAD
2019-08-19,9.350899696350098,9.60569953918457,9.350899696350098,9.598099708557129,0,9.468000125885009,9.476206950823466,55.052431741631125,-0.024194308484288385,0.002517166186857711,0.014949641348071679,USDMAD
2019-08-20,9.590200424194336,9.593899726867676,9.459500312805176,9.590200424194336,0,9.475740146636962,9.496933036890896,54.5841528321689,-0.01356985330421523,-0.000823005032522306,0.014058631349570055,USDMAD
2019-08-21,9.580400466918945,9.588000297546387,9.45300006866455,9.580400466918945,0,9.479980182647704,9.512108933259633,53.97080322659301,-0.005872970728642457,-0.0010218719986985203,0.014055796282881533,USDMAD
2019-08-22,9.584400177001953,9.592000007629395,9.456000328063965,9.584400177001953,0,9.485220241546632,9.525252795758236,54.197019720628056,0.0005433440107314169,0.0004174888196812887,0.014050082490924909,USDMAD
2019-08-23,9.592499732971191,9.60260009765625,9.425999641418457,9.592499732971191,0,9.491720199584961,9.537479511615137,54.68272413177211,0.006210297698551415,0.0008450769813090897,0.014044703360605457,USDMAD
2019-08-26,9.295900344848633,9.558600425720215,9.295900344848633,9.214900016784668,0,9.45821018218994,9.478828694373233,35.68449853978784,-0.01954246862585407,-0.03936405803470011,0.01888350789341186,USDMAD
2019-08-27,9.553799629211426,9.555899620056152,9.423399925231934,9.553799629211426,0,9.485270118713379,9.492459773434721,51.852622545172494,-0.012461704286138797,0.036777351008633996,0.02055651116142979,USDMAD
2019-08-28,9.571499824523926,9.580300331115723,9.448200225830078,9.571499824523926,0,9.514230060577393,9.506830691814576,52.52391313138941,-0.005360101780961912,0.001852686470247944,0.02053160562911631,USDMAD
2019-08-29,9.580499649047852,9.590700149536133,9.456299781799316,9.580499649047852,0,9.544029998779298,9.520225047675172,52.883621456565,0.0009828503065509864,0.0009402731744159176,0.02051829398691339,USDMAD
2019-08-30,9.593500137329102,9.630800247192383,9.47350025177002,9.593500137329102,0,9.545979976654053,9.533547791248614,53.43249069252631,0.006978275077818452,0.0013569739322043528,0.017999947626766186,USDMAD
2019-09-02,9.381999969482422,9.633500099182129,9.380200386047363,9.652000427246094,0,9.55137004852295,9.555084634157247,55.92085078721043,0.01626271048939465,0.006097908904943106,0.018083276745470122,USDMAD
2019-09-03,9.642999649047852,9.659000396728516,9.522899627685547,9.642999649047852,0,9.556649971008301,9.571069182319174,55.43007580582803,0.022633499967103177,-0.0009325298176360297,0.018084340116456633,USDMAD
2019-09-04,9.656499862670898,9.670000076293945,9.521699905395508,9.656499862670898,0,9.564259910583496,9.586602033292214,56.05306781038563,0.028443867739028406,0.0014000014636919023,0.018074978713267763,USDMAD
2019-09-05,9.642900466918945,9.65149974822998,9.49590015411377,9.642900466918945,0,9.570109939575195,9.596838112133437,55.215793910157444,0.031587151457744156,-0.0014083152224259043,0.018090048481189547,USDMAD
2019-09-06,9.36870002746582,9.520099639892578,9.36870002746582,9.499300003051758,0,9.560789966583252,9.579103910482223,47.19866612419486,0.022234562935048885,-0.01489183304959174,0.018753806413717825,USDMAD
2019-09-09,9.36989974975586,9.529899597167969,9.36989974975586,9.275500297546387,0,9.566849994659425,9.523903253584797,37.9504021289321,-0.003199316978429678,-0.023559599700343492,0.015533920711985304,USDMAD
2019-09-10,9.364299774169922,9.519700050354004,9.364299774169922,9.364999771118164,0,9.547970008850097,9.495011711318135,42.779108184547816,-0.015950127372400758,0.00964901845730659,0.009888676265107756,USDMAD
2019-09-11,9.341300010681152,9.519700050354004,9.341300010681152,9.509300231933594,0,9.541750049591064,9.497609624157308,49.59050338067798,-0.014247162831146909,0.015408485247426773,0.011296712661028562,USDMAD
2019-09-12,9.512999534606934,9.536299705505371,9.501999855041504,9.65999984741211,0,9.549700069427491,9.527135119294543,55.54241451499491,-0.0007289487753983082,0.015847603062572935,0.012446729950305166,USDMAD
2019-09-13,9.320899963378906,9.510899543762207,9.320899963378906,9.503499984741211,0,9.5407000541687,9.522837822103028,49.0636732405422,-0.0026137678476274573,-0.016200814196992375,0.013562930812592125,USDMAD
2019-09-16,9.343999862670898,9.532400131225586,9.343999862670898,9.508199691772461,0,9.526319980621338,9.520176343861106,49.255098745710455,-0.0036857860145715904,0.0004945238111007111,0.01335777509295262,USDMAD
2019-09-17,9.399100303649902,9.682000160217285,9.399100303649902,9.694000244140625,0,9.531420040130616,9.551780689366472,56.254577402295155,0.010338013456815176,0.019541086471810187,0.014918509166254763,USDMAD
2019-09-18,9.33810043334961,9.527899742126465,9.33810043334961,9.519200325012207,0,9.517690086364746,9.545856986756606,49.35693919052657,0.007263355522935555,-0.018031763433683956,0.016030835861416837,USDMAD
2019-09-19,9.394200325012207,9.527999877929688,9.394200325012207,9.68850040435791,0,9.522250080108643,9.571792153593206,55.09936796149965,0.018277081641942416,0.017785115720367672,0.017129773930323156,USDMAD
2019-09-20,9.389200210571289,9.53849983215332,9.389200210571289,9.677499771118164,0,9.540070056915283,9.591011720415926,54.665622269595715,0.025820240118997972,-0.0011354319843758232,0.016278268761795,USDMAD
2019-09-23,9.3996000289917,9.542699813842773,9.3996000289917,9.537300109863281,0,9.566250038146972,9.581245973042718,49.335224394795425,0.020251855804401586,-0.014487177945826324,0.01489036765996497,USDMAD
2019-09-24,9.394800186157227,9.53969955444336,9.394800186157227,9.537799835205078,0,9.583530044555664,9.573346675254056,49.35418088903606,0.01569823529112213,5.2396940018795135e-05,0.014714351445832054,USDMAD
2019-09-25,9.374799728393555,9.549699783325195,9.374799728393555,9.536399841308594,0,9.586240005493163,9.566629069082154,49.298530868502745,0.011840006198763575,-0.00014678373636201059,0.013932277708654048,USDMAD
2019-09-26,9.441699981689453,9.554300308227539,9.441699981689453,9.739999771118164,0,9.59423999786377,9.598151014906882,56.908295412381094,0.02492383813458865,0.02134976859166926,0.01469891051179466,USDMAD
2019-09-27,9.558500289916992,9.73900032043457,9.547300338745117,9.734999656677246,0,9.617389965057374,9.623032586137857,56.68329012173271,0.03449180173990918,-0.0005133587842316434,0.013452710209999733,USDMAD
2019-09-30,9.423999786376953,9.562299728393555,9.423999786376953,9.425100326538086,0,9.609080028533935,9.587044902574261,44.84785551059668,0.01687368647098353,-0.03183352245180615,0.017315519283107074,USDMAD
2019-10-01,9.451800346374512,9.581000328063965,9.450900077819824,9.451800346374512,0,9.584860038757324,9.562454983265216,45.896030799814085,0.005007943196286391,0.0028328631962937223,0.015888170129711665,USDMAD
2019-10-02,9.405099868774414,9.428400039672852,9.398900032043457,9.406900405883789,0,9.573630046844482,9.53417233283223,44.36892446365053,-0.007927411524702777,-0.004750411439651825,0.014965806382828233,USDMAD
2019-10-03,9.393600463867188,9.712499618530273,9.38759994506836,9.393799781799316,0,9.544159984588623,9.508650050826244,43.90984594966985,-0.019016671856721956,-0.001392661080612534,0.013428933049740552,USDMAD
2019-10-04,9.378100395202637,9.699999809265137,9.378100395202637,9.692500114440918,0,9.545660018920898,9.54207733511982,55.273153259950085,-0.0036601778108895644,0.031797604758442954,0.017391327837343717,USDMAD
2019-10-07,9.385899543762207,9.6850004196167,9.370200157165527,9.388899803161621,0,9.530819988250732,9.514226874763784,45.24086109718115,-0.015805853429045058,-0.031323219777625866,0.01964925601420881,USDMAD
2019-10-08,9.379599571228027,9.696499824523926,9.379599571228027,9.678999900817871,0,9.544939994812012,9.544185606773619,53.85882926471457,-0.001999684331899232,0.030898199335193777,0.022161801162388663,USDMAD
2019-10-09,9.408300399780273,9.707500457763672,9.38759994506836,9.707500457763672,0,9.562050056457519,9.573879216044537,54.61453928214904,0.011113451945947261,0.0029445766337277135,0.022154863998639415,USDMAD
2019-10-10,9.38479995727539,9.692500114440918,9.364899635314941,9.692500114440918,0,9.557300090789795,9.595446652116607,54.11220325983138,0.02006401905588362,-0.0015452323065056062,0.02109060892336438,USDMAD
2019-10-11,9.378100395202637,9.672499656677246,9.354900360107422,9.672499656677246,0,9.551050090789795,9.609456289309449,53.40685039484789,0.025252443732879826,-0.0020634983262856066,0.021098140457689214,USDMAD
2019-10-14,9.364653587341309,9.364653587341309,9.363855361938477,9.358586311340332,0,9.54439868927002,9.563843566042337,43.76441256017524,0.003988151259402883,-0.032454211060137794,0.021201408043243292,USDMAD
2019-10-15,9.366275787353516,9.654999732971191,9.36375617980957,9.363855361938477,0,9.535604190826415,9.52748207438709,43.947346098212805,-0.012297032838876731,0.0005630177916680079,0.02117382744834262,USDMAD
2019-10-16,9.346402168273926,9.65250015258789,9.344438552856445,9.65250015258789,0,9.560164165496825,9.550212634059962,52.9724200016157,-0.0018901478174750963,0.030825421740566128,0.023305172257178375,USDMAD
2019-10-17,9.305116653442383,9.626999855041504,9.296768188476562,9.626999855041504,0,9.583484172821045,9.564173946965697,52.17319651098659,0.004250722954196817,-0.0026418334258767606,0.023333621532550763,USDMAD
2019-10-18,9.292590141296387,9.607500076293945,9.292590141296387,9.607500076293945,0,9.574984169006347,9.572051425025379,51.5329131161535,0.007457967300240398,-0.002025530179825097,0.020979848042001984,USDMAD
2019-10-21,9.290648460388184,9.609999656677246,9.289848327636719,9.595000267028809,0,9.595594215393067,9.576223941753275,51.099996703246454,0.008888638714875441,-0.0013010470118006712,0.018051672333935447,USDMAD
2019-10-22,9.299885749816895,9.604000091552734,9.299885749816895,9.604000091552734,0,9.588094234466553,9.581274150807722,51.41646036552106,0.010626174814120759,0.0009379702213090368,0.015011847332134988,USDMAD
2019-10-23,9.318220138549805,9.614999771118164,9.317939758300781,9.600000381469727,0,9.577344226837159,9.584678920018995,51.25769594001443,0.01154733106971051,-0.0004164629367846562,0.014959311193889106,USDMAD
2019-10-24,9.298480033874512,9.611000061035156,9.298480033874512,9.611000061035156,0,9.569194221496582,9.589464582021932,51.699408425274385,0.013014908488059973,0.001145799909202161,0.014972854241827654,USDMAD
2019-10-25,9.3399076461792,9.642000198364258,9.326945304870605,9.630999565124512,0,9.56504421234131,9.597016397131492,52.54152320998348,0.015611803845882122,0.0020808973012536036,0.014989591445592464,USDMAD
2019-10-28,9.352190017700195,9.645999908447266,9.332762718200684,9.645999908447266,0,9.593785572052003,9.605922490097996,53.20058468364055,0.018665104760568596,0.0015575063856374527,0.009877096583466326,USDMAD
2019-10-29,9.334150314331055,9.630000114440918,9.334150314331055,9.635000228881836,0,9.620900058746338,9.611209351695058,52.62347919335871,0.019967117024568992,-0.0011403358562959154,0.009939673188970636,USDMAD
2019-10-30,9.317550659179688,9.642999649047852,9.317550659179688,9.619999885559082,0,9.617650032043457,9.612807630579425,51.7982777676858,0.0195630580258932,-0.0015568596747708163,0.0016496502876087828,USDMAD
2019-10-31,9.294960975646973,9.6225004196167,9.294960975646973,9.618000030517578,0,9.616750049591065,9.613751703295453,51.681918483814606,0.01886401415722716,-0.00020788514192249252,0.001437559616706384,USDMAD
2019-11-01,9.314926147460938,9.314926147460938,9.308568954467773,9.6225004196167,0,9.61825008392334,9.615342378990224,51.94354016034597,0.018460361092451194,0.0004679131924352209,0.0012717181029149036,USDMAD
2019-11-04,9.304649353027344,9.305574417114258,9.304649353027344,9.308568954467773,0,9.589606952667236,9.559565392713415,36.924353653141054,-0.007109231674935046,-0.03262472865253774,0.0104824628527794,USDMAD
2019-11-05,9.336675643920898,9.621999740600586,9.328349113464355,9.6225004196167,0,9.591456985473632,9.571008124877649,51.90155279885458,-0.002018405635512366,0.03372499754629299,0.015681051460677036,USDMAD
2019-11-06,9.368804931640625,9.654999732971191,9.34115982055664,9.64900016784668,0,9.596356964111328,9.585188496326563,52.91784092045145,0.004107075087629752,0.002753935783256223,0.0156969287751965,USDMAD
2019-11-07,9.353270530700684,9.659000396728516,9.341879844665527,9.654999732971191,0,9.600756931304932,9.597881448443767,53.15914978189896,0.009338034409568152,0.0006217810156645687,0.015695853538964064,USDMAD
2019-11-08,9.366867065429688,9.677499771118164,9.366867065429688,9.659500122070312,0,9.603606986999512,9.609084843648592,53.35228534384479,0.013688953414325411,0.0004661200645870167,0.01568686017153402,USDMAD
2019-11-11,9.380212783813477,9.659500122070312,9.35952377319336,9.670000076293945,0,9.60600700378418,9.620160340493202,53.83060004945651,0.017779396807238612,0.0010870080326044196,0.015683728781863745,USDMAD
2019-11-12,9.361899375915527,9.682000160217285,9.361899375915527,9.667499542236328,0,9.609256935119628,9.628767468082861,53.6894106633057,0.0205820731383195,-0.00025858676710321937,0.015676838720990616,USDMAD
2019-11-13,9.382288932800293,9.682000160217285,9.378231048583984,9.682000160217285,0,9.61545696258545,9.63844613938003,54.43574855175341,0.023700093086926444,0.0014999346953785686,0.015663212420741042,USDMAD
2019-11-14,9.378911972045898,9.382978439331055,9.378911972045898,9.668999671936035,0,9.620556926727295,9.644001327117484,53.60169952873406,0.02483582368990156,-0.001342748199351207,0.015675055165745858,USDMAD
2019-11-15,9.354043006896973,9.672499656677246,9.354043006896973,9.672499656677246,0,9.62555685043335,9.649182841582896,53.806898731590266,0.025721812846061454,0.00036198002481779845,0.01567521985116416,USDMAD
2019-11-18,9.347208976745605,9.347208976745605,9.341715812683105,9.350846290588379,0,9.62978458404541,9.594939832311164,37.42558240399,0.0004638798434175584,-0.03325442000577583,0.01582420315254648,USDMAD
2019-11-19,9.337507247924805,9.337507247924805,9.329277992248535,9.640000343322754,0,9.631534576416016,9.60313265249509,51.670222923253384,0.0037360347763559787,0.03092276824456075,0.01518360834371542,USDMAD
2019-11-20,9.32969856262207,9.649999618530273,9.32969856262207,9.635499954223633,0,9.630184555053711,9.609017616445733,51.473820633710254,0.0058981076329871485,-0.00046684532560603564,0.015159576923037248,USDMAD
2019-11-21,9.31981372833252,9.633999824523926,9.315649032592773,9.633999824523926,0,9.628084564208985,9.613559836096313,51.40368094098889,0.007405155990394263,-0.0001556877906526699,0.015157820453621575,USDMAD
2019-11-22,9.333165168762207,9.638999938964844,9.319994926452637,9.628000259399414,0,9.624934577941895,9.616185367605967,51.103760573367744,0.008022904853181245,-0.0006227491419752429,0.01515710067203333,USDMAD
2019-11-25,9.356224060058594,9.640000343322754,9.345437049865723,9.640000343322754,0,9.621934604644775,9.620515363190837,51.71065375887006,0.00937273866431454,0.0012463734524337244,0.015158714705722314,USDMAD
2019-11-26,9.35103988647461,9.64799976348877,9.333636283874512,9.65250015258789,0,9.620434665679932,9.626330779444846,52.37376567536242,0.011320624712256588,0.0012966606659712276,0.015166103039136528,USDMAD
2019-11-27,9.332576751708984,9.65250015258789,9.332576751708984,9.642000198364258,0,9.616434669494629,9.62917976470292,51.73114265213589,0.011880133105627522,-0.0010877963281686887,0.015158765692247545,USDMAD
2019-11-28,9.34571361541748,9.34571361541748,9.341858863830566,9.652999877929688,0,9.614834690093994,9.633510694380513,52.39018943605314,0.013060575565988941,0.0011408088922562065,0.015160314757526529,USDMAD
2019-11-29,9.33409595489502,9.65999984741211,9.33409595489502,9.341858863830566,0,9.581770610809325,9.580483088825977,37.00077838317689,-0.010983780617600303,-0.03223257205363739,0.018248436401015256,USDMAD
2019-12-02,9.339685440063477,9.65999984741211,9.339685440063477,9.341676712036133,0,9.5808536529541,9.537063747591459,36.99392723526878,-0.02971131075509703,-1.949845283344409e-05,0.01491273189225617,USDMAD
2019-12-03,9.30844497680664,9.626999855041504,9.30844497680664,9.626999855041504,0,9.579553604125977,9.55341576712783,51.98986525572323,-0.021284466141535674,0.030543033311969614,0.014825476010820588,USDMAD
2019-12-04,9.309488296508789,9.320191383361816,9.309488296508789,9.619999885559082,0,9.57800359725952,9.565521970478967,51.66497901842403,-0.014998081560943177,-0.000727118478012212,0.014826545200648002,USDMAD
2019-12-05,9.31283187866211,9.614999771118164,9.31283187866211,9.614999771118164,0,9.576103591918946,9.574517934231547,51.41780963416801,-0.010300802696098899,-0.0005197624220789621,0.01482724820187289,USDMAD
2019-12-06,9.309551239013672,9.65250015258789,9.309551239013672,9.616499900817871,0,9.574953556060791,9.582151019065424,51.49278839815548,-0.0063835419262741055,0.00015601973327261653,0.01482623248610178,USDMAD
2019-12-09,9.354704856872559,9.65250015258789,9.338204383850098,9.645000457763672,0,9.575453567504884,9.593578189737833,52.977612745266875,-0.0009681673567900617,0.002963714162091069,0.014852458730553512,USDMAD
2019-12-10,9.3460111618042,9.656999588012695,9.331648826599121,9.656999588012695,0,9.575903511047363,9.605109353060534,53.621290549332464,0.004242876298501841,0.0012440777272710868,0.01485201749796084,USDMAD
2019-12-11,9.323824882507324,9.638999938964844,9.323824882507324,9.638999938964844,0,9.575603485107422,9.611271277770408,52.46117610099957,0.006841381502693977,-0.0018638966361969045,0.014861206592337693,USDMAD
2019-12-12,9.295700073242188,9.614999771118164,9.295700073242188,9.614999771118164,0,9.57180347442627,9.611949185651818,50.88047535470099,0.0068847396378366454,-0.0024899022718799513,0.014876440661744013,USDMAD
2019-12-13,9.270295143127441,9.600000381469727,9.270295143127441,9.60200023651123,0,9.597817611694335,9.610140285808075,50.00166669957784,0.005803251203705173,-0.001352005711532267,0.009874202677554579,USDMAD
2019-12-16,9.322690963745117,9.605999946594238,9.298578262329102,9.600000381469727,0,9.623649978637696,9.608296666837466,49.85899360881028,0.004730264692698327,-0.00020827483776764133,0.009880356617973663,USDMAD
2019-12-17,9.30458927154541,9.605999946594238,9.30038070678711,9.605999946594238,0,9.621549987792969,9.607879081338696,50.31699979137687,0.004314297382691734,0.0006249546756365021,0.001585289140442184,USDMAD
2019-12-18,9.31056022644043,9.602499961853027,9.305365562438965,9.306927680969238,0,9.590242767333985,9.553160644907885,33.76153110659406,-0.01991838534460655,-0.031133902486750964,0.00992047444659929,USDMAD
2019-12-19,9.314407348632812,9.619000434875488,9.310491561889648,9.617500305175781,0,9.590492820739746,9.564858764956593,51.5785861810528,-0.013902091130493233,0.033370048081667214,0.015293424252256866,USDMAD
2019-12-20,9.320833206176758,9.631999969482422,9.317320823669434,9.619000434875488,0,9.590742874145509,9.574702704941847,51.64624216110073,-0.008910373452444276,0.00015597916840204284,0.01529342424491308,USDMAD
2019-12-23,9.337636947631836,9.630000114440918,9.327810287475586,9.630000114440918,0,9.589242839813233,9.584756779396223,52.173920675472935,-0.004020473500576216,0.0011435366533043556,0.015266773546994924,USDMAD
2019-12-24,9.318853378295898,9.638500213623047,9.318853378295898,9.625,0,9.586042881011963,9.592073728596908,51.89667593528423,-0.0005424074708884064,-0.0005192226772063879,0.01526033591738238,USDMAD
2019-12-25,9.329544067382812,9.329544067382812,9.329544067382812,9.636500358581543,0,9.585792922973633,9.600151297685024,52.52159259906577,0.0031061618405949787,0.0011948424500305421,0.015254540055916466,USDMAD
2019-12-26,9.325884819030762,9.636500358581543,9.325884819030762,9.329544067382812,0,9.557247352600097,9.550949983084621,38.2414819757039,-0.01855721206330685,-0.031853502804612854,0.018321660297003526,USDMAD
2019-12-27,9.316182136535645,9.625,9.29705810546875,9.625,0,9.559547328948975,9.56441362252378,51.82021872131635,-0.01174932847936816,0.0316688501049196,0.02134877200483856,USDMAD
2019-12-30,9.262701988220215,9.593500137329102,9.262701988220215,9.593500137329102,0,9.558897304534913,9.569702079761111,50.54426472988732,-0.008794430631176908,-0.0032727130047687236,0.021381149635529655,USDMAD
2019-12-31,9.2847900390625,9.595000267028809,9.26059341430664,9.595000267028809,0,9.55779733657837,9.574301750173419,50.606639531841026,-0.006259449826705676,0.00015636938325247485,0.021380477042561408,USDMAD
2020-01-01,9.309879302978516,9.309879302978516,9.309879302978516,9.5600004196167,0,9.583104610443115,9.571701508254014,49.05220277711412,-0.006994031613038132,-0.0036477171900014538,0.018491908301927956,USDMAD
2020-01-02,9.270252227783203,9.597000122070312,9.270252227783203,9.309879302978516,0,9.552342510223388,9.524097470931196,39.673636387878744,-0.02744253625878912,-0.02616329557109076,0.017101655029439035,USDMAD
2020-01-03,9.301823616027832,9.604999542236328,9.301823616027832,9.59749984741211,0,9.55019245147705,9.537443357564088,51.22276781815099,-0.0202066199864408,0.03089412172524897,0.020230769911231697,USDMAD
2020-01-06,9.290833473205566,9.600000381469727,9.28072738647461,9.600000381469727,0,9.547192478179932,9.548817361910567,51.310040664713696,-0.014107707141841175,0.0002605401508073424,0.020226957485323285,USDMAD
2020-01-07,9.288439750671387,9.598999977111816,9.282350540161133,9.569999694824219,0,9.541692447662353,9.552668695167593,50.15067124014553,-0.011561802199510751,-0.003125071401394508,0.02024932843543818,USDMAD
2020-01-08,9.299610137939453,9.600000381469727,9.299610137939453,9.59000015258789,0,9.537042427062989,9.559456232880374,50.94643378622838,-0.00783991078833779,0.002089912058669041,0.020259081963412362,USDMAD
2020-01-09,9.318708419799805,9.608499526977539,9.295722961425781,9.600000381469727,0,9.564088058471679,9.566827896260255,51.3644877655664,-0.004036816230168938,0.001042776717697702,0.016969866450408478,USDMAD
2020-01-10,9.2968111038208,9.604000091552734,9.2968111038208,9.604000091552734,0,9.561988067626952,9.573586477222523,51.54236780653074,-0.0006921149460055176,0.0004166364504243347,0.01365563196651149,USDMAD
2020-01-13,9.274455070495605,9.582500457763672,9.274455070495605,9.275540351867676,0,9.53019208908081,9.51939627261255,38.945351987454174,-0.024265651693163193,-0.03420030576363253,0.01742681337391257,USDMAD
2020-01-14,9.26547622680664,9.585000038146973,9.26547622680664,9.574999809265137,0,9.528192043304443,9.529506006549383,50.76090259539128,-0.018569911498198977,0.03228485306919748,0.020762422685674197,USDMAD
2020-01-15,9.274768829345703,9.577500343322754,9.262280464172363,9.577500343322754,0,9.529942035675049,9.538232249599087,50.84644266729049,-0.013696341261098866,0.00026115238719870426,0.020723184939392302,USDMAD
2020-01-16,9.260370254516602,9.587499618530273,9.260370254516602,9.574000358581543,0,9.556354141235351,9.544735542141352,50.71364135002523,-0.01000113440214534,-0.00036543822665080494,0.018543370523799882,USDMAD
2020-01-17,9.291258811950684,9.293217658996582,9.291258811950684,9.585000038146973,0,9.555104160308838,9.552056359596918,51.14550327742755,-0.006114588955840716,0.001148911547258269,0.01573726500546307,USDMAD
2020-01-20,9.307456016540527,9.585000038146973,9.305275917053223,9.293217658996582,0,9.524425888061524,9.504994777669584,40.906188172239915,-0.02627598001753384,-0.03044156264884057,0.018439601741447074,USDMAD
2020-01-21,9.305947303771973,9.609000205993652,9.29141616821289,9.609000205993652,0,9.528325939178467,9.523904855546686,52.08610711664688,-0.0165818697781539,0.0339798935723159,0.021849434531884263,USDMAD
2020-01-22,9.311958312988281,9.614999771118164,9.306378364562988,9.604000091552734,0,9.529725933074952,9.538467625729604,51.91861427646466,-0.009196671514347443,-0.0005203574080265838,0.021845536825852784,USDMAD
2020-01-23,9.29882526397705,9.619999885559082,9.29882526397705,9.607000350952148,0,9.530425930023194,9.550928121224612,52.018318453966394,-0.0030664052129569797,0.0003123968524378906,0.02184422376647885,USDMAD
2020-01-24,9.339513778686523,9.607000350952148,9.334982872009277,9.6274995803833,0,9.53277587890625,9.564850204708009,52.73942394877026,0.0034067209346400062,0.0021337804395022975,0.0218520983465925,USDMAD
2020-01-27,9.333333015441895,9.642000198364258,9.333333015441895,9.640999794006348,0,9.569321823120116,9.578695584580434,53.237855525594895,0.009516375602149907,0.0014022554361419193,0.01816734607426321,USDMAD
2020-01-28,9.337065696716309,9.654999732971191,9.337065696716309,9.642000198364258,0,9.576021862030029,9.59020551435931,53.27717930113477,0.014274497690974997,0.00010376562382385934,0.015214461027751643,USDMAD
2020-01-29,9.341848373413086,9.651000022888184,9.341848373413086,9.644000053405762,0,9.58267183303833,9.599986339640482,53.36161224730189,0.017999231379937086,0.00020741080692388003,0.015214682582295157,USDMAD
2020-01-30,9.336360931396484,9.638999938964844,9.324816703796387,9.638999938964844,0,9.58917179107666,9.60707972133582,53.103225697309725,0.0203134810511596,-0.0005184689354239547,0.01521605758192449,USDMAD
2020-01-31,9.318644523620605,9.62399959564209,9.313741683959961,9.62399959564209,0,9.593071746826173,9.610156062118778,52.285276542485825,0.02069853837977753,-0.0015562136547087047,0.015232822913343828,USDMAD
2020-02-03,9.276180267333984,9.30381965637207,9.276180267333984,9.592499732971191,0,9.622999954223634,9.606945820455579,50.525301678334436,0.018251531134948706,-0.00327305319974891,0.010907865447207349,USDMAD
2020-02-04,9.306889533996582,9.619999885559082,9.306889533996582,9.30381965637207,0,9.592481899261475,9.551831972440395,37.925772289172855,-0.0069022445392459275,-0.030094353363062876,0.009573534325466043,USDMAD
2020-02-05,9.616000175476074,9.640000343322754,9.321793556213379,9.616000175476074,0,9.593681907653808,9.563498918446882,51.89591983951393,-0.0016276713122813646,0.03355401659040069,0.015096358470676747,USDMAD
2020-02-06,9.344935417175293,9.65250015258789,9.334691047668457,9.640000343322754,0,9.59698190689087,9.577408268424312,52.77584756901662,0.0044379213440493,0.0024958576756153317,0.015113508869257629,USDMAD
2020-02-07,9.34837532043457,9.65999984741211,9.34837532043457,9.65250015258789,0,9.599481964111328,9.591061338272235,53.255437415742406,0.010136727482334962,0.0012966606659712276,0.015105434854616195,USDMAD
2020-02-10,9.360260009765625,9.668999671936035,9.360260009765625,9.657999992370605,0,9.601181983947754,9.603232002653757,53.47930096008992,0.014924819482379448,0.000569783962266035,0.015101356995282506,USDMAD
2020-02-11,9.392679214477539,9.6850004196167,9.371023178100586,9.6850004196167,0,9.605482006072998,9.61809898755611,54.62810118462449,0.020659970436717856,0.0027956540968547827,0.015121873544661891,USDMAD
2020-02-12,9.366989135742188,9.691499710083008,9.366989135742188,9.6850004196167,0,9.609582042694091,9.630262884294398,54.62810118462449,0.024917881065482206,0.0,0.015122534415603515,USDMAD
2020-02-13,9.406344413757324,9.71399974822998,9.40305233001709,9.691499710083008,0,9.614832019805908,9.6413968526196,54.93874750661247,0.028488348392276208,0.0006710676494288137,0.015118074915881212,USDMAD
2020-02-14,9.420319557189941,9.717000007629395,9.408187866210938,9.717000007629395,0,9.624132061004639,9.655142880803199,56.20570142909751,0.03299528130566287,0.0026312024257562072,0.015108290682759862,USDMAD
2020-02-17,9.40853500366211,9.720000267028809,9.40853500366211,9.706000328063965,0,9.635482120513917,9.664389689396065,55.481062271552275,0.035272872183513826,-0.0011320036592357141,0.015055065928616187,USDMAD
2020-02-18,9.422516822814941,9.720000267028809,9.41479206085205,9.720000267028809,0,9.67710018157959,9.674500703511109,56.25411553852876,0.03777214367551096,0.0014424004215582986,0.010307446817303207,USDMAD
2020-02-19,9.432963371276855,9.737500190734863,9.42625617980957,9.737500190734863,0,9.689250183105468,9.685955155733609,57.25333652170237,0.04069581589592808,0.0018004036240015786,0.0012571953282707632,USDMAD
2020-02-20,9.420060157775879,9.737500190734863,9.420060157775879,9.732999801635742,0,9.698550128936768,9.694508727715816,56.893433840012264,0.04216366689950668,-0.00046217088687738883,0.0012811130247037032,USDMAD
2020-02-21,9.428654670715332,9.737500190734863,9.424176216125488,9.737500190734863,0,9.707050132751466,9.702325357355642,57.183289817148356,0.043192200384295276,0.0004623845875724175,0.001284008614970561,USDMAD
2020-02-24,9.400156021118164,9.701000213623047,9.400156021118164,9.701000213623047,0,9.711350154876708,9.702084422131533,54.01116968775649,0.04059413356848118,-0.003748392954748825,0.0019516616576127248,USDMAD
2020-02-25,9.379537582397461,9.70300006866455,9.379537582397461,9.702500343322754,0,9.713100147247314,9.7021600441663,54.123808676953566,0.03821566839175361,0.000154636601038316,0.0017684788811566203,USDMAD
2020-02-26,9.366053581237793,9.678999900817871,9.356629371643066,9.678999900817871,0,9.712500095367432,9.69794910901204,51.97611608822506,0.034042013157272066,-0.0024221016926895267,0.0019524626388116716,USDMAD
2020-02-27,9.34856128692627,9.678000450134277,9.330451965332031,9.678000450134277,0,9.711150169372559,9.694322080125174,51.88182535162037,0.03030438392293533,-0.00010325970594438072,0.0019355173814943167,USDMAD
2020-02-28,9.294321060180664,9.626999855041504,9.294321060180664,9.626999855041504,0,9.70215015411377,9.682081675564506,47.17847174503032,0.022962269285521586,-0.005269745063099851,0.00226433145961349,USDMAD
2020-03-02,9.258395195007324,9.595000267028809,9.246498107910156,9.595000267028809,0,9.691050148010254,9.666248692194378,44.4553311765169,0.014395548297525096,-0.0033239418816379818,0.002388960173891542,USDMAD
2020-03-03,9.242302894592285,9.548999786376953,9.242302894592285,9.548999786376953,0,9.673950099945069,9.644930709318482,40.808778796339006,0.003850124015073675,-0.00479421358745824,0.0024511239855461706,USDMAD
2020-03-04,9.218514442443848,9.569999694824219,9.218514442443848,9.52299976348877,0,9.65250005722046,9.622761446440352,38.86812425517621,-0.0065299124937681086,-0.002722800656596136,0.0021129336614555917,USDMAD
2020-03-05,9.25796890258789,9.559000015258789,9.223270416259766,9.559000015258789,0,9.635100078582763,9.611168458952795,42.91598563932033,-0.011716189816834088,0.0037803478593001483,0.0028150356774415764,USDMAD
2020-03-06,9.178853988647461,9.510000228881836,9.178024291992188,9.510000228881836,0,9.61235008239746,9.59277423530353,39.1191591285139,-0.019554809540853313,-0.00512603685518731,0.0028704501723535586,USDMAD
2020-03-09,9.09431266784668,9.484999656677246,9.09431266784668,9.484999656677246,0,9.590750026702882,9.573178857371477,37.30566205454699,-0.02746767907837544,-0.0026288718825330237,0.00283174854111314,USDMAD
2020-03-10,9.145663261413574,9.456000328063965,9.145663261413574,9.41100025177002,0,9.561600017547608,9.543691838171211,32.5026942785458,-0.03925728518637328,-0.00780172984562344,0.0031788936845606247,USDMAD
2020-03-11,9.19010066986084,9.19010066986084,9.16167163848877,9.449999809265137,0,9.538700008392334,9.526656923824651,37.098997028548,-0.044935703787771786,0.004144039576216452,0.003914101478208827,USDMAD
2020-03-12,9.182554244995117,9.206917762756348,9.182554244995117,9.230585098266602,0,9.493958473205566,9.472825682814095,26.26320502879618,-0.0663756872868948,-0.023218488404985194,0.0075520103718309224,USDMAD
2020-03-13,9.259018898010254,9.259018898010254,9.2554349899292,9.550000190734863,0,9.486258506774902,9.486857411526962,49.42267885889094,-0.056936570831053857,0.03460399195368935,0.014523834545902493,USDMAD
2020-03-16,9.30428409576416,9.604999542236328,9.238960266113281,9.604999542236328,0,9.487258434295654,9.508337798928665,52.20625020028298,-0.04450498920506618,0.005759094283037225,0.014625776050953032,USDMAD
2020-03-17,9.260009765625,9.64900016784668,9.260009765625,9.547499656677246,0,9.487108421325683,9.515458136701133,49.16008631267566,-0.038844852144347186,-0.005986453753197618,0.014675780160542542,USDMAD
2020-03-18,9.342253684997559,9.642499923706055,9.342253684997559,9.32470703125,0,9.467279148101806,9.4807761175282,39.53452963992221,-0.05174022653662114,-0.023335180250195764,0.01645312335457665,USDMAD
2020-03-19,9.409693717956543,9.4783935546875,9.409693717956543,9.734999656677246,0,9.484879112243652,9.526998579191662,56.447051290313325,-0.028523911835097948,0.04400059155233804,0.021999213401364157,USDMAD
2020-03-20,9.507315635681152,9.833999633789062,9.499520301818848,9.833999633789062,0,9.517279052734375,9.582816952754825,59.3980808424341,-0.002111998588974373,0.010169489532946496,0.02197725136720554,USDMAD
2020-03-23,9.514946937561035,9.8149995803833,9.477438926696777,9.8149995803833,0,9.55027904510498,9.625031975960002,58.57774245267845,0.01708949041865715,-0.0019320779045464143,0.02195650648176233,USDMAD
2020-03-24,9.452018737792969,9.84749984741211,9.452018737792969,9.819999694824219,0,9.5911789894104,9.660480652117132,58.73924063749729,0.032337509563301836,0.0005094360320616609,0.021630143181115773,USDMAD
2020-03-25,9.532176971435547,9.869999885559082,9.532176971435547,9.864999771118164,0,9.632678985595703,9.697665946480955,60.24162313607317,0.04750519435747336,0.0045824926367017405,0.021629850156477375,USDMAD
2020-03-26,9.475214004516602,9.864500045776367,9.475214004516602,9.827500343322754,0,9.692370510101318,9.72127220045219,58.335409277240444,0.05585593100333064,-0.003801259874855467,0.019643923113875937,USDMAD
2020-03-27,9.477606773376465,9.9399995803833,9.477606773376465,9.824999809265137,0,9.719870471954346,9.740131765690908,58.20315360997961,0.06156252331097711,-0.0002544425306804099,0.017010563917118703,USDMAD
2020-03-30,9.534804344177246,9.852499961853027,9.534804344177246,9.51766300201416,0,9.711136817932129,9.699682899567863,44.76862857494343,0.040815036668046645,-0.031281100581920906,0.020090023509535756,USDMAD
2020-03-31,9.734880447387695,10.050000190734863,9.734880447387695,10.03499984741211,0,9.759886837005615,9.760649617357725,61.06152396685719,0.06536379079244803,0.05435544894670774,0.026405991049744736,USDMAD
2020-04-01,9.758115768432617,10.097999572753906,9.758115768432617,10.097999572753906,0,9.837216091156005,9.821985972884303,62.511820219851494,0.08887787777424627,0.006277999631264963,0.024423797170562218,USDMAD
2020-04-02,9.891984939575195,10.267000198364258,9.891984939575195,10.097999572753906,0,9.873516082763672,9.872170263769686,62.51182021985149,0.10628774218705672,0.0,0.020992493919041063,USDMAD
2020-04-03,10.006593704223633,10.282999992370605,9.997917175292969,10.278499603271484,0,9.917966079711913,9.946048325497285,66.64045006661101,0.13311555586018287,0.017874830476780623,0.02138740997685941,USDMAD
2020-04-06,9.984742164611816,10.29800033569336,9.984742164611816,10.265000343322754,0,9.962966156005859,10.004039601465552,66.05453910304593,0.15154064776361587,-0.00131334926981308,0.021367192205466557,USDMAD
2020-04-07,9.994162559509277,10.293000221252441,9.946118354797363,10.293000221252441,0,10.010266208648682,10.056577895972257,66.70836141253503,0.1664829106252146,0.0027277035551100948,0.02133039390841246,USDMAD
2020-04-08,9.952707290649414,10.258000373840332,9.94001579284668,10.246000289916992,0,10.048366260528564,10.091018331234936,64.4638589097936,0.17254328830910381,-0.004566203276514691,0.02154147847916899,USDMAD
2020-04-09,9.937912940979004,10.258000373840332,9.937912940979004,10.258000373840332,0,10.091416263580323,10.121378702617735,64.78960741505551,0.17628241383527765,0.0011711969142875756,0.021398255576019074,USDMAD
2020-04-10,9.896276473999023,10.223999977111816,9.896276473999023,10.223999977111816,0,10.13131628036499,10.140037116162112,63.026733111069085,0.1744907293793183,-0.003314524808872399,0.021495448857635324,USDMAD
2020-04-13,9.890751838684082,10.21500015258789,9.868630409240723,10.21500015258789,0,10.201049995422363,10.153666759148617,62.54164565506255,0.17038055493608262,-0.0008802645289586186,0.01774317346646545,USDMAD
2020-04-14,9.89718246459961,10.22599983215332,9.884551048278809,10.22599983215332,0,10.220149993896484,10.166818226967653,62.91730758194186,0.16609614136399742,0.0010768163877747927,0.0063850886382329376,USDMAD
2020-04-15,9.850631713867188,10.229999542236328,9.850631713867188,10.180000305175781,0,10.228350067138672,10.16921496846004,60.19841793323849,0.15717709562852455,-0.00449829138788993,0.006473874379281894,USDMAD
2020-04-16,9.931793212890625,10.217499732971191,9.907509803771973,10.217499732971191,0,10.2403000831604,10.177994016552976,61.653227754288686,0.1513894546555985,0.003683637197569034,0.006526128200294767,USDMAD
2020-04-17,9.920003890991211,10.227999687194824,9.910689353942871,10.227999687194824,0,10.235250091552734,10.187085956669675,62.07127139602572,0.14596734534529787,0.0010276441887000498,0.0029208172272516975,USDMAD
2020-04-20,9.890339851379395,10.199999809265137,9.754453659057617,9.877425193786621,0,10.196492576599121,10.130783999781848,44.59188356588961,0.11208975202010052,-0.03427595855787058,0.011100725659009448,USDMAD
2020-04-21,9.758631706237793,10.0,9.712435722351074,10.0,0,10.167192554473877,10.107005090730603,49.90374151105525,0.09404814917527204,0.012409590941826032,0.012108340401847323,USDMAD
2020-04-22,9.68854808807373,9.998000144958496,9.68657398223877,10.01099967956543,0,10.14369249343872,10.089549561427845,50.36361325611414,0.079718683787247,0.00109996795654288,0.012149876146406276,USDMAD
2020-04-23,9.739167213439941,9.982500076293945,9.684123039245605,9.9350004196167,0,10.111392498016357,10.061449717462182,47.14352690175292,0.06152080060941145,-0.00759157550507783,0.012191637892041451,USDMAD
2020-04-24,9.69653606414795,9.993000030517578,9.676627159118652,9.993000030517578,0,10.088292503356934,10.04900431983589,49.78233352957907,0.05118885767175385,0.005837907242193907,0.012515186842861991,USDMAD
2020-04-27,9.64362621307373,9.958999633789062,9.639581680297852,9.958999633789062,0,10.062692451477051,10.032639831463738,48.26125517609112,0.03979839941836083,-0.003402421357418417,0.012510801335433764,USDMAD
2020-04-28,9.653463363647461,9.958999633789062,9.600198745727539,9.949999809265137,0,10.035092449188232,10.017614372882175,47.844536059275796,0.029702773480961397,-0.0009036876046657483,0.012464122749701245,USDMAD
2020-04-29,9.634821891784668,9.925000190734863,9.626466751098633,9.928999900817871,0,10.009992408752442,10.001502650688664,46.82846798885337,0.019779395523036314,-0.002110543602997006,0.012447882255518105,USDMAD
2020-04-30,9.61281681060791,9.914999961853027,9.586878776550293,9.914999961853027,0,9.979742431640625,9.985774889082183,46.1251979373259,0.010662458738028846,-0.0014100049455827435,0.012273246524370457,USDMAD
2020-05-01,9.524084091186523,9.857999801635742,9.524084091186523,9.857999801635742,0,9.942742443084716,9.962543055001012,43.27556120858839,-0.0011489712816654674,-0.005748881536720929,0.012217284553842776,USDMAD
2020-05-04,9.522170066833496,9.873000144958496,9.522170066833496,9.842000007629395,0,9.939199924468994,9.940626137297082,42.48218154236102,-0.011666183824306842,-0.00162302640782086,0.0057759591771592384,USDMAD
2020-05-05,9.576745986938477,9.885000228881836,9.576745986938477,9.885000228881836,0,9.927699947357178,9.930512335767038,45.38037931969981,-0.016343000117357676,0.004369053161868308,0.004127748939449839,USDMAD
2020-05-06,9.601070404052734,9.906999588012695,9.6002779006958,9.906999588012695,0,9.917299938201904,9.926237290720794,46.85576576629556,-0.018065992779622064,0.0022255294508322088,0.004210386325823167,USDMAD
2020-05-07,9.608681678771973,9.896499633789062,9.574874877929688,9.896499633789062,0,9.91344985961914,9.920830444005933,46.21412215073624,-0.020047638731949036,-0.0010598520904692155,0.0035324175903113813,USDMAD
2020-05-08,9.524300575256348,9.859999656677246,9.516531944274902,9.859999656677246,0,9.900149822235107,9.90977030085526,43.960489002884586,-0.02428342631340996,-0.0036881704099899215,0.002895578504804827,USDMAD
2020-05-11,9.514908790588379,9.85099983215332,9.514908790588379,9.819999694824219,0,9.886249828338624,9.89344837248598,41.568159593469936,-0.03051620925224796,-0.004056791404240978,0.0029542851892235063,USDMAD
2020-05-12,9.559405326843262,9.854000091552734,9.525787353515625,9.854000091552734,0,9.876649856567383,9.886275957770842,44.34086669458558,-0.032339398319980006,0.0034623622999128134,0.003334096209908007,USDMAD
2020-05-13,9.509465217590332,9.835000038146973,9.509465217590332,9.835000038146973,0,9.867249870300293,9.876953063293774,43.10978794043809,-0.03491495642740894,-0.001928156406457604,0.003327620079455638,USDMAD
2020-05-14,9.566222190856934,9.861499786376953,9.560270309448242,9.83549976348877,0,9.859299850463866,9.869416099692863,43.15449118570535,-0.03649508846234717,5.08109140680002e-05,0.0033370284401602335,USDMAD
2020-05-15,9.540761947631836,9.875,9.540761947631836,9.869999885559082,0,9.860499858856201,9.86952224257763,46.292201135056686,-0.03456503871245964,0.0035077141883916862,0.0030860441887498565,USDMAD
2020-05-18,9.553441047668457,9.579907417297363,9.553441047668457,9.875,0,9.863799858093262,9.870518198472606,46.7509473756436,-0.032260118369396906,0.0005065972136670815,0.0030248135688619644,USDMAD
2020-05-19,9.824999809265137,9.829999923706055,9.483346939086914,9.817999839782715,0,9.85709981918335,9.860969405983536,42.31385404862918,-0.03463365374906857,-0.005772168123269417,0.003217387706640665,USDMAD
2020-05-20,9.507017135620117,9.829999923706055,9.505017280578613,9.829999923706055,0,9.849399852752686,9.855338591023994,43.52899471899312,-0.035141304075450464,0.0012222534242376515,0.003131376513261591,USDMAD
2020-05-21,9.494921684265137,9.829999923706055,9.49001693725586,9.797499656677246,0,9.839499855041504,9.844822421142768,41.00942685035511,-0.03773117900496459,-0.0033062326837287603,0.0032329659439194825,USDMAD
2020-05-22,9.523043632507324,9.882499694824219,9.523043632507324,9.827500343322754,0,9.836249923706054,9.841672952448219,44.219107552496986,-0.03693708118024297,0.0030620758047243957,0.0033130824999931547,USDMAD
2020-05-25,9.569416999816895,9.569416999816895,9.559476852416992,9.882499694824219,0,9.842499923706054,9.849095996516581,49.62992486921342,-0.031506576711407774,0.005596474136867702,0.0035057197594729698,USDMAD
2020-05-26,9.549138069152832,9.857000350952148,9.549138069152832,9.559476852416992,0,9.81304759979248,9.796437970316655,30.75854788466438,-0.05266106261347936,-0.03268634984895613,0.010967781496518381,USDMAD
2020-05-27,9.552488327026367,9.859999656677246,9.53365707397461,9.859999656677246,0,9.815547561645507,9.807994640564033,49.86021657370619,-0.044661634845185816,0.03143716009775899,0.015471789315829838,USDMAD
2020-05-28,9.543745994567871,9.859999656677246,9.543745994567871,9.84000015258789,0,9.81599760055542,9.81381382456837,48.89353583818186,-0.03948071444302137,-0.0020283473413522657,0.01549039243908803,USDMAD
2020-05-29,9.480935096740723,9.805999755859375,9.472643852233887,9.805999755859375,0,9.809597587585449,9.812393084803098,47.217507332886484,-0.037683948460204064,-0.0034553248172027873,0.015479379152466548,USDMAD
2020-06-01,9.4852933883667,9.78600025177002,9.47665023803711,9.78600025177002,0,9.800697612762452,9.807594387887992,46.213993462259936,-0.037442181153615195,-0.00203951709027983,0.015481147586439363,USDMAD
2020-06-02,9.457411766052246,9.767999649047852,9.442182540893555,9.767999649047852,0,9.795697593688965,9.800395344462512,45.28118892878818,-0.038262016316846115,-0.0018394238973079569,0.015390404870929264,USDMAD
2020-06-03,9.704999923706055,9.72249984741211,9.407552719116211,9.725000381469727,0,9.785197639465332,9.786687169372914,43.046027360874284,-0.041898443943081176,-0.004402054578525383,0.015427106837414222,USDMAD
2020-06-04,9.390536308288574,9.699999809265137,9.390536308288574,9.699999809265137,0,9.775447654724122,9.7709258311715,41.7554678719251,-0.04626436942220025,-0.0025707528250823453,0.01541646055527146,USDMAD
2020-06-05,9.309728622436523,9.672499656677246,9.309728622436523,9.646499633789062,0,9.757347583770752,9.748302886192874,39.056903973858,-0.053425557292284154,-0.005515482116295822,0.015410599992915566,USDMAD
2020-06-08,9.385418891906738,9.663999557495117,9.385418891906738,9.663999557495117,0,9.735497570037841,9.732975008247827,40.413446003227875,-0.05703133099978963,0.0018141216369051971,0.015255885035356286,USDMAD
2020-06-09,9.371607780456543,9.67300033569336,9.371607780456543,9.67300033569336,0,9.746849918365479,9.722070522328833,41.13915716833575,-0.05848842688586586,0.0009313719588555092,0.010838461801746396,USDMAD
2020-06-10,9.344016075134277,9.64799976348877,9.341020584106445,9.645999908447266,0,9.72544994354248,9.708239501623092,39.58180652592383,-0.06111737168363973,-0.0027913187541679374,0.0022112654201464697,USDMAD
2020-06-11,9.325844764709473,9.628000259399414,9.317168235778809,9.628000259399414,0,9.704249954223632,9.693650548491513,38.53453516942532,-0.06391646144430396,-0.001866022104363596,0.002213176242925348,USDMAD
2020-06-12,9.389549255371094,9.389549255371094,9.354681968688965,9.642999649047852,0,9.687949943542481,9.684441294047211,39.9601347401183,-0.06418455525697908,0.0015578925264148058,0.0024460790225088024,USDMAD
2020-06-15,9.40059757232666,9.670000076293945,9.389632225036621,9.670000076293945,0,9.676349925994874,9.681815618092072,42.54350836904135,-0.0615092721075996,0.0028000029273835825,0.002816075212699537,USDMAD
2020-06-16,9.314115524291992,9.675000190734863,9.314115524291992,9.631999969482422,0,9.66274995803833,9.672758227435772,39.93889974632028,-0.06174363973213737,-0.003929690435544142,0.0029444375469159516,USDMAD
2020-06-17,9.387566566467285,9.664999961853027,9.368670463562012,9.65999984741211,0,9.656249904632569,9.670438521976923,42.72153661626162,-0.05899002137255849,0.002906964079983476,0.003021806201530295,USDMAD
2020-06-18,9.664999961853027,9.682499885559082,9.664999961853027,9.670000076293945,0,9.653249931335449,9.670358804580017,43.724354844526616,-0.05536263805898223,0.0010352203974945962,0.002984211763055754,USDMAD
2020-06-19,9.6875,9.6875,9.662500381469727,9.6875,0,9.657349967956543,9.673475385565467,45.521835504315014,-0.050493752511291845,0.0018097128819012376,0.0024064008240306865,USDMAD
2020-06-22,9.408055305480957,9.649999618530273,9.361184120178223,9.649999618530273,0,9.655949974060059,9.669207064286342,42.39675925411054,-0.04909515463520009,-0.0038710071194556495,0.0026963265178841377,USDMAD
2020-06-23,9.317977905273438,9.628499984741211,9.317977905273438,9.640000343322754,0,9.652649974822998,9.66389675138387,41.5771384595249,-0.048237561106267535,-0.0010361943629840775,0.0026810682977872393,USDMAD
2020-06-24,9.298290252685547,9.640000343322754,9.298290252685547,9.628499984741211,0,9.650899982452392,9.65746097563066,40.60487048534314,-0.04793334907037661,-0.001192983212859433,0.002563663177765952,USDMAD
2020-06-25,9.3705472946167,9.694999694824219,9.3705472946167,9.654000282287598,0,9.653499984741211,9.656831758659193,43.7461198783271,-0.045114545544876705,0.00264841850618458,0.002630125412221199,USDMAD
2020-06-26,9.392258644104004,9.654000282287598,9.392258644104004,9.6875,0,9.657950019836425,9.662407802539338,47.66216695762424,-0.039719613215419614,0.0034700348801381953,0.0027980772729239,USDMAD
2020-06-29,9.410958290100098,9.696999549865723,9.402694702148438,9.710000038146973,0,9.661950016021729,9.67106093628618,50.17117942340124,-0.03324529437901802,0.002322584582913345,0.0027575715497473318,USDMAD
2020-06-30,9.436580657958984,9.71500015258789,9.417531967163086,9.704999923706055,0,9.669250011444092,9.67723166127161,49.602105653815805,-0.028192828130636727,-0.0005149448425617598,0.0023393090599159866,USDMAD
2020-07-01,9.398582458496094,9.70300006866455,9.391180992126465,9.697500228881836,0,9.673000049591064,9.680916855382561,48.709668258925994,-0.024511323641323912,-0.0007727660879109921,0.0022514401284669605,USDMAD
2020-07-02,9.380119323730469,9.699999809265137,9.380119323730469,9.694999694824219,0,9.675500011444091,9.68347737164468,48.3970099006098,-0.021547095505960456,-0.00025785346724405134,0.0022473823525751223,USDMAD
2020-07-03,9.414502143859863,9.699999809265137,9.400103569030762,9.699999809265137,0,9.676749992370606,9.686481451212034,49.100567511165536,-0.018580274071217318,0.0005157415779586394,0.0021846484319021815,USDMAD
2020-07-06,9.3748197555542,9.687800407409668,9.355966567993164,9.687800407409668,0,9.680530071258545,9.686721261429785,47.40244576187697,-0.01701727196612879,-0.0012576703191082839,0.0017695904015129936,USDMAD
2020-07-07,9.329949378967285,9.647000312805176,9.329949378967285,9.642000198364258,0,9.680730056762695,9.678590159054234,41.58734653212782,-0.01925234657156416,-0.004727616911923582,0.0023803443756785785,USDMAD
2020-07-08,9.365339279174805,9.640000343322754,9.351442337036133,9.640000343322754,0,9.68188009262085,9.671573828921238,41.34882079372726,-0.020943606034157014,-0.00020741080692399105,0.002344523461330565,USDMAD
2020-07-09,9.309776306152344,9.640000343322754,9.309776306152344,9.618000030517578,0,9.678280067443847,9.66183313830239,38.7179392530101,-0.02378500400173955,-0.0022821900437394183,0.002271463044647876,USDMAD
2020-07-10,9.373431205749512,9.373431205749512,9.349617004394531,9.647000312805176,0,9.674230098724365,9.65913626093926,43.79455838955275,-0.023426703491839618,0.0030152092114348328,0.002189060840104515,USDMAD
2020-07-13,9.32823657989502,9.625,9.32823657989502,9.353342056274414,0,9.638564300537109,9.60353731463656,23.008951125715356,-0.04630474260486572,-0.030440369753172658,0.009601529838502468,USDMAD
2020-07-14,9.313932418823242,9.597999572753906,9.299262046813965,9.597999572753906,0,9.627864265441895,9.602530452476076,46.00291747482288,-0.044184603927476473,0.026157229684053984,0.013496910673632706,USDMAD
2020-07-15,9.264388084411621,9.579999923706055,9.264388084411621,9.581000328063965,0,9.616214275360107,9.598615884401147,44.997338401338375,-0.04337606346971867,-0.0017711237181337047,0.01349852358014542,USDMAD
2020-07-16,9.299155235290527,9.58899974822998,9.299155235290527,9.586999893188477,0,9.605414295196534,9.596503885998843,45.45054486869618,-0.041769679699779516,0.0006261940214049577,0.013507729900115098,USDMAD
2020-07-17,9.31171989440918,9.600000381469727,9.28549861907959,9.579999923706055,0,9.593414306640625,9.593503165581971,44.98480937621517,-0.04059351129515143,-0.0007301522437060948,0.01349755668165348,USDMAD
2020-07-20,9.289604187011719,9.58899974822998,9.26338005065918,9.569999694824219,0,9.58163423538208,9.58922980726238,44.2866231368516,-0.04000714677161277,-0.001043865236062258,0.013497557266082804,USDMAD
2020-07-21,9.269524574279785,9.5649995803833,9.248784065246582,9.5649995803833,0,9.573934173583984,9.584824311466182,43.91957902883034,-0.03949069199464894,-0.0005224780146672048,0.013438757932936817,USDMAD
2020-07-22,9.175393104553223,9.473999977111816,9.161199569702148,9.473999977111816,0,9.55733413696289,9.56467443249266,37.782270195422356,-0.045895253419031334,-0.009513811527824156,0.013718646428983336,USDMAD
2020-07-23,9.162981986999512,9.446000099182129,9.157362937927246,9.4399995803833,0,9.539534091949463,9.542006277563685,35.7709577258222,-0.05310233172794021,-0.0035888111474200457,0.013731547363879664,USDMAD
2020-07-24,9.132013320922852,9.446000099182129,9.132013320922852,9.4350004196167,0,9.518334102630615,9.522550667027868,35.47195549426729,-0.05854254172652418,-0.0005295721386460173,0.013639416066189748,USDMAD
2020-07-27,9.067390441894531,9.40250015258789,9.067390441894531,9.40250015258789,0,9.523249912261964,9.500723300766055,33.51083780665286,-0.06473027693880873,-0.003444649240421427,0.00943977321951691,USDMAD
2020-07-28,9.044783592224121,9.359000205993652,9.044783592224121,9.357000350952148,0,9.499149990081786,9.474591855345343,30.932494585697924,-0.07247016446423338,-0.004839117351486455,0.0029829206399896047,USDMAD
2020-07-29,9.091499328613281,9.367500305175781,9.068018913269043,9.364999771118164,0,9.477549934387207,9.45466602184949,31.92419820165931,-0.07707017770350966,0.0008549128851107479,0.003167589601741841,USDMAD
2020-07-30,9.035320281982422,9.335000038146973,9.035320281982422,9.338500022888184,0,9.452699947357178,9.433544931129251,30.36858845619156,-0.08190982408648928,-0.002829658182342487,0.00300022096968833,USDMAD
2020-07-31,8.985254287719727,9.289999961853027,8.985254287719727,9.305000305175781,0,9.42519998550415,9.410173180955892,28.47931721892236,-0.08744046669310279,-0.0035872696504037904,0.002935738025977903,USDMAD
2020-08-03,9.100128173828125,9.350000381469727,9.067300796508789,9.3149995803833,0,9.39969997406006,9.392868889942694,29.881530866764123,-0.08997945570801846,0.0010746130982883795,0.0031532930901708145,USDMAD
2020-08-04,9.051100730895996,9.345999717712402,9.04178237915039,9.34000015258789,0,9.377200031280518,9.383256392241819,33.39745483039184,-0.0889489375728072,0.0026839048127538234,0.0035380236088255663,USDMAD
2020-08-05,9.009014129638672,9.009014129638672,8.995171546936035,9.345999717712402,0,9.364400005340576,9.376482451418289,34.24949611892471,-0.08664929067548499,0.0006423517158991032,0.002591084686313489,USDMAD
2020-08-06,8.963822364807129,9.345999717712402,8.963822364807129,8.995171546936035,0,9.31991720199585,9.307153196057879,18.968295215696827,-0.11184640954235725,-0.03753778957552101,0.011781738423769807,USDMAD
2020-08-07,8.94122314453125,9.28499984741211,8.94122314453125,9.220000267028809,0,9.29841718673706,9.291307208961683,38.045615067914426,-0.11237808443587127,0.024994378252781058,0.015096415022619625,USDMAD
2020-08-10,8.996612548828125,9.267499923706055,8.978620529174805,9.000199317932129,0,9.258187103271485,9.238378501501764,30.488432132390955,-0.12904795575404648,-0.023839581641087237,0.016587446268149012,USDMAD
2020-08-11,8.99631118774414,9.255200386047363,8.964106559753418,9.267000198364258,0,9.249187088012695,9.243582446385853,44.81700592029002,-0.1193545031539962,0.029643885763790845,0.019734419752090757,USDMAD
2020-08-12,9.002458572387695,9.255999565124512,8.967391967773438,9.255999565124512,0,9.23828706741333,9.245840104338335,44.4105187555147,-0.11127729589782298,-0.001187075968951401,0.01972607063004577,USDMAD
2020-08-13,8.942858695983887,9.239999771118164,8.930412292480469,9.239999771118164,0,9.228437042236328,9.24477822557103,43.78844072051363,-0.10495721912614009,-0.001728586296247614,0.019717758482679017,USDMAD
2020-08-14,8.95824146270752,8.95824146270752,8.953256607055664,9.232000350952148,0,9.221137046813965,9.242454975640324,43.460659450689874,-0.09944762874417634,-0.0008657381346501847,0.019695071651177724,USDMAD
2020-08-17,8.927295684814453,9.232000350952148,8.927295684814453,8.953256607055664,0,9.184962749481201,9.189873454079477,33.929711060088636,-0.1162336599666407,-0.030193212012577075,0.021770266781753048,USDMAD
2020-08-18,8.899298667907715,9.182999610900879,8.899009704589844,9.182999610900879,0,9.1692626953125,9.18862366441064,44.69500750157591,-0.10973343158670978,0.025660272449263166,0.023654365702879356,USDMAD
2020-08-19,8.864188194274902,8.877779006958008,8.864188194274902,9.159500122070312,0,9.150612735748291,9.183328474894216,43.9069572132997,-0.10526473972468153,-0.0025590209981791734,0.023644696816076873,USDMAD
2020-08-20,8.949198722839355,8.949198722839355,8.908243179321289,8.877779006958008,0,9.138873481750489,9.12777402617854,35.76545815253476,-0.1230375089616853,-0.030757258732218573,0.022577902970947278,USDMAD
2020-08-21,8.875612258911133,8.908329010009766,8.875612258911133,8.908243179321289,0,9.107697772979737,9.08785932674995,37.12319673058863,-0.13312971602196377,0.0034315083017277814,0.020767769796482427,USDMAD
2020-08-24,8.909802436828613,8.93744945526123,8.909802436828613,8.908329010009766,0,9.0985107421875,9.055217450979006,37.127228985915664,-0.1395127212020526,9.634973669792046e-06,0.019467969256433727,USDMAD
2020-08-25,8.960514068603516,8.960514068603516,8.933000564575195,8.93744945526123,0,9.065555667877197,9.033805088121229,38.56669543281477,-0.14060076414414624,0.003268900959848331,0.01642592884558799,USDMAD
2020-08-26,8.932584762573242,8.932584762573242,8.930148124694824,8.933000564575195,0,9.033255767822265,9.01547699293104,38.42196597512047,-0.14020582879288845,-0.000497780793984326,0.016438117918680314,USDMAD
2020-08-27,8.912725448608398,8.94213581085205,8.912725448608398,8.930148124694824,0,9.002270603179932,8.999962653251728,38.32266587927386,-0.13852616434811083,-0.0003193148662368195,0.016460285761806717,USDMAD
2020-08-28,8.924543380737305,8.924543380737305,8.874953269958496,8.934901237487793,0,8.972560691833497,8.988133304931011,38.60739536760815,-0.13525237649082023,0.0005322546419834762,0.016489001070097604,USDMAD
2020-08-31,8.872382164001465,8.872382164001465,8.863768577575684,8.874953269958496,0,8.964730358123779,8.96755511675419,36.329433223218736,-0.13592827940848906,-0.006709415799446727,0.013633344681459254,USDMAD
2020-09-01,8.85478687286377,8.85478687286377,8.834299087524414,8.863768577575684,0,8.93280725479126,8.948684836903551,35.90378531651538,-0.13580101892827123,-0.0012602536647344786,0.010004049125213911,USDMAD
2020-09-02,8.896987915039062,8.90824031829834,8.896987915039062,8.834299087524414,0,8.90028715133667,8.927887427925524,34.74857221904709,-0.13650456597574312,-0.0033247133872407186,0.009999094240521885,USDMAD
2020-09-03,8.931768417358398,8.931768417358398,8.921425819396973,8.90824031829834,0,8.903333282470703,8.924315226175127,39.967784651592744,-0.1296017247007626,0.008369790295909674,0.004076767225840926,USDMAD
2020-09-04,8.885449409484863,9.1850004196167,8.885449409484863,8.921425819396973,0,8.904651546478272,8.923789879488188,40.87596822821196,-0.12166473814752976,0.0014801465415732462,0.003957851184213589,USDMAD
2020-09-07,8.91477108001709,8.91477108001709,8.899032592773438,9.1850004196167,0,8.932318687438965,8.971282704966098,55.400720071956805,-0.0930339146122563,0.029543999530508014,0.010096479056512977,USDMAD
2020-09-08,8.908906936645508,9.1850004196167,8.899033546447754,8.899032592773438,0,8.928477001190185,8.95814632093107,43.045052320124924,-0.09235439045545313,-0.03113422033520119,0.014800980282013054,USDMAD
2020-09-09,8.914715766906738,9.192999839782715,8.914715766906738,9.192999839782715,0,8.954476928710937,9.000846960722278,54.32268265978519,-0.0673191493694052,0.03303361842364727,0.01817329968010069,USDMAD
2020-09-10,8.881974220275879,9.182000160217285,8.881974220275879,9.182000160217285,0,8.979662132263183,9.033783906085006,53.892669382626124,-0.04781494176738654,-0.0011965277664672813,0.018193321760108506,USDMAD
2020-09-11,8.884334564208984,9.180000305175781,8.884334564208984,9.180000305175781,0,9.004172039031982,9.060368705919691,53.80927036669394,-0.03214850040994399,-0.0002178016779141867,0.01820586299433822,USDMAD
2020-09-14,8.904643058776855,9.180000305175781,8.886698722839355,9.180000305175781,0,9.03467674255371,9.082119905784435,53.80927036669394,-0.01950785831610702,0.0,0.017935705905017505,USDMAD
2020-09-15,8.8892822265625,9.225000381469727,8.8892822265625,9.169500350952148,0,9.065249919891357,9.098007259451292,53.306958555066586,-0.010219512758249394,-0.001143785825117316,0.01793228758713517,USDMAD
2020-09-16,8.950432777404785,9.230999946594238,8.931771278381348,9.230999946594238,0,9.10492000579834,9.122187748022736,55.903469998910516,0.0020800933882529904,0.006706973476008793,0.01778552258241857,USDMAD
2020-09-17,9.001885414123535,9.237000465393066,8.96718692779541,9.237000465393066,0,9.137796020507812,9.143062787544613,56.159631287550425,0.012171506046662728,0.0006500399559683512,0.017768553702272046,USDMAD
2020-09-18,8.91964340209961,9.234000205993652,8.91964340209961,9.232500076293945,0,9.16890344619751,9.159324112771763,55.897362657412465,0.019580171465753082,-0.00048721325889089506,0.017807600505501113,USDMAD
2020-09-21,8.945134162902832,9.256500244140625,8.945134162902832,9.218999862670898,0,9.172303390502929,9.17017424911706,55.06658368843252,0.02408460543424873,-0.0014622489587312604,0.015307490670990515,USDMAD
2020-09-22,8.97415542602539,9.258000373840332,8.956805229187012,9.244999885559082,0,9.206900119781494,9.183778910288336,56.410264703593796,0.029413327828745395,0.0028202650260862328,0.010540652014253554,USDMAD
2020-09-23,9.01381778717041,9.244999885559082,8.97559928894043,9.258000373840332,0,9.213400173187257,9.197273721843244,57.10105146580802,0.03429013415081528,0.0014062183279803797,0.0024831305872623916,USDMAD
2020-09-24,9.002702713012695,9.002702713012695,8.986363410949707,9.244999885559082,0,9.219700145721436,9.205951206155213,56.14288886835932,0.036683147057059884,-0.001404243654816062,0.0025016283752417336,USDMAD
2020-09-25,8.9714994430542,9.265000343322754,8.9714994430542,9.265000343322754,0,9.228200149536132,9.216687412912947,57.32917938434875,0.03973545126894251,0.0021633810720660396,0.002519219195981158,USDMAD
2020-09-28,9.020800590515137,9.286999702453613,8.99832820892334,9.286999702453613,0,9.238900089263916,9.229471465556705,58.653947496655114,0.04342896667878904,0.002374458533799695,0.002534209923607421,USDMAD
2020-09-29,8.987269401550293,9.27400016784668,8.969499588012695,9.27400016784668,0,9.24935007095337,9.23756759324579,57.517597623908415,0.04479082964744663,-0.0013997561132148562,0.0025612403742271295,USDMAD
2020-09-30,8.945121765136719,9.27400016784668,8.945121765136719,9.27400016784668,0,9.253650093078614,9.244191697718678,57.517597623908415,0.045347379498704043,0.0,0.0016602052813746418,USDMAD
2020-10-01,8.95224380493164,9.244999885559082,8.945426940917969,9.23900032043457,0,9.253850078582763,9.24324781093975,54.23653534769801,0.042474632956142955,-0.003773975283444031,0.0021289971543098623,USDMAD
2020-10-02,8.958538055419922,9.262999534606934,8.958538055419922,9.246999740600586,0,9.255300045013428,9.243929979968993,54.87019237915247,0.04037799459038638,0.0008658317879177702,0.0021359039559365077,USDMAD
2020-10-05,8.954471588134766,9.2475004196167,8.954471588134766,9.244000434875488,0,9.257800102233887,9.24394278995199,54.56512384273803,0.038035920262048606,-0.0003243544727192793,0.00206920516456329,USDMAD
2020-10-06,8.949723243713379,9.25,8.949723243713379,9.25,0,9.25830011367798,9.24504410086981,55.102852771323725,0.03624610174964005,0.0006490225921969017,0.0018772009372766264,USDMAD
2020-10-07,9.25,9.253000259399414,8.97097396850586,9.25,0,9.257500076293946,9.245945173438935,55.102852771323725,0.03443076129975253,0.0,0.0018164767677405103,USDMAD
2020-10-08,8.967657089233398,9.24899959564209,8.949570655822754,8.965255737304688,0,9.229525661468506,9.194910730505434,33.36642092376705,0.009901470631982434,-0.0307831635346284,0.009910842431823875,USDMAD
2020-10-09,8.944586753845215,9.196000099182129,8.919289588928223,9.246500015258789,0,9.227675628662109,9.204290600460588,53.061469479816594,0.01300596911218399,0.03137046908587737,0.01473741085763733,USDMAD
2020-10-12,8.911022186279297,8.916576385498047,8.911022186279297,9.182000160217285,0,9.217175674438476,9.200237793143623,49.451503247995106,0.010144764737381351,-0.006975596705246834,0.014858928840257765,USDMAD
2020-10-13,8.912797927856445,9.204999923706055,8.912797927856445,8.916576385498047,0,9.181433296203613,9.148662991753518,37.99572966678164,-0.013385935986717001,-0.02890696690131156,0.017282040512024213,USDMAD
2020-10-14,8.950628280639648,9.220000267028809,8.93387508392334,9.22599983215332,0,9.176633262634278,9.162724235462573,51.96567476333772,-0.006985772023277548,0.034702046309895485,0.021173156608616402,USDMAD
2020-10-15,8.923001289367676,9.199999809265137,8.923001289367676,9.199999809265137,0,9.172733211517334,9.169501612517584,50.92735899968812,-0.0039658645099738266,-0.002818125228831181,0.021157971730404367,USDMAD
2020-10-16,8.949047088623047,9.220000267028809,8.916210174560547,9.220000267028809,0,9.170033264160157,9.178683186065077,51.72640794298528,4.083304438928792e-05,0.002173962845469779,0.021169486079868287,USDMAD
2020-10-19,8.91366195678711,9.204999923706055,8.91366195678711,9.204999923706055,0,9.166133213043214,9.183468047454346,51.054951623274924,0.0019829096319536887,-0.0016269352373443624,0.02117508634139827,USDMAD
2020-10-20,8.907279014587402,9.180000305175781,8.882484436035156,9.180000305175781,0,9.159133243560792,9.182837548858242,49.892545279783285,0.0014876107835330998,-0.0027158738443756603,0.021186447921010543,USDMAD
2020-10-21,8.8672456741333,9.145000457763672,8.8672456741333,9.15250015258789,0,9.14938325881958,9.177321658627267,48.58220606274519,-0.0011111410652127063,-0.002995659223713254,0.02119885607734656,USDMAD
2020-10-22,8.880241394042969,9.15999984741211,8.880241394042969,9.14799976348877,0,9.167657661437989,9.171990404965722,48.358375479728124,-0.0034935430279485757,-0.0004917114475926354,0.01843113263212467,USDMAD
2020-10-23,8.903032302856445,9.17650032043457,8.87891674041748,9.164999961853027,0,9.159507656097412,9.170719415308868,49.3084686872132,-0.00396414363604336,0.0018583514214887131,0.015339800110266758,USDMAD
2020-10-26,8.882554054260254,9.16100025177002,8.876755714416504,9.145000457763672,0,9.15580768585205,9.166043241209742,48.18533583901889,-0.005883074425740986,-0.0021821608480739885,0.015198920988237089,USDMAD
2020-10-27,8.8792724609375,9.154999732971191,8.864287376403809,9.162500381469727,0,9.180400085449218,9.165399084893375,49.27411759755704,-0.005923461336550417,0.0019136055582367195,0.011404845245054347,USDMAD
2020-10-28,8.900481224060059,9.154999732971191,8.900481224060059,9.154999732971191,0,9.173300075531007,9.163508293634795,48.80078944320408,-0.006485942000612255,-0.0008186246315148304,0.0020688169540310393,USDMAD
2020-10-29,8.895938873291016,9.199999809265137,8.895938873291016,9.178000450134277,0,9.17110013961792,9.166143231180154,50.37502961271289,-0.0050179030662764745,0.0025123667759650026,0.002166951589252563,USDMAD
2020-10-30,8.93040943145752,9.225000381469727,8.929367065429688,8.94119930267334,0,9.143220043182373,9.125244335088006,37.567901140301835,-0.022700666056872265,-0.02580095182469433,0.008244118656398252,USDMAD
2020-11-02,8.954025268554688,9.237000465393066,8.95256233215332,9.227999687194824,0,9.14552001953125,9.143927126380154,53.115043605419466,-0.013417322443153523,0.032076276885555366,0.013860021150023688,USDMAD
2020-11-03,8.951985359191895,9.22599983215332,8.91531753540039,9.23900032043457,0,9.15142002105713,9.161213161662776,53.59241267164602,-0.005113600180306932,0.0011920929359166,0.013819458268564932,USDMAD
2020-11-04,8.933514595031738,9.206999778747559,8.9089994430542,9.20199966430664,0,9.156369972229005,9.168628889416205,51.68619817386427,-0.0015011795209858292,-0.00400483329847845,0.01385330188606442,USDMAD
2020-11-05,8.902956008911133,9.199999809265137,8.867286682128906,9.199999809265137,0,9.161569976806641,9.1743326930251,51.579411117795196,0.0011866394483437404,-0.00021732831063459024,0.013851114917593131,USDMAD
2020-11-06,8.865936279296875,9.144000053405762,8.83604907989502,9.145000457763672,0,9.159570026397706,9.168999559341204,48.60520837496789,-0.001108455090882643,-0.0059781905045341865,0.013996258418798379,USDMAD
2020-11-09,8.832183837890625,9.15250015258789,8.832183837890625,9.114999771118164,0,9.156569957733154,9.159181416027923,47.01274976436591,-0.005287191284610415,-0.003280556057275952,0.014018438404635444,USDMAD
2020-11-10,8.879154205322266,9.152000427246094,8.864751815795898,9.152000427246094,0,9.155519962310791,9.157875781703954,49.222384852834274,-0.005549257713539646,0.004059315091281768,0.014071396756646164,USDMAD
2020-11-11,8.849799156188965,8.887388229370117,8.849799156188965,9.152000427246094,0,9.155220031738281,9.156807535438888,49.22238485283428,-0.005691341010123807,0.0,0.014068654435359967,USDMAD
2020-11-12,8.875770568847656,9.154000282287598,8.867719650268555,8.887388229370117,0,9.126158809661865,9.107822207062748,36.57278019547396,-0.026846466602854946,-0.02891304474683032,0.016719078058395714,USDMAD
2020-11-13,8.869372367858887,9.145999908447266,8.86506175994873,9.145999908447266,0,9.146638870239258,9.114763607314478,50.076227491850254,-0.022485061068463708,0.029098726465275337,0.01743023403611048,USDMAD
2020-11-16,8.837156295776367,9.140000343322754,8.837156295776367,9.125,0,9.136338901519775,9.116624769620936,49.16096983468322,-0.02048697181003689,-0.002296075733378311,0.01397524206413341,USDMAD
2020-11-17,8.838945388793945,9.13700008392334,8.831841468811035,9.13700008392334,0,9.126138877868652,9.120329372221372,49.7264313428298,-0.017730775846615643,0.001315077690229094,0.013977472660865391,USDMAD
2020-11-18,8.847413063049316,9.1225004196167,8.825764656066895,9.1225004196167,0,9.118188953399658,9.12072410811143,49.01699920542108,-0.016525971308890774,-0.0015869173879239362,0.01394100023806952,USDMAD
2020-11-19,8.843985557556152,9.128000259399414,8.843985557556152,9.109999656677246,0,9.10918893814087,9.118774207850668,48.37620494085081,-0.01639091783081348,-0.0013703219911693765,0.013940598432955368,USDMAD
2020-11-20,9.105999946594238,9.107000350952148,8.828441619873047,9.107999801635742,0,9.105488872528076,9.1168152249025,48.26749398164954,-0.01625784821077758,-0.00021952306442052372,0.013825765275311194,USDMAD
2020-11-23,8.825691223144531,9.130000114440918,8.814339637756348,9.109999656677246,0,9.104988861083985,9.115576030679726,48.39238752392702,-0.01580878416657505,0.00021957126537763827,0.013786718844721197,USDMAD
2020-11-24,8.857026100158691,9.123000144958496,8.825801849365234,9.123000144958496,0,9.102088832855225,9.116925869639502,49.250130609231114,-0.014239720289946689,0.0014270569452459192,0.013726250771201683,USDMAD
2020-11-25,9.102999687194824,9.102999687194824,8.829840660095215,9.102999687194824,0,9.097188758850098,9.114393836467741,47.930298923480144,-0.014443598837381444,-0.0021923114595941984,0.013739624878860766,USDMAD
2020-11-26,9.08899974822998,9.08899974822998,8.797672271728516,9.08899974822998,0,9.117349910736085,9.10977672951542,46.98121139941569,-0.015555537573025191,-0.0015379478683864578,0.009517189098843967,USDMAD
2020-11-27,8.801735877990723,8.802827835083008,8.801735877990723,8.810979843139648,0,9.083847904205323,9.055450022901644,33.00452896150017,-0.038427669608749326,-0.03058861401602242,0.009549405245630022,USDMAD
2020-11-30,8.765555381774902,9.085000038146973,8.765555381774902,9.0600004196167,0,9.077347946166991,9.056277367758925,47.94291716675374,-0.03604461972279971,0.02826252935658924,0.013928112066777552,USDMAD
2020-12-01,9.085000038146973,9.085000038146973,8.800889015197754,9.085000038146973,0,9.072147941589355,9.061499671465842,49.168310937503534,-0.03177252138554998,0.002759339665828753,0.013957945557045277,USDMAD
2020-12-02,9.024999618530273,9.03499984741211,8.722173690795898,9.024999618530273,0,9.062397861480713,9.054863298204829,46.34839519927344,-0.03284971403791914,-0.006604338950441768,0.01409158840510453,USDMAD
2020-12-03,8.717451095581055,9.012499809265137,8.717451095581055,9.012499809265137,0,9.052647876739503,9.047160845670339,45.75959654254467,-0.0343164484614924,-0.0013850204757318574,0.014091633892100962,USDMAD
2020-12-04,8.706048965454102,9.012499809265137,8.695977210998535,8.991499900817871,0,9.040997886657715,9.03704067387898,44.731476000568165,-0.03674973509727586,-0.002330086978273971,0.01409468481222534,USDMAD
2020-12-07,8.71941089630127,8.984999656677246,8.71941089630127,8.984999656677246,0,9.028497886657714,9.027578670751392,44.3989455230128,-0.03875589384482048,-0.0007229321261554844,0.014087309213908964,USDMAD
2020-12-08,8.721455574035645,8.998000144958496,8.710991859436035,8.998000144958496,0,9.015997886657715,9.022200756970864,45.2751738654545,-0.038848932045164375,0.0014469102702290293,0.01408773626206193,USDMAD
2020-12-09,8.713112831115723,9.005000114440918,8.713112831115723,8.992500305175781,0,9.004947948455811,9.016800674826303,44.952426677257534,-0.038917836007641426,-0.0006112291280409021,0.014085347068669105,USDMAD
2020-12-10,8.737936019897461,9.0024995803833,8.71855640411377,9.0024995803833,0,8.996297931671142,9.014200475836667,45.7101732195883,-0.03773064951146132,0.0011119571718851695,0.014101760354434797,USDMAD
2020-12-11,8.667702674865723,8.984999656677246,8.667702674865723,8.975000381469727,0,9.01269998550415,9.007073185951768,43.91964642603114,-0.03856420701882257,-0.0030546181833205344,0.009633789825138593,USDMAD
2020-12-14,8.702237129211426,8.987000465393066,8.696234703063965,8.987000465393066,0,9.005399990081788,9.00342360039564,44.93333753308673,-0.037820529345308884,0.001337056647720658,0.0027373640663397574,USDMAD
2020-12-15,8.96500015258789,8.96500015258789,8.674965858459473,8.96500015258789,0,8.99340000152588,8.996437518976048,43.38500650801276,-0.03856188342208,-0.0024480150957923996,0.002465736318889487,USDMAD
2020-12-16,8.941499710083008,8.941499710083008,8.632259368896484,8.952500343322754,0,8.986150074005128,8.98844894158454,42.48916223839627,-0.03970040050711532,-0.0013942899110300777,0.001638033063163421,USDMAD
2020-12-17,8.890000343322754,8.904999732971191,8.618511199951172,8.907999992370605,0,8.975700092315673,8.973821859909279,39.37222841103374,-0.04368986040175038,-0.004970717592358342,0.0021050002827633844,USDMAD
2020-12-18,8.607442855834961,8.904999732971191,8.607442855834961,8.881999969482422,0,8.96475009918213,8.95712697074076,37.63507880768769,-0.04839169137122923,-0.0029187273137013525,0.002149014505808283,USDMAD
2020-12-21,8.646984100341797,8.95199966430664,8.646984100341797,8.880000114440918,0,8.954250144958497,8.943103905958969,37.49803317983194,-0.05168352240337626,-0.00022515819053992026,0.0021675556010449255,USDMAD
2020-12-22,8.66301155090332,8.957500457763672,8.66301155090332,8.954999923706055,0,8.949950122833252,8.94526681827662,45.51154969960398,-0.047690715522472615,0.008445924357947998,0.003697467544627919,USDMAD
2020-12-23,8.723094940185547,8.979999542236328,8.708975791931152,8.979999542236328,0,8.948700046539306,8.951581858996565,47.909002325436916,-0.04202469252194163,0.002791693885344726,0.0038372594532951063,USDMAD
2020-12-24,8.696742057800293,8.979999542236328,8.688858985900879,8.979999542236328,0,8.94645004272461,8.956748710494704,47.90900232543692,-0.03710658683751511,0.0,0.0038132270126927615,USDMAD
2020-12-25,8.691068649291992,8.691068649291992,8.691068649291992,8.96399974822998,0,8.945349979400635,8.958067080992027,46.393849759173484,-0.03410683989053709,-0.001781714345428953,0.0037292904165172986,USDMAD
2020-12-28,8.680103302001953,8.979999542236328,8.680103302001953,8.691068649291992,0,8.915756797790527,8.90952191159202,29.34496064587441,-0.05314021026171112,-0.030447468385067844,0.01023069654663116,USDMAD
2020-12-29,8.9350004196167,8.979999542236328,8.651494979858398,8.9350004196167,0,8.912756824493409,8.914154367596506,47.806004228570806,-0.047987863942436704,0.028066947825176713,0.01426625052527629,USDMAD
2020-12-30,8.622917175292969,8.923999786376953,8.622917175292969,8.923999786376953,0,8.909906768798828,8.915944443738406,47.206967829351164,-0.044281798521190296,-0.0012311844122127047,0.014264881627314778,USDMAD
2020-12-31,8.615795135498047,8.923999786376953,8.6044282913208,8.895000457763672,0,8.908606815338135,8.912136446288454,45.58534101942628,-0.04318688688655925,-0.0032495886718364453,0.014211570899582365,USDMAD
2021-01-01,8.648736953735352,8.648736953735352,8.648736953735352,8.902000427246094,0,8.910606861114502,8.910293533735297,46.06694791269001,-0.041278489756708225,0.0007869554943431556,0.014176870584731594,USDMAD
2021-01-04,8.62138557434082,8.850000381469727,8.574913024902344,8.648736953735352,0,8.887480545043946,8.862737791917125,34.254184400699,-0.05951625069279132,-0.02845017539378969,0.016853510982132565,USDMAD
2021-01-05,8.603699684143066,8.902000427246094,8.549616813659668,8.854999542236328,0,8.877480506896973,8.861330837429707,46.325682918143116,-0.056672851195992635,0.023848868291906244,0.018581063783562817,USDMAD
2021-01-06,8.539076805114746,8.902000427246094,8.521014213562012,8.819999694824219,0,8.861480522155762,8.853816084228708,44.821804336311345,-0.05659128270919922,-0.003952552142455601,0.018551868683008198,USDMAD
2021-01-07,8.531932830810547,8.807999610900879,8.531932830810547,8.800000190734863,0,8.843480587005615,8.844031376320736,43.94393942456058,-0.057477862908051236,-0.002267517548905529,0.01854343850520345,USDMAD
2021-01-08,8.555134773254395,8.812999725341797,8.543675422668457,8.807499885559082,0,8.827830600738526,8.837389287091344,44.38383384257549,-0.05691919238945964,0.0008522380297348864,0.018563492036649285,USDMAD
2021-01-11,8.595137596130371,8.835000038146973,8.547968864440918,8.561635971069336,0,8.81488733291626,8.787252320541889,34.75490691914469,-0.0754459116018289,-0.027915290114606583,0.018138749241826284,USDMAD
2021-01-12,8.556624412536621,8.800000190734863,8.556624412536621,8.800000190734863,0,8.801387310028076,8.789570115122428,46.804195704021666,-0.07008655543761222,0.027840966431063485,0.01809812175931628,USDMAD
2021-01-13,8.829999923706055,8.829999923706055,8.586952209472656,8.833000183105469,0,8.792287349700928,8.797466491119344,48.229646230678426,-0.06245644445958476,0.003749999051744224,0.018170883737843885,USDMAD
2021-01-14,8.586528778076172,8.867500305175781,8.586528778076172,8.867500305175781,0,8.789537334442139,8.810199911856877,49.745784271295044,-0.05301453644031362,0.0039058215051663847,0.018207859903678045,USDMAD
2021-01-15,8.590027809143066,8.923500061035156,8.590027809143066,8.859999656677246,0,8.785337257385255,8.819254410915125,49.40701106175978,-0.04561121822634817,-0.0008458582735155762,0.018205744835321228,USDMAD
2021-01-18,8.657879829406738,8.671867370605469,8.656161308288574,8.657809257507324,0,8.78624448776245,8.78990074665916,41.25169222490178,-0.055420260377379904,-0.022820587698052952,0.017304079406028502,USDMAD
2021-01-19,8.64988899230957,8.924500465393066,8.64988899230957,8.671867370605469,0,8.767931270599366,8.768440132831216,41.968931588062866,-0.06135239252346736,0.0016237494590163326,0.015238852375955594,USDMAD
2021-01-20,8.92199993133545,8.92199993133545,8.648911476135254,8.92199993133545,0,8.778131294250489,8.796360096195622,52.970754411516886,-0.04534730725178804,0.02884414048787698,0.018039673536921024,USDMAD
2021-01-21,8.678595542907715,8.96500015258789,8.663230895996094,8.96500015258789,0,8.794631290435792,8.827021924630579,54.56544170886806,-0.02886071501877474,0.004819572022346508,0.01802329280304517,USDMAD
2021-01-22,8.922499656677246,8.922499656677246,8.644975662231445,8.922499656677246,0,8.806131267547608,8.844381512275428,52.664649210979285,-0.01900532516505571,-0.004740713350504078,0.01814939467439621,USDMAD
2021-01-25,8.659808158874512,8.928999900817871,8.659808158874512,8.928999900817871,0,8.842867660522462,8.859766673828599,52.93469552938686,-0.010548742981661974,0.000728522767244888,0.014985092774493123,USDMAD
2021-01-26,8.695619583129883,8.970999717712402,8.682110786437988,8.869999885559082,0,8.849867630004884,8.861627257779595,50.138721974085726,-0.008509555958546855,-0.006607684613523679,0.012770774871388188,USDMAD
2021-01-27,8.954999923706055,8.979000091552734,8.68642807006836,8.95300006866455,0,8.86186761856079,8.878240496122315,53.833049837283504,-0.0001938300834947171,0.00935740520590067,0.013031925911152382,USDMAD
2021-01-28,8.695723533630371,8.970000267028809,8.689117431640625,8.968000411987305,0,8.871917629241944,8.894560480825039,54.48933419130826,0.007520157235624936,0.0016754543960360024,0.013003832955747889,USDMAD
2021-01-29,8.685027122497559,8.949999809265137,8.671426773071289,8.962499618530273,0,8.882167625427247,8.906913051316899,54.18514071685404,0.013039369962173808,-0.0006133801521327475,0.012999969529417895,USDMAD
2021-02-01,8.682941436767578,8.683403015136719,8.682941436767578,8.944999694824219,0,8.910886669158936,8.913837895590955,53.168222485159696,0.015818937358705654,-0.0019525717657910002,0.010051441912913591,USDMAD
2021-02-02,8.684228897094727,8.979000091552734,8.684228897094727,8.979000091552734,0,8.941599941253662,8.925685567584004,54.93772605884501,0.02052867067212283,0.0038010506303525204,0.010034340844151817,USDMAD
2021-02-03,8.988140106201172,8.99683952331543,8.972570419311523,8.987000465393066,0,8.948099994659424,8.936833730822014,55.36508860593946,0.024622894165087672,0.0008910094396656909,0.004646130044733835,USDMAD
2021-02-04,8.986499786376953,9.010000228881836,8.696767807006836,8.986499786376953,0,8.95024995803833,8.945863922741093,55.3297234442873,0.027510076135042638,-5.571147103433649e-05,0.004420304477951555,USDMAD
2021-02-05,8.732901573181152,9.015000343322754,8.714470863342285,9.015000343322754,0,8.95950002670288,8.958434181028668,57.01299981755183,0.031732156852077864,0.0031714858535918378,0.004126414824743703,USDMAD
2021-02-08,8.672410011291504,8.982999801635742,8.672410011291504,8.982999801635742,0,8.964900016784668,8.962900657502681,54.52844509522654,0.03212568506444491,-0.00354969944185457,0.004376451079048497,USDMAD
2021-02-09,8.664168357849121,8.957500457763672,8.651815414428711,8.957500457763672,0,8.973650074005127,8.961918803004679,52.56278072493554,0.030033764522350737,-0.0028386223349828876,0.0038114487398860945,USDMAD
2021-02-10,8.923999786376953,8.925000190734863,8.65174674987793,8.923999786376953,0,8.970750045776366,8.955024436345091,50.01201935576791,0.025380112083620787,-0.003739957541133321,0.002706240511291589,USDMAD
2021-02-11,8.930000305175781,8.930000305175781,8.654254913330078,8.927000045776367,0,8.966650009155273,8.949929092605323,50.24489236010783,0.021684192978774774,0.0003362011957905864,0.0026284788644644155,USDMAD
2021-02-12,8.655647277832031,8.942500114440918,8.655647277832031,8.925000190734863,0,8.962900066375733,8.945396564992512,50.07742893404778,0.01838188395623952,-0.00022402319158154604,0.002628756183027821,USDMAD
2021-02-15,8.658449172973633,8.658449172973633,8.656331062316895,8.944999694824219,0,8.962900066375733,8.945324406780093,51.80730372472871,0.017180526684102304,0.002240840746436934,0.002690171702094812,USDMAD
2021-02-16,8.644319534301758,8.944999694824219,8.641119956970215,8.656331062316895,0,8.930633163452148,8.892780162332238,33.67127109345874,-0.006984194303873537,-0.032271508368452384,0.01034003832987004,USDMAD
2021-02-17,8.692922592163086,8.954999923706055,8.672746658325195,8.932999610900879,0,8.925233078002929,8.900092789344718,51.27629096212157,-0.00376665052645464,0.031961410277893565,0.015313043673833047,USDMAD
2021-02-18,8.946000099182129,8.946000099182129,8.652385711669922,8.949000358581543,0,8.921483135223388,8.908985074660505,52.06864579726851,7.355481814563802e-05,0.0017911953853819718,0.015330085168683373,USDMAD
2021-02-19,8.638427734375,8.916000366210938,8.623027801513672,8.916000366210938,0,8.911583137512206,8.910260582215129,50.25353058664055,0.0004489464538011134,-0.0036875618558849244,0.015310327013002289,USDMAD
2021-02-22,8.631098747253418,8.904000282287598,8.629233360290527,8.636726379394531,0,8.876955795288087,8.860527090793202,38.13705322471041,-0.02154032624383362,-0.031322787723828904,0.01809110454818089,USDMAD
2021-02-23,8.600534439086914,8.875,8.600534439086914,8.890999794006348,0,8.870305728912353,8.866067582286501,49.9656496683586,-0.0182389959809921,0.029440948276242773,0.02093335721282292,USDMAD
2021-02-24,8.619376182556152,8.904000282287598,8.61771011352539,8.902000427246094,0,8.868105792999268,8.872600826824609,50.40744438177672,-0.014567088468405487,0.001237277414758431,0.020908173834859035,USDMAD
2021-02-25,8.91100025177002,8.914999961853027,8.604860305786133,8.904999732971191,0,8.86590576171875,8.878491537033078,50.53568687909824,-0.011284970291375984,0.0003369249136315755,0.020908175320679883,USDMAD
2021-02-26,8.660408020019531,8.660408020019531,8.660408020019531,8.604860305786133,0,8.833891773223877,8.828740404079088,39.52182819807601,-0.032527652859275946,-0.03370459698878803,0.02346366239102042,USDMAD
2021-03-01,8.676456451416016,8.914999961853027,8.667142868041992,8.660408020019531,0,8.805432605743409,8.79813451606826,42.039512005316276,-0.0443689380336334,0.006455388264240192,0.023613568989659998,USDMAD
2021-03-02,8.676004409790039,8.9350004196167,8.6659574508667,8.9399995803833,0,8.833799457550048,8.823928164125538,52.71060368014239,-0.030837069032575215,0.03228387850981873,0.023538953363917793,USDMAD
2021-03-03,8.6204833984375,8.932999610900879,8.6204833984375,8.907500267028809,0,8.831249523162843,8.839123091926133,51.52315706233971,-0.022476295592417372,-0.003635270120795564,0.021342207765894523,USDMAD
2021-03-04,8.651789665222168,8.665021896362305,8.651789665222168,8.9350004196167,0,8.829849529266358,8.856555333324417,52.49830567451562,-0.01347594758422943,0.0030873030326681317,0.021358766431210794,USDMAD
2021-03-05,8.720582962036133,8.987000465393066,8.709612846374512,8.978500366210938,0,8.836099529266358,8.878727157485601,54.07211189585408,-0.002800739614922776,0.004868488478045885,0.021363818148496645,USDMAD
2021-03-08,8.716769218444824,9.016500473022461,8.716769218444824,9.016500473022461,0,8.87407693862915,8.903776851219575,55.46036789703026,0.008626292125082813,0.004232344518749542,0.018116156396390692,USDMAD
2021-03-09,8.772172927856445,9.039999961853027,8.736222267150879,9.039999961853027,0,8.888976955413819,8.928544689516565,56.33927367872253,0.019355392544618155,0.0026062760048510825,0.015850513740967232,USDMAD
2021-03-10,8.749232292175293,9.022000312805176,8.745805740356445,9.022000312805176,0,8.900976943969727,8.945536621023585,55.436903027557534,0.02610493918807677,-0.0019911116287396613,0.01589553712898598,USDMAD
2021-03-11,9.005000114440918,9.005000114440918,8.693897247314453,9.013999938964844,0,8.911876964569093,8.957984497012903,55.01512230367102,0.03045734688799051,-0.0008867627535965594,0.01590979567631745,USDMAD
2021-03-12,8.982000350952148,8.98799991607666,8.7221097946167,8.982000350952148,0,8.949590969085694,8.962351015910947,53.26936418793578,0.030967586960834126,-0.0035499876003294295,0.010453386030503732,USDMAD
2021-03-15,8.715092658996582,8.993000030517578,8.715092658996582,8.699308395385742,0,8.953481006622315,8.914525084906364,40.91679398109691,0.008463515497387775,-0.03147316238263553,0.015341464870292958,USDMAD
2021-03-16,8.716046333312988,9.007499694824219,8.71057415008545,8.994000434875488,0,8.958881092071532,8.928975148537113,53.120738328557884,0.014243867039484215,0.0338753411301127,0.015710992517985793,USDMAD
2021-03-17,8.72463607788086,9.003499984741211,8.72463607788086,8.99899959564209,0,8.968031024932861,8.941706866192563,53.296974303383706,0.019009102673054556,0.0005558328357664344,0.01563782944600587,USDMAD
2021-03-18,8.970000267028809,8.998000144958496,8.705988883972168,8.979999542236328,0,8.972530937194824,8.948669170927792,52.48931699854151,0.021010247667863524,-0.00211135173458199,0.015652027381283587,USDMAD
2021-03-19,8.982500076293945,8.982500076293945,8.689789772033691,8.982500076293945,0,8.972930908203125,8.954820244630728,52.59114019282812,0.022538136090981098,0.00027845592261521723,0.015580492755168936,USDMAD
2021-03-22,8.704085350036621,8.97249984741211,8.682109832763672,8.702033996582031,0,8.941484260559083,8.908859108621874,41.77634819616717,0.0011049923304682352,-0.031223610056191675,0.018339228087923258,USDMAD
2021-03-23,8.680217742919922,8.979999542236328,8.680217742919922,8.958000183105469,0,8.933284282684326,8.917793849437073,51.56554273997939,0.004719005775465135,0.02941452384855947,0.02106963715565666,USDMAD
2021-03-24,8.725423812866211,9.022000312805176,8.725395202636719,8.994999885559082,0,8.930584239959718,8.931831310550166,52.800869455526005,0.010448263162851745,0.004130352946787541,0.0211171902381166,USDMAD
2021-03-25,9.027000427246094,9.027000427246094,8.739835739135742,9.027000427246094,0,8.931884288787842,8.949134786313062,53.896108117410854,0.017370678821302832,0.0035575922283652694,0.021145518848600563,USDMAD
2021-03-26,8.778815269470215,9.0600004196167,8.767375946044922,9.0600004196167,0,8.939684295654297,8.96929217418645,55.05436133775272,0.025228745422914756,0.003655698549764219,0.02112078640572503,USDMAD
2021-03-29,8.764101028442383,9.042499542236328,8.764101028442383,9.039999961853027,0,8.973753452301025,8.982148135580372,54.16617341456561,0.02950236512766935,-0.002207555942311812,0.017891841672051843,USDMAD
2021-03-30,9.050000190734863,9.050000190734863,8.762282371520996,9.050000190734863,0,8.979353427886963,8.994484872881188,54.560901050234975,0.033312172441027244,0.0011062200137206268,0.014487652625335233,USDMAD
2021-03-31,8.796689987182617,9.072999954223633,8.76819133758545,9.072500228881836,0,8.986703491210937,9.008669483063123,55.489717219440564,0.03771231315192303,0.0024861920080407884,0.014498143513162882,USDMAD
2021-04-01,8.772601127624512,9.065500259399414,8.767868041992188,9.065500259399414,0,8.995253562927246,9.019002351487902,55.112278889938196,0.04017154476839302,-0.0007715590306779374,0.01447330366437068,USDMAD
2021-04-02,8.739457130432129,9.062000274658203,8.739457130432129,9.032500267028809,0,9.000253582000733,9.021456517949884,53.27260927681399,0.03900801978001134,-0.0036401733413873316,0.014549142007740934,USDMAD
2021-04-05,8.746179580688477,8.764021873474121,8.746179580688477,9.055000305175781,0,9.035550212860107,9.027555388354592,54.39050382616688,0.03944676512813139,0.0024910088548908416,0.009302572805997038,USDMAD
2021-04-06,8.70927619934082,8.754520416259766,8.70927619934082,8.757308959960938,0,9.015481090545654,8.9784196741012,40.56339829374819,0.015593517960624581,-0.03287590670148133,0.011093215545887856,USDMAD
2021-04-07,8.706884384155273,8.708746910095215,8.706884384155273,8.754520416259766,0,8.991433143615723,8.937710718130031,40.4596392092242,-0.0034950753913385313,-0.00031842472544030276,0.010898328392310731,USDMAD
2021-04-08,8.723645210266113,8.723645210266113,8.704910278320312,8.708746910095215,0,8.959607791900634,8.896080934850973,38.70927569225769,-0.02206214388943728,-0.005228556675650142,0.010694377839293659,USDMAD
2021-04-09,8.66364574432373,8.686993598937988,8.66364574432373,8.704910278320312,0,8.924098777770997,8.86132263366358,38.55870193933547,-0.03666362808065138,-0.00044054923337533136,0.010464529875777007,USDMAD
2021-04-12,8.683306694030762,8.956500053405762,8.673504829406738,8.95199966430664,0,8.915298748016358,8.877809366507773,51.61295398828052,-0.027974884014113854,0.02838505832756333,0.014658597949523249,USDMAD
2021-04-13,8.683188438415527,8.956000328063965,8.683188438415527,8.956000328063965,0,8.905898761749267,8.892025904972535,51.79155232242341,-0.02052952008374298,0.0004469016875945364,0.014650148616833105,USDMAD
2021-04-14,8.657888412475586,8.944000244140625,8.657888412475586,8.944000244140625,0,8.893048763275146,8.901475784821278,51.18131793936832,-0.015419574752309373,-0.0013398931982769868,0.014600412511180052,USDMAD
2021-04-15,8.655976295471191,8.928999900817871,8.655976295471191,8.928999900817871,0,8.879398727416993,8.906480169547931,50.382189870519916,-0.012436943264797051,-0.001677140307837166,0.014599377778599227,USDMAD
2021-04-16,8.940999984741211,8.940999984741211,8.647332191467285,8.932499885559082,0,8.86939868927002,8.911211027004503,50.57609602903716,-0.00967919111414517,0.00039197948035485375,0.014586915306136589,USDMAD
2021-04-19,8.662650108337402,8.918000221252441,8.631208419799805,8.655852317810059,0,8.829483890533448,8.86478217078733,37.95126323971134,-0.02947700675826681,-0.030970900788509614,0.01728195254900681,USDMAD
2021-04-20,8.631535530090332,8.915499687194824,8.631535530090332,8.914999961853027,0,8.845252990722656,8.87391267825382,50.433069772700435,-0.023979449042874634,0.029939009415601125,0.01718213325202123,USDMAD
2021-04-21,8.65032958984375,8.922499656677246,8.65032958984375,8.916999816894531,0,8.861500930786132,8.881746703461221,50.515796724131754,-0.019239443034139825,0.00022432473921041307,0.017175137062577103,USDMAD
2021-04-22,8.629754066467285,8.928999900817871,8.629754066467285,8.922499656677246,0,8.882876205444337,8.88915633131868,50.75919435777538,-0.014867776542816458,0.0006167814170294772,0.017001398104928046,USDMAD
2021-04-23,8.627981185913086,8.928000450134277,8.627981185913086,8.928000450134277,0,8.905185222625732,8.896218898376063,51.01869599129936,-0.010834438628052112,0.0006165081164126729,0.01698396344965391,USDMAD
2021-04-26,8.619991302490234,8.902000427246094,8.619991302490234,8.597561836242676,0,8.869741439819336,8.841917614351809,38.04725082218547,-0.03391072212632196,-0.03701149162538764,0.018501950770242064,USDMAD
2021-04-27,8.627876281738281,8.899999618530273,8.618208885192871,8.895000457763672,0,8.863641452789306,8.851569040426693,50.297128262386046,-0.027876687000768285,0.03459569435920251,0.022175302088468695,USDMAD
2021-04-28,8.6198148727417,8.897000312805176,8.6198148727417,8.894000053405762,0,8.858641433715821,8.85928377005925,50.26113126152812,-0.022911287896754118,-0.00011246816261112347,0.02217329682133412,USDMAD
2021-04-29,8.5709228515625,8.868000030517578,8.5709228515625,8.887999534606934,0,8.854541397094726,8.864504818158828,50.02984480965502,-0.01923859450979215,-0.0006746704253201008,0.02216883931067843,USDMAD
2021-04-30,8.607619285583496,8.89799976348877,8.607619285583496,8.901000022888184,0,8.851391410827636,8.871140309927801,50.56066338968487,-0.015104808950450632,0.0014627012783507976,0.022174807814120758,USDMAD
2021-05-03,8.673949241638184,8.944000244140625,8.647729873657227,8.683979988098145,0,8.854204177856445,8.837111160504227,42.453424127715614,-0.029006093023101087,-0.024381534011008843,0.02123454157702459,USDMAD
2021-05-04,8.648734092712402,8.930999755859375,8.648734092712402,8.90999984741211,0,8.853704166412353,8.850363649032932,51.225194046949426,-0.02153678443932705,0.02602722019439674,0.020660806494187646,USDMAD
2021-05-05,8.657377243041992,8.925000190734863,8.6316499710083,8.925000190734863,0,8.854504203796386,8.863933929342373,51.7508441406572,-0.014242720019577604,0.0016835402446286896,0.020666649405144552,USDMAD
2021-05-06,8.914999961853027,8.914999961853027,8.60619068145752,8.914999961853027,0,8.853754234313964,8.873218662526128,51.35350194711081,-0.009163426040039724,-0.0011204738003498527,0.020670825979252183,USDMAD
2021-05-07,8.593791007995605,8.914999961853027,8.593791007995605,8.8774995803833,0,8.848704147338868,8.87399701122743,49.8090792025496,-0.008070979124424227,-0.004206436526100865,0.020713876107838307,USDMAD
2021-05-10,8.531678199768066,8.838500022888184,8.531678199768066,8.530449867248535,0,8.841992950439453,8.811533894140357,38.32250136340702,-0.03480797385229195,-0.039093182713479946,0.021129281448942112,USDMAD
2021-05-11,8.584786415100098,8.840999603271484,8.557616233825684,8.840999603271484,0,8.836592864990234,8.816891295800561,49.536989601793,-0.030585891362582274,0.03640484861358373,0.021468965083187595,USDMAD
2021-05-12,8.57054615020752,8.869999885559082,8.57054615020752,8.843999862670898,0,8.831592845916749,8.821820126140622,49.632273032034306,-0.02669009787738652,0.00033935748603619587,0.021470115304706102,USDMAD
2021-05-13,8.608224868774414,8.874500274658203,8.597709655761719,8.864999771118164,0,8.82929286956787,8.829670970681992,50.339082321610576,-0.021658470992878875,0.002374480865372064,0.021486729929728898,USDMAD
2021-05-14,8.595396995544434,8.857500076293945,8.579423904418945,8.857500076293945,0,8.824942874908448,8.834730808065983,50.0688555115875,-0.018067759248909354,-0.0008459892857135554,0.021481061477257223,USDMAD
2021-05-17,8.566801071166992,8.857500076293945,8.55451774597168,8.850000381469727,0,8.841544914245606,8.83750709413939,49.78106794106212,-0.015646889415553034,-0.0008467055895704512,0.019768262832992784,USDMAD
2021-05-18,8.538535118103027,8.835000038146973,8.538535118103027,8.835000038146973,0,8.834044933319092,8.837051265777133,49.172278664814705,-0.014768492980229198,-0.0016949539747096454,0.017890173874321902,USDMAD
2021-05-19,8.542959213256836,8.8100004196167,8.542959213256836,8.795000076293945,0,8.821044921875,8.829405594962006,47.50397242511524,-0.017102868878376754,-0.004527443314127799,0.01790601533784379,USDMAD
2021-05-20,8.547872543334961,8.807000160217285,8.54531478881836,8.829999923706055,0,8.812544918060302,8.82951365473365,49.130292190683214,-0.01594488075569167,0.003979516442125686,0.017984837346597757,USDMAD
2021-05-21,8.536768913269043,8.82450008392334,8.536768913269043,8.8100004196167,0,8.805795001983643,8.825965793803295,48.21118728251992,-0.016451319096834283,-0.0022649495200631753,0.01795457211753847,USDMAD
2021-05-24,8.561787605285645,8.814000129699707,8.53573989868164,8.814000129699707,0,8.834150028228759,8.823790218511732,48.41901303200374,-0.01634155666122794,0.0004539965825769432,0.011858761931673798,USDMAD
2021-05-25,8.809499740600586,8.809499740600586,8.516145706176758,8.809499740600586,0,8.83100004196167,8.821191949800614,48.18470947592604,-0.016428337283276306,-0.0005105955335712453,0.0023742700335807505,USDMAD
2021-05-26,8.522195816040039,8.817999839782715,8.522195816040039,8.789999961853027,0,8.825600051879883,8.815520679264688,47.12071560134389,-0.017864648186018073,-0.00221349444596608,0.002428031112977046,USDMAD
2021-05-27,8.571640014648438,8.826000213623047,8.56275463104248,8.826000213623047,0,8.821700096130371,8.817426049148025,49.344619433149596,-0.015914562305530566,0.004095591800483911,0.0027079293478837778,USDMAD
2021-05-28,8.576951026916504,8.84000015258789,8.573973655700684,8.837499618530273,0,8.819700050354005,8.821075789035707,50.067010740567696,-0.013288023263482884,0.0013029010456488965,0.0027567352480448665,USDMAD
2021-05-31,8.566238403320312,8.569670677185059,8.566238403320312,8.829000473022461,0,8.817600059509278,8.822516640669662,49.50508193652247,-0.011756757578588406,-0.0009617138189168539,0.0027598663146272203,USDMAD
2021-06-01,8.54090690612793,8.829000473022461,8.54090690612793,8.569670677185059,0,8.791067123413086,8.776544647308825,36.166762749178794,-0.03111034501387877,-0.029372497671712683,0.009654351002474094,USDMAD
2021-06-02,8.54831600189209,8.814000129699707,8.54831600189209,8.8100004196167,0,8.792567157745362,8.782627515001165,49.69404388784711,-0.02674727486163775,0.02804422147416563,0.013720622966664502,USDMAD
2021-06-03,8.544886589050293,8.547571182250977,8.544886589050293,8.819999694824219,0,8.791567134857178,8.789422456787173,50.16722176374742,-0.022226439827097266,0.001134991456442469,0.013664204553014845,USDMAD
2021-06-04,8.593246459960938,8.857500076293945,8.584733963012695,8.850000381469727,0,8.79556713104248,8.800436624911274,51.63704532600358,-0.016037965126582066,0.003401438512873556,0.013678668601669832,USDMAD
2021-06-07,8.54592514038086,8.82800006866455,8.54592514038086,8.82800006866455,0,8.796967124938964,8.805448160139141,50.46162371848065,-0.01276168693683033,-0.0024859109442797456,0.013712214398082203,USDMAD
2021-06-08,8.530643463134766,8.821000099182129,8.530643463134766,8.8149995803833,0,8.797517108917237,8.807184782001716,49.74107566290975,-0.011086445973713666,-0.0014726425215373373,0.013721464660332038,USDMAD
2021-06-09,8.550747871398926,8.550747871398926,8.20199966430664,8.819999694824219,0,8.800517082214355,8.809514766151262,50.03657661265059,-0.009248724454915092,0.0005672279839972205,0.013696459977407004,USDMAD
2021-06-10,8.551286697387695,8.8125,8.551286697387695,8.8125,0,8.799167060852051,8.81005753594194,49.56584159461368,-0.008301781832662058,-0.0008503055650466163,0.01363837592784062,USDMAD
2021-06-11,8.545914649963379,8.817500114440918,8.545914649963379,8.8100004196167,0,8.796417140960694,8.810047151155532,49.399034094110434,-0.007664664745146155,-0.00028364032718308785,0.013629865905955106,USDMAD
2021-06-14,8.592313766479492,8.836000442504883,8.561161041259766,8.835000038146973,0,8.797017097473145,8.81458403969943,51.16905807121347,-0.005083880765388571,0.0028376410147050724,0.013660057843978505,USDMAD
2021-06-15,8.559924125671387,8.837499618530273,8.539743423461914,8.837499618530273,0,8.823799991607666,8.818750508577764,51.352289999960774,-0.002804566325995239,0.00028291798217416897,0.008942708558718267,USDMAD
2021-06-16,8.536785125732422,8.819999694824219,8.536785125732422,8.819999694824219,0,8.824799919128418,8.818977633349846,49.93941660577165,-0.002382823099875253,-0.001980189472298388,0.0019508526772573787,USDMAD
2021-06-17,8.635419845581055,8.902000427246094,8.615126609802246,8.819999694824219,0,8.824799919128418,8.819163462708822,49.93941660577165,-0.002025242816163342,0.0,0.0019176607353758258,USDMAD
2021-06-18,8.633638381958008,8.937000274658203,8.633638381958008,8.902000427246094,0,8.829999923706055,8.834224728988325,56.450816805096125,0.004819361335110628,0.009297135516908694,0.0034069915986461277,USDMAD
2021-06-21,8.632711410522461,8.90999984741211,8.632711410522461,8.902000427246094,0,8.837399959564209,8.84654758321701,56.450816805096125,0.01012702143841615,0.0,0.0032443307811597082,USDMAD
2021-06-22,8.623866081237793,8.909000396728516,8.623866081237793,8.906000137329102,0,8.846500015258789,8.857357138510118,56.768910318210395,0.014489102136364451,0.0004493046384008714,0.003147605659588526,USDMAD
2021-06-23,8.606782913208008,8.894000053405762,8.606350898742676,8.894000053405762,0,8.853900051116943,8.86401948667296,55.46004349790631,0.01678429710370466,-0.0013474156454412745,0.0032360100157894033,USDMAD
2021-06-24,8.616377830505371,8.890000343322754,8.601337432861328,8.890000343322754,0,8.861650085449218,8.868743278791104,55.004830510452244,0.018072187546096075,-0.0004497087990770199,0.0032151650900290206,USDMAD
2021-06-25,8.612187385559082,8.899999618530273,8.611601829528809,8.899999618530273,0,8.870650005340575,8.874426249652771,55.9776501972575,0.019672930643771736,0.0011247778201752823,0.003189241802198544,USDMAD
2021-06-28,8.612466812133789,8.890000343322754,8.611031532287598,8.614630699157715,0,8.848613071441651,8.827190695017306,33.63048554773572,-0.0020615910461021514,-0.03206392489932308,0.010858036776067469,USDMAD
2021-06-29,8.892999649047852,8.904999732971191,8.623758316040039,8.892999649047852,0,8.854163074493409,8.839155959386495,53.240452713717765,0.0031395015362125633,0.03231350937856847,0.015494472605172508,USDMAD
2021-06-30,8.63154125213623,8.930000305175781,8.63154125213623,8.906000137329102,0,8.862763118743896,8.85130944628515,53.925145504037765,0.008215729815034933,0.0014618788703810726,0.015465675004005315,USDMAD
2021-07-01,8.640583038330078,8.930999755859375,8.640583038330078,8.930999755859375,0,8.873863124847412,8.865798593480463,55.28119047264141,0.014093476755956402,0.0028070534633710675,0.015469397737461544,USDMAD
2021-07-02,8.654133796691895,8.932999610900879,8.654133796691895,8.932999610900879,0,8.876963043212891,8.878016960284175,55.39428729967647,0.018697472319749053,0.00022392286375239046,0.015216099733559573,USDMAD
2021-07-05,8.633700370788574,8.633700370788574,8.627076148986816,8.628824234008789,0,8.84964542388916,8.832709191870467,39.16845852968304,-0.0021731876865587196,-0.03405075452157269,0.018732187080368317,USDMAD
2021-07-06,8.638566970825195,8.9350004196167,8.638566970825195,8.627076148986816,0,8.821753025054932,8.79532136589162,39.097579956546475,-0.018639527092837227,-0.00020258669948136632,0.018720161201417635,USDMAD
2021-07-07,8.668415069580078,8.944999694824219,8.658941268920898,8.944999694824219,0,8.826852989196777,8.822535607515729,55.03445514129151,-0.005966666537016607,0.036851830254766016,0.022595277303763782,USDMAD
2021-07-08,8.682074546813965,8.928000450134277,8.649267196655273,8.944999694824219,0,8.832352924346925,8.844801805208181,55.03445514129151,0.00403020901568496,0.0,0.022592957538821273,USDMAD
2021-07-09,8.652371406555176,8.935999870300293,8.63735580444336,8.935999870300293,0,8.835952949523925,8.861383271588565,54.5656753612914,0.011098655893921006,-0.0010061291035183828,0.022600089955296124,USDMAD
2021-07-12,8.62535572052002,8.907999992370605,8.62535572052002,8.624484062194824,0,8.836938285827637,8.81831068806243,41.41558512521956,-0.008340131453698163,-0.03486076685618844,0.023062272302789306,USDMAD
2021-07-13,8.652209281921387,8.944000244140625,8.652209281921387,8.932000160217285,0,8.84083833694458,8.838981501181495,53.36383895178091,0.0010562923350434517,0.035656173262635926,0.023595039159516527,USDMAD
2021-07-14,8.668000221252441,8.961000442504883,8.668000221252441,8.961000442504883,0,8.846338367462158,8.861166763240293,54.31020810633884,0.010719538137369256,0.003246784792589219,0.023608290767745413,USDMAD
2021-07-15,8.645877838134766,8.949999809265137,8.645877838134766,8.937000274658203,0,8.846938419342042,8.874954674407185,53.345420614975566,0.016253753930483228,-0.00267829111276896,0.023621915462841692,USDMAD
2021-07-16,8.665644645690918,8.666661262512207,8.665644645690918,8.937000274658203,0,8.847338485717774,8.886235692634642,53.345420614975566,0.02040445001989788,0.0,0.023622120703415336,USDMAD
2021-07-19,8.665926933288574,8.678528785705566,8.665926933288574,8.663578033447266,0,8.850813865661621,8.8457524818733,43.20467541628933,0.0016124297082260597,-0.030594408952437258,0.023082862933088914,USDMAD
2021-07-20,8.66495418548584,8.968999862670898,8.66495418548584,8.663668632507324,0,8.854473114013672,8.812646327443122,43.208527807561445,-0.01312181112043831,1.045746453809393e-05,0.02308209586636571,USDMAD
2021-07-21,8.676667213439941,8.96500015258789,8.67434024810791,8.96500015258789,0,8.856473159790038,8.84034702292399,54.30925845178894,-0.00047835363082349147,0.03478105325380598,0.022727926667574228,USDMAD
2021-07-22,8.663228034973145,8.949999809265137,8.663228034973145,8.949999809265137,0,8.85697317123413,8.860283893167834,53.7460664959961,0.008236331870973501,-0.001673211719737,0.022737809389418703,USDMAD
2021-07-23,8.678099632263184,8.681642532348633,8.678099632263184,8.949999809265137,0,8.858373165130615,8.876595877912798,53.7460664959961,0.014970215590373925,0.0,0.022733671533432667,USDMAD
2021-07-26,8.680756568908691,8.967499732971191,8.673988342285156,8.677290916442871,0,8.86365385055542,8.840358612190993,44.10294518153093,-0.0016791058869767284,-0.030470268003799816,0.022008081958154672,USDMAD
2021-07-27,8.662565231323242,8.956999778747559,8.662565231323242,8.925999641418457,0,8.863053798675537,8.855929708414168,52.477252438344934,0.005135701282807048,0.028662024515543116,0.020859418619049587,USDMAD
2021-07-28,8.651897430419922,8.9399995803833,8.651897430419922,8.9399995803833,0,8.86095371246338,8.871215139681283,52.90496781933024,0.011533215406950958,0.0015684449391955013,0.020838281749494904,USDMAD
2021-07-29,8.636125564575195,8.636677742004395,8.636125564575195,8.9399995803833,0,8.861253643035889,8.883721401627104,52.90496781933024,0.01641408014345025,0.0,0.020817798114685523,USDMAD
2021-07-30,8.62995433807373,8.62995433807373,8.6097412109375,8.636677742004395,0,8.831221389770509,8.838804372604793,43.14715660825348,-0.004145549465226495,-0.03392861886084131,0.023456725496320965,USDMAD
2021-08-02,8.626089096069336,8.626089096069336,8.626089096069336,8.6097412109375,0,8.825837707519531,8.797156525028921,42.39926788642504,-0.022355061756957895,-0.0031188533220232184,0.021406309310468857,USDMAD
2021-08-03,8.639966011047363,8.924500465393066,8.628605842590332,8.626089096069336,0,8.822079753875732,8.766053356127177,43.04451335766461,-0.03506291033105313,0.0018987661453828686,0.021418822973966165,USDMAD
2021-08-04,8.64737319946289,8.9399995803833,8.642383575439453,8.924500465393066,0,8.81802978515625,8.794861921448247,53.32317830398448,-0.020814729064634108,0.03459405137140403,0.021384916097637534,USDMAD
2021-08-05,8.658342361450195,8.9399995803833,8.647850036621094,8.927499771118164,0,8.815779781341552,8.818977894115504,53.41417904948485,-0.009175158338633693,0.00033607547410952066,0.02137946305271055,USDMAD
2021-08-06,8.661086082458496,8.66238021850586,8.661086082458496,8.930000305175781,0,8.813779830932617,8.839163787035554,53.495580963726496,0.0002481964665452807,0.0002800934328452964,0.021379713251940897,USDMAD
2021-08-09,8.70222282409668,8.70222282409668,8.684672355651855,8.69367790222168,0,8.815418529510499,8.812711807978486,45.418247059341105,-0.011223591274642786,-0.026463874006491417,0.02077462763398147,USDMAD
2021-08-10,8.697915077209473,8.697915077209473,8.688201904296875,8.684672355651855,0,8.791285800933839,8.789431907555462,45.13855019364958,-0.020801946168326424,-0.0010358730414342654,0.01825245375756999,USDMAD
2021-08-11,8.695840835571289,8.717376708984375,8.695840835571289,8.688201904296875,0,8.766106033325196,8.771026452417537,45.28078009452486,-0.027787736621402104,0.000406411261182793,0.018226739877200034,USDMAD
2021-08-12,8.695140838623047,8.695140838623047,8.694933891296387,8.717376708984375,0,8.743843746185302,8.761271953611507,46.51510153131164,-0.030616930059748526,0.0033579795921951927,0.018312804579873252,USDMAD
2021-08-13,8.696155548095703,8.696155548095703,8.694387435913086,8.694933891296387,0,8.749669361114503,8.749210487736029,45.66181353143164,-0.034274933964507426,-0.002574492125005712,0.014620581148102843,USDMAD
2021-08-16,8.661438941955566,8.673343658447266,8.661438941955566,8.694387435913086,0,8.75813398361206,8.739242660131858,45.63985981869788,-0.036793885784117464,-6.284756044527828e-05,0.014562131733886012,USDMAD
2021-08-17,8.686800003051758,8.686800003051758,8.681225776672363,8.673343658447266,0,8.762859439849853,8.727261023461931,44.74762637199258,-0.04002682588753359,-0.002420386441360667,0.014598945589300355,USDMAD
2021-08-18,8.706622123718262,8.706622123718262,8.706622123718262,8.681225776672363,0,8.738531970977784,8.7188909785911,45.17991896882366,-0.041474837040201606,0.0009087750394187744,0.00851145125092124,USDMAD
2021-08-19,8.711684226989746,8.711684226989746,8.711684226989746,8.706622123718262,0,8.716444206237792,8.71666027770513,46.62884576843522,-0.04011075157449717,0.002925433308524461,0.008653190490836805,USDMAD
2021-08-20,8.989999771118164,9.010000228881836,8.715071678161621,8.711684226989746,0,8.694612598419189,8.715755541211422,46.929938860191086,-0.038181106557493294,0.0005814084038049394,0.008664339896472696,USDMAD
2021-08-23,8.70143985748291,8.993000030517578,8.70143985748291,8.699238777160645,0,8.695168685913085,8.712752493202188,46.23927067327661,-0.0372269635070932,-0.0014285928535545667,0.0020200146674341805,USDMAD
2021-08-24,8.69250774383545,8.991000175476074,8.692330360412598,8.991000175476074,0,8.725801467895508,8.763342980888348,60.80303938214864,-0.012780763091932101,0.03353872744376574,0.010731098612240522,USDMAD
2021-08-25,8.97599983215332,8.97599983215332,8.691293716430664,8.97599983215332,0,8.754581260681153,8.802007862936524,59.9045224154748,0.005321284069035315,-0.0016683731542647129,0.01081776345860917,USDMAD
2021-08-26,8.676861763000488,8.677474975585938,8.676861763000488,8.980999946594238,0,8.780943584442138,8.834551878147018,60.11609631019973,0.019842027765147208,0.0005570537582906265,0.010852753020064852,USDMAD
2021-08-27,8.699454307556152,8.699454307556152,8.68520736694336,8.677474975585938,0,8.779197692871094,8.80599244131773,44.69738780305523,0.0067797406344869415,-0.03379634481830762,0.01594324397952094,USDMAD
2021-08-30,8.651805877685547,8.668545722961426,8.651805877685547,8.68520736694336,0,8.778279685974121,8.784031518704207,45.08380968547185,-0.002914678070533583,0.0008910877160899222,0.015946254887346606,USDMAD
2021-08-31,8.663991928100586,8.663991928100586,8.646397590637207,8.668545722961426,0,8.777799892425538,8.763034101296428,44.364460138551976,-0.011805938649146697,-0.001918393341458824,0.01593854605433965,USDMAD
2021-09-01,8.676141738891602,8.676141738891602,8.65878677368164,8.646397590637207,0,8.774317073822022,8.74182746299475,43.373741806949326,-0.020404287964245427,-0.002554999769517563,0.01595565694845517,USDMAD
2021-09-02,8.641058921813965,8.645282745361328,8.641058921813965,8.65878677368164,0,8.76953353881836,8.726729155846913,44.12539875793071,-0.025920048034191012,0.0014328722354670642,0.015929223539915608,USDMAD
2021-09-03,8.623019218444824,8.633479118347168,8.623019218444824,8.645282745361328,0,8.762893390655517,8.711920717576806,43.44841061663148,-0.031023371738085004,-0.0015595751083001819,0.01592840929847707,USDMAD
2021-09-06,8.629627227783203,8.637408256530762,8.629627227783203,8.633479118347168,0,8.75631742477417,8.697658608625963,42.82985908774876,-0.03560975945322653,-0.0013653257344872216,0.015928078532184708,USDMAD
2021-09-07,8.635449409484863,8.635449409484863,8.635449409484863,8.637408256530762,0,8.720958232879639,8.686703999154107,43.12014567818617,-0.03848383841251746,0.00045510484588340283,0.010575695917697725,USDMAD
2021-09-08,8.658659934997559,8.658659934997559,8.658659934997559,8.635449409484863,0,8.686903190612792,8.677384982850608,43.0029143978965,-0.04045330871861452,-0.0002267864372877959,0.010620025800668441,USDMAD
2021-09-09,8.654817581176758,8.654817581176758,8.654817581176758,8.658659934997559,0,8.654669189453125,8.673980428695508,44.913972427103054,-0.03968378274980111,0.002687819059793428,0.01073806701194014,USDMAD
2021-09-10,8.652693748474121,8.652693748474121,8.652693748474121,8.654817581176758,0,8.652403450012207,8.67049627460119,44.647095211831086,-0.03893515350353205,-0.0004437584856832322,0.0016450138224255492,USDMAD
2021-09-13,8.67251968383789,8.96399974822998,8.67251968383789,8.652693748474121,0,8.649152088165284,8.667259451668995,44.48973407941193,-0.03807433771702584,-0.0002453931215437022,0.0015951398920413184,USDMAD
2021-09-14,8.653647422790527,8.663694381713867,8.653647422790527,8.947500228881836,0,8.677047538757325,8.718212320253148,63.64446944167486,-0.01344868773533392,0.034071063760889864,0.010941471297532613,USDMAD
2021-09-15,8.663766860961914,8.94950008392334,8.654461860656738,8.94950008392334,0,8.707357788085938,8.760264640920454,63.73588625774253,0.006157706672269114,0.00022350991789288344,0.0108129043978515,USDMAD
2021-09-16,8.661087989807129,8.944000244140625,8.661087989807129,8.944999694824219,0,8.735979080200195,8.793852832539319,63.34984175812621,0.021089663198271325,-0.0005028648591450802,0.010871250304019316,USDMAD
2021-09-17,8.687562942504883,8.97249984741211,8.6799898147583,8.97249984741211,0,8.768700790405273,8.826334107970734,64.75467440008626,0.03474189586014731,0.003074360371840168,0.010738600823613323,USDMAD
2021-09-20,8.718711853027344,8.986000061035156,8.709089279174805,8.986000061035156,0,8.803952884674072,8.855364281255174,65.4547221218082,0.046119110618038306,0.0015046212151166305,0.01062376122763459,USDMAD
2021-09-21,8.697650909423828,8.991000175476074,8.695889472961426,8.991000175476074,0,8.839312076568604,8.8800253529317,65.72624832850993,0.05490617848212409,0.0005564338311769834,0.01061998875684295,USDMAD
2021-09-22,8.708429336547852,8.987000465393066,8.698176383972168,8.987000465393066,0,8.874467182159425,8.89947537337922,65.28420541125924,0.0608458567338932,-0.000444857079851646,0.010630011041373622,USDMAD
2021-09-23,9.003499984741211,9.003499984741211,8.706382751464844,9.003499984741211,0,8.90895118713379,8.9183889390814,66.29135583771071,0.06612225170269426,0.0018359317340286285,0.010645525687743854,USDMAD
2021-09-24,8.682516098022461,8.994000434875488,8.682516098022461,8.994000434875488,0,8.942869472503663,8.932136483771233,65.11997564067639,0.06874485060118118,-0.0010550952276139336,0.010675357002257397,USDMAD
2021-09-27,8.709284782409668,8.710538864135742,8.709284782409668,8.989999771118164,0,8.976600074768067,8.942657081470674,64.60224686079248,0.06969703495865787,-0.00044481471690960284,0.010684147573747945,USDMAD
2021-09-28,8.723356246948242,8.99899959564209,8.72248363494873,8.99899959564209,0,8.981750011444092,8.952901174956386,65.27115290085291,0.07036671485934498,0.0010010928535102437,0.0012869224768575,USDMAD
2021-09-29,8.722707748413086,9.01099967956543,8.722707748413086,9.01099967956543,0,8.9878999710083,8.963464539430756,66.18861330288861,0.07104676461178094,0.0013334908837145942,0.001301044704590474,USDMAD
2021-09-30,8.77334976196289,9.045000076293945,8.770909309387207,9.01099967956543,0,8.994499969482423,8.972107292182514,66.18861330288861,0.0707699173852081,0.0,0.0012590356108349535,USDMAD
2021-10-01,8.774548530578613,8.774548530578613,8.762931823730469,9.062999725341797,0,9.003549957275391,8.988633189120565,70.1514728345619,0.07389467130227345,0.005770729955111298,0.001926985094258644,USDMAD
2021-10-04,8.749564170837402,8.749564170837402,8.748037338256836,8.762931823730469,0,8.981243133544922,8.947596577231456,40.588456997531935,0.05156369522497073,-0.0331091151610966,0.010940159217883634,USDMAD
2021-10-05,8.755269050598145,9.055000305175781,8.755269050598145,9.029999732971191,0,8.985143089294434,8.962578969184134,57.68177113754496,0.05478485834913549,0.03047700411379317,0.01514061858808818,USDMAD
2021-10-06,8.761876106262207,9.055999755859375,8.761876106262207,9.055000305175781,0,8.991943073272704,8.979382848455343,58.874600971639474,0.05867858042172003,0.002768612729112885,0.01515157496163703,USDMAD
2021-10-07,8.772868156433105,9.076000213623047,8.772868156433105,8.774651527404785,0,8.969058227539062,8.942158971900696,43.92329000488387,0.03869651053763512,-0.03096065911900081,0.018165984415714508,USDMAD
2021-10-08,8.779425621032715,9.071999549865723,8.776629447937012,9.071999549865723,0,8.976858139038086,8.965766349712519,56.532030853118584,0.046320126972485554,0.033887160251580006,0.021510743481308315,USDMAD
2021-10-11,8.766619682312012,8.77464771270752,8.766619682312012,8.770711898803711,0,8.95492935180664,8.930301904092735,45.39440795073201,0.027730838601993213,-0.033210721562091705,0.02410642035182828,USDMAD
2021-10-12,8.787375450134277,9.067500114440918,8.779500007629395,8.77464771270752,0,8.932494163513184,8.902001142022696,45.545336330417875,0.013164528439638445,0.0004487450903893908,0.02409889158685703,USDMAD
2021-10-13,8.788552284240723,9.071999549865723,8.77627944946289,9.082500457763672,0,8.939644241333008,8.934819199430146,55.82931336409559,0.02616020779338868,0.03508434243010328,0.026862920538793456,USDMAD
2021-10-14,8.747488975524902,9.068499565124512,8.747488975524902,9.068499565124512,0,8.945394229888915,8.959124720465486,55.31764673535822,0.034927005506240505,-0.001541524022406482,0.026874454298086277,USDMAD
2021-10-15,8.765756607055664,9.052499771118164,8.75537395477295,9.052499771118164,0,8.944344234466552,8.976102002402335,54.70068121973328,0.040121213816302514,-0.0017643264898946631,0.02683022701105904,USDMAD
2021-10-18,8.773021697998047,9.053500175476074,8.763075828552246,9.053500175476074,0,8.973401069641113,8.990174397506651,54.73467572279323,0.043813332767935975,0.00011051139278706046,0.02417155793342159,USDMAD
2021-10-19,8.737296104431152,9.043999671936035,8.733311653137207,9.043999671936035,0,8.974801063537598,8.999960811039266,54.317792068867774,0.04544884639046032,-0.0010493735412712146,0.02224562605371254,USDMAD
2021-10-20,8.75200366973877,9.034500122070312,8.743258476257324,9.034500122070312,0,8.972751045227051,9.006240685772184,53.87592852497201,0.04545449728616546,-0.0010503704345766751,0.02223278892864841,USDMAD
2021-10-21,8.72668170928955,9.02400016784668,8.72668170928955,9.02400016784668,0,8.99768590927124,9.009469682513002,53.35924477899436,0.04410332147110019,-0.0011622064399536836,0.01944491106666889,USDMAD
2021-10-22,8.758488655090332,9.045000076293945,8.7448091506958,9.045000076293945,0,8.994985961914063,9.015929754109536,54.3031555073752,0.04421731235855475,0.002327117470818596,0.01615277645809087,USDMAD
2021-10-25,8.742180824279785,9.055000305175781,8.742180824279785,8.742630958557129,0,8.992177867889405,8.966239064009098,41.332504262547936,0.01968210708215956,-0.03342942124780035,0.016202537550755902,USDMAD
2021-10-26,8.784332275390625,9.065999984741211,8.772051811218262,9.065999984741211,0,9.021313095092774,8.984377413233117,53.98969893722429,0.02603089014146498,0.03698761021904673,0.020032979262499726,USDMAD
2021-10-27,8.787627220153809,9.072999954223633,8.775012969970703,9.072999954223633,0,9.020363044738769,9.00049060250412,54.219948385703916,0.03126676172622744,0.0007721122318777862,0.016668912136282507,USDMAD
2021-10-28,8.778117179870605,9.026000022888184,8.777477264404297,9.072999954223633,0,9.020813083648681,9.013674120998576,54.219948385703916,0.03501262394532745,0.0,0.016659992195363585,USDMAD
2021-10-29,8.719895362854004,9.026000022888184,8.719895362854004,9.026000022888184,0,9.018163108825684,9.015915194069413,52.18632430456854,0.03379912974897259,-0.005180197461983838,0.01673898540790274,USDMAD
2021-11-01,8.821332931518555,9.083000183105469,8.786117553710938,9.026000022888184,0,9.015413093566895,9.017748799309189,52.18632430456854,0.032463211164944994,0.0,0.01673881800652693,USDMAD
2021-11-02,8.7686185836792,9.074000358581543,8.7686185836792,9.072500228881836,0,9.018263149261475,9.027703604686034,54.15916107201715,0.03475601832322006,0.005151806545062865,0.016817650126983535,USDMAD
2021-11-03,8.790702819824219,9.074999809265137,8.781211853027344,9.074000358581543,0,9.022213172912597,9.036121196303398,54.22477984109454,0.03627596569309155,0.00016534909472154524,0.016810058608863913,USDMAD
2021-11-04,8.769292831420898,9.07800006866455,8.769292831420898,9.07800006866455,0,9.027613162994385,9.043735536732697,54.412153692925465,0.03737247152290912,0.00044078795734514564,0.01679941658209364,USDMAD
2021-11-05,8.795242309570312,9.083000183105469,8.795242309570312,9.088000297546387,0,9.03191318511963,9.05178367506246,54.909127265147966,0.03860339923173939,0.0011015894256660719,0.016790886379244474,USDMAD
2021-11-08,8.7855224609375,9.081999778747559,8.769556045532227,9.081999778747559,0,9.065850067138673,9.057277512096114,54.52502783825047,0.03864920264095595,-0.0006602683321267344,0.011895595162429327,USDMAD
2021-11-09,8.768759727478027,9.064000129699707,8.766855239868164,9.064000129699707,0,9.065650081634521,9.058499806205857,53.32012996557895,0.036808772309418814,-0.001981903709133759,0.002576972951599857,USDMAD
2021-11-10,8.758157730102539,9.053000450134277,8.758157730102539,9.053000450134277,0,9.063650131225586,9.057499923283752,52.55580904440338,0.03406989920901182,-0.0012135568631985727,0.0025857222948845802,USDMAD
2021-11-11,8.835102081298828,8.835102081298828,8.822891235351562,9.053000450134277,0,9.06165018081665,9.056681837256574,52.55580904440338,0.03153579750118318,0.0,0.0025857222948845802,USDMAD
2021-11-12,8.849577903747559,9.102499961853027,8.834281921386719,8.822891235351562,0,9.041339302062989,9.014174455092027,38.994276782908365,0.010834717234592617,-0.025418005450259518,0.008364264064488723,USDMAD
2021-11-15,8.824723243713379,9.140000343322754,8.824723243713379,9.1274995803833,0,9.0514892578125,9.034779023326804,55.40055189959518,0.0187916907919643,0.03452477616534977,0.014365009298009813,USDMAD
2021-11-16,8.871155738830566,9.140000343322754,8.871155738830566,9.140000343322754,0,9.058239269256593,9.053910172416975,55.9244139176149,0.025808848419924146,0.001369571461424135,0.014299364875088308,USDMAD
2021-11-17,9.189000129699707,9.189000129699707,8.891645431518555,9.189000129699707,0,9.069739246368409,9.078471982832017,58.0065601550916,0.03492131842723012,0.005361026754528542,0.014366651235982106,USDMAD
2021-11-18,9.194000244140625,9.194000244140625,8.89798641204834,9.194000244140625,0,9.081339263916016,9.099477121251763,58.22343853731231,0.04206162379089129,0.0005441412961522119,0.014365959714593908,USDMAD
2021-11-19,8.890111923217773,8.90603256225586,8.890111923217773,9.196000099182129,0,9.09213924407959,9.117026753602739,58.3161654358149,0.04733607798179307,0.00021751740139208664,0.014370464920815073,USDMAD
2021-11-22,8.924480438232422,9.229999542236328,8.918876647949219,8.90603256225586,0,9.07454252243042,9.07866417335785,43.30673965982877,0.027797729140296212,-0.03153191972584457,0.017750723975457763,USDMAD
2021-11-23,8.94852066040039,9.237500190734863,8.933613777160645,9.237500190734863,0,9.091892528533936,9.10754344924458,56.94777047694477,0.038614984836705446,0.0372183265850361,0.02161668856524956,USDMAD
2021-11-24,8.939138412475586,9.225000381469727,8.939138412475586,9.225000381469727,0,9.109092521667481,9.128899255103697,56.39668837270684,0.045652850129418,-0.0013531592971087747,0.021619116357630218,USDMAD
2021-11-25,8.959896087646484,8.959896087646484,8.959009170532227,9.255999565124512,0,9.129392433166505,9.152008402380208,57.49521098538536,0.05311945610466573,0.00336034497267379,0.021609078653102954,USDMAD
2021-11-26,8.962403297424316,9.255999565124512,8.94583797454834,8.959009170532227,0,9.143004226684571,9.116917632953301,45.6334393553739,0.03467246969495186,-0.03208625848593483,0.022642081795864768,USDMAD
2021-11-29,8.940526008605957,9.265999794006348,8.940526008605957,9.237000465393066,0,9.153954315185548,9.138750875215075,54.99328484815873,0.04200051845464614,0.031029245485672874,0.022100598655355717,USDMAD
2021-11-30,8.946314811706543,9.265999794006348,8.933225631713867,9.265999794006348,0,9.166554260253907,9.161887042268033,55.847242014322156,0.049576565566523456,0.0031394746294459708,0.02210729927996788,USDMAD
2021-12-01,9.265999794006348,9.265999794006348,8.923620223999023,9.265999794006348,0,9.174254226684571,9.18081663349318,55.847242014322156,0.05494723990697992,0.0,0.02207065970449988,USDMAD
2021-12-02,8.920863151550293,9.203499794006348,8.908306121826172,9.225000381469727,0,9.17735424041748,9.188850042216188,54.16218724169717,0.05525824541402358,-0.004424715459538597,0.022139234450973686,USDMAD
2021-12-03,8.937792778015137,9.203499794006348,8.928194046020508,9.203499794006348,0,9.178104209899903,9.191513633450763,53.25472654068446,0.053157040524583365,-0.00233068689152216,0.022158231197804638,USDMAD
2021-12-06,8.94092082977295,9.213000297546387,8.903890609741211,8.924525260925293,0,9.179953479766846,9.142970292991587,43.152134209360014,0.02865064043066745,-0.030311787833442794,0.0219659873883207,USDMAD
2021-12-07,8.913833618164062,9.239999771118164,8.913833618164062,9.21150016784668,0,9.177353477478027,9.155430270237966,53.024291307666374,0.03201655155958427,0.03215576162665634,0.021063558530461036,USDMAD
2021-12-08,8.917142868041992,8.936845779418945,8.917142868041992,9.239999771118164,0,9.178853416442871,9.170806543125273,53.88085316562918,0.03656227305763338,0.0030939155134539487,0.021080681024002033,USDMAD
2021-12-09,8.88520336151123,9.239999771118164,8.88520336151123,9.149999618530273,0,9.168253421783447,9.167023465926182,50.73470176985406,0.03252757233761017,-0.009740276495374789,0.021279810909845254,USDMAD
2021-12-10,8.957456588745117,9.260000228881836,8.957456588745117,8.957456588745117,0,9.168098163604736,9.128920397347805,44.71875363549423,0.013636239513276749,-0.021042954952175563,0.019713175148355896,USDMAD
2021-12-13,8.933527946472168,9.260000228881836,8.933527946472168,8.926027297973633,0,9.137000846862794,9.092030742916137,43.80564898795577,-0.003827240903664375,-0.003508729342989514,0.01646047233713581,USDMAD
2021-12-14,8.954376220703125,9.260000228881836,8.948883056640625,9.244999885559082,0,9.134900856018067,9.119843314305763,54.058400618695664,0.007979267077383057,0.03573511226633386,0.020586819850184748,USDMAD
2021-12-15,8.985613822937012,9.270999908447266,8.969396591186523,9.267499923706055,0,9.135050868988037,9.146689970560361,54.68644521963623,0.018933323187338758,0.002433752128230715,0.02060169199908916,USDMAD
2021-12-16,8.956165313720703,8.956642150878906,8.956165313720703,9.265000343322754,0,9.13905086517334,9.16820094742625,54.597151092911226,0.027100399787784113,-0.0002697146375914006,0.020539729255597487,USDMAD
2021-12-17,8.944852828979492,8.961480140686035,8.944852828979492,9.24899959564209,0,9.143600845336914,9.18289161073822,53.98942240987786,0.031913857140811075,-0.0017270099393137395,0.020530973953807576,USDMAD
2021-12-20,9.024995803833008,9.286999702453613,8.981616020202637,9.023309707641602,0,9.153479290008544,9.153876719266107,46.18105699567873,0.017317641982707244,-0.02440154588252208,0.01960375984497346,USDMAD
2021-12-21,8.973097801208496,9.27299976348877,8.972947120666504,9.27299976348877,0,9.159629249572754,9.175535454579318,54.09177305458157,0.025602803883879588,0.02767167081007016,0.018855883941599455,USDMAD
2021-12-22,8.972907066345215,9.27299976348877,8.963040351867676,9.27299976348877,0,9.162929248809814,9.1932562380174,54.09177305458157,0.03180225775079393,0.0,0.018839884029333245,USDMAD
2021-12-23,8.931034088134766,9.255000114440918,8.931034088134766,9.255000114440918,0,9.17342929840088,9.20448239736713,53.43511460730479,0.034861091394834176,-0.001941081581682158,0.018527005798255412,USDMAD
2021-12-24,8.957462310791016,9.253000259399414,8.957462310791016,9.253000259399414,0,9.20298366546631,9.213303826827545,53.35761065408677,0.03670080348990368,-0.000216083740332218,0.016829784669565685,USDMAD
2021-12-27,8.964703559875488,9.257499694824219,8.964703559875488,9.257499694824219,0,9.236130905151366,9.221339439190576,53.520952897078054,0.03808285991178195,0.0004862677292409856,0.016695032005029947,USDMAD
2021-12-28,8.980202674865723,9.257499694824219,8.965690612792969,9.277000427246094,0,9.239330959320068,9.231459618837032,54.26845290593651,0.04028728892654598,0.002106479402076422,0.012368900258950582,USDMAD
2021-12-29,8.991000175476074,9.277000427246094,8.968218803405762,9.277000427246094,0,9.240281009674073,9.239739765820497,54.26845290593651,0.04155529127228341,0.0,0.012348676293690054,USDMAD
2021-12-30,8.929012298583984,9.248000144958496,8.929012298583984,9.239500045776367,0,9.237730979919434,9.239696180357928,52.38934765452518,0.03908369240856935,-0.004042295973123999,0.01242104792703919,USDMAD
2021-12-31,8.95445728302002,9.277000427246094,8.95445728302002,9.248000144958496,0,9.237631034851074,9.241205992103485,52.788395906777964,0.037379926938324815,0.0009199739314915689,0.012413243302313432,USDMAD
2022-01-03,8.958868980407715,9.277000427246094,8.949565887451172,9.277000427246094,0,9.263000106811523,9.247714071220322,54.19885511522182,0.03793249871035442,0.0031358436238138054,0.008957627394937589,USDMAD
2022-01-04,8.984628677368164,9.27400016784668,8.969470024108887,9.270000457763672,0,9.262700176239013,9.251766141500932,53.78119707787763,0.03737474400083585,-0.0007545509496650338,0.002001894740877593,USDMAD
2022-01-05,8.965415954589844,9.274999618530273,8.960689544677734,9.274999618530273,0,9.262900161743165,9.255990410051721,54.05351028675039,0.036910627135718244,0.0005392837669619954,0.0020100561586161147,USDMAD
2022-01-06,8.960372924804688,9.248000144958496,8.960372924804688,9.248000144958496,0,9.262200164794923,9.254537634580224,52.26255984179565,0.033972564724150445,-0.002910994574903847,0.002134903343882434,USDMAD
2022-01-07,8.978913307189941,9.279999732971191,8.978913307189941,9.279999732971191,0,9.2649001121521,9.259167107014944,54.19944632530449,0.03383618592722293,0.003460163009419981,0.002406843655061149,USDMAD
2022-01-10,8.946571350097656,9.270999908447266,8.946571350097656,8.939719200134277,0,9.233122062683105,9.201085669400277,37.005144485029355,0.006198853071671451,-0.036668161921160514,0.011926891246039741,USDMAD
2022-01-11,8.967934608459473,9.27400016784668,8.967877388000488,9.272500038146973,0,9.232672023773194,9.214070100081493,52.78152964759323,0.01102164941580952,0.037224976597441284,0.017570486720618218,USDMAD
2022-01-12,8.94456958770752,9.25100040435791,8.94456958770752,9.25,0,9.229971981048584,9.220602809157585,51.83628139779017,0.012879715879796194,-0.002426534166018679,0.017588620457210824,USDMAD
2022-01-13,8.896261215209961,8.909979820251465,8.896261215209961,9.229999542236328,0,9.22902193069458,9.222311306080993,50.96259255921145,0.012593210457273685,-0.002162211650126644,0.017552429607971876,USDMAD
2022-01-14,8.903802871704102,9.220000267028809,8.903802871704102,9.204999923706055,0,9.224721908569336,9.21916378201282,49.83199166795253,0.01023095646334049,-0.0027085178515855457,0.0175696165577054,USDMAD
2022-01-17,8.951658248901367,8.951658248901367,8.933409690856934,9.227499961853027,0,9.21977186203003,9.220679451074675,50.88803009240579,0.010058470406161035,0.0024443279015164965,0.01755582805875475,USDMAD
2022-01-18,8.930280685424805,9.272500038146973,8.930280685424805,8.933409690856934,0,9.186112785339356,9.16844858558054,39.256300105025154,-0.013651487244093374,-0.03187106715923904,0.020186842828723607,USDMAD
2022-01-19,9.002803802490234,9.27400016784668,8.979509353637695,9.279999732971191,0,9.186612796783447,9.18873061237884,52.91553612026943,-0.004423883898349246,0.03879706115672521,0.024254529656738806,USDMAD
2022-01-20,8.960893630981445,9.279999732971191,8.960893630981445,9.274499893188477,0,9.189262771606446,9.204325027071501,52.712972562594665,0.002417400836000283,-0.0005926551660528911,0.024231306062453658,USDMAD
2022-01-21,8.996620178222656,9.289999961853027,8.988121032714844,9.289999961853027,0,9.190262794494629,9.219902287940869,53.256062400233986,0.008986305739732359,0.0016712565467744689,0.024214029342927733,USDMAD
2022-01-24,8.979757308959961,9.29699993133545,8.979757308959961,9.274999618530273,0,9.223790836334228,9.22991998441167,52.62614517845519,0.012833867028989587,-0.0016146763599944602,0.020510301908147646,USDMAD
2022-01-25,8.989272117614746,9.022092819213867,8.989272117614746,9.288000106811523,0,9.225340843200684,9.240480006666187,53.143428040172516,0.016739159217893373,0.0014016699532015675,0.016838129812089053,USDMAD
2022-01-26,8.995878219604492,9.310999870300293,8.995878219604492,9.310999870300293,0,9.231440830230714,9.253301800054206,54.098346060084125,0.021442840393856244,0.002476288030175855,0.016821488139636458,USDMAD
2022-01-27,9.057419776916504,9.324000358581543,9.057419776916504,9.324000358581543,0,9.240840911865234,9.266156083422812,54.6608044049874,0.025920773823168375,0.0013962505061049235,0.01678984329672924,USDMAD
2022-01-28,9.107080459594727,9.427499771118164,9.107080459594727,9.406999588012695,0,9.261040878295898,9.291763993348246,58.18375192191156,0.03575475394237415,0.008901675915827578,0.01689524111099797,USDMAD
2022-01-31,9.103148460388184,9.433500289916992,9.103148460388184,9.109189987182617,0,9.249209880828857,9.25856871949995,44.74815862345414,0.0192950864032575,-0.031658298487604486,0.02001654300187673,USDMAD
2022-02-01,9.080730438232422,9.433500289916992,9.078981399536133,9.433500289916992,0,9.299218940734864,9.290374459575775,56.5222824213563,0.03205035579839155,0.03560254020288367,0.01986665339211323,USDMAD
2022-02-02,9.0753173828125,9.357000350952148,9.054829597473145,9.388999938964844,0,9.31011896133423,9.308306364919241,54.79674656102696,0.03812866871522402,-0.004717268202102276,0.016229340679389276,USDMAD
2022-02-03,9.0676908493042,9.345000267028809,9.04856014251709,9.345000267028809,0,9.317168998718262,9.314977983484617,53.071557032031215,0.03894641960713052,-0.0046863001621114675,0.016333307055884285,USDMAD
2022-02-04,8.921703338623047,9.345000267028809,8.921703338623047,9.279999732971191,0,9.316168975830077,9.308618301573084,50.5401014090921,0.03395804599810681,-0.006955648175522633,0.01651354620389705,USDMAD
2022-02-07,9.023625373840332,9.315999984741211,9.019015312194824,9.300999641418457,0,9.318768978118896,9.30723309063588,51.34751979322879,0.031337996169186866,0.0022629212340010696,0.0165165624745815,USDMAD
2022-02-08,9.02761173248291,9.033330917358398,9.02761173248291,9.315999984741211,0,9.321568965911865,9.308827071382304,51.950911101939965,0.03012473099940749,0.0016127667886316477,0.01651811639137106,USDMAD
2022-02-09,9.035940170288086,9.32800006866455,9.02051830291748,9.033330917358398,0,9.293802070617676,9.258736861559775,41.50480920893139,0.006281765949818663,-0.030342321580699827,0.019120230043787042,USDMAD
2022-02-10,9.033196449279785,9.312999725341797,9.02041244506836,9.312999725341797,0,9.292702007293702,9.26860283679287,51.82589078729603,0.009839555611067752,0.030959654920422297,0.021930207962472557,USDMAD
2022-02-11,9.043828964233398,9.303999900817871,9.041143417358398,9.303999900817871,0,9.282402038574219,9.275038666615597,51.51091367580336,0.011796931245624975,-0.0009663722526949137,0.021710970050807157,USDMAD
2022-02-14,9.072636604309082,9.089808464050293,9.072636604309082,9.076153755187988,0,9.279098415374756,9.238877773628758,44.1887958174231,-0.0049797112133944665,-0.024489052886797036,0.0206757145324409,USDMAD
2022-02-15,9.086432456970215,9.371000289916992,9.067892074584961,9.38599967956543,0,9.2743483543396,9.265627211071788,53.80532150085151,0.00664999833415969,0.03413846137195842,0.020397555660603094,USDMAD
2022-02-16,9.064098358154297,9.369999885559082,9.061717987060547,9.369999885559082,0,9.272448348999024,9.284604060978568,53.29465922179063,0.014409473832916575,-0.0017046446359018086,0.020347552482481567,USDMAD
2022-02-17,9.062234878540039,9.362000465393066,9.062234878540039,9.362000465393066,0,9.27414836883545,9.298676134508476,53.02369786325955,0.019686494067041593,-0.0008537268157648992,0.020285833383413512,USDMAD
2022-02-18,9.071372032165527,9.38599967956543,9.071372032165527,9.38599967956543,0,9.284748363494874,9.314553142700648,53.78288647720468,0.02551103134607935,0.0025634707305428606,0.020126799236992895,USDMAD
2022-02-21,9.129327774047852,9.140823364257812,9.129327774047852,9.446999549865723,0,9.2993483543396,9.338634307639753,55.740789146913315,0.03464977776989642,0.006499027528532597,0.020193362930722943,USDMAD
2022-02-22,9.177212715148926,9.425000190734863,9.123682022094727,9.140823364257812,0,9.28183069229126,9.302668681570308,45.35497800530539,0.016990583919319846,-0.03240988675735268,0.022901987074498198,USDMAD
2022-02-23,9.134145736694336,9.134145736694336,9.121736526489258,9.425000190734863,0,9.320997619628907,9.324910774145682,53.93419925434783,0.02563078476482339,0.031088755919760125,0.022590565999828977,USDMAD
2022-02-24,9.160829544067383,9.496999740600586,9.160829544067383,9.432000160217285,0,9.332897663116455,9.344381571613246,54.12525631133265,0.03266648630032698,0.0007427023173223191,0.02058760990350486,USDMAD
2022-02-25,9.157405853271484,9.472999572753906,9.157405853271484,9.472999572753906,0,9.349797630310059,9.36776666272973,55.294779588404104,0.041077128830492526,0.004346841798153367,0.020586568979365238,USDMAD
2022-02-28,9.225432395935059,9.547499656677246,9.225432395935059,9.145811080932617,0,9.356763362884521,9.327411102402982,45.35708915647375,0.021098041678007107,-0.034539059070829436,0.022204697126012845,USDMAD
2022-03-01,9.248825073242188,9.248825073242188,9.248825073242188,9.543499946594238,0,9.372513389587402,9.366699983165027,55.76371762311801,0.036928945110712874,0.04348317083552389,0.023887714938864494,USDMAD
2022-03-02,9.287850379943848,9.592000007629395,9.287850379943848,9.248825073242188,0,9.360395908355713,9.345268181360874,48.40722553477316,0.025404404397589175,-0.030877023628758993,0.026062121130480002,USDMAD
2022-03-03,9.590999603271484,9.617500305175781,9.30797290802002,9.59000015258789,0,9.383195877075195,9.389764903402149,55.694938738517685,0.04330194259696185,0.03688847790329164,0.028685732399398547,USDMAD
2022-03-04,9.367588996887207,9.640000343322754,9.367588996887207,9.33102035522461,0,9.377697944641113,9.379084076460778,49.92949388109048,0.036171403874080355,-0.027005192204652362,0.03019463055389668,USDMAD
2022-03-07,9.549336433410645,9.549336433410645,9.549336433410645,9.427268981933594,0,9.3757248878479,9.387844968364925,51.92145891727737,0.03785054285858891,0.010314909092990376,0.03031227372570137,USDMAD
2022-03-08,9.55223274230957,9.882499694824219,9.55223274230957,9.882499694824219,0,9.449892520904541,9.477782191357523,60.022441429286765,0.0750494631156915,0.04828871582671801,0.03138799315394963,USDMAD
2022-03-09,9.673104286193848,9.962499618530273,9.603133201599121,9.962499618530273,0,9.503642463684082,9.565912632661659,61.25785612991401,0.10972041206728811,0.008095110162052777,0.030356159454939018,USDMAD
2022-03-10,9.531009674072266,9.854000091552734,9.487771987915039,9.854000091552734,0,9.545842456817628,9.618292170641855,58.612351083407496,0.12697865297340627,-0.010890793589164116,0.030798603111095568,USDMAD
2022-03-11,9.536299705505371,9.819000244140625,9.363978385925293,9.819000244140625,0,9.580442523956298,9.654784547641631,57.74600437485699,0.13626100599263857,-0.0035518415959944205,0.03091288959618547,USDMAD
2022-03-14,9.459911346435547,9.819000244140625,9.381608009338379,9.734999656677246,0,9.639361381530762,9.669369112920833,55.62108291158019,0.13527977125572477,-0.0085549022685385,0.028292591366228217,USDMAD
2022-03-15,9.38032341003418,9.76099967956543,9.38032341003418,9.71500015258789,0,9.656511402130127,9.67766566558757,55.101202317969836,0.1313739457509513,-0.0020543918638598058,0.0251950964186644,USDMAD
2022-03-16,9.453450202941895,9.77400016784668,9.453450202941895,9.781999588012695,0,9.709828853607178,9.696635469664866,56.56584648899639,0.13216137137795592,0.006896493502057011,0.022382024842357042,USDMAD
2022-03-17,9.475805282592773,9.803000450134277,9.475805282592773,9.511940002441406,0,9.70202283859253,9.663054475624236,49.54951695481012,0.10972897299025597,-0.027607809951477824,0.02172481721298688,USDMAD
2022-03-18,9.450605392456055,9.779999732971191,9.450605392456055,9.777000427246094,0,9.746620845794677,9.683771921373664,55.39724716126002,0.11204768081348249,0.027866074085481474,0.021240610201667582,USDMAD
2022-03-21,9.477596282958984,9.766500473022461,9.425357818603516,9.766500473022461,0,9.780543994903564,9.6988134762189,55.12466641726742,0.11174983240855951,-0.0010739443351533984,0.021222147432383043,USDMAD
2022-03-22,9.758000373840332,9.758000373840332,9.396895408630371,9.73900032043457,0,9.766194057464599,9.706120175167204,54.37009652291396,0.10804922866653932,-0.002815763196229115,0.014340188104033683,USDMAD
2022-03-23,9.402774810791016,9.727499961853027,9.402774810791016,9.710000038146973,0,9.740944099426269,9.706825604799889,53.537823125528476,0.10160515217715371,-0.0029777473388874487,0.013950399857110328,USDMAD
2022-03-24,9.392596244812012,9.727499961853027,9.392596244812012,9.727499961853027,0,9.728294086456298,9.71058457880955,53.995464386570745,0.09679448613863606,0.0018022578411229784,0.013674461330511863,USDMAD
2022-03-25,9.692999839782715,9.692999839782715,9.382122993469238,9.692999839782715,0,9.715694046020507,9.707387353531944,52.88944238088975,0.08917022823802156,-0.003546658669299041,0.013674362685299386,USDMAD
2022-03-28,9.405097961425781,9.696000099182129,9.378686904907227,9.405097961425781,0,9.682703876495362,9.652425645876278,44.666984281852855,0.059214090261908936,-0.029702040969329824,0.016316877959701652,USDMAD
2022-03-29,9.685999870300293,9.685999870300293,9.371996879577637,9.685999870300293,0,9.679803848266602,9.658530050317006,52.436613977768296,0.05747750662660245,0.02986698384499631,0.01941971407326308,USDMAD
2022-03-30,9.65250015258789,9.652999877929688,9.33390998840332,9.65250015258789,0,9.666853904724121,9.657433705275349,51.5077340775819,0.05278957892813274,-0.003458570943730921,0.01927902987566314,USDMAD
2022-03-31,9.652999877929688,9.661999702453613,9.326407432556152,9.652999877929688,0,9.680959892272949,9.656627554848864,51.521529936374485,0.04855497458847147,5.1771596363270334e-05,0.01690123810588936,USDMAD
2022-04-01,9.367500305175781,9.406892776489258,9.367500305175781,9.367500305175781,0,9.640009880065918,9.604058963999211,43.84665207173177,0.021909036899380396,-0.02957625363765548,0.01674348532227877,USDMAD
2022-04-04,9.41740894317627,9.722000122070312,9.415960311889648,9.41740894317627,0,9.605100727081298,9.570122596576857,45.3784506968443,0.004764230209685749,0.00532785016008086,0.01699437248576014,USDMAD
2022-04-05,9.744000434875488,9.709500312805176,9.367500305175781,9.744000434875488,0,9.605600738525391,9.601736748994789,54.18571050947327,0.017330278662885945,0.03467954866034173,0.02085960860097945,USDMAD
2022-04-06,9.699999809265137,9.704000473022461,9.418070793151855,9.699999809265137,0,9.604600715637208,9.619602759953032,52.947036237388396,0.02346795585060235,-0.0045156633463259155,0.020891667683925128,USDMAD
2022-04-07,9.72350025177002,9.72350025177002,9.419408798217773,9.72350025177002,0,9.604200744628907,9.638493213010666,53.557680274528025,0.02988391537583368,0.0024227260790701255,0.020898228704639508,USDMAD
2022-04-08,9.72350025177002,9.767499923706055,9.430322647094727,9.72350025177002,0,9.607250785827636,9.653949038239638,53.557680274528025,0.034570106851433025,0.0,0.020858485494642514,USDMAD
2022-04-11,9.424217224121094,9.452940940856934,9.424217224121094,9.767499923706055,0,9.643490982055663,9.674594653778986,54.830563532328284,0.04135760839728242,0.004525085699260023,0.017956480117006512,USDMAD
2022-04-12,9.791000366210938,9.817000389099121,9.47828197479248,9.791000366210938,0,9.65399103164673,9.695759328766613,55.53159499165085,0.048078818886331476,0.002405983382487209,0.015478409304066135,USDMAD
2022-04-13,9.82800006866455,9.82800006866455,9.499649047851562,9.82800006866455,0,9.671541023254395,9.719803099657145,56.67176780250562,0.05574836098788083,0.0037789501654295066,0.015406131481320567,USDMAD
2022-04-14,9.8125,9.8125,9.453266143798828,9.8125,0,9.687491035461425,9.736657081537665,56.02371394854182,0.05988547982368608,-0.0015771335527328123,0.015436543003137392,USDMAD
2022-04-15,9.791500091552734,9.815999984741211,9.542774200439453,9.791500091552734,0,9.72989101409912,9.74662853790404,55.104326648955,0.06076915026251406,-0.0021401180583200397,0.011071811318744162,USDMAD
2022-04-18,9.815999984741211,9.850000381469727,9.550328254699707,9.815999984741211,0,9.769750118255615,9.759241528238071,56.01130957213655,0.06272336615682761,0.0025021593177141366,0.011084123797402886,USDMAD
2022-04-19,9.859999656677246,9.859999656677246,9.518875122070312,9.859999656677246,0,9.781350040435791,9.777561187954284,57.66540279912992,0.06704959612981298,0.004482444173230515,0.0030930571685996618,USDMAD
2022-04-20,9.482500076293945,9.789999961853027,9.505273818969727,9.482500076293945,0,9.759600067138672,9.723913713106949,42.79650002413174,0.03956106794553804,-0.038285962832428244,0.012900265388219229,USDMAD
2022-04-21,9.795000076293945,9.795000076293945,9.481460571289062,9.795000076293945,0,9.766750049591064,9.736838506413674,53.48816411298567,0.0425024083373966,0.032955443974236553,0.017056655969211822,USDMAD
2022-04-22,9.5208740234375,9.842499732971191,9.492398262023926,9.5208740234375,0,9.746487426757813,9.697572236781642,45.46124316578459,0.022454914019535366,-0.02798632472907181,0.019355376150716752,USDMAD
2022-04-25,9.523858070373535,9.914999961853027,9.509092330932617,9.523858070373535,0,9.72212324142456,9.665987842889258,45.55702280153282,0.0067303348762877135,0.00031342153343172363,0.019244719396238678,USDMAD
2022-04-26,9.925000190734863,9.84850025177002,9.571830749511719,9.925000190734863,0,9.735523223876953,9.713080997043004,56.5928829545429,0.026333750164658554,0.04211970793739428,0.023876666297259406,USDMAD
2022-04-27,9.84850025177002,9.984999656677246,9.631959915161133,9.84850025177002,0,9.7375732421875,9.737702679720643,54.33105300424888,0.03528989236587776,-0.007707802266468278,0.024036830706597657,USDMAD
2022-04-28,9.984999656677246,10.005000114440918,9.663537979125977,9.984999656677246,0,9.754823207855225,9.782665766440026,57.58821275191366,0.05279349029543212,0.013859917897925067,0.024384117256196384,USDMAD
2022-04-29,10.01099967956543,10.01099967956543,9.655405044555664,10.01099967956543,0,9.776773166656493,9.824181023371917,58.199752333379806,0.06797957607980543,0.002603908240577324,0.024340485274582418,USDMAD
2022-05-02,9.971500396728516,10.005000114440918,9.679620742797852,9.971500396728516,0,9.792323207855224,9.850966363982208,56.858430395539315,0.07595187057254016,-0.0039455882630323735,0.024425252760373425,USDMAD
2022-05-03,10.008999824523926,10.008999824523926,9.67539119720459,10.008999824523926,0,9.807223224639893,9.879699720444338,57.8515769391901,0.08432382920924475,0.003760660512806435,0.024417644811420686,USDMAD
2022-05-04,9.977499961853027,9.977499961853027,9.667821884155273,9.977499961853027,0,9.856723213195801,9.897481582518644,56.671392243175,0.08740929118494734,-0.0031471538838194757,0.020172329050631103,USDMAD
2022-05-05,9.946000099182129,10.010000228881836,9.594452857971191,9.946000099182129,0,9.87182321548462,9.906303131002913,55.4531169884349,0.08631774908749357,-0.0031570897310280177,0.01775555522828158,USDMAD
2022-05-06,10.010000228881836,10.010000228881836,9.65845775604248,10.010000228881836,0,9.920735836029053,9.92515714879908,57.454332056677934,0.08958429768704335,0.006434760613462043,0.014383508648479449,USDMAD
2022-05-09,9.991000175476074,10.039999961853027,9.717863082885742,9.991000175476074,0,9.967450046539307,9.937128608194897,56.64081883277314,0.08960698195703287,-0.0018981071899419888,0.014482175142360276,USDMAD
2022-05-10,10.023500442504883,10.023500442504883,9.696969985961914,10.023500442504883,0,9.977300071716309,9.952832578069438,57.743010643372884,0.09119620623972757,0.0032529543046735387,0.006265845096260095,USDMAD
2022-05-11,10.036999702453613,10.037500381469727,9.707893371582031,10.036999702453613,0,9.996150016784668,9.968135691593833,58.218096437768686,0.09247891601564362,0.0013467610468183011,0.005470537243680019,USDMAD
2022-05-12,10.029999732971191,10.029999732971191,9.733904838562012,10.029999732971191,0,10.000650024414062,9.979383699116989,57.8548643209399,0.09187159515754217,-0.0006974165278404998,0.0035304953843586875,USDMAD
2022-05-13,10.149999618530273,10.149999618530273,9.802127838134766,10.149999618530273,0,10.014550018310548,10.01040477537395,62.20793961383135,0.09992144467049435,0.011964096585627138,0.005069000096003822,USDMAD
2022-05-16,10.130000114440918,10.130000114440918,9.75798225402832,10.130000114440918,0,10.030399990081786,10.032149382477034,61.07569511414712,0.10349419886672884,-0.001970394565615874,0.004872610367394964,USDMAD
2022-05-17,10.077799797058105,10.077799797058105,10.021900177001953,10.088000297546387,0,10.038300037384033,10.042304094307825,58.661029827626834,0.10176353144636074,-0.004146082568613041,0.005116454082344473,USDMAD
2022-05-18,10.022000312805176,10.022000312805176,9.713085174560547,10.022000312805176,0,10.042750072479247,10.038612497670979,54.98234246591252,0.09398294102145854,-0.006542424939981806,0.005505243105578939,USDMAD
2022-05-19,10.088000297546387,10.088000297546387,9.745107650756836,10.088000297546387,0,10.056950092315674,10.047592097648327,57.83026856633237,0.09208096222322482,0.006585510145802109,0.005654312471144634,USDMAD
2022-05-20,10.010000228881836,10.022000312805176,9.699104309082031,10.010000228881836,0,10.056950092315674,10.040757212418054,53.5209787513442,0.08331922449953488,-0.00773196534138898,0.006024483764239561,USDMAD
2022-05-23,10.026000022888184,10.026000022888184,9.65203857421875,10.026000022888184,0,10.060450077056885,10.038074087048985,54.27367692765787,0.07678144518376584,0.0015983809830677487,0.0060024547970048804,USDMAD
2022-05-24,9.960000038146973,9.940999984741211,9.656561851501465,9.960000038146973,0,10.054100036621094,10.023878805430437,50.631204475251465,0.06551929514010268,-0.006582882963349412,0.006276429712577375,USDMAD
2022-05-25,9.9350004196167,9.9350004196167,9.615779876708984,9.9350004196167,0,10.043900108337402,10.007719098918848,49.282024758641604,0.053954743113278525,-0.002510001850855925,0.006260784609444419,USDMAD
2022-05-26,9.928000450134277,9.928000450134277,9.579668998718262,9.928000450134277,0,10.03370018005371,9.993224799139835,48.88918827118176,0.04372092566217489,-0.0007045766670125131,0.006260746147206219,USDMAD
2022-05-27,9.88700008392334,9.904999732971191,9.577555656433105,9.88700008392334,0,10.007400226593017,9.973911214555017,46.548696733249464,0.03193404886557083,-0.004129770784849551,0.004326520798011436,USDMAD
2022-05-30,9.906999588012695,9.561942100524902,9.555910110473633,9.906999588012695,0,9.985100173950196,9.961745464274594,47.85993610869958,0.023930797583442853,0.00202280812375788,0.004569896783488619,USDMAD
2022-05-31,9.561942100524902,9.906999588012695,9.577155113220215,9.561942100524902,0,9.932494354248046,9.889053943592831,32.87520236880346,-0.010138225044981297,-0.034829666078245,0.011322788907445673,USDMAD
2022-06-01,9.857000350952148,9.857000350952148,9.540650367736816,9.857000350952148,0,9.915994358062743,9.88322601765816,47.89750286079479,-0.013177533622402038,0.03085756505585291,0.016050226140713855,USDMAD
2022-06-02,9.875,9.841500282287598,9.541329383850098,9.875,0,9.894694328308105,9.881730378083947,48.652445881953426,-0.01397271752827045,0.0018260777525602734,0.015851763874282585,USDMAD
2022-06-03,9.837499618530273,9.837499618530273,9.482357025146484,9.837499618530273,0,9.87744426727295,9.873688421801461,47.12057367400259,-0.017427975035831267,-0.0037975069842760556,0.015742646194436303,USDMAD
2022-06-06,9.561554908752441,9.865400314331055,9.542974472045898,9.561554908752441,0,9.830999755859375,9.816936873974365,37.71122487689405,-0.041949159617640674,-0.02805028924809838,0.017734091696222344,USDMAD
2022-06-07,9.865400314331055,9.58151626586914,9.550246238708496,9.865400314331055,0,9.821539783477784,9.825748408584671,49.63676153446963,-0.03644448088637553,0.031777823636245595,0.021087018734683806,USDMAD
2022-06-08,9.829000473022461,9.532159805297852,9.50771713256836,9.829000473022461,0,9.81093978881836,9.826339693027904,48.44027923332688,-0.034620067729672854,-0.0036896466589112498,0.02110122991611057,USDMAD
2022-06-09,9.50771713256836,9.829000473022461,9.51747989654541,9.50771713256836,0,9.768911457061767,9.768408318398896,39.4103130463552,-0.058425593780107477,-0.03268728507399343,0.023374416527977247,USDMAD
2022-06-10,9.880000114440918,9.880000114440918,9.594948768615723,9.880000114440918,0,9.768211460113525,9.788697735861081,50.84484124362982,-0.0467130404932643,0.03915587482060401,0.027076798497952234,USDMAD
2022-06-13,9.659536361694336,9.954999923706055,9.668133735656738,9.659536361694336,0,9.743465137481689,9.765213849648944,45.38274893986187,-0.054591048359499794,-0.022314144756369503,0.02797928521293858,USDMAD
2022-06-14,10.010000228881836,9.720318794250488,9.7061185836792,10.010000228881836,0,9.788270950317383,9.809720464054925,53.867017522592604,-0.032183924964989785,0.03628164479791107,0.027793854436373038,USDMAD
2022-06-15,9.720318794250488,9.754613876342773,9.723207473754883,9.720318794250488,0,9.774602794647217,9.79346561499957,47.3233377821118,-0.037370208544270866,-0.028939203597171836,0.028028800634416345,USDMAD
2022-06-16,9.754613876342773,9.815909385681152,9.784147262573242,9.754613876342773,0,9.762564182281494,9.786401662516518,48.126749999416525,-0.03827187478797711,0.00352818491020801,0.028053321566261905,USDMAD
2022-06-17,9.815909385681152,9.747453689575195,9.684374809265137,9.815909385681152,0,9.760405158996582,9.791766703091906,49.606128827795736,-0.03365249147285709,0.006283745324562329,0.028117633704070003,USDMAD
2022-06-20,9.769597053527832,9.77322769165039,9.755120277404785,9.769597053527832,0,9.781209373474121,9.78773585771662,48.481106503442426,-0.03334424338950548,-0.004718088801927811,0.026436780122195875,USDMAD
2022-06-21,9.755120277404785,10.015000343322754,9.701203346252441,9.755120277404785,0,9.770181369781493,9.781805752205376,48.11377755971656,-0.0338775896429695,-0.0014818191624207389,0.024349395905049673,USDMAD
2022-06-22,10.015000343322754,10.015000343322754,9.73046875,10.015000343322754,0,9.788781356811523,9.824204768772171,54.74288803179965,-0.013178210769543952,0.02664037536471109,0.02580308682584589,USDMAD
2022-06-23,10.015000343322754,10.015000343322754,9.6822509765625,10.015000343322754,0,9.839509677886962,9.858894873235913,54.74288803179965,0.003189430350882816,0.0,0.022790602677185565,USDMAD
2022-06-24,10.038999557495117,10.038999557495117,9.704981803894043,10.038999557495117,0,9.855409622192383,9.891641179464859,55.35380345576548,0.017891201244161437,0.002396326844698038,0.01947177524113069,USDMAD
2022-06-27,10.020000457763672,10.020000457763672,9.683011054992676,10.020000457763672,0,9.891456031799317,9.914979230064642,54.724017586854735,0.0276901966806129,-0.0018925291930370625,0.0176512762729083,USDMAD
2022-06-28,10.045000076293945,9.713705062866211,9.69044017791748,10.045000076293945,0,9.894956016540528,9.938619383924514,55.4423944420493,0.03704618607419974,0.002494971795226064,0.013487716341139851,USDMAD
2022-06-29,9.713705062866211,9.783124923706055,9.764760971069336,9.713705062866211,0,9.8942946434021,9.897725871004823,45.20600541766042,0.017526106196601887,-0.032981086203233145,0.0144890494272182,USDMAD
2022-06-30,9.783124923706055,9.862573623657227,9.828458786010742,9.783124923706055,0,9.897145748138428,9.876889335132319,47.39761777216983,0.007570635291729744,0.0071465893179343265,0.014630690317288926,USDMAD
2022-07-01,9.828458786010742,9.763836860656738,9.72898006439209,9.828458786010742,0,9.898400688171387,9.868083780746577,48.83678825335629,0.0033008663587512643,0.004633883616760981,0.014565988553030198,USDMAD
2022-07-04,9.72898006439209,9.746508598327637,9.688901901245117,9.72898006439209,0,9.894338989257813,9.842792195954852,45.87101889020392,-0.008017635428503311,-0.010121497559744008,0.014866801608811405,USDMAD
2022-07-05,9.688901901245117,9.766847610473633,9.706916809082031,9.688901901245117,0,9.887717151641846,9.814812142371263,44.69342323030487,-0.019991156847011027,-0.004119461945827019,0.014913100351599118,USDMAD
2022-07-06,9.766847610473633,9.833913803100586,9.798574447631836,9.766847610473633,0,9.862901878356933,9.806091318389877,47.515433017400404,-0.022926410135623243,0.008044844505908255,0.012020610818204842,USDMAD
2022-07-07,9.833913803100586,9.839706420898438,9.826470375061035,9.833913803100586,0,9.844793224334717,9.811149951973642,49.88487811669668,-0.019614830706196074,0.006866718444038522,0.012366618071433992,USDMAD
2022-07-08,9.826470375061035,9.840940475463867,9.809511184692383,9.826470375061035,0,9.823540306091308,9.813935483444077,49.61714577572006,-0.017390535319275813,-0.0007569141024201809,0.012289016692807646,USDMAD
2022-07-11,9.801276206970215,9.85844612121582,9.830038070678711,9.801276206970215,0,9.801667881011962,9.811633796812465,48.665092643455296,-0.017459462196375952,-0.0025639082121248213,0.012289782747033493,USDMAD
2022-07-12,9.85844612121582,9.928192138671875,9.912254333496094,9.85844612121582,0,9.78301248550415,9.820145128522165,50.9643801493897,-0.012753933545493368,0.005832905127696408,0.012473480514973838,USDMAD
2022-07-13,9.928192138671875,9.932815551757812,9.924677848815918,9.928192138671875,0,9.804461193084716,9.839790039458476,53.68956469154445,-0.0033581369587594168,0.007074747541192972,0.00620472120514109,USDMAD
2022-07-14,9.932815551757812,10.005941390991211,9.97171401977539,9.932815551757812,0,9.819430255889893,9.856703768967447,53.87257326770824,0.004410330777972149,0.00046568529510304657,0.005968560138205607,USDMAD
2022-07-15,10.005941390991211,10.10422420501709,10.001497268676758,10.005941390991211,0,9.83717851638794,9.883837882062677,56.78164016705227,0.016279877225338524,0.007362045419282648,0.006184358964094338,USDMAD
2022-07-18,10.084466934204102,10.168455123901367,10.067130088806152,10.084466934204102,0,9.872727203369141,9.920315891542936,59.719393020068956,0.03165799965862881,0.007847891582054567,0.004785110996319931,USDMAD
2022-07-19,10.168455123901367,10.196211814880371,9.979293823242188,10.168455123901367,0,9.920682525634765,9.965432115608104,62.64419850831111,0.05004552382399652,0.008328470929127363,0.004125974773521804,USDMAD
2022-07-20,9.979293823242188,9.995558738708496,9.903850555419922,9.979293823242188,0,9.94192714691162,9.967952426087027,53.263605416115674,0.04879159399984445,-0.01860275709085335,0.008313587132965719,USDMAD
2022-07-21,9.903850555419922,9.924559593200684,9.847737312316895,9.903850555419922,0,9.948920822143554,9.95629754051119,50.04489360041311,0.04123487440820739,-0.007559980611709705,0.00865569092702402,USDMAD
2022-07-22,9.847737312316895,9.926899909973145,9.836398124694824,9.847737312316895,0,9.95104751586914,9.936559317203137,47.73436045203265,0.030368184401888598,-0.005665800669045762,0.008886321290622607,USDMAD
2022-07-25,9.877532958984375,9.908427238464355,9.86949634552002,9.877532958984375,0,9.958673191070556,9.925827252072454,49.07874544937947,0.02388518046269894,0.003025633779874859,0.008865291530869127,USDMAD
2022-07-26,9.86949634552002,9.922677993774414,9.877455711364746,9.86949634552002,0,9.959778213500977,9.91558526906292,48.71476924939355,0.017892610713039048,-0.0008136255781404644,0.00869445062603788,USDMAD
2022-07-27,9.922677993774414,10.289999961853027,9.934125900268555,9.922677993774414,0,9.95922679901123,9.916874855374099,51.28918298382444,0.017236083724764484,0.005388486544050997,0.008560463379924763,USDMAD
2022-07-28,10.289999961853027,10.045000076293945,9.938407897949219,10.289999961853027,0,9.994945240020751,9.984715783824813,64.53226963425408,0.045827325461306856,0.037018430741083685,0.014520896940770796,USDMAD
2022-07-29,10.319000244140625,10.29699993133545,9.92881965637207,10.319000244140625,0,10.026251125335694,10.045494776609505,65.33360172483367,0.0700190350902421,0.0028182976088539924,0.014462212572806181,USDMAD
2022-08-01,10.302000045776367,9.96658706665039,9.932767868041992,10.302000045776367,0,10.04800443649292,10.092132098276206,64.41484287456203,0.08681857484351063,-0.001647465642217738,0.014433260076658398,USDMAD
2022-08-02,10.289999961853027,10.303999900817871,9.89790153503418,10.289999961853027,0,10.060158920288085,10.12810807347199,63.73352799725186,0.09803395029343065,-0.0011648305057287978,0.014299077833799221,USDMAD
2022-08-03,10.309000015258789,10.309000015258789,9.94929027557373,10.309000015258789,0,10.093129539489746,10.160997517433225,64.37600816300254,0.10721940312224731,0.0018464580637704842,0.012487181059836025,USDMAD
2022-08-04,10.322999954223633,9.978260040283203,9.969249725341797,10.322999954223633,0,10.135044479370118,10.190452505940572,64.86985285284608,0.11431091368193691,0.0013580307444098771,0.011929459944310815,USDMAD
2022-08-05,10.291000366210938,10.291000366210938,9.917174339294434,10.291000366210938,0,10.179370784759522,10.20873393508064,62.72932278519609,0.11601157831108821,-0.0030998341717131117,0.011719022060956066,USDMAD
2022-08-08,10.025826454162598,10.291000366210938,9.956563949584961,10.025826454162598,0,10.194200134277343,10.175478029459176,48.45924969316316,0.0948684641299451,-0.025767554427361783,0.01514928816614162,USDMAD
2022-08-09,10.270000457763672,10.270000457763672,9.927395820617676,10.270000457763672,0,10.234250545501709,10.19266392551454,57.94597773489806,0.09670049217694121,0.024354501318910815,0.01671468695512102,USDMAD
2022-08-10,10.262499809265137,10.262499809265137,9.938849449157715,10.262499809265137,0,10.268232727050782,10.205361358923739,57.595277014074725,0.09643549954519592,-0.0007303454882384708,0.01677459314918788,USDMAD
2022-08-11,10.229999542236328,10.229999542236328,9.880695343017578,10.229999542236328,0,10.262232685089112,10.209841028616937,56.01338093544161,0.09253629028959054,-0.003166895749850962,0.011980743839028852,USDMAD
2022-08-12,10.253000259399414,10.229999542236328,9.945319175720215,10.253000259399414,0,10.255632686614991,10.217688161486478,56.91527094440584,0.0902616246887824,0.0022483595495896846,0.011964443379328176,USDMAD
2022-08-15,10.329999923706055,10.329999923706055,9.99021053314209,10.329999923706055,0,10.25843267440796,10.238108481890036,59.88089672639498,0.09359328013495904,0.007509964143037173,0.012221100208435504,USDMAD
2022-08-16,10.467000007629395,10.467000007629395,10.137008666992188,10.467000007629395,0,10.276132678985595,10.279725122933556,64.55563087802396,0.10606574303243121,0.013262350913376242,0.012858809961647044,USDMAD
2022-08-17,10.425000190734863,10.10236930847168,10.09992790222168,10.425000190734863,0,10.287732696533203,10.306138771624703,62.16420284031437,0.1112784765128545,-0.004012593566821154,0.012988351343797024,USDMAD
2022-08-18,10.09992790222168,10.407999992370605,10.010271072387695,10.09992790222168,0,10.265425491333009,10.268645886278698,47.49805010762755,0.08816270364304124,-0.0311819935314811,0.016535054305308418,USDMAD
2022-08-19,10.350000381469727,10.350000381469727,10.045201301574707,10.350000381469727,0,10.271325492858887,10.283437612677066,56.08203057952747,0.08899615397117344,0.02475982815610389,0.018562773721798837,USDMAD
2022-08-22,10.05850601196289,10.50100040435791,10.075210571289062,10.05850601196289,0,10.274593448638916,10.24254095800176,46.53183216172815,0.0653818288377277,-0.028163706160698965,0.01895412339182476,USDMAD
2022-08-23,10.50100040435791,10.50100040435791,10.191306114196777,10.50100040435791,0,10.29769344329834,10.289533584611968,58.17533011255964,0.08143418285485637,0.04399205924505556,0.022404764232064077,USDMAD
2022-08-24,10.524999618530273,10.524999618530273,10.189867973327637,10.524999618530273,0,10.323943424224854,10.332345590778933,58.70062787513938,0.09499725584664276,0.0022854216977654662,0.022377453623058395,USDMAD
2022-08-25,10.545000076293945,10.550000190734863,10.15810489654541,10.545000076293945,0,10.355443477630615,10.371010042690752,59.16096510204244,0.10613648338720694,0.0019002810915507151,0.022285683943232448,USDMAD
2022-08-26,10.550000190734863,10.550000190734863,10.211482048034668,10.550000190734863,0,10.38514347076416,10.4035537059715,59.28315392192056,0.11405313536570105,0.00047416921808829393,0.02230168910112852,USDMAD
2022-08-29,10.254980087280273,10.579999923706055,10.225451469421387,10.254980087280273,0,10.377641487121583,10.376540320754913,49.81303646013975,0.09542152241952984,-0.02796399034321151,0.02425497784549161,USDMAD
2022-08-30,10.5649995803833,10.5649995803833,10.196157455444336,10.5649995803833,0,10.387441444396973,10.410805640687347,57.4967067529536,0.10446757984690791,0.03023111604941664,0.02586234248977989,USDMAD
2022-08-31,10.545999526977539,10.545999526977539,10.211357116699219,10.545999526977539,0,10.39954137802124,10.435386347285561,56.921525353196024,0.10884875927078497,-0.0017983960397915943,0.025821898202105138,USDMAD
2022-09-01,10.5600004196167,10.545999526977539,10.200671195983887,10.5600004196167,0,10.445548629760742,10.458043451345768,57.26081738637697,0.11215774587585514,0.0013276022441821578,0.02316651856237268,USDMAD
2022-09-02,10.614999771118164,10.614999771118164,10.244812965393066,10.614999771118164,0,10.472048568725587,10.486580964031658,58.63895127973245,0.11785951845400788,0.005208271715529067,0.0220856844007668,USDMAD
2022-09-05,10.583000183105469,10.583000183105469,10.284578323364258,10.583000183105469,0,10.524497985839844,10.504111731135986,57.477674107751035,0.11843091708882447,-0.0030145632315283777,0.01944895938668787,USDMAD
2022-09-06,10.583000183105469,10.583000183105469,10.249857902526855,10.583000183105469,0,10.5326979637146,10.518455086039527,57.477674107751035,0.11752895400112884,0.0,0.013899210744329451,USDMAD
2022-09-07,10.649999618530273,10.335536003112793,9.432000160217285,10.649999618530273,0,10.5451979637146,10.542372273765116,59.42870732080562,0.12082761077256343,0.006330854603192826,0.014003626596613562,USDMAD
2022-09-08,10.595000267028809,10.34660816192627,10.215265274047852,10.595000267028809,0,10.550197982788086,10.551940999813059,57.112128373963436,0.11764766298627904,-0.005164258541922373,0.014145745731770215,USDMAD
2022-09-09,10.595000267028809,10.595000267028809,10.314929962158203,10.595000267028809,0,10.55469799041748,10.55976995748865,57.112128373963436,0.11381553679490075,0.0,0.014146871549033423,USDMAD
2022-09-12,10.324057579040527,10.74899959564209,10.364383697509766,10.324057579040527,0,10.561605739593507,10.516913161407173,46.709457116962255,0.08790245385051065,-0.025572692889064275,0.013622471617105635,USDMAD
2022-09-13,10.682000160217285,10.682000160217285,10.33452320098877,10.682000160217285,0,10.573305797576904,10.546928979372648,57.677085162491025,0.09515226766202112,0.034670726934285856,0.014718135195881516,USDMAD
2022-09-14,10.682000160217285,10.54372787475586,10.403281211853027,10.682000160217285,0,10.58690586090088,10.571487375889856,57.67708516249103,0.09974796489141546,0.0,0.01468840136159403,USDMAD
2022-09-15,10.403281211853027,10.774999618530273,10.43712329864502,10.403281211853027,0,10.571233940124511,10.540904436974069,48.63736295149233,0.07997786325129752,-0.02609239320200385,0.01706591514711728,USDMAD
2022-09-16,10.784000396728516,10.784000396728516,10.428078651428223,10.784000396728516,0,10.588134002685546,10.585103702383968,58.26059548475296,0.09394779992501867,0.03659606782922631,0.02087109760026567,USDMAD
2022-09-19,10.184514045715332,10.762499809265137,10.189702987670898,10.184514045715332,0,10.548285388946534,10.512269219353307,44.213469339227224,0.05600000379169501,-0.05559034949544761,0.027712584093996195,USDMAD
2022-09-20,10.762499809265137,10.64900016784668,10.286673545837402,10.762499809265137,0,10.5662353515625,10.557765690246367,55.383010884508586,0.07173777424059402,0.05675143271003358,0.033674551294054014,USDMAD
2022-09-21,10.64900016784668,10.378487586975098,10.130000114440918,10.64900016784668,0,10.56613540649414,10.574353777082786,53.13325971519801,0.07419630933110177,-0.01054584375655443,0.03386648717571308,USDMAD
2022-09-22,10.765000343322754,10.789999961853027,10.399128913879395,10.765000343322754,0,10.583135414123536,10.609016789126416,55.139004495495826,0.08453054530231441,0.010893057906630643,0.03394837495471485,USDMAD
2022-09-23,10.77400016784668,10.77400016784668,10.426753044128418,10.77400016784668,0,10.601035404205323,10.639013767075555,55.29884606519071,0.09238179258876578,0.000836026403799206,0.03394362777743905,USDMAD
2022-09-26,10.587336540222168,10.866999626159668,10.585206985473633,10.587336540222168,0,10.627363300323486,10.629617907647667,51.22231831510596,0.08258972495324635,-0.01732537819904445,0.033287858849860935,USDMAD
2022-09-27,10.866999626159668,10.636012077331543,10.597783088684082,10.866999626159668,0,10.645863246917724,10.672778220104394,56.407310707350526,0.09628598964461155,0.026414866937972237,0.03250890185334212,USDMAD
2022-09-28,10.636012077331543,11.074999809265137,10.69534683227539,10.636012077331543,0,10.64126443862915,10.666093466872967,51.534668086651315,0.08749304794763013,-0.02125587160894704,0.03335224338523865,USDMAD
2022-09-29,11.04699993133545,11.04699993133545,10.60213565826416,11.04699993133545,0,10.705636310577393,10.735349187684326,58.417468696144724,0.11239227516600359,0.038641160899002935,0.03398661108978109,USDMAD
2022-09-30,11.0,11.0,10.592073440551758,11.0,0,10.727236270904541,10.783467517196266,57.413316479477096,0.12687011079846933,-0.004254542557036833,0.03239034361723268,USDMAD
2022-10-03,10.950499534606934,10.63383674621582,10.604162216186523,10.950499534606934,0,10.803834819793702,10.813836974907295,56.31537166108391,0.13281857611108627,-0.004500042308460572,0.02551720233747863,USDMAD
2022-10-04,10.950499534606934,10.587723731994629,10.585517883300781,10.950499534606934,0,10.82263479232788,10.8386847130345,56.31537166108391,0.13596545262540438,0.0,0.01878550068042723,USDMAD
2022-10-05,10.587723731994629,10.8725004196167,10.547595024108887,10.587723731994629,0,10.816507148742676,10.793055443754524,48.44156977316453,0.1079421100550082,-0.03312869896627291,0.021594061332196785,USDMAD
2022-10-06,10.584820747375488,10.949999809265137,10.55504035949707,10.584820747375488,0,10.798489189147949,10.755194589867425,48.38327308543815,0.08452481314214566,-0.0002741840165670917,0.021232729720567896,USDMAD
2022-10-07,10.949999809265137,10.949999809265137,10.596779823303223,10.949999809265137,0,10.816089153289795,10.79061372066701,55.61880524648127,0.09434577561879642,0.034500259438044356,0.024114680896008267,USDMAD
2022-10-10,10.663737297058105,11.020999908447266,10.669356346130371,10.663737297058105,0,10.823729228973388,10.767545280010845,49.73345952288435,0.07812934039602482,-0.026142695634096325,0.025038507911671705,USDMAD
2022-10-11,11.020999908447266,10.641473770141602,10.635785102844238,11.020999908447266,0,10.83912925720215,10.813627939726558,55.99221024877343,0.09303337478648288,0.03350257057511352,0.025922576232430737,USDMAD
2022-10-12,10.987500190734863,10.993000030517578,10.653868675231934,10.987500190734863,0,10.87427806854248,10.84524107627352,55.29694889504302,0.10097777325452206,-0.003039625985907679,0.024742693723980923,USDMAD
2022-10-13,11.037500381469727,11.037500381469727,10.660861015319824,11.037500381469727,0,10.873328113555909,10.880197313581922,56.1717114564036,0.11003989241768153,0.0045506429912989255,0.021504181587325814,USDMAD
2022-10-14,10.989999771118164,10.677456855773926,10.626442909240723,10.989999771118164,0,10.872328090667725,10.90016139677033,55.06922267153813,0.11209660498279383,-0.00430356590803016,0.0215052955707275,USDMAD
2022-10-17,11.02649974822998,10.687520027160645,10.662718772888184,11.02649974822998,0,10.87992811203003,10.923132006126629,55.78731697260213,0.11534221436913406,0.0033211990784329792,0.02146092216468575,USDMAD
2022-10-18,10.970000267028809,10.970000267028809,10.58646011352539,10.970000267028809,0,10.881878185272218,10.931653508108843,54.33957769186979,0.11206354841510091,-0.005123972474605276,0.021545762430540634,USDMAD
2022-10-19,10.970000267028809,11.012999534606934,10.610974311828613,10.970000267028809,0,10.920105838775635,10.93862564609429,54.33957769186979,0.10821771556319248,0.0,0.018089680933254314,USDMAD
2022-10-20,11.012999534606934,11.012999534606934,10.646344184875488,11.012999534606934,0,10.962923717498779,10.952148171278406,55.362035119254514,0.10740148934000437,0.0039197143602049955,0.01803586588758718,USDMAD
2022-10-21,11.010000228881836,11.010000228881836,10.676648139953613,11.010000228881836,0,10.968923759460449,10.962666727206301,55.269067478716956,0.10529878640826773,-0.0002723423092566568,0.014540914069776846,USDMAD
2022-10-24,10.55879020690918,10.626107215881348,10.57276439666748,10.55879020690918,0,10.958429050445556,10.889234632606824,43.44852337024957,0.06645742154474732,-0.040981835839478564,0.01793823803225573,USDMAD
2022-10-25,10.9399995803833,10.9399995803833,10.548078536987305,10.9399995803833,0,10.95032901763916,10.898464623111636,52.660423415118494,0.06567866779440124,0.03610350864104439,0.018501566899443135,USDMAD
2022-10-26,10.899999618530273,10.899999618530273,10.51780891418457,10.899999618530273,0,10.9415789604187,10.898743713187752,51.708616457918914,0.061129178095232106,-0.003656303783114545,0.018511691244221508,USDMAD
2022-10-27,10.819999694824219,10.497353553771973,10.465889930725098,10.819999694824219,0,10.91982889175415,10.884426618939838,49.77105256524752,0.05048637398292044,-0.007339442798700024,0.018522792600010357,USDMAD
2022-10-28,10.86299991607666,10.86299991607666,10.56849479675293,10.86299991607666,0,10.90712890625,10.880530854782897,50.8373880558055,0.0450028684793633,0.003974142556862681,0.018584990386245587,USDMAD
2022-10-31,10.86299991607666,10.86299991607666,10.56849193572998,10.86299991607666,0,10.890778923034668,10.877343411381762,50.8373880558055,0.040193821506726124,0.0,0.018528669248279016,USDMAD
2022-11-01,10.95199966430664,10.95199966430664,10.576223373413086,10.95199966430664,0,10.888978862762452,10.89091727554992,53.22122259612782,0.04306769542962385,0.008192925427373376,0.018704028070086202,USDMAD
2022-11-02,10.951000213623047,10.954999923706055,10.591264724731445,10.951000213623047,0,10.887078857421875,10.90184144610867,53.19003164033537,0.04474877784540077,-9.125736981629995e-05,0.018704047099587232,USDMAD
2022-11-03,10.954999923706055,10.675987243652344,10.667696952819824,10.954999923706055,0,10.881278896331787,10.911506623853647,53.30796548611551,0.045874972817712134,0.00036523696511592263,0.018654671561898303,USDMAD
2022-11-04,11.039999961853027,11.039999961853027,10.66778564453125,11.039999961853027,0,10.884278869628906,10.934869048944442,55.85345950359626,0.05301515741665952,0.007759017684978442,0.018831417838254438,USDMAD
2022-11-07,10.553028106689453,10.960000038146973,10.534058570861816,10.553028106689453,0,10.883702659606934,10.865443423079897,41.795356013571514,0.019158400124533514,-0.044109769641868524,0.019605808309688815,USDMAD
2022-11-08,10.960000038146973,10.569823265075684,10.550182342529297,10.960000038146973,0,10.8857027053833,10.882635534910275,52.54519844943174,0.024879118714213888,0.038564469585705474,0.020116464086274037,USDMAD
2022-11-09,10.873000144958496,10.873000144958496,10.501090049743652,10.873000144958496,0,10.883002758026123,10.880883645828133,50.402147728227725,0.02213747805332389,-0.00793794643117407,0.020256663260003735,USDMAD
2022-11-10,10.892000198364258,10.892000198364258,10.567913055419922,10.892000198364258,0,10.890202808380128,10.882904837198337,50.87338221285859,0.021252863812309286,0.0017474526949741165,0.02009713137379517,USDMAD
2022-11-11,10.812999725341797,10.812999725341797,10.373248100280762,10.812999725341797,0,10.885202789306641,10.870194816860783,48.797368814000755,0.014015560062571097,-0.007253073042940761,0.020216237884253068,USDMAD
2022-11-14,10.33000659942627,10.421406745910645,10.37657642364502,10.33000659942627,0,10.831903457641602,10.771978777327234,38.46309977963677,-0.030343779815101612,-0.044667820048451934,0.024606404456761512,USDMAD
2022-11-15,10.71500015258789,10.381462097167969,10.34347152709961,10.71500015258789,0,10.808203506469727,10.761619027374625,47.9292682586048,-0.03404071388511376,0.037269439226012,0.027813752042453045,USDMAD
2022-11-16,10.727499961853027,10.40652847290039,10.339908599853516,10.727499961853027,0,10.785853481292724,10.755415560916152,48.207840121808864,-0.03555210805687814,0.0011665710767272408,0.027825357880675274,USDMAD
2022-11-17,10.689000129699707,10.720000267028809,10.3792142868042,10.689000129699707,0,10.75925350189209,10.743340027967706,47.367292615856044,-0.03940230824291824,-0.003588891381051118,0.027820691363684293,USDMAD
2022-11-18,10.713000297546387,10.713000297546387,10.366659164428711,10.713000297546387,0,10.726553535461425,10.737823713345648,47.97624926410849,-0.04005527439244183,0.0022453145809209207,0.02765763608569559,USDMAD
2022-11-21,10.713000297546387,10.455345153808594,10.4318265914917,10.713000297546387,0,10.74255075454712,10.733310365018509,47.97624926410848,-0.04011038719457538,0.0,0.02351976277389927,USDMAD
2022-11-22,10.779000282287598,10.428445816040039,10.423604965209961,10.779000282287598,0,10.724450778961181,10.741617622703798,49.82762368775947,-0.034431512263106256,0.006160737693279739,0.019827190645039794,USDMAD
2022-11-23,10.75,10.75,10.382879257202148,10.75,0,10.712150764465331,10.743141691303107,49.00243487164846,-0.031903282202840444,-0.0026904426689042804,0.019706527308357463,USDMAD
2022-11-24,10.690999984741211,10.358427047729492,10.302070617675781,10.690999984741211,0,10.692050743103028,10.733661381019125,47.286674960104264,-0.03426545893179167,-0.005488373512445466,0.019728855386161117,USDMAD
2022-11-25,10.358427047729492,10.35026741027832,10.34432315826416,10.358427047729492,0,10.646593475341797,10.665436956784646,38.99775528355811,-0.062255712496071425,-0.031107748338451535,0.021809417586787647,USDMAD
2022-11-28,10.690999984741211,10.39080810546875,10.315653800964355,10.690999984741211,0,10.682692813873292,10.670084780049477,48.68477296146838,-0.056945896666626084,0.0321065095578017,0.01929882544754753,USDMAD
2022-11-29,10.652000427246094,10.705499649047852,10.37685489654541,10.652000427246094,0,10.676392841339112,10.666796715903407,47.72764125155229,-0.05524790427374526,-0.003647886778671783,0.015290077702276226,USDMAD
2022-11-30,10.720000267028809,10.720000267028809,10.370291709899902,10.720000267028809,0,10.67564287185669,10.676470088835298,49.58861430425556,-0.047863473963055014,0.006383762397228487,0.015440936013829953,USDMAD
2022-12-01,10.711000442504883,10.711000442504883,10.306683540344238,10.711000442504883,0,10.677842903137208,10.68274833495704,49.33825564713325,-0.04225043366498582,-0.000839535848856876,0.01539359981212824,USDMAD
2022-12-02,10.586000442504883,10.586000442504883,10.239884376525879,10.586000442504883,0,10.665142917633057,10.665157809056648,45.87401504043082,-0.04734277606775272,-0.01167024505983194,0.01582243467828597,USDMAD
2022-12-05,10.234590530395508,10.21263313293457,10.20413589477539,10.234590530395508,0,10.617301940917969,10.586872849300075,37.83188768265714,-0.07882568374738597,-0.03319572051956421,0.01877719499569012,USDMAD
2022-12-06,10.21263313293457,10.26767635345459,10.234691619873047,10.21263313293457,0,10.560665225982666,10.518829264506346,37.39080445673611,-0.10434506837934165,-0.002145410448588736,0.018438849744086144,USDMAD
2022-12-07,10.583000183105469,10.277547836303711,10.258015632629395,10.583000183105469,0,10.543965244293213,10.53049670425164,48.33315525241589,-0.0936048207881317,0.03626557865635127,0.02266558553916182,USDMAD
2022-12-08,10.574000358581543,10.5600004196167,10.241588592529297,10.574000358581543,0,10.532265281677246,10.53840645958435,48.1131047949406,-0.08484131000731843,-0.0008504038900323252,0.022618532267522622,USDMAD
2022-12-09,10.541999816894531,10.230345726013184,10.173872947692871,10.541999816894531,0,10.55062255859375,10.539059797277108,47.28869633212611,-0.07956120876083261,-0.0030263420277871766,0.020044007265115276,USDMAD
2022-12-12,10.239416122436523,10.27321720123291,10.20549488067627,10.239416122436523,0,10.505464172363281,10.484579129124274,40.26343125866949,-0.09865542747022715,-0.028702684472929785,0.019075290984660154,USDMAD
2022-12-13,10.20549488067627,10.541999816894531,10.222770690917969,10.20549488067627,0,10.460813617706298,10.433836538497363,39.55400582951743,-0.11519697506136595,-0.0033128101597439397,0.019076551374974743,USDMAD
2022-12-14,10.489999771118164,10.15469741821289,10.129146575927734,10.489999771118164,0,10.437813568115235,10.444048035337508,47.853041463446225,-0.1041485441637704,0.0278776182603937,0.021453041215400082,USDMAD
2022-12-15,10.470000267028809,10.470000267028809,10.138936042785645,10.470000267028809,0,10.413713550567627,10.448766622917743,47.36078304395769,-0.09590089014954906,-0.0019065304600310862,0.021449502396011594,USDMAD
2022-12-16,10.463000297546387,10.463000297546387,10.133048057556152,10.463000297546387,0,10.401413536071777,10.451354563759313,47.17785369481069,-0.08890456744584263,-0.0006685739545265745,0.02118267968986731,USDMAD
2022-12-19,10.199631690979004,10.193381309509277,10.187262535095215,10.199631690979004,0,10.397917652130127,10.405586768708348,40.7936132918678,-0.1034194220628919,-0.025171423021859596,0.01994177754680457,USDMAD
2022-12-20,10.187262535095215,10.503000259399414,10.16254711151123,10.187262535095215,0,10.395380592346191,10.36589145350596,40.51630578048958,-0.11459960353349707,-0.001212706130823249,0.01993366056609361,USDMAD
2022-12-21,10.484999656677246,10.199941635131836,10.17776107788086,10.484999656677246,0,10.38558053970337,10.387547490446194,49.42794622536017,-0.09830191716878645,0.029226410977073014,0.018586722234616115,USDMAD
2022-12-22,10.51099967956543,10.177491188049316,10.176060676574707,10.51099967956543,0,10.379280471801758,10.409993343013326,50.130564759286656,-0.08233874890713366,0.0024797352159784403,0.018615027149510417,USDMAD
2022-12-23,10.505999565124512,10.505999565124512,10.180402755737305,10.505999565124512,0,10.375680446624756,10.427449019760813,49.986733043325735,-0.06929252935375096,-0.0004757030342831259,0.018593139367471766,USDMAD
2022-12-26,10.5024995803833,10.5024995803833,10.178582191467285,10.5024995803833,0,10.401988792419434,10.441094576237628,49.878853421327705,-0.058560674875570484,-0.0003331415273258864,0.015697553139669782,USDMAD
2022-12-27,10.498000144958496,10.144993782043457,10.134690284729004,10.498000144958496,0,10.431239318847656,10.451441043277786,49.73026601554064,-0.049844097983525515,-0.0004284156728945332,0.015602017237290548,USDMAD
2022-12-28,10.45199966430664,10.143357276916504,10.132883071899414,10.45199966430664,0,10.427439308166504,10.451542610737578,48.15098384064975,-0.04611640117727589,-0.004381832731631841,0.012988805268448436,USDMAD
2022-12-29,10.47700023651123,10.47700023651123,10.144561767578125,10.47700023651123,0,10.428139305114746,10.45617126996915,49.09711984569386,-0.04067595032782734,0.0023919415430107005,0.013000382891221319,USDMAD
2022-12-30,10.460000038146973,10.14009952545166,10.132308959960938,10.460000038146973,0,10.427839279174805,10.456867409637844,48.44968991180999,-0.037306086422667306,-0.0016226207865314146,0.013010494201144588,USDMAD
2023-01-02,10.432499885559082,10.131837844848633,10.107929229736328,10.432499885559082,0,10.451126098632812,10.452436950714432,47.3616878260052,-0.036434483439338194,-0.0026290776756786594,0.009682879003217074,USDMAD
2023-01-03,10.131837844848633,10.432499885559082,10.154316902160645,10.131837844848633,0,10.445583629608155,10.394146204193376,37.4577375869724,-0.05932083211660277,-0.02881975020451555,0.013839511594750213,USDMAD
2023-01-04,10.5,10.5,10.12752914428711,10.5,0,10.447083663940429,10.413392348885488,50.97635075927696,-0.047206650388805116,0.03633715430399964,0.015604377235097168,USDMAD
2023-01-05,10.4399995803833,10.109981536865234,10.076425552368164,10.4399995803833,0,10.439983654022218,10.418230027339636,49.11316439131114,-0.041963873102675464,-0.0057143256777808515,0.01568929738268877,USDMAD
2023-01-06,10.4399995803833,10.422499656677246,10.103388786315918,10.4399995803833,0,10.433383655548095,10.42218812789303,49.11316439131114,-0.03737806328473603,0.0,0.0156903280359764,USDMAD
2023-01-09,10.332500457763672,10.332500457763672,9.931093215942383,10.332500457763672,0,10.416383743286133,10.405881278778601,45.646475978418636,-0.04193466009464153,-0.010296851239498084,0.015990628371624117,USDMAD
2023-01-10,10.332500457763672,10.232000350952148,9.90852165222168,10.332500457763672,0,10.39983377456665,10.392539311321341,45.646475978418636,-0.04502675548593871,0.0,0.01599444051860964,USDMAD
2023-01-11,10.21500015258789,10.21500015258789,9.899577140808105,10.21500015258789,0,10.376133823394776,10.360259464278895,41.8975333921848,-0.056309455644301565,-0.011371913861130678,0.016285756268257175,USDMAD
2023-01-12,10.208999633789062,10.208999633789062,9.846680641174316,10.208999633789062,0,10.349333763122559,10.332757676917108,41.709139311853804,-0.06498614865666497,-0.0005874222916489868,0.01622009430918493,USDMAD
2023-01-13,10.114999771118164,10.114999771118164,9.762093544006348,10.114999771118164,0,10.314833736419677,10.293165330408208,38.76825367059986,-0.07854210916537951,-0.009207548833656931,0.016352842910127664,USDMAD
2023-01-16,9.742176055908203,9.817116737365723,9.817116737365723,9.742176055908203,0,10.24580135345459,10.192985462317298,29.794978602103896,-0.11800873232524722,-0.03685849961900167,0.019494041987904283,USDMAD
2023-01-17,9.817116737365723,10.138999938964844,9.825648307800293,9.817116737365723,0,10.214329242706299,10.124645694144284,33.144705055153665,-0.14160687294875807,0.007692396547491098,0.018261044699079857,USDMAD
2023-01-18,10.17300033569336,9.889266014099121,9.853259086608887,10.17300033569336,0,10.181629276275634,10.133437447153206,46.25844128175603,-0.1300921163290898,0.03625133609474962,0.018240512301520528,USDMAD
2023-01-19,10.180999755859375,10.180999755859375,9.861854553222656,10.180999755859375,0,10.155729293823242,10.142085139645236,46.51240921818893,-0.1189499217411285,0.0007863383369750565,0.018249232014049786,USDMAD
2023-01-20,10.168999671936035,9.886664390563965,9.848795890808105,10.168999671936035,0,10.128629302978515,10.146978690970835,46.1600019085722,-0.10982199909497581,-0.0011786744142129324,0.01823610299421392,USDMAD
2023-01-23,9.886664390563965,10.168999671936035,9.824275970458984,9.886664390563965,0,10.084045696258546,10.099648818169586,38.72568983822196,-0.12394143258314116,-0.027764312172341543,0.019834826285747006,USDMAD
2023-01-24,10.197500228881836,9.881400108337402,9.832324028015137,10.197500228881836,0,10.070545673370361,10.11743998375363,48.55016905861926,-0.10879520752904526,0.03143990996746471,0.022842450296983837,USDMAD
2023-01-25,9.832324028015137,10.197500228881836,9.80777359008789,9.832324028015137,0,10.032278060913086,10.065600719073904,40.36242242809894,-0.12481954058965883,-0.03581036456684061,0.02524668654352904,USDMAD
2023-01-26,10.116999626159668,9.823614120483398,9.76756763458252,10.116999626159668,0,10.023078060150146,10.07494597490768,47.75880266801859,-0.11324260805764474,0.02895303260281179,0.027275158171261246,USDMAD
2023-01-27,10.142000198364258,9.865760803222656,9.825013160705566,10.142000198364258,0,10.025778102874757,10.087137651899784,48.36446740158464,-0.10088750007968983,0.0024711449173078215,0.027113756168245254,USDMAD
2023-01-30,9.868120193481445,9.868663787841797,9.842774391174316,9.868120193481445,0,10.03837251663208,10.047316295823723,42.545241472920154,-0.11190583467359794,-0.027004535547828667,0.02574576115734879,USDMAD
2023-01-31,9.842774391174316,9.89622974395752,9.882433891296387,9.842774391174316,0,10.04093828201294,10.010126858614738,42.04111049147213,-0.12128504019846886,-0.00256845293836927,0.025679633436674232,USDMAD
2023-02-01,9.89622974395752,9.877224922180176,9.861750602722168,9.89622974395752,0,10.013261222839356,9.989418292313426,43.56007853126058,-0.12298701022871406,0.005430923300562052,0.0225824545929205,USDMAD
2023-02-02,10.15999984741211,9.811010360717773,9.75434398651123,10.15999984741211,0,10.01116123199463,10.020433120513186,50.45943506120681,-0.10187741142721407,0.02665359538723755,0.024411275516544123,USDMAD
2023-02-03,10.168000221252441,9.9065580368042,9.851094245910645,10.168000221252441,0,10.01106128692627,10.047263502465778,50.656460309160444,-0.08353934936553387,0.0007874383819375108,0.024408088112435694,USDMAD
2023-02-06,9.943204879760742,9.9830322265625,9.931661605834961,9.943204879760742,0,10.016715335845948,10.028343752883044,45.215115115074305,-0.0861522983608154,-0.02210811728955786,0.023743016231173295,USDMAD
2023-02-07,10.270000457763672,9.958198547363281,9.957040786743164,10.270000457763672,0,10.02396535873413,10.072281335588613,53.1019037162874,-0.06114852513054991,0.032866221902770665,0.023950742687833357,USDMAD
2023-02-08,10.244999885559082,9.939775466918945,9.918622970581055,10.244999885559082,0,10.065232944488525,10.103684708310517,52.47947816104671,-0.0428561726601302,-0.0024343301937918005,0.020304173894963487,USDMAD
2023-02-09,10.246999740600586,9.932957649230957,9.896678924560547,10.246999740600586,0,10.078232955932616,10.12974198690871,52.52741324287835,-0.027876635448826903,0.00019520303209796808,0.018369604211438358,USDMAD
2023-02-10,10.23799991607666,10.23799991607666,9.932223320007324,10.23799991607666,0,10.087832927703857,10.149425246757428,52.27187227471137,-0.01654078306069451,-0.0008782887432178255,0.018379022660922662,USDMAD
2023-02-13,9.932165145874023,9.96604061126709,9.96522045135498,9.932165145874023,0,10.094237422943115,10.109923410233172,44.3719852290577,-0.03186799396296003,-0.029872511497327392,0.01888170977114995,USDMAD
2023-02-14,9.96604061126709,9.96867561340332,9.9156494140625,9.96604061126709,0,10.106564044952393,10.083762901330248,45.357061743639186,-0.04081100818308947,0.0034106828567121994,0.01885759245778801,USDMAD
2023-02-15,10.302499771118164,9.98621940612793,9.979837417602539,10.302499771118164,0,10.147191047668457,10.123533241291687,54.05887567149604,-0.020512513601815385,0.0337605647994943,0.0214758059381058,USDMAD
2023-02-16,10.3100004196167,9.992154121398926,9.987248420715332,10.3100004196167,0,10.162191104888915,10.157436364623507,54.23384876919614,-0.0037770314872371813,0.0007280416078787599,0.019982053063726836,USDMAD
2023-02-17,9.992154121398926,10.057047843933105,9.992154121398926,9.992154121398926,0,10.144606494903565,10.127385047673583,46.203292752359694,-0.0159774036884901,-0.030828931647084223,0.022478222438219387,USDMAD
2023-02-20,9.997472763061523,10.023777961730957,10.007072448730469,9.997472763061523,0,10.150033283233643,10.103764632289572,46.34645939260563,-0.02492974207606302,0.0005322817880888397,0.021282080064983982,USDMAD
2023-02-21,10.023777961730957,10.066384315490723,10.031244277954102,10.023777961730957,0,10.125411033630371,10.089221601278915,47.09634897789296,-0.029561162376731787,0.002631184829692712,0.018125753319447054,USDMAD
2023-02-22,10.067329406738281,10.074868202209473,10.059110641479492,10.067329406738281,0,10.107643985748291,10.085241202271526,48.382643329367,-0.029378699336765735,0.004344813420009475,0.018245533822519054,USDMAD
2023-02-23,10.074868202209473,10.0864896774292,10.074013710021973,10.074868202209473,0,10.09043083190918,10.083355202260243,48.615543902199775,-0.028299558577417727,0.0007488376675293118,0.018252417259552692,USDMAD
2023-02-24,10.074013710021973,10.430999755859375,10.078479766845703,10.074013710021973,0,10.074032211303711,10.081656749126012,48.58878294546344,-0.027199740452401144,-8.48142298588428e-05,0.018257348802164005,USDMAD
2023-02-27,10.08643913269043,10.430999755859375,10.08464241027832,10.08643913269043,0,10.08945960998535,10.082526273410451,49.028167204855045,-0.025036889224747227,0.0012334133172853257,0.015287571503601409,USDMAD
2023-02-28,10.388999938964844,10.0760498046875,10.05949878692627,10.388999938964844,0,10.131755542755126,10.138248758056703,58.36029074472812,0.0010788777843320219,0.029996790967964815,0.017742836550045254,USDMAD
2023-03-01,10.0760498046875,10.100894927978516,10.039078712463379,10.0760498046875,0,10.10911054611206,10.12693985744412,48.47451302416524,-0.003437029176938111,-0.030123220340352197,0.01745784812516719,USDMAD
2023-03-02,10.36400032043457,10.36400032043457,10.056986808776855,10.36400032043457,0,10.114510536193848,10.170041759806018,55.88003909501562,0.016034447014732223,0.02857771858304159,0.019993217283000065,USDMAD
2023-03-03,10.395000457763672,10.395000457763672,10.07567024230957,10.395000457763672,0,10.154795169830322,10.210943341252863,56.60317873705893,0.033580093766484964,0.0029911362765957517,0.016647204689593298,USDMAD
2023-03-06,10.383000373840332,10.383000373840332,10.052367210388184,10.383000373840332,0,10.193347930908203,10.242226438086949,56.21905078703735,0.045986732318656465,-0.0011544091769979392,0.01669567242100193,USDMAD
2023-03-07,10.383000373840332,10.357999801635742,10.056426048278809,10.383000373840332,0,10.22927017211914,10.267821699133016,56.21905078703735,0.05518296785305132,0.0,0.016738850533539372,USDMAD
2023-03-08,10.430000305175781,10.196213722229004,10.139663696289062,10.430000305175781,0,10.26553726196289,10.297308718413518,57.528284551462654,0.0655084122346441,0.004526623292229193,0.016739784119586588,USDMAD
2023-03-09,10.440999984741211,10.440999984741211,10.138894081115723,10.440999984741211,0,10.302150440216064,10.32343440320037,57.845999982756915,0.07372908056464844,0.001054619294686976,0.016734131087917135,USDMAD
2023-03-10,10.442999839782715,10.442999839782715,10.070928573608398,10.442999839782715,0,10.339049053192138,10.345173573488069,57.90765165044327,0.07948909027876461,0.0001915386499786731,0.016727409800105168,USDMAD
2023-03-13,10.020392417907715,10.397000312805176,10.08704662322998,10.020392417907715,0,10.332444381713866,10.28612245429164,43.44696869334406,0.04938378685359801,-0.04046800999317002,0.02183661078766467,USDMAD
2023-03-14,10.37399959564209,10.390000343322754,10.036840438842773,10.37399959564209,0,10.330944347381593,10.302100116355358,53.83502102744939,0.05344221245823455,0.03528875546854171,0.02270313488853948,USDMAD
2023-03-15,10.359999656677246,10.359999656677246,10.086094856262207,10.359999656677246,0,10.359339332580566,10.312627305504792,53.41666621055952,0.054896058328395725,-0.0013495218344451443,0.02012577043126625,USDMAD
2023-03-16,10.430999755859375,10.430999755859375,10.068623542785645,10.430999755859375,0,10.366039276123047,10.334149569205625,55.3132672565165,0.06107334083005078,0.006853291653959426,0.018127231884093882,USDMAD
2023-03-17,10.430999755859375,10.094111442565918,10.035746574401855,10.430999755859375,0,10.369639205932618,10.35175869405176,55.3132672565165,0.06521709958969346,0.0,0.018111609491490818,USDMAD
2023-03-20,9.895922660827637,10.03987979888916,9.993255615234375,9.895922660827637,0,10.320931434631348,10.268879415283738,40.79587913017392,0.025036206711215314,-0.0512968179038803,0.02445051236041163,USDMAD
2023-03-21,10.03987979888916,10.030792236328125,9.970776557922363,10.03987979888916,0,10.28661937713623,10.227243121393816,44.97979467443654,0.0047538975867009725,0.014547116322095821,0.025171432805111308,USDMAD
2023-03-22,9.970776557922363,9.996758460998535,9.996758460998535,9.970776557922363,0,10.240697002410888,10.180612837126278,43.39448043198822,-0.016703485167312238,-0.00688287532829257,0.025047354127313112,USDMAD
2023-03-23,9.996758460998535,9.900354385375977,9.900354385375977,9.996758460998535,0,10.196272850036621,10.147184768739415,44.19093293357818,-0.03125184137970649,0.002605805367840386,0.025088324174101066,USDMAD
2023-03-24,9.900354385375977,9.936528205871582,9.936528205871582,9.900354385375977,0,10.142008304595947,10.10230651721879,41.83865859180026,-0.04998433343190456,-0.00964353355126768,0.025096301431936988,USDMAD
2023-03-27,9.936528205871582,10.26200008392334,9.947921752929688,9.936528205871582,0,10.133621883392333,10.07216500606475,43.06336023830405,-0.061205504391306675,0.0036537904692621748,0.021842124216926224,USDMAD
2023-03-28,10.260000228881836,10.260000228881836,9.926109313964844,10.260000228881836,0,10.122221946716309,10.106316864758764,52.66242501281791,-0.04349548545108739,0.03255382728336764,0.021354178631036017,USDMAD
2023-03-29,9.915392875671387,10.229999542236328,9.918326377868652,9.915392875671387,0,10.077761268615722,10.071603412197423,44.127183784508645,-0.05661448470900332,-0.03358746057727968,0.023731397223497,USDMAD
2023-03-30,10.229999542236328,10.229999542236328,9.891611099243164,10.229999542236328,0,10.057661247253417,10.100402708568133,51.80663615571229,-0.041150895516047115,0.03172911759622421,0.026186219272492973,USDMAD
2023-03-31,10.210000038146973,10.223999977111816,9.831542015075684,10.210000038146973,0,10.035561275482177,10.120329495764285,51.3237067030471,-0.03016199381910667,-0.001954985824464961,0.02617997753609979,USDMAD
2023-04-03,10.220999717712402,10.220999717712402,9.929088592529297,10.220999717712402,0,10.068068981170654,10.138633172482123,51.59098888004703,-0.020331261711509896,0.0010773437340187986,0.019594361662353375,USDMAD
2023-04-04,10.210000038146973,10.210000038146973,9.940125465393066,10.210000038146973,0,10.085081005096436,10.151608966239367,51.28770422082071,-0.013274893196969728,-0.0010761843135919102,0.019227084552022204,USDMAD
2023-04-05,10.180999755859375,10.196999549865723,9.877039909362793,10.180999755859375,0,10.106103324890137,10.156952746170278,50.44571268091126,-0.009908531344452243,-0.0028403802330309036,0.019064946716760577,USDMAD
2023-04-06,10.196999549865723,9.821022987365723,9.821022987365723,10.196999549865723,0,10.126127433776855,10.164233983205813,50.92440547222982,-0.005881813774658795,0.001571534661626961,0.019065617898962592,USDMAD
2023-04-07,9.821022987365723,10.184000015258789,9.868220329284668,9.821022987365723,0,10.11819429397583,10.10183198396216,40.9209059102665,-0.03265238119120717,-0.03687129342914908,0.02256060157782005,USDMAD
2023-04-10,9.798409461975098,10.210000038146973,9.877989768981934,9.798409461975098,0,10.104382419586182,10.046664252691784,40.40677658062688,-0.05505829351520397,-0.0023025631260323864,0.02251514800597327,USDMAD
2023-04-11,10.208999633789062,10.208999633789062,9.856566429138184,10.208999633789062,0,10.099282360076904,10.076179776527653,52.15970191671829,-0.039231706347818474,0.04190375727890849,0.024202155277444976,USDMAD
2023-04-12,10.175999641418457,10.175999641418457,9.902742385864258,10.175999641418457,0,10.12534303665161,10.094328842871434,51.28426826573248,-0.029017351618344733,-0.0032324413316054956,0.021281606439495938,USDMAD
2023-04-13,10.149999618530273,10.149999618530273,9.818758010864258,10.149999618530273,0,10.117343044281006,10.104450802082132,50.56419643806672,-0.022758045874157418,-0.002555033785806904,0.018709563710613122,USDMAD
2023-04-14,10.109999656677246,10.116999626159668,9.8523588180542,10.109999656677246,0,10.107343006134034,10.10545968473579,49.41467227106239,-0.020785560599902553,-0.003940883089296077,0.018735734705254303,USDMAD
2023-04-17,9.804404258728027,10.154999732971191,9.772366523742676,9.804404258728027,0,10.065683460235595,10.05072233455256,41.628293593348964,-0.043381274131977676,-0.030227043355771532,0.02087532700450011,USDMAD
2023-04-18,10.154999732971191,10.154999732971191,9.81919002532959,10.154999732971191,0,10.060183429718018,10.069681861537765,51.14034478482835,-0.03262236486127712,0.0357589778013343,0.024393519824048228,USDMAD
2023-04-19,10.154999732971191,9.89085865020752,9.818434715270996,10.154999732971191,0,10.057583427429199,10.085194201798387,51.14034478482835,-0.023821255149346854,0.0,0.02437684157416261,USDMAD
2023-04-20,9.89085865020752,10.154999732971191,9.867478370666504,9.89085865020752,0,10.02696933746338,10.049860465145501,44.76621142095021,-0.037725415052493716,-0.026010939410078038,0.025704891238995355,USDMAD
2023-04-21,10.123000144958496,10.123000144958496,9.763776779174805,10.123000144958496,0,10.057167053222656,10.063158588747864,50.594418997964056,-0.029670658528640814,0.023470307580030658,0.023817668267148196,USDMAD
2023-04-24,10.123000144958496,10.116000175476074,9.83004379272461,10.123000144958496,0,10.089626121520997,10.074038871695251,50.594418997964056,-0.023021824687688763,0.0,0.023768713254067538,USDMAD
2023-04-25,9.79286003112793,10.116000175476074,9.785244941711426,9.79286003112793,0,10.048012161254883,10.022915446137555,43.09434793127576,-0.043886230904908174,-0.032612872577600815,0.022012794657073304,USDMAD
2023-04-26,10.130000114440918,9.827336311340332,9.773916244506836,10.130000114440918,0,10.043412208557129,10.042385385829075,51.07108263751583,-0.03283849430477126,0.034427131832921454,0.025144919613875254,USDMAD
2023-04-27,10.0625,9.805624008178711,9.767279624938965,10.0625,0,10.034662246704102,10.046042588405607,49.5728058612285,-0.02919325687482477,-0.006663387332512705,0.025221680714348486,USDMAD
2023-04-28,10.057999610900879,10.057999610900879,9.725621223449707,10.057999610900879,0,10.029462242126465,10.048216592495656,49.468603664737074,-0.02636362033362971,-0.00044724363717973947,0.02519413343879705,USDMAD
2023-05-01,9.598311424255371,9.706754684448242,9.706754684448242,9.598311424255371,0,10.0088529586792,9.966415652815604,40.17842192273526,-0.06051651120517221,-0.04570373875808231,0.027601869992005375,USDMAD
2023-05-02,10.04800033569336,10.04800033569336,9.707276344299316,10.04800033569336,0,9.998153018951417,9.98124923152065,50.05905616576725,-0.05071220757152517,0.04685083568986981,0.02943959726621402,USDMAD
2023-05-03,10.045000076293945,10.045000076293945,9.668243408203125,10.045000076293945,0,9.987153053283691,9.992840294206704,49.99971913204049,-0.042692193137463974,-0.00029859268502974157,0.029438994765387607,USDMAD
2023-05-04,10.003999710083008,10.003999710083008,9.697931289672852,10.003999710083008,0,9.99846715927124,9.994869278911485,49.14245696983011,-0.039192869809797415,-0.004081669079097128,0.02813171799663842,USDMAD
2023-05-05,10.001999855041504,10.001999855041504,9.700180053710938,10.001999855041504,0,9.986367130279541,9.996165747298761,49.098238117852986,-0.03616412492892884,-0.00019990554772686409,0.027052272423109695,USDMAD
2023-05-08,9.987500190734863,9.987500190734863,9.664095878601074,9.987500190734863,0,9.972817134857177,9.994590191559869,48.75569122787765,-0.03453571825836477,-0.0014496765163750647,0.027050958951266846,USDMAD
2023-05-09,9.987500190734863,9.71487808227539,9.647286415100098,9.987500190734863,0,9.99228115081787,9.993301100500776,48.75569122787765,-0.03286633162748487,0.0,0.024680680878754704,USDMAD
2023-05-10,10.008999824523926,9.750343322753906,9.65199089050293,10.008999824523926,0,9.980181121826172,9.99615541395953,49.36321424001773,-0.029468792037468106,0.002152654155542111,0.021965310880800178,USDMAD
2023-05-11,10.010000228881836,10.010000228881836,9.709630966186523,10.010000228881836,0,9.974931144714356,9.998672653036312,49.39327877494545,-0.026391271019161167,9.995048211108859e-05,0.021874948005238832,USDMAD
2023-05-12,10.0625,10.095999717712402,9.697327613830566,10.0625,0,9.975381183624268,10.010277625211527,51.03624850909321,-0.019491336673235438,0.005244732259514606,0.021944857063908054,USDMAD
2023-05-15,9.65903377532959,10.095999717712402,9.735613822937012,9.65903377532959,0,9.98145341873169,9.946415107051173,40.227432283340995,-0.04604862157052736,-0.04009602232749421,0.020674657083815395,USDMAD
2023-05-16,10.107000350952148,9.775501251220703,9.760490417480469,10.107000350952148,0,9.987353420257568,9.975612424124078,52.3053521930095,-0.0305956151404434,0.04637799039141188,0.020557900387893634,USDMAD
2023-05-17,10.140000343322754,10.140000343322754,9.782757759094238,10.140000343322754,0,9.996853446960449,10.005501136705654,53.05785150559601,-0.015507412817903798,0.0032650629489190397,0.02056810812718157,USDMAD
2023-05-18,10.121999740600586,10.121999740600586,9.809070587158203,10.121999740600586,0,10.008653450012208,10.026682701050188,52.570617678800936,-0.004945394545114112,-0.0017752073089446485,0.020516021801527777,USDMAD
2023-05-19,10.197999954223633,10.197999954223633,9.828695297241211,10.197999954223633,0,10.02825345993042,10.057831292536267,54.47161904110891,0.009448743872672694,0.007508418847137488,0.02059547440582361,USDMAD
2023-05-22,9.801543235778809,10.204999923706055,9.800819396972656,9.801543235778809,0,10.009657764434815,10.01123346403491,44.460644339207114,-0.011007652215798913,-0.03887592863546019,0.024372960014845003,USDMAD
2023-05-23,10.199999809265137,9.931971549987793,9.888419151306152,10.199999809265137,0,10.030907726287841,10.045554617713133,53.675467808473684,0.004876409727646802,0.04065243236716354,0.027818092156222645,USDMAD
2023-05-24,10.1850004196167,9.896405220031738,9.872511863708496,10.1850004196167,0,10.048507785797119,10.070908399877418,53.31685320854849,0.016069083475171553,-0.0014705284244037609,0.027846054647592756,USDMAD
2023-05-25,10.225000381469727,9.933199882507324,9.8866548538208,10.225000381469727,0,10.070007801055908,10.09892512380329,54.195731531926675,0.027846028998116168,0.003927340226318021,0.027841918460401512,USDMAD
2023-05-26,10.225000381469727,10.204999923706055,9.846357345581055,10.225000381469727,0,10.086257839202881,10.12184789792446,54.195731531926675,0.03675564695485889,0.0,0.027833361266834517,USDMAD
2023-05-29,9.865729331970215,9.904733657836914,9.859293937683105,9.865729331970215,0,10.106927394866943,10.07528088593278,45.30997405163266,0.014657450271947425,-0.0351365316475295,0.027033587602073476,USDMAD
2023-05-30,9.904733657836914,9.90750789642334,9.898961067199707,9.904733657836914,0,10.08670072555542,10.04427229900626,46.338621225425186,0.0002884680365617953,0.003953516719773065,0.022285305760180736,USDMAD
2023-05-31,10.170000076293945,9.897439002990723,9.846102714538574,10.170000076293945,0,10.089700698852539,10.067131894876747,52.83580189583809,0.010188284930919167,0.026781782087309747,0.024049589986723366,USDMAD
2023-06-01,10.17199993133545,9.852282524108887,9.842510223388672,10.17199993133545,0,10.094700717926026,10.08619881059651,52.882119894508676,0.017987978513216873,0.0001966425788102466,0.024036427701674763,USDMAD
2023-06-02,9.852282524108887,9.837677955627441,9.807699203491211,9.852282524108887,0,10.060128974914551,10.043668576689669,45.23399870695176,-0.0016106641684476841,-0.03143112557852601,0.025902290312968146,USDMAD
2023-06-05,9.873583793640137,10.192999839782715,9.827654838562012,9.873583793640137,0,10.067333030700684,10.012744070680661,45.7964661567671,-0.015248124379015238,0.0021620644230537778,0.02265936425544553,USDMAD
2023-06-06,10.197999954223633,9.880215644836426,9.804085731506348,10.197999954223633,0,10.067133045196533,10.046426958597564,53.61069159248924,0.00012037543849885424,0.032856981554403974,0.021231339331230864,USDMAD
2023-06-07,10.199000358581543,10.199000358581543,9.87052059173584,10.199000358581543,0,10.068533039093017,10.07416757677647,53.632890220740045,0.012239655410247963,9.809809397931524e-05,0.021223550178374427,USDMAD
2023-06-08,10.199000358581543,9.894848823547363,9.879362106323242,10.199000358581543,0,10.0659330368042,10.096864446195573,53.632890220740045,0.02159533452873852,0.0,0.021186113945182623,USDMAD
2023-06-09,10.11299991607666,9.832036018371582,9.755005836486816,10.11299991607666,0,10.054732990264892,10.099798167992134,51.19062325440145,0.021818747717723852,-0.00843224232583939,0.021350984135263384,USDMAD
2023-06-12,9.756909370422363,10.145000457763672,9.7752046585083,9.756909370422363,0,10.043850994110107,10.037454750252174,42.55064710096544,-0.006660943570652833,-0.03521116865513063,0.02136429285897491,USDMAD
2023-06-13,10.140000343322754,9.809577941894531,9.778708457946777,10.140000343322754,0,10.067377662658691,10.056099403537733,51.94717142499622,0.0016617798230491587,0.03926355758327671,0.02488406820702255,USDMAD
2023-06-14,10.140000343322754,9.783859252929688,9.781926155090332,10.140000343322754,0,10.064377689361573,10.071354119862281,51.94717142499622,0.008163494392780635,0.0,0.023392190170807223,USDMAD
2023-06-15,10.065999984741211,9.759299278259277,9.754744529724121,10.065999984741211,0,10.053777694702148,10.070380640749358,50.11098687309881,0.007261236526177939,-0.0072978654907317475,0.023503213051745443,USDMAD
2023-06-16,9.998000144958496,9.663776397705078,9.63594913482666,9.998000144958496,0,10.068349456787109,10.057220550605564,48.417373027519076,0.0010471015594060162,-0.006755398359407305,0.021102606521678093,USDMAD
2023-06-19,9.62628173828125,9.991000175476074,9.65145492553711,9.62628173828125,0,10.04361925125122,9.97886803927387,40.382708556469645,-0.03348620587382101,-0.03717927598397619,0.024408569413733636,USDMAD
2023-06-20,9.982500076293945,9.982500076293945,9.682733535766602,9.982500076293945,0,10.022069263458253,9.979528409641157,49.09982226817589,-0.031744329111104364,0.03700476961900123,0.025097257967760685,USDMAD
2023-06-21,9.984999656677246,9.984999656677246,9.665971755981445,9.984999656677246,0,10.000669193267822,9.980523181829536,49.1560014856378,-0.02981845538767658,0.00025039622982192533,0.02509861830263651,USDMAD
2023-06-22,9.956999778747559,9.956999778747559,9.605497360229492,9.956999778747559,0,9.976469135284423,9.976246199450994,48.5101058901765,-0.030203377001743803,-0.0028041941805139192,0.025091493633357193,USDMAD
2023-06-23,9.96500015258789,9.991999626159668,9.647491455078125,9.96500015258789,0,9.961669158935546,9.974201463657703,48.717451193712805,-0.029522549276194354,0.000803492419213292,0.02500299702002618,USDMAD
2023-06-26,9.587764739990234,9.703089714050293,9.611716270446777,9.587764739990234,0,9.944754695892334,9.903940241172709,40.44674428855436,-0.05874555135910953,-0.03785603681096672,0.025413456536531247,USDMAD
2023-06-27,9.937999725341797,9.937999725341797,9.602682113647461,9.937999725341797,0,9.924554634094239,9.910132874657997,49.088563517412986,-0.05303262764834571,0.03652936788183214,0.024936912422161686,USDMAD
2023-06-28,9.937999725341797,9.62608814239502,9.596983909606934,9.937999725341797,0,9.904354572296143,9.915199574782324,49.088563517412986,-0.0479523298390756,0.0,0.024936912422161686,USDMAD
2023-06-29,9.890999794006348,9.890999794006348,9.653242111206055,9.890999794006348,0,9.886854553222657,9.910799614641238,48.00441711402682,-0.04717485650713016,-0.004729315016541946,0.0248863725918749,USDMAD
2023-06-30,9.890000343322754,9.890000343322754,9.560009002685547,9.890000343322754,0,9.876054573059083,9.907017928946967,47.980150005040954,-0.04610784803655221,-0.00010104647704056724,0.02481832341650953,USDMAD
2023-07-03,9.497872352600098,9.518594741821289,9.516995429992676,9.497872352600098,0,9.863213634490966,9.832627824156628,39.53560287905702,-0.07602729253421359,-0.03964893600710562,0.02522934877395397,USDMAD
2023-07-04,9.809000015258789,9.51301097869873,9.48730182647705,9.809000015258789,0,9.845863628387452,9.828331858902475,47.439949897671525,-0.0737827441361425,0.03275761677019373,0.024543888668055798,USDMAD
2023-07-05,9.48730182647705,9.809000015258789,9.450836181640625,9.48730182647705,0,9.796093845367432,9.766326398461489,41.411787772717034,-0.09684589940643917,-0.032796226759232106,0.026436790410867342,USDMAD
2023-07-06,9.753999710083008,9.753999710083008,9.47953987121582,9.753999710083008,0,9.775793838500977,9.764085182392673,47.381270462978165,-0.09253662123190942,0.02811103604416365,0.028426818791735687,USDMAD
2023-07-07,9.753999710083008,9.772500038146973,9.488040924072266,9.753999710083008,0,9.754693794250489,9.762251460154552,47.381270462978165,-0.08810585774779689,0.0,0.02842011307830201,USDMAD
2023-07-10,9.41370964050293,9.777999877929688,9.425171852111816,9.41370964050293,0,9.737288284301759,9.698880220217893,41.17340485024959,-0.11077605307292337,-0.034887233923977856,0.028013911449687415,USDMAD
2023-07-11,9.78499984741211,9.478680610656738,9.4356689453125,9.78499984741211,0,9.721988296508789,9.714538334253204,49.021614323997724,-0.09765660494945116,0.03944143393925037,0.028464395442261668,USDMAD
2023-07-12,9.803999900817871,9.480924606323242,9.421838760375977,9.803999900817871,0,9.708588314056396,9.730804073628597,49.393686833106635,-0.08474926549328643,0.0019417530610168487,0.028479998103351594,USDMAD
2023-07-13,9.744999885559082,9.400198936462402,9.379634857177734,9.744999885559082,0,9.69398832321167,9.73338513034323,48.21683393835778,-0.07837742792869307,-0.006017953473649751,0.028501698963334765,USDMAD
2023-07-14,9.696999549865723,9.359113693237305,9.322757720947266,9.696999549865723,0,9.674688243865967,9.72676957025641,47.230886712883795,-0.0763211440467444,-0.004925637378866532,0.028523360725388625,USDMAD
2023-07-17,9.305063247680664,9.411723136901855,9.324501991271973,9.305063247680664,0,9.655407333374024,9.650095693424456,40.03266272490381,-0.10510591275745185,-0.04041830673184732,0.028638194117973338,USDMAD
2023-07-18,9.696999549865723,9.429718971252441,9.405945777893066,9.696999549865723,0,9.644207286834718,9.658623667322868,48.48735475858257,-0.09519471983219141,0.04212075638311763,0.030009430547568237,USDMAD
2023-07-19,9.737500190734863,9.737500190734863,9.4503755569458,9.737500190734863,0,9.669227123260498,9.672964853397776,49.28308694888229,-0.08311387972361217,0.004176615731584787,0.02781923847217373,USDMAD
2023-07-20,9.737500190734863,9.446906089782715,9.426246643066406,9.737500190734863,0,9.667577171325684,9.684698551095428,49.28308694888229,-0.07270166733399996,0.0,0.026377664651968346,USDMAD
2023-07-21,9.426246643066406,9.481088638305664,9.386796951293945,9.426246643066406,0,9.634801864624023,9.63770729509015,43.318887582354066,-0.08854478487883632,-0.031964420187083675,0.028266064115490607,USDMAD
2023-07-24,9.378576278686523,9.439919471740723,9.379419326782227,9.378576278686523,0,9.631288528442383,9.590592564834946,42.47113913397365,-0.10375119054251591,-0.00505719468044552,0.02601787099849989,USDMAD
2023-07-25,9.76099967956543,9.76099967956543,9.466318130493164,9.76099967956543,0,9.628888511657715,9.621575676604124,50.7909812405255,-0.08397598134232176,0.04077627451279464,0.02624553684766904,USDMAD
2023-07-26,9.76099967956543,9.717499732971191,9.417840003967285,9.76099967956543,0,9.62458848953247,9.64692549532436,50.7909812405255,-0.06752559258043433,0.0,0.02623727583282863,USDMAD
2023-07-27,9.675000190734863,9.675000190734863,9.347183227539062,9.675000190734863,0,9.617588520050049,9.652029985398997,48.944872458897464,-0.06072794701751505,-0.008810520607905103,0.026321621608168606,USDMAD
2023-07-28,9.675000190734863,9.675000190734863,9.417017936706543,9.675000190734863,0,9.615388584136962,9.656206386369155,48.944872458897464,-0.054710099958048986,0.0,0.02627377907562059,USDMAD
2023-07-31,9.392742156982422,9.770000457763672,9.404586791992188,9.392742156982422,0,9.624156475067139,9.60830379920793,42.99619384722683,-0.07188809598050838,-0.029173956401855383,0.024530680549705166,USDMAD
2023-08-01,9.848999977111816,9.848999977111816,9.543814659118652,9.848999977111816,0,9.639356517791748,9.652066740645,52.95061381897533,-0.04813076708771824,0.048575571702478726,0.025779990971654697,USDMAD
2023-08-02,9.861000061035156,9.857500076293945,9.527932167053223,9.861000061035156,0,9.651706504821778,9.690054617079573,53.18218361039378,-0.028011704797913595,0.0012184063307165705,0.025767324948624548,USDMAD
2023-08-03,9.608576774597168,9.629789352416992,9.585088729858398,9.608576774597168,0,9.638814163208007,9.675240463900954,47.84740779597258,-0.03206601554257382,-0.02559814267068261,0.027172323446868596,USDMAD
2023-08-04,9.819999694824219,9.571178436279297,9.4262113571167,9.819999694824219,0,9.678189468383788,9.701560324068819,52.17468924482434,-0.018011399093154523,0.022003562565686474,0.02565691914145714,USDMAD
2023-08-07,9.363141059875488,9.524781227111816,9.36764907836914,9.363141059875488,0,9.676645946502685,9.640029548760939,43.73082295403965,-0.04323925282136187,-0.046523284027139566,0.030287050442653573,USDMAD
2023-08-08,9.523653030395508,9.513083457946777,9.385162353515625,9.523653030395508,0,9.652911281585693,9.618870181785406,46.97759058321106,-0.04970753655187998,0.017142961907075538,0.027573612664434782,USDMAD
2023-08-09,9.385162353515625,9.414230346679688,9.38469123840332,9.385162353515625,0,9.615327548980712,9.576377849372719,44.587096720742295,-0.06525650188612886,-0.01454176001980323,0.02783183051300419,USDMAD
2023-08-10,9.414230346679688,9.474413871765137,9.41577434539795,9.414230346679688,0,9.589250564575195,9.546896485246712,45.21721229991628,-0.07437626157495991,0.00309722859010253,0.027837471935587513,USDMAD
2023-08-11,9.474413871765137,9.508559226989746,9.462003707885742,9.474413871765137,0,9.569191932678223,9.533717828250062,46.571860789252526,-0.075872814753696,0.006392824784309248,0.027971283043585284,USDMAD
2023-08-14,9.498547554016113,9.622166633605957,9.511706352233887,9.498547554016113,0,9.579772472381592,9.527323232934798,47.13636882975148,-0.07425548644062019,0.0025472480490742466,0.026260893861753624,USDMAD
2023-08-15,9.859999656677246,9.649779319763184,9.58869457244873,9.859999656677246,0,9.580872440338135,9.587809855433424,54.83349215569757,-0.04330834653643123,0.03805340770319199,0.02429960938374311,USDMAD
2023-08-16,9.871999740600586,9.897000312805176,9.557307243347168,9.871999740600586,0,9.581972408294678,9.639480743645635,55.06740344418296,-0.017611197790985855,0.0012170470934258493,0.024299604172010165,USDMAD
2023-08-17,9.897000312805176,9.897000312805176,9.596927642822266,9.897000312805176,0,9.610814762115478,9.686302483492824,55.583498107838444,0.0047169410064213935,0.002532472939780428,0.022521404787236358,USDMAD
2023-08-18,9.923999786376953,9.923999786376953,9.923999786376953,9.923999786376953,0,9.621214771270752,9.729520174926302,56.169014580839914,0.0243105468903817,0.0027280461471588247,0.021535798276459416,USDMAD
2023-08-21,9.519808769226074,9.975000381469727,9.528557777404785,9.519808769226074,0,9.63688154220581,9.69139082843535,46.32399065626677,0.007141461278710182,-0.040728640251053494,0.020139810823657376,USDMAD
2023-08-22,9.967499732971191,9.967499732971191,9.649565696716309,9.967499732971191,0,9.68126621246338,9.741592447441867,55.60562176168287,0.0293217535765411,0.04702730638795316,0.024423732433895194,USDMAD
2023-08-23,9.991000175476074,9.698758125305176,9.684616088867188,9.991000175476074,0,9.741849994659423,9.786939307084449,56.035385479586836,0.048240003598577275,0.002357706860743214,0.023501468494332167,USDMAD
2023-08-24,9.991000175476074,10.0,9.644329071044922,9.991000175476074,0,9.799526977539063,9.824041283155653,56.035385479586836,0.06251225072582933,0.0,0.02357192825323101,USDMAD
2023-08-25,10.039999961853027,9.720460891723633,9.709712028503418,10.039999961853027,0,9.856085586547852,9.863306497464267,57.041026950250874,0.0768906352718286,0.004904392504889277,0.023575363835112516,USDMAD
2023-08-28,9.718705177307129,9.85898208618164,9.713397026062012,9.718705177307129,0,9.878101348876953,9.837015348344785,49.108827233462016,0.06164915163016893,-0.03200147268592213,0.026498268872457167,USDMAD
2023-08-29,9.85898208618164,9.846821784973145,9.824917793273926,9.85898208618164,0,9.877999591827393,9.841009300678758,52.232098203626684,0.0601954446230728,0.014433703493964778,0.02391455640308279,USDMAD
2023-08-30,9.824917793273926,9.796250343322754,9.769740104675293,9.824917793273926,0,9.873291397094727,9.838083572059697,51.40703422015406,0.05565313292261642,-0.0034551531395375923,0.023939127892366102,USDMAD
2023-08-31,9.796250343322754,9.829797744750977,9.751852035522461,9.796250343322754,0,9.863216400146484,9.83047753047116,50.68147350859353,0.04917325586293586,-0.0029178310245809858,0.023931537575638446,USDMAD
2023-09-01,9.829797744750977,9.90821361541748,9.861133575439453,9.829797744750977,0,9.853796195983886,9.830353933067489,51.5433774272247,0.04621219610545957,0.003424514508358678,0.023943843654793878,USDMAD
2023-09-04,9.952582359313965,9.969941139221191,9.85665512084961,9.952582359313965,0,9.897073554992676,9.85257728329412,54.66615510468966,0.0531604268463024,0.01249106215115714,0.01957258090507886,USDMAD
2023-09-05,9.864505767822266,10.039999961853027,9.86323356628418,9.864505767822266,0,9.886774158477783,9.854746098662874,52.07372075591597,0.050972327657067495,-0.008849621968641586,0.012992814521435648,USDMAD
2023-09-06,9.8731689453125,10.184000015258789,9.8731689453125,9.8731689453125,0,9.874991035461425,9.858095707144624,52.31326636247347,0.049368203389429155,0.0008782170839711778,0.012959202132646506,USDMAD
2023-09-07,10.1899995803833,10.164999961853027,9.852331161499023,10.1899995803833,0,9.894890975952148,9.918441865915293,60.15667299206219,0.07282304895873004,0.032090065188363104,0.016698147431361797,USDMAD
2023-09-08,10.15999984741211,10.15999984741211,9.848238945007324,10.15999984741211,0,9.906890964508056,9.962361498914714,59.164374487357726,0.08797631907989611,-0.002944036722920318,0.01673608118183535,USDMAD
2023-09-11,9.870070457458496,10.157500267028809,9.870208740234375,9.870070457458496,0,9.922027492523194,9.945581309559037,50.49536327537456,0.07571768970183257,-0.028536357707472093,0.015988828064249113,USDMAD
2023-09-12,9.863325119018555,9.881790161132812,9.867135047912598,9.863325119018555,0,9.922461795806885,9.930625638551675,50.3106638595943,0.06471238111467237,-0.0006834134030769823,0.01534890150100221,USDMAD
2023-09-13,10.140000343322754,9.852535247802734,9.840046882629395,10.140000343322754,0,9.953970050811767,9.968693766691871,57.22232457445437,0.07742348337846039,0.028050907880012188,0.01759581843846137,USDMAD
2023-09-14,10.140000343322754,9.844232559204102,9.83695125579834,10.140000343322754,0,9.988345050811768,9.999840416988395,57.22232457445437,0.08650000528452395,0.0,0.017505207467303902,USDMAD
2023-09-15,10.256500244140625,10.256500244140625,9.9238862991333,10.256500244140625,0,10.031015300750733,10.046505840106981,59.94326724323944,0.10191892473161701,0.011489141703489913,0.017681507647755026,USDMAD
2023-09-18,9.92785930633545,10.272000312805176,9.94109058380127,9.92785930633545,0,10.02854299545288,10.02493374305761,50.23598005212081,0.08662143439110181,-0.03204221030394094,0.020757447316425787,USDMAD
2023-09-19,10.269000053405762,10.269000053405762,9.890325546264648,10.269000053405762,0,10.068992424011231,10.069309435848183,57.863934137753645,0.10086258919669255,0.03436196430106686,0.023089870906302126,USDMAD
2023-09-20,10.258999824523926,10.258999824523926,9.904025077819824,10.258999824523926,0,10.107575511932373,10.10379859742559,57.58528023714534,0.11007301884358611,-0.00097382693834136,0.023127464523075243,USDMAD
2023-09-21,10.267499923706055,10.267499923706055,9.920987129211426,10.267499923706055,0,10.115325546264648,10.133562474931127,57.771429911745,0.11671284464022769,0.0008285504754381723,0.02092917413561825,USDMAD
2023-09-22,10.279999732971191,10.279999732971191,9.908233642578125,10.279999732971191,0,10.127325534820557,10.16018743093841,58.062909436794875,0.12158206223264756,0.0012174150823489605,0.02088435612694594,USDMAD
2023-09-25,9.963179588317871,9.980666160583496,9.868962287902832,9.963179588317871,0,10.136636447906493,10.124367823189221,48.857787270307924,0.09873802388134045,-0.030819081019737626,0.021256732677687008,USDMAD
2023-09-26,10.270000457763672,10.270000457763672,9.92299747467041,10.270000457763672,0,10.177303981781005,10.150846484020938,56.11405085387947,0.10419079226409877,0.03079547715927533,0.023198379240576304,USDMAD
2023-09-27,10.270000457763672,10.270000457763672,9.970312118530273,10.270000457763672,0,10.190303993225097,10.172510842883254,56.11405085387946,0.10727554478888912,0.0,0.02165042464950222,USDMAD
2023-09-28,10.319999694824219,10.319999694824219,9.996719360351562,10.319999694824219,0,10.208303928375244,10.199326997781611,57.26012992356612,0.11245840348648883,0.004868474667179656,0.021668033864038424,USDMAD
2023-09-29,10.3149995803833,9.979127883911133,9.94305419921875,10.3149995803833,0,10.214153861999511,10.220358376436463,57.09953828381584,0.11483860098947574,-0.00048450722759474374,0.02141305152280176,USDMAD
2023-10-02,9.953715324401855,10.3149995803833,9.974678993225098,9.953715324401855,0,10.216739463806153,10.171877821521079,46.870709554291885,0.08657432959882883,-0.03502513530572726,0.021935412609888853,USDMAD
2023-10-03,10.317000389099121,10.317000389099121,10.038580894470215,10.317000389099121,0,10.221539497375488,10.198263742898904,55.502686845850675,0.09242336054099454,0.036497433657426415,0.022309156155127845,USDMAD
2023-10-04,10.32699966430664,10.32699966430664,10.036665916442871,10.32699966430664,0,10.22833948135376,10.221670274063946,55.71595656775654,0.09675033995051585,0.0009692037249591223,0.022301510331228597,USDMAD
2023-10-05,10.300999641418457,10.300999641418457,10.024604797363281,10.300999641418457,0,10.231689453125,10.23609379540113,54.97809482600954,0.09696377965691916,-0.0025176744198073253,0.022327536811423052,USDMAD
2023-10-06,9.998388290405273,10.004552841186523,9.914335250854492,9.998388290405273,0,10.203528308868409,10.19287461267461,47.15128004715881,0.07188606732718661,-0.029376891714124387,0.024240123242648938,USDMAD
2023-10-09,9.867767333984375,10.044536590576172,9.895112037658691,9.867767333984375,0,10.193987083435058,10.133764198367293,44.224622972701084,0.040999167213881194,-0.013064201211933968,0.02252576246652222,USDMAD
2023-10-10,10.044536590576172,10.005061149597168,9.939545631408691,10.044536590576172,0,10.171440696716308,10.117540996950725,48.85151812207926,0.030434053209766887,0.017913804674235312,0.02082662379315844,USDMAD
2023-10-11,10.256999969482422,9.91706371307373,9.864673614501953,10.256999969482422,0,10.170140647888184,10.14289717377467,53.811117843802855,0.03875836103143193,0.021152133499676262,0.02209057840329422,USDMAD
2023-10-12,10.236000061035156,10.236000061035156,9.843826293945312,10.236000061035156,0,10.161740684509278,10.159824971458395,53.261394207913064,0.04316335752803724,-0.0020473733557323515,0.02203265173981113,USDMAD
2023-10-13,10.244999885559082,9.976563453674316,9.88529109954834,10.244999885559082,0,10.154740715026856,10.175311319476702,53.480728544137115,0.04684061021500163,0.0008792325586421956,0.022037654432257737,USDMAD
2023-10-16,9.889474868774414,10.244999885559082,9.8856201171875,9.889474868774414,0,10.148316669464112,10.123341055712649,44.58057764433445,0.020826882517235745,-0.03470229582782147,0.021981560442044454,USDMAD
2023-10-17,10.25,10.232500076293945,9.917012214660645,10.25,0,10.1416166305542,10.146369954673984,53.10353348006659,0.02896825296556038,0.036455437321948114,0.02197372414969662,USDMAD
2023-10-18,10.239999771118164,9.946426391601562,9.920015335083008,10.239999771118164,0,10.13291664123535,10.163393557663834,52.86069350495694,0.03421895795911034,-0.000975632086032796,0.02196853218679305,USDMAD
2023-10-19,9.946426391601562,10.299500465393066,9.95229721069336,9.946426391601562,0,10.097459316253662,10.123944982016148,46.1837544659989,0.01452383948311109,-0.028669275984226417,0.02370626082589785,USDMAD
2023-10-20,10.300000190734863,10.300000190734863,9.932299613952637,10.300000190734863,0,10.127620506286622,10.155955019965006,53.75934687609305,0.02713299457399465,0.035547822425132214,0.024626482381110124,USDMAD
2023-10-23,9.952850341796875,10.319999694824219,9.969207763671875,9.952850341796875,0,10.136128807067871,10.119026896661708,46.79438788408593,0.009009888880074257,-0.03370386820480442,0.02690511232536298,USDMAD
2023-10-24,10.319999694824219,9.979480743408203,9.932896614074707,10.319999694824219,0,10.163675117492676,10.155567405418529,53.63596566443096,0.0239964651291249,0.03688886504055078,0.02881718904755676,USDMAD
2023-10-25,10.295000076293945,10.009251594543457,9.975602149963379,10.295000076293945,0,10.167475128173828,10.18091880012315,53.13494646347645,0.03347034914372493,-0.002422443727669088,0.028130826027506304,USDMAD
2023-10-26,10.258000373840332,10.258000373840332,9.980875015258789,10.258000373840332,0,10.169675159454346,10.194933631708093,52.35545787592494,0.03755993614868025,-0.00359394873039498,0.02815200521038645,USDMAD
2023-10-27,10.258000373840332,9.984118461608887,9.960312843322754,10.258000373840332,0,10.17097520828247,10.206400312095772,52.35545787592494,0.04033599507109642,0.0,0.028152306459800665,USDMAD
2023-10-30,9.952927589416504,10.258000373840332,9.967814445495605,9.952927589416504,0,10.17732048034668,10.160314362517722,45.914454278883106,0.017715010055463054,-0.029739985699534177,0.027499369488737695,USDMAD
2023-10-31,10.280500411987305,9.96439266204834,9.962299346923828,10.280500411987305,0,10.18037052154541,10.182166371512192,52.650378214164355,0.025921300974156125,0.03291220795368055,0.02700994152627857,USDMAD
2023-11-01,10.280500411987305,9.970373153686523,9.970373153686523,10.280500411987305,0,10.184420585632324,10.200045287962213,52.650378214164355,0.03205533173980868,0.0,0.027005281600095604,USDMAD
2023-11-02,10.305000305175781,9.929544448852539,9.923567771911621,10.305000305175781,0,10.220277976989745,10.21912801836468,53.15642616932774,0.038450300807820526,0.002383142085176093,0.02495787122438342,USDMAD
2023-11-03,9.929544448852539,10.305000305175781,9.957260131835938,9.929544448852539,0,10.183232402801513,10.166476460271562,45.18636052815093,0.013071529620987121,-0.03643433723477585,0.025172086348456024,USDMAD
2023-11-06,9.88337230682373,10.211000442504883,9.889360427856445,9.88337230682373,0,10.1762845993042,10.115002977826501,44.30656842000566,-0.01064433411596255,-0.004649975864113753,0.022851811358545086,USDMAD
2023-11-07,10.204999923706055,10.22700023651123,9.910648345947266,10.204999923706055,0,10.164784622192382,10.13136605889551,51.4044278188517,-0.0034469321743451076,0.03254229496750449,0.0220910311914925,USDMAD
2023-11-08,10.22700023651123,10.22700023651123,9.890966415405273,10.22700023651123,0,10.157984638214112,10.148754091189277,51.856410802940125,0.003986349937296296,0.0021558366457279377,0.02210341843554872,USDMAD
2023-11-09,10.1850004196167,10.1850004196167,9.853154182434082,10.1850004196167,0,10.150684642791749,10.155344332721535,50.88342842366941,0.006414305230475037,-0.004106758181601333,0.02211213554291077,USDMAD
2023-11-10,10.225000381469727,10.230999946594238,9.915759086608887,10.225000381469727,0,10.147384643554688,10.16800906885757,51.81079019609318,0.011434332058358976,0.003927340226318021,0.022156711431632295,USDMAD
2023-11-13,9.886053085327148,9.912694931030273,9.911503791809082,9.886053085327148,0,10.140697193145751,10.116744344579311,44.19594843406128,-0.011801435014454853,-0.033148878581641505,0.022683350093738452,USDMAD
2023-11-14,10.218000411987305,10.218000411987305,9.905678749084473,10.218000411987305,0,10.134447193145752,10.135154538653492,51.685261501344904,-0.0033914779161126063,0.03357733605060553,0.022792730383083805,USDMAD
2023-11-15,10.135000228881836,10.133999824523926,9.77078914642334,10.135000228881836,0,10.119897174835206,10.135126482331373,49.88257712379419,-0.0033849280962954253,-0.008122937929039065,0.02292224109600267,USDMAD
2023-11-16,10.152000427246094,9.850790023803711,9.842100143432617,10.152000427246094,0,10.104597187042236,10.138194472315867,50.26520178599513,-0.0019850806118686393,0.0016773752323964164,0.022911108835749296,USDMAD
2023-11-17,10.152000427246094,9.83525276184082,9.832592964172363,10.152000427246094,0,10.126842784881593,10.140704645939543,50.26520178599513,-0.0008657120059858414,0.0,0.019309616634336047,USDMAD
2023-11-20,9.781492233276367,9.831282615661621,9.790457725524902,9.781492233276367,0,10.116654777526856,10.075393298182602,42.13438645114408,-0.029535057352170213,-0.036496077460295484,0.022892482826455854,USDMAD
2023-11-21,10.130000114440918,10.130000114440918,9.804095268249512,10.130000114440918,0,10.109154796600341,10.085321810229567,50.28118385547256,-0.02385901481138397,0.03562931635103039,0.023407078703277413,USDMAD
2023-11-22,10.130000114440918,9.839466094970703,9.817834854125977,10.130000114440918,0,10.099454784393311,10.093445138267993,50.28118385547256,-0.019140075330014383,0.0,0.02338991633373183,USDMAD
2023-11-23,9.817834854125977,9.82918930053711,9.819071769714355,9.817834854125977,0,10.062738227844239,10.043334177514899,43.86565701723195,-0.040126852054008566,-0.03081591873527534,0.025270712637887226,USDMAD
2023-11-24,9.819071769714355,10.130000114440918,9.801529884338379,9.819071769714355,0,10.0221453666687,10.002559194278435,43.89620336269335,-0.05601352599818732,0.00012598659549256652,0.02517704178258665,USDMAD
2023-11-27,9.77517032623291,10.09000015258789,9.767313957214355,9.77517032623291,0,10.011057090759277,9.961215763724702,43.001785378275095,-0.07132412898433138,-0.004471038048306508,0.02299603384337763,USDMAD
2023-11-28,10.083000183105469,10.083000183105469,9.751272201538086,10.083000183105469,0,9.997557067871094,9.983358385430297,50.60220773972792,-0.057950577169007644,0.03149099673961264,0.0226555272961653,USDMAD
2023-11-29,10.039999961853027,10.039999961853027,9.708257675170898,10.039999961853027,0,9.988057041168213,9.993656853870792,49.60711158391016,-0.050242534824786134,-0.004264625654226473,0.022555233770745326,USDMAD
2023-11-30,10.039999961853027,10.037500381469727,9.744178771972656,10.039999961853027,0,9.976856994628907,10.002082873503925,49.60711158391016,-0.04363090581065343,0.0,0.022541720008433033,USDMAD
2023-12-01,9.762581825256348,10.07800006866455,9.759822845458984,9.762581825256348,0,9.937915134429932,9.958537228368002,43.244186093576886,-0.060083858011729774,-0.027631288610630467,0.024063949483883955,USDMAD
2023-12-04,9.763318061828613,10.07800006866455,9.778898239135742,9.763318061828613,0,9.936097717285156,9.923042834451747,43.264984559101364,-0.07223090017476608,7.541412563227823e-05,0.02111459964221837,USDMAD
2023-12-05,10.07800006866455,10.107000350952148,9.788166046142578,10.07800006866455,0,9.93089771270752,9.951216877035892,51.45370809645195,-0.05582183123667228,0.03223105145639393,0.020495985789286512,USDMAD
2023-12-06,10.095000267028809,10.095000267028809,9.795719146728516,10.095000267028809,0,9.927397727966309,9.977359311580058,51.85796388477221,-0.040973435689320326,0.0016868622989114623,0.020505905638532416,USDMAD
2023-12-07,10.095000267028809,10.095000267028809,9.800994873046875,10.095000267028809,0,9.955114269256592,9.998748576207102,51.85796388477221,-0.028873143614450925,0.0,0.01747868078373973,USDMAD
2023-12-08,10.109999656677246,10.109999656677246,9.783368110656738,10.109999656677246,0,9.984207057952881,10.018976045383493,52.26471492258697,-0.017867286619567935,0.0014858236009589465,0.01745977020537841,USDMAD
2023-12-11,9.831254959106445,9.858903884887695,9.828926086425781,9.831254959106445,0,9.989815521240235,9.984844938787665,44.70540784871091,-0.03127689263641109,-0.02757118763962585,0.01992150813352952,USDMAD
2023-12-12,9.858903884887695,10.170000076293945,9.838610649108887,9.858903884887695,0,9.967405891418457,9.961946565351306,45.54671354452723,-0.03922095007860804,0.0028123495826581912,0.016828592648161098,USDMAD
2023-12-13,9.842164993286133,9.871232032775879,9.844809532165527,9.842164993286133,0,9.947622394561767,9.940168097703092,45.09933574094586,-0.04633326050918818,-0.001697845094850825,0.01681177235856174,USDMAD
2023-12-14,10.1899995803833,10.1899995803833,9.76845645904541,10.1899995803833,0,9.962622356414794,9.985592003644948,54.992459068472705,-0.023630080701927625,0.035341267631100015,0.020546310147478625,USDMAD
2023-12-15,10.081000328063965,10.081000328063965,9.751020431518555,10.081000328063965,0,9.994464206695557,10.002938971721132,51.83995347943361,-0.01426849749719139,-0.010696688597433224,0.018453964507415533,USDMAD
2023-12-18,9.835281372070312,9.847467422485352,9.79942798614502,9.835281372070312,0,10.001660537719726,9.972455771784619,45.50668689818371,-0.026372831960243204,-0.02437446166027868,0.020450208721935013,USDMAD
2023-12-19,9.79942798614502,9.795209884643555,9.784682273864746,9.79942798614502,0,9.973803329467774,9.940996174395599,44.64953788031989,-0.03841583895570366,-0.0036453848719679716,0.01724261990051289,USDMAD
2023-12-20,10.100000381469727,9.763810157775879,9.737190246582031,10.100000381469727,0,9.974303340911865,9.969906030227257,52.694062218531634,-0.023436170861222294,0.030672442896633623,0.02023268857648054,USDMAD
2023-12-21,10.039999961853027,10.039999961853027,9.664008140563965,10.039999961853027,0,9.968803310394287,9.982650381431942,51.09756130672705,-0.016219243054498733,-0.0059406353812402335,0.0203272700686681,USDMAD
2023-12-22,9.956999778747559,9.650212287902832,9.57729721069336,9.956999778747559,0,9.953503322601318,9.977986635489327,48.890854838503735,-0.01700121743594174,-0.008266950539923101,0.020462307860213746,USDMAD
2023-12-25,9.58960247039795,9.59761905670166,9.596050262451172,9.58960247039795,0,9.929338073730468,9.90737133274544,40.544163679322565,-0.046728176749166295,-0.03689839474876666,0.021949538907825965,USDMAD
2023-12-26,9.596050262451172,9.956999778747559,9.956999778747559,9.596050262451172,0,9.903052711486817,9.850767501782844,40.735387459238595,-0.06897166087067497,0.000672373236860091,0.021904875400344446,USDMAD
2023-12-27,9.91100025177002,9.91100025177002,9.528937339782715,9.91100025177002,0,9.909936237335206,9.86171891087142,49.31118979307195,-0.060488674514562746,0.03282079404598681,0.024596814124969883,USDMAD
2023-12-28,9.795000076293945,9.792499542236328,9.475946426391602,9.795000076293945,0,9.87043628692627,9.849588213675515,46.63455638456722,-0.06240670576054974,-0.011704184494936043,0.021609683282425532,USDMAD
2023-12-29,9.88599967956543,9.591898918151855,9.59168815612793,9.88599967956543,0,9.850936222076417,9.856208480200953,48.974452736689756,-0.05593902165229636,0.009290413737895076,0.021817673531370145,USDMAD
2024-01-01,9.609424591064453,9.623353004455566,9.618124961853027,9.609424591064453,0,9.82835054397583,9.811338682176133,42.828024896574256,-0.0722972360729468,-0.02797644117596554,0.02225820999410751,USDMAD
2024-01-02,9.618124961853027,9.88599967956543,9.6129789352417,9.618124961853027,0,9.81022024154663,9.77620891484466,43.070073845458964,-0.08359555413365172,0.0009053997672934244,0.022269567138982812,USDMAD
2024-01-03,9.927000045776367,9.625618934631348,9.60985279083252,9.927000045776367,0,9.792920207977295,9.80362548410497,51.001206121952706,-0.06685524900631634,0.032113856406356334,0.022505384377485314,USDMAD
2024-01-04,9.927000045776367,9.619754791259766,9.559464454650879,9.927000045776367,0,9.781620216369628,9.826057222590677,51.001206121952706,-0.05297774215149431,0.0,0.022453441438838744,USDMAD
2024-01-05,9.895000457763672,9.895000457763672,9.557674407958984,9.895000457763672,0,9.77542028427124,9.838592356258493,50.16155962378409,-0.04405399033005075,-0.003223490265451323,0.022325968433180774,USDMAD
2024-01-08,9.608771324157715,9.942500114440918,9.606840133666992,9.608771324157715,0,9.777337169647216,9.79680671405835,43.295426917168555,-0.05939350038346802,-0.028926641775077422,0.02097967499198437,USDMAD
2024-01-09,9.927000045776367,9.64199161529541,9.607104301452637,9.927000045776367,0,9.810432147979736,9.820478228916171,51.280109987334356,-0.04534901906675515,0.03311856541102021,0.023396715924654265,USDMAD
2024-01-10,9.64199161529541,9.654050827026367,9.644858360290527,9.64199161529541,0,9.783531284332275,9.78802611734876,45.14835808788577,-0.056564425377590766,-0.02871042904872545,0.02295721643246183,USDMAD
2024-01-11,9.946000099182129,9.946000099182129,9.62586784362793,9.946000099182129,0,9.798631286621093,9.81674865950028,51.77268008569454,-0.04045542675975966,0.0315296357864967,0.025012582432103157,USDMAD
2024-01-12,9.946000099182129,9.954999923706055,9.628506660461426,9.946000099182129,0,9.804631328582763,9.840248921260615,51.77268008569454,-0.027373385942260242,0.0,0.02487611667378815,USDMAD
2024-01-15,9.636404991149902,9.653484344482422,9.634832382202148,9.636404991149902,0,9.807329368591308,9.803186388513211,45.30985726930724,-0.04150902200015416,-0.03112759953196509,0.025298680403095773,USDMAD
2024-01-16,9.634832382202148,9.668115615844727,9.660357475280762,9.634832382202148,0,9.80900011062622,9.772576569183926,45.27893800368233,-0.05223636353422201,-0.00016319456780800046,0.025299353391938596,USDMAD
2024-01-17,9.680426597595215,9.67998218536377,9.675477027893066,9.680426597595215,0,9.784342765808105,9.75582202889507,46.42052398193837,-0.056408544265634575,0.0047322271508625224,0.02285676191154297,USDMAD
2024-01-18,9.98799991607666,9.98799991607666,9.653499603271484,9.98799991607666,0,9.790442752838135,9.798036190200813,53.472169978572204,-0.03449875112203138,0.03177270292590739,0.02528753986232024,USDMAD
2024-01-19,9.98799991607666,9.996999740600586,9.640924453735352,9.98799991607666,0,9.799742698669434,9.832575049450966,53.472169978572204,-0.016939810612120354,0.0,0.025249650480834582,USDMAD
2024-01-22,9.6275634765625,9.954999923706055,9.622088432312012,9.6275634765625,0,9.801621913909912,9.795300218016699,45.35877282388764,-0.031742524070018874,-0.03608694859258088,0.026280117603334846,USDMAD
2024-01-23,9.9399995803833,9.9399995803833,9.638195037841797,9.9399995803833,0,9.802921867370605,9.821609192992444,52.13803811033359,-0.018054675630301276,0.03245225072588731,0.02618893109556693,USDMAD
2024-01-24,9.980600357055664,9.657899856567383,9.65523910522461,9.980600357055664,0,9.836782741546632,9.850516677367574,52.95487366869746,-0.003886018165145444,0.004084585350736747,0.024103328694759365,USDMAD
2024-01-25,9.954000473022461,9.954000473022461,9.63819694519043,9.954000473022461,0,9.837582778930663,9.86933191294119,52.3248136611764,0.005137138879437231,-0.0026651587160685386,0.022058399094493378,USDMAD
2024-01-26,9.979999542236328,9.979999542236328,9.645904541015625,9.979999542236328,0,9.840982723236085,9.889453300085759,52.91450648774053,0.014222020844481875,0.002611921637368786,0.022069914405362663,USDMAD
2024-01-29,9.653273582458496,9.703319549560547,9.671523094177246,9.653273582458496,0,9.842669582366943,9.846511533244437,45.32697198916338,-0.0048858777787952334,-0.03273807362366066,0.022331173903677788,USDMAD
2024-01-30,10.020000457763672,10.020000457763672,9.697184562683105,10.020000457763672,0,9.881186389923096,9.878054974066114,53.40347307017825,0.009453791447015192,0.03798989764172589,0.025287781283886777,USDMAD
2024-01-31,10.003000259399414,10.003000259399414,9.69466495513916,10.003000259399414,0,9.913443756103515,9.900772298672168,53.0125201040928,0.01922469833336926,-0.001696626505748866,0.025354811302889073,USDMAD
2024-02-01,9.998000144958496,9.998000144958496,9.717567443847656,9.998000144958496,0,9.9144437789917,9.918450088906045,52.88987838834657,0.02626201285208296,-0.0004998614726836603,0.0233404180872193,USDMAD
2024-02-02,10.003999710083008,10.003999710083008,9.66701889038086,10.003999710083008,0,9.916043758392334,9.934004565483674,53.030289720475494,0.0319548939481642,0.0006000765190563584,0.023340203369150284,USDMAD
2024-02-05,9.762212753295898,10.036999702453613,9.747501373291016,9.762212753295898,0,9.929508686065674,9.902769690540442,46.95623150471577,0.016763121684888915,-0.024169028767904943,0.02150167388594865,USDMAD
2024-02-06,9.756346702575684,10.036999702453613,9.753668785095215,9.756346702575684,0,9.911143398284912,9.876147329092303,46.816128298901056,0.004201756216778207,-0.0006008935544079552,0.018572473386826625,USDMAD
2024-02-07,10.069999694824219,10.069999694824219,9.740139961242676,10.069999694824219,0,9.920083332061768,9.911393213770832,54.613830927917334,0.019333098821798345,0.03214861072595232,0.021443480612356285,USDMAD
2024-02-08,10.0600004196167,10.0600004196167,9.741296768188477,10.0600004196167,0,9.93068332672119,9.938412705742806,54.34029618870942,0.030170156130296277,-0.000992976714056848,0.021417377832213178,USDMAD
2024-02-09,10.041999816894531,10.041999816894531,9.710373878479004,10.041999816894531,0,9.936883354187012,9.95724672595221,53.81773342425569,0.0368809631362641,-0.001789324251624036,0.021431847906555713,USDMAD
2024-02-12,9.70226764678955,10.031999588012695,9.689236640930176,9.70226764678955,0,9.941782760620118,9.910886893377182,45.018551682745226,0.014617280262067212,-0.03383112689699708,0.02162397095713134,USDMAD
2024-02-13,10.03499984741211,9.727169036865234,9.720529556274414,10.03499984741211,0,9.94328269958496,9.933452885019895,53.105451865558614,0.023550384837506044,0.03429427147710751,0.020936823642077034,USDMAD
2024-02-14,10.065999984741211,10.065999984741211,9.764697074890137,10.065999984741211,0,9.94958267211914,9.957552357696496,53.7874439992905,0.032753820917593046,0.0030892015745367374,0.020939634635140522,USDMAD
2024-02-15,10.069999694824219,10.069999694824219,9.746445655822754,10.069999694824219,0,9.956782627105714,9.977997328083354,53.88063841189335,0.03991029248647493,0.00039734850874939553,0.020935249397017772,USDMAD
2024-02-16,10.055000305175781,10.055000305175781,9.725213050842285,10.055000305175781,0,9.96188268661499,9.991997869372886,53.445357493100914,0.043865864000265375,-0.0014895124233367252,0.020949161387239474,USDMAD
2024-02-19,9.7474365234375,9.767189025878906,9.74485969543457,9.7474365234375,0,9.96040506362915,9.947532170111906,45.35435744689296,0.02193006007325593,-0.030588142456839496,0.02187397656115547,USDMAD
2024-02-20,9.767189025878906,10.0600004196167,9.761425971984863,9.767189025878906,0,9.961489295959472,9.914742507524087,45.92059121770164,0.00606967189131602,0.002026430476762986,0.021880883993291626,USDMAD
2024-02-21,10.079999923706055,10.079999923706055,9.748245239257812,10.079999923706055,0,9.962489318847656,9.944789310466263,54.042229078627116,0.018527847679237652,0.03202670666026153,0.02186121029173739,USDMAD
2024-02-22,10.076000213623047,9.757624626159668,9.729440689086914,10.076000213623047,0,9.964089298248291,9.96864583831295,53.93070231928306,0.027758317960257628,-0.0003967966382223409,0.021858061814351907,USDMAD
2024-02-23,10.053999900817871,10.053999900817871,9.727250099182129,10.053999900817871,0,9.965289306640624,9.98416475876839,53.27938880523682,0.03291882307961558,-0.002183437111824449,0.021862750417555133,USDMAD
2024-02-26,9.716882705688477,9.741524696350098,9.741524696350098,9.716882705688477,0,9.966750812530517,9.93556802184477,44.42568687015257,0.00969427080577212,-0.03353065431221769,0.021810721860655823,USDMAD
2024-02-27,10.017999649047852,10.059000015258789,9.744711875915527,10.017999649047852,0,9.965050792694091,9.950555590427149,52.0847917215998,0.015408645322958492,0.03098904787469481,0.02125744224530731,USDMAD
2024-02-28,10.059000015258789,9.823467254638672,9.771484375,10.059000015258789,0,9.96435079574585,9.970272758578355,53.03392115181157,0.022980806761253803,0.004092669958801087,0.02127582736096682,USDMAD
2024-02-29,9.80366325378418,9.811809539794922,9.796571731567383,9.80366325378418,0,9.937717151641845,9.93998012134305,46.81459131973032,0.008282777835889377,-0.025383911033629802,0.022751296520850613,USDMAD
2024-03-01,10.100000381469727,10.100000381469727,9.751511573791504,10.100000381469727,0,9.942217159271241,9.969074714093352,53.61349525617153,0.020312266466591566,0.030227183453201745,0.024998841111053185,USDMAD
2024-03-04,9.723616600036621,9.771526336669922,9.737072944641113,9.723616600036621,0,9.939835166931152,9.924445966083038,45.63417141780686,-0.0005193163611867391,-0.0372657195264714,0.025997521778143587,USDMAD
2024-03-05,9.771526336669922,9.773688316345215,9.74929141998291,9.771526336669922,0,9.940268898010254,9.896642397098836,46.721158317079045,-0.013012579570478522,0.004927151964539744,0.02603804965100193,USDMAD
2024-03-06,9.74929141998291,9.75225830078125,9.709859848022461,9.74929141998291,0,9.907198047637939,9.869851310350485,46.25889444366616,-0.02442618279415676,-0.002275480403053365,0.02354110127144082,USDMAD
2024-03-07,10.010000228881836,10.010000228881836,9.691638946533203,10.010000228881836,0,9.900598049163818,9.895332931901638,52.22733293948384,-0.012292819563855417,0.02674130843648359,0.025377404492998964,USDMAD
2024-03-08,9.654138565063477,9.994000434875488,9.714667320251465,9.654138565063477,0,9.860611915588379,9.851479410658337,44.89761038279982,-0.031034359222903873,-0.03555061495319378,0.02772768139816141,USDMAD
2024-03-11,9.701887130737305,9.720305442810059,9.706275939941406,9.701887130737305,0,9.859112358093261,9.824280814309057,45.99283915224563,-0.041555231389510894,0.004945916753942292,0.02572608152563264,USDMAD
2024-03-12,10.039999961853027,10.039999961853027,9.723491668701172,10.039999961853027,0,9.86131238937378,9.86350247749887,53.10138022372353,-0.02235255232688793,0.03485021280494194,0.026263809009251876,USDMAD
2024-03-13,10.029999732971191,10.029999732971191,9.709940910339355,10.029999732971191,0,9.85841236114502,9.893774705766564,52.87968773281578,-0.007850727418519554,-0.000996038737035021,0.026236413471359066,USDMAD
2024-03-14,10.017000198364258,10.017000198364258,9.717153549194336,10.017000198364258,0,9.879746055603027,9.916179340784325,52.572427924249446,0.00256356828085913,-0.001296065299403848,0.024705822601685558,USDMAD
2024-03-15,10.017000198364258,10.055000305175781,9.712207794189453,10.017000198364258,0,9.87144603729248,9.934510405798857,52.572427924249446,0.01069370230993627,0.0,0.022694345227628917,USDMAD
2024-03-18,9.714259147644043,10.043999671936035,9.715553283691406,9.714259147644043,0,9.870510292053222,9.894464722497982,45.44098392226016,-0.007208683363597146,-0.030222725838584985,0.02150802598611973,USDMAD
2024-03-19,10.04699993133545,9.767448425292969,9.733391761779785,10.04699993133545,0,9.898057651519775,9.922198396832066,52.98908265892888,0.005390805572561774,0.034252821407601,0.024082602414209543,USDMAD
2024-03-20,10.04699993133545,10.029000282287598,9.719863891601562,10.04699993133545,0,9.927828502655029,9.944889584923589,52.98908265892888,0.01520076635647527,0.0,0.02403745384593276,USDMAD
2024-03-21,10.038000106811523,9.729092597961426,9.652684211730957,10.038000106811523,0,9.930628490447997,9.961818770721393,52.76011499682774,0.021995470241035875,-0.0008957723285989427,0.02258416446955463,USDMAD
2024-03-22,9.729092597961426,10.038000106811523,9.779928207397461,9.729092597961426,0,9.938123893737792,9.919504921128672,45.493730047461824,0.0024261011227650897,-0.030773810078013608,0.021772661546698543,USDMAD
2024-03-25,9.741174697875977,10.095999717712402,9.760396957397461,9.741174697875977,0,9.94205265045166,9.887081244173634,45.8081033520685,-0.011969859317144227,0.0012418527003312807,0.021729281295611833,USDMAD
2024-03-26,10.09000015258789,10.09000015258789,9.75125789642334,10.09000015258789,0,9.947052669525146,9.923975591158044,54.048519353637076,0.004714194951310091,0.035809382906147214,0.021898644739497153,USDMAD
2024-03-27,10.116000175476074,10.116000175476074,9.792806625366211,10.116000175476074,0,9.955652713775635,9.95888915194314,54.60262902878536,0.01980610032136454,0.0025768109509409776,0.021896827839184896,USDMAD
2024-03-28,10.138999938964844,10.138999938964844,9.815047264099121,10.138999938964844,0,9.967852687835693,9.991636567765267,55.11821450208404,0.03323927112810132,0.0022736025197516163,0.021883075968138536,USDMAD
2024-03-29,10.138999938964844,9.825157165527344,9.778168678283691,10.138999938964844,0,9.980052661895751,10.018429907983371,55.11821450208404,0.043385040037902556,0.0,0.021883075968138536,USDMAD
2024-04-01,9.765496253967285,10.079999923706055,9.774317741394043,9.765496253967285,0,9.985176372528077,9.972441970889538,45.40589247771779,0.021044422117993733,-0.036838316130386684,0.023016813718027676,USDMAD
2024-04-02,10.079999923706055,10.112000465393066,9.76692008972168,10.079999923706055,0,9.988476371765136,9.991997962310721,52.92750057688395,0.028389878346592567,0.032205600366801646,0.022692681339478184,USDMAD
2024-04-03,10.07800006866455,10.057499885559082,9.744023323059082,10.07800006866455,0,9.991576385498046,10.007634708920508,52.87761278816159,0.033661801447211204,-0.00019839831911117045,0.022693311994313427,USDMAD
2024-04-04,9.776909828186035,10.0600004196167,9.722403526306152,9.776909828186035,0,9.965467357635498,9.96568473060515,45.867839143664234,0.013390020573943673,-0.029875991112035538,0.02466209184999081,USDMAD
2024-04-05,10.0600004196167,9.775032997131348,9.768016815185547,10.0600004196167,0,9.998558139801025,9.982833037698157,52.27403631005261,0.01993770358708602,0.02895501711742665,0.02424471008211698,USDMAD
2024-04-08,9.763376235961914,10.056500434875488,9.71451473236084,9.763376235961914,0,10.000778293609619,9.94293180101884,46.11574823719456,0.0011781163276332052,-0.02948550410359596,0.026427774747667467,USDMAD
2024-04-09,9.683836936950684,10.017999649047852,9.686156272888184,9.683836936950684,0,9.9601619720459,9.89582364391554,44.598508573531625,-0.01987800713098231,-0.008146700187406486,0.023391252805720422,USDMAD
2024-04-10,10.024999618530273,9.729520797729492,9.729520797729492,10.024999618530273,0,9.951061916351318,9.91931018475458,51.907343283381415,-0.008933183308664994,0.03523011424095879,0.026465712053494104,USDMAD
2024-04-11,10.024999618530273,9.839426040649414,9.735487937927246,10.024999618530273,0,9.939661884307862,9.93852644544107,51.907343283381415,-0.0002563762306824202,0.0,0.02644815687113767,USDMAD
2024-04-12,9.735487937927246,9.738120079040527,9.730485916137695,9.735487937927246,0,9.899310684204101,9.901610353165829,45.94230296624589,-0.016550335220758328,-0.028878971732616554,0.027886762428105193,USDMAD
2024-04-15,10.022000312805176,10.178899765014648,10.022000312805176,9.712250709533691,0,9.893986129760743,9.867181327050893,45.490439083011786,-0.030981331734739825,-0.0023868581155576107,0.025351217657392608,USDMAD
2024-04-16,10.022000312805176,9.846535682678223,9.839614868164062,10.022000312805176,0,9.888186168670654,9.895330233551672,52.234484053682536,-0.017225234363813513,0.031892669632944015,0.02530684677015572,USDMAD
2024-04-17,10.170000076293945,9.854925155639648,9.823013305664062,10.170000076293945,0,9.897386169433593,9.945270204959357,55.09334744096468,0.005554882707825115,0.014767487414630187,0.02575144895223022,USDMAD
2024-04-18,9.823013305664062,10.162500381469727,9.802252769470215,9.823013305664062,0,9.901996517181397,9.923041677814759,47.86073965369468,-0.004340607074986735,-0.03411865958965932,0.02634848729681911,USDMAD
2024-04-19,10.1274995803833,10.1274995803833,9.81186294555664,10.1274995803833,0,9.908746433258056,9.96021584191813,53.61527459081438,0.012245485318647553,0.03099723732876014,0.026597840643402287,USDMAD
2024-04-22,9.789793968200684,9.829957008361816,9.805047988891602,9.789793968200684,0,9.911388206481934,9.929230046696775,47.37060407647558,-0.001838741673200417,-0.03334540865711255,0.027112231070627345,USDMAD
2024-04-23,10.149999618530273,10.149999618530273,9.813911437988281,10.149999618530273,0,9.958004474639893,9.96936996884832,53.58092953088894,0.0158819157432184,0.036793997044229254,0.029149220744557953,USDMAD
2024-04-24,10.149999618530273,9.831280708312988,9.776178359985352,10.149999618530273,0,9.970504474639892,10.002211723335947,53.58092953088894,0.02958463120345378,0.0,0.027163747853070637,USDMAD
2024-04-25,10.133000373840332,9.815666198730469,9.803709030151367,10.133000373840332,0,9.981304550170899,10.025991477973106,53.23709554684744,0.038627165036594135,-0.0016748024954510443,0.027179676482287852,USDMAD
2024-04-26,10.128000259399414,9.800464630126953,9.778877258300781,10.128000259399414,0,10.020555782318116,10.044538529141526,53.12909995788965,0.04487270617511818,-0.000493448559799381,0.02506556619945359,USDMAD
2024-04-29,9.808438301086426,10.128000259399414,9.796172142028809,9.808438301086426,0,10.03017454147339,10.001611214949689,46.619963113797276,0.023762444510245118,-0.031552325249638025,0.027501200455331644,USDMAD
2024-04-30,10.104000091552734,10.104000091552734,9.795687675476074,10.104000091552734,0,10.038374519348144,10.02022737433206,52.42550816536816,0.030529847351203898,0.030133419958768615,0.027288750772543807,USDMAD
2024-05-01,10.119999885559082,9.857366561889648,9.802206993103027,10.119999885559082,0,10.033374500274657,10.03836783091879,52.725247802300636,0.03676036194959664,0.0015835108730575254,0.026873103615876165,USDMAD
2024-05-02,10.095999717712402,10.095999717712402,9.764458656311035,10.095999717712402,0,10.060673141479493,10.048846355790356,52.19402660959209,0.03930835444832326,-0.002371558114435124,0.024154299051498296,USDMAD
2024-05-03,10.069999694824219,9.771093368530273,9.766227722167969,10.069999694824219,0,10.054923152923584,10.052692417432876,51.58764420124388,0.038782610512388516,-0.002575279676619746,0.02207530725133113,USDMAD
2024-05-06,9.752753257751465,9.754112243652344,9.709005355834961,9.752753257751465,0,10.051219081878662,9.998158024763528,44.75518763499607,0.012621327713331354,-0.031504115857700854,0.021775154844400593,USDMAD
2024-05-07,10.031499862670898,10.031499862670898,9.705805778503418,10.031499862670898,0,10.039369106292725,10.004220177110323,50.90756888123799,0.01421695978498505,0.028581324427323862,0.020333436635296354,USDMAD
2024-05-08,10.02400016784668,9.729812622070312,9.7103271484375,10.02400016784668,0,10.026769161224365,10.007816539062388,50.743829304754335,0.014706815982950872,-0.0007476145069917894,0.020330777332906006,USDMAD
2024-05-09,10.027999877929688,9.74079704284668,9.71362590789795,10.027999877929688,0,10.016269111633301,10.011486237038259,50.83465317762866,0.015242072600711865,0.0003990133695166431,0.02033440951631049,USDMAD
2024-05-10,10.027999877929688,9.708698272705078,9.698732376098633,10.027999877929688,0,10.006269073486328,10.014488717200337,50.83465317762866,0.01548773436561568,0.0,0.020335982234479417,USDMAD
2024-05-13,9.717082023620605,9.725441932678223,9.71288776397705,9.717082023620605,0,9.997133445739745,9.960414772913113,43.588638761849005,-0.009298857864495247,-0.03100497188810014,0.020244561108387384,USDMAD
2024-05-14,9.725441932678223,9.722737312316895,9.707112312316895,9.725441932678223,0,9.959277629852295,9.917692438324952,43.8205157502729,-0.027945695409249183,0.0008603312226134197,0.01716475633184279,USDMAD
2024-05-15,10.017999649047852,10.017999649047852,9.677165985107422,10.017999649047852,0,9.949077606201172,9.935930113001843,51.35605818156761,-0.018898634112444412,0.030081688667186635,0.020227798696510934,USDMAD
2024-05-16,9.960000038146973,9.960000038146973,9.617026329040527,9.960000038146973,0,9.93547763824463,9.94030646302823,49.9262943370529,-0.01622186121259439,-0.005789540121055148,0.020285571778221632,USDMAD
2024-05-17,9.960000038146973,9.954000473022461,9.64195442199707,9.960000038146973,0,9.924477672576904,9.94388711304982,49.92629433705291,-0.013939809952455917,0.0,0.020282094603133915,USDMAD
2024-05-20,9.59230899810791,9.610655784606934,9.600788116455078,9.59230899810791,0,9.90843324661255,9.879963819424018,41.44321707133023,-0.04132449879788602,-0.036916770946867405,0.021238859414065208,USDMAD
2024-05-21,9.605606079101562,9.932499885559082,9.60401439666748,9.605606079101562,0,9.865843868255615,9.830080593910843,41.82815867492364,-0.061248069081303314,0.0013862231706960326,0.01853468209747202,USDMAD
2024-05-22,9.890000343322754,9.890000343322754,9.593038558959961,9.890000343322754,0,9.852443885803222,9.840975093803916,49.477922779376605,-0.05347299829332819,0.029607112958747406,0.021419206709267963,USDMAD
2024-05-23,9.912500381469727,9.633560180664062,9.59862232208252,9.912500381469727,0,9.840893936157226,9.853979691561335,50.037712158032555,-0.044977164880274145,0.0022750290562085773,0.021442364608940463,USDMAD
2024-05-24,9.946999549865723,9.946999549865723,9.664484024047852,9.946999549865723,0,9.83279390335083,9.870892393071223,50.93539275436553,-0.03505625444381266,0.0034803699438425983,0.021487696752484756,USDMAD
2024-05-27,9.649883270263672,9.653973579406738,9.617481231689453,9.649883270263672,0,9.826074028015137,9.830708916197123,43.65986625399865,-0.050585543449669146,-0.02986993998668286,0.021311532889962136,USDMAD
2024-05-28,9.617481231689453,9.61522388458252,9.614846229553223,9.617481231689453,0,9.81527795791626,9.791940246286636,42.939534321478554,-0.06476066989664808,-0.0033577648212663735,0.02132360869536769,USDMAD
2024-05-29,9.641721725463867,9.647364616394043,9.6325044631958,9.641721725463867,0,9.777650165557862,9.764627787955222,43.68805636550058,-0.07319481026031838,0.0025204617706495736,0.018461876540073807,USDMAD
2024-05-30,9.944999694824219,9.944999694824219,9.65721321105957,9.944999694824219,0,9.776150131225586,9.797422680113222,52.14611298245578,-0.054775511732907844,0.03145475237678674,0.021493792273832663,USDMAD
2024-05-31,9.96399974822998,9.643839836120605,9.618448257446289,9.96399974822998,0,9.776550102233887,9.827709419770814,52.626185743206555,-0.03820454125617978,0.001910513221599297,0.02150170947499503,USDMAD
2024-06-03,9.615656852722168,9.954000473022461,9.616366386413574,9.615656852722168,0,9.778884887695312,9.789154407580149,43.92566897186914,-0.052574245039922474,-0.034960146960029026,0.02113164625270895,USDMAD
2024-06-04,9.944999694824219,9.944999694824219,9.611282348632812,9.944999694824219,0,9.812824249267578,9.817489914351798,52.00483603754597,-0.0369610598020671,0.03425068584979862,0.023694518216128762,USDMAD
2024-06-05,9.932000160217285,9.632039070129395,9.613759994506836,9.932000160217285,0,9.817024230957031,9.838309959054614,51.688274040384115,-0.025344298518236386,-0.001307142785906712,0.021891446625553132,USDMAD
2024-06-06,9.932000160217285,9.875,9.583100318908691,9.932000160217285,0,9.818974208831786,9.85534454108419,51.688274040384115,-0.015954023455199362,0.0,0.02188438351000993,USDMAD
2024-06-07,9.8725004196167,9.90999984741211,9.55634593963623,9.8725004196167,0,9.811524295806885,9.858463791726463,50.07037100534964,-0.013161576163634336,-0.005990710797500021,0.021941713791400592,USDMAD
2024-06-10,9.620615005493164,9.677556991577148,9.655694007873535,9.620615005493164,0,9.808597469329834,9.815218557865862,43.817484682646395,-0.03091719521099634,-0.025513841825019146,0.021329309245478437,USDMAD
2024-06-11,9.658849716186523,9.956999778747559,9.625596046447754,9.658849716186523,0,9.81273431777954,9.786787859378709,44.941478040141085,-0.04142589765477389,0.003974248077854403,0.021330873660491242,USDMAD
2024-06-12,9.947999954223633,9.947999954223633,9.615734100341797,9.947999954223633,0,9.843362140655518,9.816099149350512,52.65552533062876,-0.026121005678652054,0.029936301581806823,0.02327365064430244,USDMAD
2024-06-13,9.944000244140625,9.666349411010742,9.59334945678711,9.944000244140625,0,9.843262195587158,9.839353893857805,52.545855831423545,-0.014151383360065495,-0.00040206173114321064,0.021080014370132117,USDMAD
2024-06-14,9.960000038146973,9.960000038146973,9.696870803833008,9.960000038146973,0,9.842862224578857,9.861289556455835,52.967850823196855,-0.0033358679662498503,0.0016089897036934975,0.021077495099476845,USDMAD
2024-06-17,9.723316192626953,9.726040840148926,9.673317909240723,9.723316192626953,0,9.853628158569336,9.83620349030513,46.39513967153944,-0.013704920585613678,-0.023763438214208454,0.019220142733084825,USDMAD
2024-06-18,9.994999885559082,9.994999885559082,9.651694297790527,9.994999885559082,0,9.858628177642823,9.865075562169483,53.52429133998606,1.324460594531729e-07,0.027941464367696067,0.018087758641756654,USDMAD
2024-06-19,9.994999885559082,9.662029266357422,9.658235549926758,9.994999885559082,0,9.864928150177002,9.888698166422136,53.52429133998606,0.01073770809827046,0.0,0.018076776313466245,USDMAD
2024-06-20,9.960000038146973,9.662299156188965,9.63206958770752,9.960000038146973,0,9.867728137969971,9.90166214309938,52.48146596814817,0.016235960931391347,-0.0035017356491097162,0.018127391442449695,USDMAD
2024-06-21,9.954000473022461,9.653390884399414,9.638869285583496,9.954000473022461,0,9.875878143310548,9.911178203085393,52.2933846242811,0.019880085894058652,-0.0006023659740495013,0.017994966373472254,USDMAD
2024-06-24,9.620497703552246,9.631071090698242,9.624119758605957,9.620497703552246,0,9.875866413116455,9.858327203170276,43.056196646674564,-0.0040955936615176824,-0.03350439558186491,0.019422320063850588,USDMAD
2024-06-25,9.96049976348877,9.927499771118164,9.619816780090332,9.96049976348877,0,9.90603141784668,9.876904032319093,52.3058405950497,0.00428938689427838,0.03534142103801785,0.022408546890700546,USDMAD
2024-06-26,9.925000190734863,9.633008003234863,9.604302406311035,9.925000190734863,0,9.903731441497802,9.885648788394688,51.36764272580581,0.007978059453133568,-0.003564035299115531,0.020398924078014954,USDMAD
2024-06-27,9.942999839782715,9.621356010437012,9.60789966583252,9.942999839782715,0,9.903631401062011,9.896076252283418,51.83933883216592,0.012212996459435743,0.001813566619842888,0.020406641361701318,USDMAD
2024-06-28,9.621356010437012,9.63321304321289,9.612371444702148,9.621356010437012,0,9.869766998291016,9.846127117402252,43.685372979281105,-0.010266409611176641,-0.032348771450119274,0.02282405595463984,USDMAD
2024-07-01,9.623955726623535,9.64761734008789,9.600401878356934,9.623955726623535,0,9.859830951690673,9.80573231907885,43.762369631934284,-0.027554099006476207,0.0002702026807555047,0.02165581409616691,USDMAD
2024-07-02,9.956000328063965,9.663874626159668,9.659344673156738,9.956000328063965,0,9.855930995941161,9.83305377525796,52.66447965239723,-0.014296689739666135,0.034501883723536686,0.022698063501618876,USDMAD
2024-07-03,9.965999603271484,9.645670890808105,9.63622760772705,9.965999603271484,0,9.853030967712403,9.857225743987692,52.906240565181385,-0.002949242408778474,0.0010043466128997203,0.022701069121414445,USDMAD
2024-07-04,9.944999694824219,9.617341041564941,9.59531021118164,9.944999694824219,0,9.851530933380127,9.873184644139787,52.30208126461975,0.004299611007477111,-0.0021071552561944262,0.022681845031993754,USDMAD
2024-07-05,9.59531021118164,9.58084774017334,9.556480407714844,9.59531021118164,0,9.815661907196045,9.822662019965579,43.412025819037346,-0.01796554368355352,-0.03516234232008786,0.025281405519353536,USDMAD
2024-07-08,9.56412410736084,9.5582914352417,9.546549797058105,9.56412410736084,0,9.810024547576905,9.775655126764716,42.71471525293832,-0.037692798020538376,-0.0032501402387656864,0.022980862193354393,USDMAD
2024-07-09,9.549901008605957,9.549460411071777,9.540162086486816,9.549901008605957,0,9.768964672088623,9.734608923463123,42.38036727740417,-0.053853682680724546,-0.0014871303001950942,0.019278237623800664,USDMAD
2024-07-10,9.54311752319336,9.545368194580078,9.527873992919922,9.54311752319336,0,9.730776405334472,9.699792305232256,42.21066536612578,-0.06644276000944593,-0.0007103199715352559,0.019307050168973442,USDMAD
2024-07-11,9.829999923706055,9.538226127624512,9.513813018798828,9.829999923706055,0,9.719476413726806,9.723466417682037,51.12422837121093,-0.05266360904364831,0.03006170675520492,0.02207866187449583,USDMAD
2024-07-12,9.812000274658203,9.52129077911377,9.502300262451172,9.812000274658203,0,9.738540840148925,9.739563482586794,50.59691053841266,-0.042703692295988915,-0.0018310935083980517,0.01916972303140126,USDMAD
2024-07-15,9.474981307983398,9.503697395324707,9.495185852050781,9.474981307983398,0,9.723643398284912,9.691457632658903,41.88556801325694,-0.06129839084898947,-0.03434763119047557,0.022396811017248875,USDMAD
2024-07-16,9.819000244140625,9.514640808105469,9.512927055358887,9.819000244140625,0,9.709943389892578,9.714647198382853,51.13422317855159,-0.04772522368738841,0.03630813876829131,0.022722831657557462,USDMAD
2024-07-17,9.512720108032227,9.515851974487305,9.513113021850586,9.512720108032227,0,9.664615440368653,9.677933181955465,44.36476456783905,-0.060979702168426186,-0.031192598889196232,0.02458783956843578,USDMAD
2024-07-18,9.8149995803833,9.514416694641113,9.488114356994629,9.8149995803833,0,9.651615428924561,9.70285434530598,51.22742440390651,-0.04655587751823376,0.03177634461207779,0.02713712323076146,USDMAD
2024-07-19,9.488114356994629,9.537792205810547,9.52151870727539,9.488114356994629,0,9.64089584350586,9.663810711067551,44.792814656306504,-0.06080092300542894,-0.03330465994537579,0.026882315870997976,USDMAD
2024-07-22,9.539851188659668,9.836999893188477,9.513236999511719,9.539851188659668,0,9.638468551635743,9.641272616084299,45.95000440554599,-0.06714152850496369,0.005452804394890043,0.026934923725849175,USDMAD
2024-07-23,9.836999893188477,9.53601360321045,9.509917259216309,9.836999893188477,0,9.667178440093995,9.676859393739603,52.15326435330628,-0.04763992358059177,0.03114814881830008,0.02864759975142649,USDMAD
2024-07-24,9.854000091552734,9.575834274291992,9.553464889526367,9.854000091552734,0,9.698266696929931,9.70906679334199,52.48921951164002,-0.030461842091352054,0.0017281893411456029,0.02861969417319301,USDMAD
2024-07-25,9.895000457763672,9.895000457763672,9.523804664611816,9.895000457763672,0,9.704766750335693,9.74287291414593,53.34014362030037,-0.013385403254277506,0.0041607840298363286,0.027087818945940235,USDMAD
2024-07-26,9.523716926574707,9.535431861877441,9.519944190979004,9.523716926574707,0,9.675938415527344,9.703026370951163,45.40888463333735,-0.02947194621746263,-0.03752233592850962,0.029723902009895133,USDMAD
2024-07-29,9.537803649902344,9.552840232849121,9.529902458190918,9.537803649902344,0,9.682220649719238,9.672985876215012,45.738546230457956,-0.040615773216986284,0.0014791203304593825,0.02754890627842729,USDMAD
2024-07-30,9.552840232849121,9.902999877929688,9.566659927368164,9.552840232849121,0,9.655604648590089,9.65114121378485,46.112620048140286,-0.04768433449758902,0.0015765246904544394,0.02463907257722166,USDMAD
2024-07-31,9.89900016784668,9.624677658081055,9.60324764251709,9.89900016784668,0,9.694232654571532,9.696206478159729,53.97837118573752,-0.02506507191708529,0.036236336687305526,0.025126901139920884,USDMAD
2024-08-01,9.932499885559082,9.932499885559082,9.611318588256836,9.932499885559082,0,9.705982685089111,9.739168915868703,54.66798693125919,-0.004385443446276227,0.003384151646063538,0.023204410525283152,USDMAD
2024-08-02,9.934000015258789,9.934000015258789,9.560315132141113,9.934000015258789,0,9.750571250915527,9.774592752121446,54.70072166495104,0.011986189701442385,0.00015103244067371513,0.019801659438208837,USDMAD
2024-08-05,9.479649543762207,9.843999862670898,9.483991622924805,9.479649543762207,0,9.744551086425782,9.720966714237948,44.272996409040275,-0.011568109002510596,-0.04573691069042607,0.025426068583030186,USDMAD
2024-08-06,9.822500228881836,9.832500457763672,9.501490592956543,9.822500228881836,0,9.743101119995117,9.739427353264109,51.74798747482769,-0.002540589128512849,0.03616702110525072,0.02615572972702668,USDMAD
2024-08-07,9.832500457763672,9.509636878967285,9.501225471496582,9.832500457763672,0,9.74095115661621,9.756349735900393,51.950440373623074,0.005358945716372077,0.0010180940339845623,0.026151970094050077,USDMAD
2024-08-08,9.501225471496582,9.832500457763672,9.493922233581543,9.501225471496582,0,9.701573657989503,9.70996350600879,45.18675889208118,-0.014939525269385356,-0.03369183532613185,0.02815984829994991,USDMAD
2024-08-09,9.845000267028809,9.845000267028809,9.502639770507812,9.845000267028809,0,9.733701992034913,9.734515644376067,52.1490831896278,-0.0032490043152648695,0.03618215319313722,0.027966829444166154,USDMAD
2024-08-12,9.848999977111816,9.848999977111816,9.500900268554688,9.848999977111816,0,9.764821624755859,9.755330977600748,52.22511714093868,0.006266326630516517,0.0004062681538368196,0.027978251330902246,USDMAD
2024-08-13,9.8100004196167,9.8100004196167,9.506081581115723,9.8100004196167,0,9.790537643432618,9.765270876149103,51.368027906856184,0.010538871057022448,-0.003959747952660075,0.028076667110520342,USDMAD
2024-08-14,9.807999610900879,9.807999610900879,9.452271461486816,9.807999610900879,0,9.781437587738036,9.773039737013061,51.32149325427422,0.013606596381862346,-0.00020395602754708086,0.025535717754779,USDMAD
2024-08-15,9.761500358581543,9.761500358581543,9.458169937133789,9.761500358581543,0,9.764337635040283,9.77094166820733,50.183679532950144,0.012145681891439608,-0.004740951688829154,0.025523120566825073,USDMAD
2024-08-16,9.492003440856934,9.488975524902344,9.466405868530273,9.492003440856934,0,9.720137977600098,9.720225626870894,44.083526530406786,-0.010635651181839734,-0.027608145041729037,0.026807961815771147,USDMAD
2024-08-19,9.42947769165039,9.770000457763672,9.428192138671875,9.42947769165039,0,9.715120792388916,9.667362365921711,42.78410382377476,-0.03335087901148981,-0.0065872025432913706,0.022598993788567338,USDMAD
2024-08-20,9.720999717712402,9.409116744995117,9.387266159057617,9.720999717712402,0,9.704970741271973,9.677114611701837,50.1605106173091,-0.02751232461653963,0.030916031151985157,0.021700617360703518,USDMAD
2024-08-21,9.692000389099121,9.692000389099121,9.3722505569458,9.692000389099121,0,9.690920734405518,9.679821116683161,49.47717462082687,-0.024937764628202075,-0.0029831631987852214,0.021699706533761874,USDMAD
2024-08-22,9.678999900817871,9.678999900817871,9.363469123840332,9.678999900817871,0,9.708698177337647,9.679671804707654,49.15388881488844,-0.02367354416258749,-0.0013413627485892032,0.01849712039223185,USDMAD
2024-08-23,9.677000045776367,9.677000045776367,9.34214973449707,9.677000045776367,0,9.691898155212403,9.67918603035651,49.100740032463605,-0.02257280665964778,-0.00020661794214249518,0.01407877885609246,USDMAD
2024-08-26,9.264843940734863,9.634499549865723,9.277548789978027,9.264843940734863,0,9.633482551574707,9.603851104970756,39.59786335941112,-0.05433171521011637,-0.042591309609572026,0.019068984029265077,USDMAD
2024-08-27,9.637499809265137,9.637499809265137,9.332180976867676,9.637499809265137,0,9.61623249053955,9.609969051206098,49.17573612541665,-0.048867352451402724,0.04022257373292737,0.024045472109829227,USDMAD
2024-08-28,9.637999534606934,9.637999534606934,9.351927757263184,9.637999534606934,0,9.599232482910157,9.615065502733522,49.18737193248975,-0.0439893995225642,5.185217656933361e-05,0.024047154790436207,USDMAD
2024-08-29,9.356888771057129,9.67199993133545,9.349282264709473,9.356888771057129,0,9.558771324157714,9.568124278792359,43.19632163908948,-0.062091128086308345,-0.02916692022451617,0.025604526933875854,USDMAD
2024-08-30,9.708999633789062,9.713000297546387,9.4089994430542,9.708999633789062,0,9.580470943450928,9.59373797970085,51.21213809559944,-0.047477187021321754,0.03763119038254348,0.027164748932238674,USDMAD
2024-09-02,9.42775821685791,9.494385719299316,9.494385719299316,9.42775821685791,0,9.58029899597168,9.563559841002132,45.66875362231437,-0.057921680278059995,-0.028967084925246245,0.028873395380923574,USDMAD
2024-09-03,9.494385719299316,9.499537467956543,9.448583602905273,9.494385719299316,0,9.557637596130371,9.550982727965255,47.12884432827456,-0.0601295972470961,0.007067162830106222,0.02699244492504705,USDMAD
2024-09-04,9.760000228881836,9.461115837097168,9.439818382263184,9.760000228881836,0,9.564437580108642,9.588985909950088,52.59788138464555,-0.039985587301757164,0.027975955205043146,0.028598426180942906,USDMAD
2024-09-05,9.75,9.734999656677246,9.425135612487793,9.75,0,9.571537590026855,9.618261199050071,52.37820392743067,-0.02454530617502293,-0.001024613590913992,0.028595636961240612,USDMAD
2024-09-06,9.41796875,9.416783332824707,9.40412712097168,9.41796875,0,9.545634460449218,9.581844390131875,45.572489814162246,-0.03865532459510135,-0.034054487179487225,0.03069365495145621,USDMAD
2024-09-09,9.413493156433105,9.729999542236328,9.422711372375488,9.413493156433105,0,9.560499382019042,9.551235074913917,45.486694446246375,-0.049626693219073204,-0.000475218562059343,0.02724426982467732,USDMAD
2024-09-10,9.428260803222656,9.75,9.433175086975098,9.428260803222656,0,9.539575481414795,9.528876116424597,45.848948552468855,-0.05647890258832966,0.0015687743693166833,0.02372140089285734,USDMAD
2024-09-11,9.75,9.779999732971191,9.441471099853516,9.75,0,9.550775527954102,9.569080458892852,53.153089057850536,-0.03553800360379,0.03412497845492046,0.026341593846458882,USDMAD
2024-09-12,9.780500411987305,9.479641914367676,9.47369384765625,9.780500411987305,0,9.59313669204712,9.60752045036457,53.789430144254176,-0.01629324357299744,0.0031282473833134095,0.024048280365302238,USDMAD
2024-09-13,9.774999618530273,9.774999618530273,9.415122985839844,9.774999618530273,0,9.59973669052124,9.637971208212878,53.64789444210945,-0.0014685718750957477,-0.0005624245412115814,0.021087228857811145,USDMAD
2024-09-16,9.459322929382324,9.446953773498535,9.441011428833008,9.459322929382324,0,9.602893161773682,9.605489702970958,46.144008308799854,-0.015019250768885328,-0.032294291710203926,0.0216297291778835,USDMAD
2024-09-17,9.75100040435791,9.75100040435791,9.43264389038086,9.75100040435791,0,9.628554630279542,9.631946194132222,52.72392012831551,-0.0021970011774321563,0.030834920971942292,0.023638568586676248,USDMAD
2024-09-18,9.445965766906738,9.75100040435791,9.426329612731934,9.445965766906738,0,9.597151184082032,9.598131571000316,46.34664315565737,-0.016459289514395792,-0.03128239409310718,0.024083520985914344,USDMAD
2024-09-19,9.75100040435791,9.465035438537598,9.407176971435547,9.75100040435791,0,9.597251224517823,9.625925904338061,52.530090577152215,-0.0031126293604764044,0.03229258341374042,0.026564487260663044,USDMAD
2024-09-20,9.6899995803833,9.401656150817871,9.394943237304688,9.6899995803833,0,9.624454307556153,9.637575663619014,51.25786102366683,0.002513464623801198,-0.006255852881243529,0.02388621013173151,USDMAD
2024-09-23,9.376996040344238,9.6899995803833,9.376367568969727,9.376996040344238,0,9.620804595947266,9.590197550296327,45.20768721542042,-0.018076213820396703,-0.03230170831717216,0.026404272470779,USDMAD
2024-09-24,9.6899995803833,9.699999809265137,9.387747764587402,9.6899995803833,0,9.64697847366333,9.608343373948504,51.38705427518025,-0.009032788167344208,0.033379937315999086,0.028460475996865655,USDMAD
2024-09-25,9.668999671936035,9.353804588317871,9.329628944396973,9.668999671936035,0,9.638878440856933,9.619371791764419,50.97171173495362,-0.003519751783484182,-0.002167173308219583,0.026297305638856835,USDMAD
2024-09-26,9.675000190734863,9.395127296447754,9.368488311767578,9.675000190734863,0,9.628328418731689,9.62948604612268,51.09335180852726,0.0013183637124214442,0.0006205935466359058,0.026270564105266753,USDMAD
2024-09-27,9.368488311767578,9.675000190734863,9.354647636413574,9.368488311767578,0,9.58767728805542,9.58203191260357,44.957494689049305,-0.019357204106835724,-0.031680813738981906,0.028027089835961045,USDMAD
2024-09-30,9.68649959564209,9.68649959564209,9.38930606842041,9.68649959564209,0,9.610394954681396,9.60102603679239,51.469377933708486,-0.009966994378579841,0.03394478098190756,0.028392014733296642,USDMAD
2024-10-01,9.68649959564209,9.720000267028809,9.443102836608887,9.68649959564209,0,9.603944873809814,9.616566683855972,51.469377933708486,-0.0024964084732097547,0.0,0.02662072919010315,USDMAD
2024-10-02,9.753999710083008,9.753999710083008,9.443320274353027,9.753999710083008,0,9.634748268127442,9.64155450680634,52.842750058975916,0.00876968828523772,0.006968473365888128,0.02433109810956068,USDMAD
2024-10-03,9.753999710083008,9.779999732971191,9.464730262756348,9.753999710083008,0,9.635048198699952,9.661999089220279,52.842750058975916,0.017496462802137458,0.0,0.022125125631922267,USDMAD
2024-10-04,9.468718528747559,9.767999649047852,9.467732429504395,9.468718528747559,0,9.612920093536378,9.626857169134329,46.40576776612243,0.0013768162595333422,-0.029247610192211226,0.02399224256441815,USDMAD
2024-10-07,9.511951446533203,9.819999694824219,9.51106071472168,9.511951446533203,0,9.626415634155274,9.605965219570487,47.45046840112798,-0.007819446892193938,0.0045658678789941565,0.02153346194666742,USDMAD
2024-10-08,9.819999694824219,9.501578330993652,9.495820999145508,9.819999694824219,0,9.639415645599366,9.644880578707529,54.28791182120118,0.00963826357217279,0.03238538905739352,0.02137226420198466,USDMAD
2024-10-09,9.495820999145508,9.805000305175781,9.500852584838867,9.495820999145508,0,9.622097778320313,9.617778836968979,47.311361196466166,-0.0026542895776611175,-0.03301208816224044,0.024027440682556314,USDMAD
2024-10-10,9.831999778747559,9.831999778747559,9.508907318115234,9.831999778747559,0,9.637797737121582,9.656728099110538,53.92410772817123,0.014562721450726457,0.03540281347261098,0.026740251826710575,USDMAD
2024-10-11,9.829999923706055,9.829999923706055,9.501274108886719,9.829999923706055,0,9.68394889831543,9.688232067218813,53.88078540681473,0.02772634311978983,-0.00020340267356666608,0.02406237883592177,USDMAD
2024-10-14,9.483354568481445,9.508495330810547,9.494422912597656,9.483354568481445,0,9.663634395599365,9.650981612902928,46.8541366723269,0.01007113126857817,-0.03526402420295427,0.024780189169035363,USDMAD
2024-10-15,9.494422912597656,9.800000190734863,9.503734588623047,9.494422912597656,0,9.644426727294922,9.622516394665606,47.091395610651816,-0.0029931255659043643,0.00116713384871181,0.024792566270636397,USDMAD
2024-10-16,9.829999923706055,9.829999923706055,9.542707443237305,9.829999923706055,0,9.652026748657226,9.66024067267296,53.82238420169594,0.013575131368043003,0.03534464539842008,0.02738619331720067,USDMAD
2024-10-17,9.859999656677246,9.859999656677246,9.56247329711914,9.859999656677246,0,9.66262674331665,9.696560487946467,54.38112068675702,0.028794398190139958,0.0030518548529023803,0.02738940578209075,USDMAD
2024-10-18,9.906999588012695,9.595895767211914,9.590091705322266,9.906999588012695,0,9.706454849243164,9.734822142503964,55.293778566890424,0.04413946616936926,0.0047667274819447325,0.025180858654019787,USDMAD
2024-10-21,9.561347961425781,9.601364135742188,9.571599960327148,9.561347961425781,0,9.711394500732421,9.70328138230793,47.73087058280359,0.02808559233796437,-0.034889637726960965,0.02814217206368812,USDMAD
2024-10-22,9.897000312805176,9.897000312805176,9.584066390991211,9.897000312805176,0,9.719094562530518,9.738503006034701,54.271707288283466,0.041963393379660374,0.03510512876777905,0.028491508198561447,USDMAD
2024-10-23,9.892000198364258,9.892000198364258,9.58964729309082,9.892000198364258,0,9.758712482452392,9.766411586458256,54.16297326168428,0.05195922958650101,-0.0005052151442744846,0.02589748315875855,USDMAD
2024-10-24,9.892000198364258,9.58124828338623,9.570249557495117,9.892000198364258,0,9.764712524414062,9.789245879532073,54.162973261684286,0.05919859721765697,0.0,0.023496563765759503,USDMAD
2024-10-25,9.866000175476074,9.560155868530273,9.549290657043457,9.866000175476074,0,9.768312549591064,9.803201206067344,53.516364268128086,0.06212176265591296,-0.0026283888361104957,0.02352122814735336,USDMAD
2024-10-28,9.580513000488281,9.546304702758789,9.546304702758789,9.580513000488281,0,9.778028392791748,9.762712441416605,46.89612402561639,0.040930145975682564,-0.028936465630461705,0.022512260245955477,USDMAD
2024-10-29,9.84000015258789,9.554778099060059,9.551937103271484,9.84000015258789,0,9.812586116790772,9.776764752538655,52.63183960168115,0.0445604168811613,0.027084891183424498,0.02394810130161755,USDMAD
2024-10-30,9.850000381469727,9.850000381469727,9.527627944946289,9.850000381469727,0,9.814586162567139,9.790080321435214,52.84322948817359,0.04769457426057322,0.0010162834071913984,0.021237144356385046,USDMAD
2024-10-31,9.842000007629395,9.842000007629395,9.520857810974121,9.842000007629395,0,9.812786197662353,9.79952026437961,52.64083184327231,0.04896837629694417,-0.0008122206629943562,0.02121881008120072,USDMAD
2024-11-01,9.842000007629395,9.516350746154785,9.516350746154785,9.842000007629395,0,9.806286239624024,9.80724385406139,52.64083184327231,0.049408325171057754,0.0,0.021153772901907102,USDMAD
2024-11-04,9.50310230255127,9.833000183105469,9.48675537109375,9.50310230255127,0,9.800461673736573,9.751945390150459,44.304230811217366,0.022155381859120027,-0.03443382491520175,0.021071665775397503,USDMAD
2024-11-05,9.843000411987305,9.843000411987305,9.520414352416992,9.843000411987305,0,9.795061683654785,9.768500848666248,52.43958897796701,0.027665256861940435,0.03576706833354648,0.021196302799564946,USDMAD
2024-11-06,9.787500381469727,9.789999961853027,9.56413745880127,9.787500381469727,0,9.784611701965332,9.77195530917597,51.126395245776564,0.027239484052355323,-0.0056385277044169735,0.02126267499812876,USDMAD
2024-11-07,9.88599967956543,9.88599967956543,9.555928230285645,9.88599967956543,0,9.78401165008545,9.792690649246781,53.358755341540245,0.03445297376128309,0.010063784853810764,0.021544104017582742,USDMAD
2024-11-08,9.859999656677246,9.859999656677246,9.548627853393555,9.859999656677246,0,9.783411598205566,9.804928650597773,52.67481507086074,0.03763786588105944,-0.002629984192891066,0.021544126869354484,USDMAD
2024-11-11,9.613652229309082,9.616477012634277,9.604630470275879,9.613652229309082,0,9.786725521087646,9.770151119454374,46.58235228430196,0.02005258355372419,-0.02498452697220288,0.020980201826346984,USDMAD
2024-11-12,9.604630470275879,9.918000221252441,9.605965614318848,9.604630470275879,0,9.763188552856445,9.740056455967373,46.370826857088474,0.005326736752694572,-0.0009384320150148673,0.01879931530479321,USDMAD
2024-11-13,9.918000221252441,9.918000221252441,9.591958045959473,9.918000221252441,0,9.769988536834717,9.772409867837386,54.15762332868351,0.018726845613233678,0.03262694509136721,0.02182533949143486,USDMAD
2024-11-14,9.947999954223633,9.947999954223633,9.663728713989258,9.947999954223633,0,9.780588531494141,9.80433533808943,54.83373264962407,0.03140523614710489,0.003024776396647777,0.02182558170661004,USDMAD
2024-11-15,9.968999862670898,10.011500358581543,9.654500007629395,9.968999862670898,0,9.793288516998292,9.834274342558787,55.33037844911364,0.042655760046677926,0.0021109678874042803,0.02182197276396611,USDMAD
2024-11-18,9.677112579345703,9.694973945617676,9.680096626281738,9.677112579345703,0,9.810689544677734,9.805699476520045,47.510428558632235,0.02769971189593612,-0.029279495169638126,0.02092128110980953,USDMAD
2024-11-19,9.991999626159668,9.991999626159668,9.643446922302246,9.991999626159668,0,9.825589466094971,9.839572230999975,54.9134885314574,0.04078553873853785,0.03253935967284738,0.020360023283107327,USDMAD
2024-11-20,9.970999717712402,9.668829917907715,9.634719848632812,9.970999717712402,0,9.843939399719238,9.86346813767496,54.36282345478382,0.048897968340355646,-0.0021016722611044703,0.02024899747508117,USDMAD
2024-11-21,9.989999771118164,9.989999771118164,9.67588996887207,9.989999771118164,0,9.854339408874512,9.88647388921009,54.80442090695138,0.05621229245004322,0.0019055314355300723,0.02005334579613229,USDMAD
2024-11-22,10.003899574279785,10.003899574279785,9.722637176513672,10.003899574279785,0,9.868729400634766,9.907824013768217,55.14635628106542,0.062411108543743765,0.0013913717197278075,0.020007667609402292,USDMAD
2024-11-25,9.731081008911133,10.0649995803833,9.72431755065918,9.731081008911133,0,9.88047227859497,9.87568892197602,47.54331285402581,0.04479318877528371,-0.027271221921306932,0.020355679489617796,USDMAD
2024-11-26,10.031000137329102,9.746038436889648,9.672983169555664,10.031000137329102,0,9.923109245300292,9.903927324767489,54.90407633917926,0.05440468422906086,0.030820741101972304,0.022331787948076852,USDMAD
2024-11-27,10.031000137329102,10.031000137329102,9.701395988464355,10.031000137329102,0,9.934409236907959,9.927031472505963,54.90407633917926,0.06131506175861112,0.0,0.020044558526332284,USDMAD
2024-11-28,9.701395988464355,9.68350601196289,9.668638229370117,9.701395988464355,0,9.909748840332032,9.886006839043851,46.57441599557722,0.0397372196086927,-0.032858552921175455,0.022735524818738712,USDMAD
2024-11-29,9.68350601196289,9.689534187316895,9.675803184509277,9.68350601196289,0,9.88119945526123,9.849188506847312,46.16502567692455,0.020951536384467673,-0.0018440620837183452,0.022685108004136645,USDMAD
2024-12-02,9.712400436401367,9.99899959564209,9.67096996307373,9.664445877075195,0,9.87993278503418,9.815598937797835,45.704083931619785,0.00447417795411198,-0.001968309294603454,0.02068105212658939,USDMAD
2024-12-03,10.01200008392334,9.707575798034668,9.676961898803711,10.01200008392334,0,9.881932830810547,9.85130823709338,54.60478646632752,0.01923870077913392,0.035962145297183445,0.02129743832642464,USDMAD
2024-12-04,9.984999656677246,9.685989379882812,9.661821365356445,9.984999656677246,0,9.883332824707031,9.87561576792681,53.86602401684863,0.028433222177635997,-0.0026968065341359537,0.02130604667188783,USDMAD
2024-12-05,9.946499824523926,9.946499824523926,9.620199203491211,9.946499824523926,0,9.878982830047608,9.888503778217194,52.769718103122145,0.032241670028303915,-0.0038557669982065557,0.021337004876044393,USDMAD
2024-12-06,9.946499824523926,9.916999816894531,9.584243774414062,9.946499824523926,0,9.873242855072021,9.899048513909326,52.769718103122145,0.034858070252862916,0.0,0.021329777729725514,USDMAD
2024-12-09,9.639261245727539,9.663333892822266,9.66086483001709,9.639261245727539,0,9.864060878753662,9.851814465149001,44.40526451128642,0.012001653086034736,-0.030889115187924143,0.021860817143054576,USDMAD
2024-12-10,9.671621322631836,9.686467170715332,9.671850204467773,9.671621322631836,0,9.828122997283936,9.819052075600425,45.38716173117376,-0.0034611366002934574,0.0033571117204278522,0.01899334614347082,USDMAD
2024-12-11,10.005000114440918,9.984999656677246,9.635194778442383,10.005000114440918,0,9.825522994995117,9.85286080993506,54.335186146338444,0.01105790486214353,0.03446979370759351,0.022499231470106167,USDMAD
2024-12-12,9.984999656677246,9.65955924987793,9.643264770507812,9.984999656677246,0,9.853883361816406,9.876886054797275,53.76603570155342,0.0207117281252156,-0.0019990462303747236,0.01939936000005338,USDMAD
2024-12-13,9.65955924987793,9.688730239868164,9.654742240905762,9.65955924987793,0,9.85148868560791,9.837372090266484,45.42764297427095,0.002078175687788786,-0.032592931195714714,0.02245775038449014,USDMAD
2024-12-16,9.641969680786133,9.648677825927734,9.631382942199707,9.641969680786133,0,9.849241065979005,9.801844379451875,45.02123692643805,-0.01394760082962776,-0.0018209494488083955,0.02245637917341761,USDMAD
2024-12-17,9.648677825927734,9.67940902709961,9.626761436462402,9.648677825927734,0,9.812908840179443,9.773995915174758,45.22250461684257,-0.025809338935058435,0.0006957235257614158,0.018621893712461268,USDMAD
2024-12-18,9.677841186523438,9.667888641357422,9.662459373474121,9.677841186523438,0,9.782192993164063,9.756513237238154,46.145544649085224,-0.03248217804210718,0.0030225240309440515,0.01873790336603046,USDMAD
2024-12-19,9.662459373474121,9.771987915039062,9.711200714111328,9.662459373474121,0,9.753788948059082,9.739412534735603,45.70805702634509,-0.0385670578359818,-0.001589384734969168,0.018739588156647828,USDMAD
2024-12-20,9.711200714111328,9.746996879577637,9.734621047973633,9.711200714111328,0,9.730259037017822,9.734283112803917,47.40950197950486,-0.03900670505572634,0.005044403164168987,0.018888679759497224,USDMAD
2024-12-23,9.698280334472656,9.745988845825195,9.695862770080566,9.698280334472656,0,9.736160945892333,9.727737153107324,46.98912170071987,-0.03993732270555306,-0.0013304615998613878,0.015997027335202026,USDMAD
2024-12-24,9.745988845825195,9.751236915588379,9.731514930725098,9.745988845825195,0,9.74359769821167,9.731055642692391,48.79462290963761,-0.03640550573976853,0.004919275346471297,0.016033166079898218,USDMAD
2024-12-25,9.751236915588379,9.747909545898438,9.74182415008545,9.751236915588379,0,9.718221378326415,9.734724965037117,49.00039572869698,-0.032804885677322204,0.0005384850984548883,0.010905652601477757,USDMAD
2024-12-26,9.751236915588379,9.747909545898438,9.74182415008545,9.751236915588379,0,9.69484510421753,9.737727137864619,49.00039572869698,-0.02961004220187391,0.0,0.010934368234042391,USDMAD
2024-12-27,9.74182415008545,9.764375686645508,9.764375686645508,9.74182415008545,0,9.703071594238281,9.738472049177496,48.59419208821671,-0.02752039920907201,-0.0009652893868143941,0.002600202125575389,USDMAD
2024-12-30,9.77538013458252,9.776129722595215,9.764126777648926,9.77538013458252,0,9.71641263961792,9.745182610160228,50.17976927102951,-0.0228927610729599,0.0034445278399708457,0.0025311273696039054,USDMAD
2024-12-31,9.764126777648926,9.804357528686523,9.776212692260742,9.764126777648926,0,9.72795753479004,9.748627004249082,49.626941940886965,-0.019903936179561654,-0.0011511937928411209,0.0026509870045178423,USDMAD
2025-01-02,9.789861679077148,9.789861679077148,9.789861679077148,9.764126777648926,0,9.736586093902588,9.751445144867235,49.626941940886965,-0.01733543877100807,0.0,0.0025908784252871727,USDMAD
2025-01-03,9.789861679077148,9.848775863647461,9.758336067199707,9.789861679077148,0,9.74932632446289,9.758429969269038,51.057024133987916,-0.013072601784038795,0.0026356582635871373,0.002483724320070884,USDMAD
2025-01-06,9.740172386169434,9.74234390258789,9.679610252380371,9.740172386169434,0,9.752223491668701,9.755110408705473,48.21102949001715,-0.013547614954589449,-0.00507558681997633,0.0028319637927638674,USDMAD
2025-01-07,10.007499694824219,9.70860767364502,9.681814193725586,10.007499694824219,0,9.783145427703857,9.800999369817971,60.85360479547487,0.0075598678951269704,0.027445849832635094,0.00896612514708372,USDMAD
2025-01-08,10.032500267028809,10.032500267028809,9.73427677154541,10.032500267028809,0,9.811796569824219,9.843090442038122,61.79296659573622,0.026005264857579036,0.002498183658953268,0.008946583590255375,USDMAD
2025-01-09,10.032500267028809,10.043999671936035,9.716803550720215,10.032500267028809,0,9.839922904968262,9.877528592036429,61.79296659573622,0.040160430399582836,0.0,0.00896422760159284,USDMAD
2025-01-10,10.043999671936035,9.736167907714844,9.719730377197266,10.043999671936035,0,9.869199180603028,9.907796061109083,62.27586436699141,0.051710322535923225,0.0011462152605186127,0.008930529702763963,USDMAD
2025-01-13,9.7633695602417,10.042499542236328,9.77619457244873,9.7633695602417,0,9.871353721618652,9.881536697315013,46.7478181472989,0.03778364424506364,-0.027940075752734717,0.013276852806400065,USDMAD
2025-01-14,10.074999809265137,9.74410343170166,9.721064567565918,10.074999809265137,0,9.901315689086914,9.916711808578672,58.9795400306321,0.05130123930400998,0.031918309257948696,0.016650681692842752,USDMAD
2025-01-15,10.074999809265137,10.057000160217285,9.689517974853516,10.074999809265137,0,9.932402992248536,9.94549144506712,58.9795400306321,0.06130731817578727,0.0,0.01662161152567989,USDMAD
2025-01-16,10.062999725341797,9.740514755249023,9.729180335998535,10.062999725341797,0,9.962290287017822,9.966856586935242,58.3806690043889,0.06749090811078062,-0.0011910753499274618,0.016651830513454098,USDMAD
2025-01-17,10.062999725341797,9.71947193145752,9.708599090576172,10.062999725341797,0,9.989604091644287,9.984337157554615,58.3806690043889,0.07156647392183402,0.0,0.016681598181592476,USDMAD
2025-01-20,9.716171264648438,9.7296724319458,9.693135261535645,9.716171264648438,0,9.987203979492188,9.935579722480764,43.55613455859108,0.04627678105271116,-0.034465713023914324,0.020411122042582584,USDMAD
2025-01-21,9.693135261535645,9.710474967956543,9.646587371826172,9.693135261535645,0,9.95576753616333,9.891498911399832,42.779134461637234,0.02409791851602172,-0.0023708930694343877,0.017979801933380463,USDMAD
2025-01-22,10.015999794006348,10.015999794006348,9.654438972473145,10.015999794006348,0,9.954117488861083,9.914135435510108,54.917883510590414,0.032202271899288704,0.03330857599314596,0.02135704432690271,USDMAD
2025-01-23,9.994000434875488,9.68886661529541,9.67770767211914,9.994000434875488,0,9.950267505645751,9.928656344485631,54.076102228880565,0.036429924426744975,-0.0021964216836369843,0.021368798603447352,USDMAD
2025-01-24,10.008999824523926,10.008999824523926,9.660009384155273,10.008999824523926,0,9.94676752090454,9.94326424994714,54.58720931792096,0.04052356447660088,0.0015008394032178796,0.021371536494913933,USDMAD
2025-01-27,9.64409065246582,9.970999717712402,9.634973526000977,9.64409065246582,0,9.934839630126953,9.88886905040508,42.26365263256641,0.014159461736365841,-0.03645810555056761,0.02272914414360293,USDMAD
2025-01-28,9.994999885559082,9.704715728759766,9.696724891662598,9.994999885559082,0,9.926839637756348,9.908165565887625,53.204357208857225,0.021335223634087797,0.03638593266473911,0.023479499764634832,USDMAD
2025-01-29,10.005999565124512,10.005999565124512,9.67690658569336,10.005999565124512,0,9.919939613342285,9.925953565748877,53.5017990480192,0.027591590173031477,0.0011005182282515236,0.023484935803228482,USDMAD
2025-01-30,9.991999626159668,9.991999626159668,9.653411865234375,9.991999626159668,0,9.912839603424072,9.93796194036902,53.03970694322964,0.03106206352488705,-0.001399154464651331,0.023485768714319597,USDMAD
2025-01-31,9.991999626159668,10.024999618530273,9.706636428833008,9.991999626159668,0,9.90573959350586,9.947786974149137,53.03970694322964,0.03342711172335022,0.0,0.023485768714319597,USDMAD
2025-02-03,9.863044738769531,9.840983390808105,9.7583589553833,9.863044738769531,0,9.920426940917968,9.93237929498921,48.559336368066674,0.024612134403579233,-0.01290581387258316,0.020859942404575955,USDMAD
2025-02-04,10.045999526977539,9.748189926147461,9.697190284729004,10.045999526977539,0,9.955713367462158,9.953037518987086,54.43953054733155,0.0320200169371212,0.018549524315635724,0.021447473644087597,USDMAD
2025-02-05,10.045000076293945,9.701062202453613,9.686150550842285,10.045000076293945,0,9.958613395690918,9.96975798395197,54.40294498054123,0.03737928477140784,-9.948743088328271e-05,0.0187735771798179,USDMAD
2025-02-06,10.021001815795898,10.120200157165527,10.020000457763672,10.005000114440918,0,9.959713363647461,9.97616564404087,52.87150500223912,0.03796128643368313,-0.0039820768092800884,0.018809978985197543,USDMAD
2025-02-07,10.005000114440918,10.005000114440918,9.677480697631836,10.005000114440918,0,9.95931339263916,9.981408275022698,52.871505002239125,0.03798466338921358,0.0,0.018805046955290033,USDMAD
2025-02-10,9.721735954284668,10.039999961853027,9.706603050231934,9.721735954284668,0,9.967077922821044,9.9341951257976,42.94323189548952,0.01497353383035005,-0.02831225956183603,0.01714799090827732,USDMAD
2025-02-11,10.042499542236328,9.703618049621582,9.703618049621582,10.042499542236328,0,9.97182788848877,9.953886837877368,53.574533432705074,0.022362211034446133,0.032994476445360466,0.016385511356491512,USDMAD
2025-02-12,10.042499542236328,10.042499542236328,9.669807434082031,10.042499542236328,0,9.97547788619995,9.969998238669906,53.574533432705074,0.027896220683986783,0.0,0.0163854314135432,USDMAD
2025-02-13,9.977999687194824,9.69176197052002,9.650596618652344,9.977999687194824,0,9.974077892303466,9.971453047492618,51.34349161590634,0.026768789999445985,-0.006422689368342338,0.016526003057841823,USDMAD
2025-02-14,9.965999603271484,9.965999603271484,9.624212265014648,9.965999603271484,0,9.971477890014649,9.970461512179684,50.918640910028415,0.024623146272663377,-0.0012026542693461817,0.01653023438766316,USDMAD
2025-02-17,9.630708694458008,9.63817024230957,9.624428749084473,9.630708694458008,0,9.948244285583495,9.908688272593924,40.76801750532622,-0.004085372407487853,-0.03364348004824447,0.019367294354910684,USDMAD
2025-02-18,9.63817024230957,9.947500228881836,9.652168273925781,9.63817024230957,0,9.907461357116699,9.859503176178585,41.04965733952668,-0.025936021431899547,0.0007747662283521528,0.018018876844317123,USDMAD
2025-02-19,9.975000381469727,9.668122291564941,9.655381202697754,9.975000381469727,0,9.900461387634277,9.8805026680497,52.1178798814154,-0.01589026786922254,0.034947519154781226,0.02185873361963907,USDMAD
2025-02-20,9.980999946594238,9.980999946594238,9.646880149841309,9.980999946594238,0,9.898061370849609,9.898774900512343,52.289709142895546,-0.00735997976466507,0.0006014601398569575,0.021825277866750026,USDMAD
2025-02-21,9.949999809265137,9.949999809265137,9.604886054992676,9.949999809265137,0,9.892561340332032,9.90808852028558,51.26598813960751,-0.003065776623364158,-0.003105914987974634,0.021846951320013634,USDMAD
2025-02-24,9.63355827331543,9.946000099182129,9.585427284240723,9.63355827331543,0,9.883743572235108,9.85817392992737,42.186636476096716,-0.024909634276472303,-0.0318031700518272,0.0223653761594248,USDMAD
2025-02-25,9.937999725341797,9.6388521194458,9.58785629272461,9.937999725341797,0,9.873293590545654,9.87268771091181,51.15024496612298,-0.017453969492313703,0.03160218097913603,0.022135564226643645,USDMAD
2025-02-26,9.906999588012695,9.597407341003418,9.57158088684082,9.906999588012695,0,9.859743595123291,9.878926234021062,50.29512886471517,-0.013886676476934312,-0.0031193538122215037,0.02214462059992226,USDMAD
2025-02-27,9.906999588012695,9.60633659362793,9.597496032714844,9.906999588012695,0,9.852643585205078,9.884030480201359,50.29512886471517,-0.010933536063436833,0.0,0.02206729322586888,USDMAD
2025-02-28,9.956000328063965,9.684270858764648,9.622710227966309,9.956000328063965,0,9.851643657684326,9.89711590708547,51.77313020822912,-0.0045863324184196586,0.004946072684868241,0.022130951231439638,USDMAD
2025-03-03,9.64583969116211,9.608672142028809,9.598154067993164,9.64583969116211,0,9.853156757354736,9.851429322372132,43.04757130321778,-0.024303345242346452,-0.031153136468625386,0.021718981151133267,USDMAD
2025-03-04,9.979999542236328,9.578295707702637,9.56721305847168,9.979999542236328,0,9.887339687347412,9.874805725983803,52.36268892597051,-0.012817559816516777,0.03464289909155238,0.024279060203803198,USDMAD
2025-03-05,9.850000381469727,9.850000381469727,9.485481262207031,9.850000381469727,0,9.874839687347412,9.87029566334488,49.0046599638555,-0.014042959446415537,-0.013025968610162031,0.022070138402857764,USDMAD
2025-03-06,9.755000114440918,9.444334030151367,9.379576683044434,9.755000114440918,0,9.85223970413208,9.849332836271431,46.65023273009759,-0.02242136553542906,-0.009644696786766382,0.022222702423848436,USDMAD
2025-03-07,9.444334030151367,9.755000114440918,9.415024757385254,9.444334030151367,0,9.801673126220702,9.775696689704146,39.899258926115095,-0.05351260933156787,-0.03184685603741333,0.024147334951312733,USDMAD
2025-03-10,9.421584129333496,9.725000381469727,9.407477378845215,9.421584129333496,0,9.78047571182251,9.711312587818572,39.44904446181968,-0.07907682252106163,-0.002408841189356581,0.02222668615852932,USDMAD
2025-03-11,9.739999771118164,9.404370307922363,9.369546890258789,9.739999771118164,0,9.760675716400147,9.716528439327588,48.25060119476907,-0.0728039261309057,0.03379640168931908,0.022602919979431077,USDMAD
2025-03-12,9.65250015258789,9.380763053894043,9.369073867797852,9.65250015258789,0,9.735225772857666,9.704886932647643,46.26063134490317,-0.07403961589452912,-0.008983533941113064,0.02271727264279977,USDMAD
2025-03-13,9.6875,9.38609504699707,9.384468078613281,9.6875,0,9.713275814056397,9.701725672166253,47.19869667415296,-0.07137198197395556,0.0036259877605622215,0.022788092105356025,USDMAD
2025-03-14,9.38609504699707,9.359573364257812,9.359573364257812,9.38609504699707,0,9.656285285949707,9.644338285771855,40.622483106038246,-0.09251229943272854,-0.031112769342237945,0.024364325093397556,USDMAD
2025-03-17,9.34410572052002,9.378581047058105,9.355379104614258,9.34410572052002,0,9.626111888885498,9.589750546635157,39.790717646792785,-0.11137053089936089,-0.004473567150855229,0.02265759341268855,USDMAD
2025-03-18,9.642999649047852,9.347060203552246,9.337332725524902,9.642999649047852,0,9.59241189956665,9.599432201619283,47.95919791682804,-0.10103292842342704,0.031987430094187586,0.022178639213217194,USDMAD
2025-03-19,9.612000465393066,9.612000465393066,9.32106876373291,9.612000465393066,0,9.568611907958985,9.601717340487243,47.24332470076262,-0.0942551641720275,-0.003214682648862932,0.021911494509910093,USDMAD
2025-03-20,9.64799976348877,9.347857475280762,9.327930450439453,9.64799976348877,0,9.55791187286377,9.61013232648752,48.210126636110274,-0.08499907821048147,0.0037452451469717207,0.021816793960470916,USDMAD
2025-03-21,9.631999969482422,9.345832824707031,9.287922859191895,9.631999969482422,0,9.576678466796874,9.6141082615775,47.7909368635188,-0.07805484538971363,-0.0016583534824384794,0.018958410348055968,USDMAD
2025-03-24,9.266192436218262,9.310186386108398,9.284266471862793,9.266192436218262,0,9.56113929748535,9.550850838784912,39.363603217214155,-0.10090592095702533,-0.03797835697914942,0.022843369272705985,USDMAD
2025-03-25,9.574999809265137,9.574999809265137,9.25706672668457,9.574999809265137,0,9.544639301300048,9.555241560690407,47.74127186674446,-0.09302505386833637,0.0333262421617595,0.022763161624237783,USDMAD
2025-03-26,9.569000244140625,9.569000244140625,9.281766891479492,9.569000244140625,0,9.536289310455322,9.557743139499536,47.60366282900925,-0.0862690685652705,-0.0006265864484620298,0.02260970492262165,USDMAD
2025-03-27,9.614999771118164,9.324416160583496,9.294677734375,9.614999771118164,0,9.529039287567139,9.568153436157468,48.82169058794327,-0.07632331646277635,0.004807140328552784,0.022637523226474637,USDMAD
2025-03-28,9.625,9.35777759552002,9.294161796569824,9.625,0,9.552929782867432,9.578489175037927,49.09872021493733,-0.06686354010172657,0.0010400654310855906,0.01993110832119819,USDMAD
2025-03-31,9.259149551391602,9.30534553527832,9.29290771484375,9.259149551391602,0,9.54443416595459,9.52042742528405,40.4682732090998,-0.08787470791181029,-0.03801043621905442,0.023730768658897606,USDMAD
2025-04-01,9.619999885559082,9.329850196838379,9.300618171691895,9.619999885559082,0,9.542134189605713,9.538531508970419,49.83471439547541,-0.07454924625778148,0.038972297851398885,0.024873692477081245,USDMAD
2025-04-02,9.6225004196167,9.331536293029785,9.303082466125488,9.6225004196167,0,9.543184185028077,9.553798583633379,49.89354592586121,-0.06306003288598028,0.0002599307783122118,0.024847426703407394,USDMAD
2025-04-03,9.581999778747559,9.22449016571045,9.204028129577637,9.581999778747559,0,9.536584186553956,9.558926073654138,48.89338300655343,-0.05657069993882047,-0.004208951842348041,0.024855316886567305,USDMAD
2025-04-04,9.524999618530273,9.196455955505371,9.18294620513916,9.524999618530273,0,9.52588415145874,9.55275762726798,47.45167667471952,-0.05538880571050164,-0.0059486705837448195,0.02491625647232863,USDMAD
2025-04-07,9.27270221710205,9.227160453796387,9.227160453796387,9.27270221710205,0,9.526535129547119,9.501838461783265,41.60400190945692,-0.07395789717591583,-0.02648791722126631,0.02322034194078771,USDMAD
2025-04-08,9.524999618530273,9.238883018493652,9.234777450561523,9.524999618530273,0,9.521535110473632,9.506049581191812,48.44594088246368,-0.06753721718815342,0.02720861681106279,0.022316928316471498,USDMAD
2025-04-09,9.545000076293945,9.193594932556152,9.171357154846191,9.545000076293945,0,9.519135093688964,9.5131314893922,48.95650274903606,-0.06014163689536112,0.0020997856760816003,0.022329137950421296,USDMAD
2025-04-10,9.545000076293945,9.240755081176758,9.164156913757324,9.545000076293945,0,9.512135124206543,9.518925777919788,48.95650274903606,-0.05366200405177324,0.0,0.022265160528347726,USDMAD
2025-04-11,9.399999618530273,9.005470275878906,8.976313591003418,9.399999618530273,0,9.48963508605957,9.497302839848967,45.19329399372304,-0.0595408239070121,-0.015191247417985498,0.02272665439822687,USDMAD
2025-04-14,8.999712944030762,8.968954086303711,8.968954086303711,8.999712944030762,0,9.463691425323486,9.406831949700202,36.78661925389613,-0.0953999095211131,-0.04258369050467026,0.02355962945001525,USDMAD
2025-04-15,9.284000396728516,8.9951171875,8.9951171875,9.284000396728516,0,9.43009147644043,9.384498940068985,44.659990342072184,-0.09972925490645679,0.03158850226287635,0.022188155976776897,USDMAD
2025-04-16,8.9951171875,8.980117797851562,8.980117797851562,8.9951171875,0,9.367353153228759,9.313702257783714,39.302936683302114,-0.12502949086013793,-0.031116242663056348,0.02378561142540719,USDMAD
2025-04-17,8.980117797851562,8.978419303894043,8.970474243164062,8.980117797851562,0,9.30716495513916,9.25305053779605,39.04107910007619,-0.14462330805095824,-0.0016675035283899575,0.02382592645835782,USDMAD
2025-04-22,8.920937538146973,8.920937538146973,8.920937538146973,9.270000457763672,0,9.2816650390625,9.256132341426525,46.464669111045175,-0.13520191778808943,0.03228049636291663,0.026758931129406607,USDMAD
2025-04-23,8.9918851852417,8.9918851852417,8.957132339477539,9.229999542236328,0,9.277394771575928,9.251380923391944,45.63874007937952,-0.12947068029898468,-0.004315093155561001,0.02542540271643212,USDMAD
2025-04-24,9.00462818145752,9.00462818145752,8.969717025756836,8.957132339477539,0,9.220608043670655,9.197881180862051,40.3674459860013,-0.14527212943444567,-0.02956307868815733,0.02496700700986481,USDMAD
2025-04-25,9.00208854675293,9.00208854675293,8.976168632507324,8.969717025756836,0,9.163079738616943,9.15639678902474,40.7075865805024,-0.15499275273556634,0.0014049905485744585,0.024943391263562903,USDMAD
2025-04-28,8.970087051391602,8.974898338317871,8.970087051391602,9.25,0,9.133579730987549,9.173415554656605,47.843108771310064,-0.1384835707357297,0.03124769415114459,0.027584359686046434,USDMAD
2025-04-29,8.974898338317871,8.974620819091797,8.934468269348145,8.974898338317871,0,9.091069602966309,9.13732151532229,42.443977483640985,-0.14591629778473703,-0.02974072018185181,0.028673273672475873,USDMAD
2025-04-30,9.257499694824219,9.257499694824219,8.9674654006958,9.257499694824219,0,9.116848278045655,9.159172093413549,48.832028926593054,-0.12753309768547894,0.0314879729946127,0.027198765506518983,USDMAD
2025-05-01,9.265000343322754,9.001483917236328,8.996834754943848,9.265000343322754,0,9.114948272705078,9.178413593397039,48.993840473891275,-0.11107859461996128,0.0008102240071072853,0.025299561418686414,USDMAD
2025-05-02,9.297499656677246,8.974581718444824,8.974581718444824,9.297499656677246,0,9.145186519622802,9.20006560490253,49.73554738653613,-0.09432849919140374,0.003507750906659668,0.022801250163233783,USDMAD
2025-05-05,8.993675231933594,8.917529106140137,8.917529106140137,8.993675231933594,0,9.146542263031005,9.162540082544542,43.38409015509263,-0.10436694264782354,-0.032678078619282624,0.025533998444128368,USDMAD
2025-05-06,8.917529106140137,8.936823844909668,8.936823844909668,8.917529106140137,0,9.111295127868653,9.117992632289194,41.93855148780856,-0.11711678795306923,-0.008466630585357016,0.02301614718054745,USDMAD
2025-05-07,8.936823844909668,8.917257308959961,8.917257308959961,8.936823844909668,0,9.081977558135986,9.085052852765644,42.46170838677107,-0.1242321373023092,0.0021636866602707805,0.02308581505587535,USDMAD
2025-05-08,8.917257308959961,8.927653312683105,8.927653312683105,8.917257308959961,0,9.077990055084229,9.0545445720737,42.047948270559566,-0.12995195362260503,-0.002189428401998983,0.021123368696260813,USDMAD
2025-05-09,8.927653312683105,8.945322036743164,8.945322036743164,8.927653312683105,0,9.073783683776856,9.031473434002683,42.36927173002295,-0.1321230464127563,0.0011658297347434399,0.02112142797208875,USDMAD
2025-05-12,8.942023277282715,9.006651878356934,9.006651878356934,8.942023277282715,0,9.042986011505127,9.015209769144507,42.84104340821159,-0.13117204733256038,0.0016096015488409332,0.018065952887099335,USDMAD
2025-05-13,9.34000015258789,9.018318176269531,9.003853797912598,9.34000015258789,0,9.07949619293213,9.074262566134212,54.057988351889264,-0.09718468139259073,0.04450635644353995,0.020982873650001666,USDMAD
2025-05-14,9.295000076293945,9.295000076293945,8.99133014678955,9.295000076293945,0,9.083246231079102,9.114396658890527,52.79635167879942,-0.07303863517369891,-0.004817995241839124,0.018758129208680953,USDMAD
2025-05-15,9.29699993133545,8.986897468566895,8.986897468566895,9.29699993133545,0,9.086446189880371,9.147597253880512,52.849018258408215,-0.053128910979818755,0.00021515384885306688,0.018758195084542195,USDMAD
2025-05-16,9.284000396728516,9.284000396728516,8.969549179077148,9.284000396728516,0,9.085096263885498,9.17239782530742,52.43944498843866,-0.03796166645491006,-0.0013982504789656902,0.0187349785479849,USDMAD
2025-05-19,8.985065460205078,8.93537425994873,8.93537425994873,8.985065460205078,0,9.084235286712646,9.138337395288813,43.995645231051284,-0.049492547687066235,-0.03219893620736769,0.018642472234216553,USDMAD
2025-05-20,8.93537425994873,8.973050117492676,8.951942443847656,8.93537425994873,0,9.086019802093507,9.101435007045161,42.763007170811036,-0.06192666664795787,-0.0055304216175642296,0.018515967354491517,USDMAD
2025-05-21,8.951942443847656,8.920719146728516,8.914895057678223,8.951942443847656,0,9.087531661987304,9.074254541009251,43.33308682384373,-0.06964110225617226,0.0018542238318086657,0.018512862379028522,USDMAD
2025-05-22,9.210000038146973,8.931744575500488,8.927642822265625,9.210000038146973,0,9.116805934906006,9.098935540488837,51.44493307700838,-0.054305753945214974,0.02882699435547309,0.02053339888775073,USDMAD
2025-05-23,8.927642822265625,8.895421028137207,8.895421028137207,8.927642822265625,0,9.116804885864259,9.067791409902798,44.01978671371913,-0.06419623327109392,-0.030657678036031477,0.023213321682025136,USDMAD
2025-05-26,8.877776145935059,8.88854694366455,8.854411125183105,8.877776145935059,0,9.110380172729492,9.03324318009048,42.843683517751415,-0.07519157178615998,-0.005585648678304911,0.0232776071802056,USDMAD
2025-05-27,8.88854694366455,8.930326461791992,8.875448226928711,8.88854694366455,0,9.065234851837157,9.006934773467584,43.196698554479646,-0.08209006029918875,0.0012132315066790689,0.01721887768352828,USDMAD
2025-05-28,8.930326461791992,8.95982837677002,8.938677787780762,8.930326461791992,0,9.028767490386963,8.993005989526567,44.625394644933465,-0.08322652067616154,0.004700376607362111,0.01747937083138064,USDMAD
2025-05-29,8.95982837677002,8.956659317016602,8.956659317016602,8.95982837677002,0,8.99505033493042,8.986973696298104,45.66464516316848,-0.08081503036726723,0.0033035651164881052,0.01758625562551535,USDMAD
2025-05-30,8.956659317016602,8.940937042236328,8.940937042236328,8.956659317016602,0,8.962316226959228,8.981461990974195,45.56571864266622,-0.07825751958857907,-0.0003536964794587094,0.01760353173934676,USDMAD
2025-06-02,8.925775527954102,8.913097381591797,8.901942253112793,8.925775527954102,0,8.95638723373413,8.971337179515995,44.552759136133275,-0.07782561232720298,-0.003448137075374169,0.014450615985802478,USDMAD
2025-06-03,8.901942253112793,8.901420593261719,8.886384010314941,8.901942253112793,0,8.953044033050537,8.958719920169958,43.74456482708217,-0.07850155178409324,-0.0026701629193638388,0.014369552945849106,USDMAD
2025-06-04,8.901420593261719,8.910337448120117,8.898276329040527,8.901420593261719,0,8.947991847991943,8.948301860732096,43.72586799628995,-0.07817814329218109,-5.8600677946607505e-05,0.014350680223157344,USDMAD
2025-06-05,8.898276329040527,9.166999816894531,8.861040115356445,8.898276329040527,0,8.9168194770813,8.939206309515447,43.604893053057,-0.07728466605500017,-0.0003532317328732715,0.010054605047298163,USDMAD
2025-06-06,9.142999649047852,8.8544340133667,8.8544340133667,9.142999649047852,0,8.93835515975952,8.976259643975883,54.220980348849196,-0.05618182313576803,0.02750232864859936,0.009324537074852299,USDMAD
2025-06-09,8.865839004516602,8.865839004516602,8.865839004516602,8.869030952453613,0,8.937480640411376,8.95676351824456,44.191619726485435,-0.060863060769120736,-0.029964859139283595,0.01377606997678715,USDMAD
2025-06-10,9.15999984741211,8.856536865234375,8.856536865234375,9.15999984741211,0,8.964625930786132,8.993715578093205,53.93680766429799,-0.04062590705760449,0.032807292760433926,0.017268678441277514,USDMAD
2025-06-11,9.15999984741211,9.154999732971191,8.860417366027832,9.15999984741211,0,8.987593269348144,9.023949081605732,53.93680766429799,-0.024307613898352898,0.0,0.017285645150049392,USDMAD
2025-06-12,9.12600040435791,8.808713912963867,8.808713912963867,9.12600040435791,0,9.004210472106934,9.042503867560672,52.68996034051108,-0.013957822818950305,-0.0037117296529000088,0.01739934827009403,USDMAD
2025-06-13,9.12600040435791,9.112000465393066,8.836299896240234,9.12600040435791,0,9.021144580841064,9.05768505606926,52.68996034051108,-0.005689948636295128,0.0,0.017394447472717855,USDMAD
2025-06-16,8.808878898620605,8.825337409973145,8.810030937194824,8.808878898620605,0,9.009454917907714,9.012447572896777,42.149807796783115,-0.02444486876697738,-0.03474923204976743,0.02094063940386295,USDMAD
2025-06-17,9.119999885559082,9.119999885559082,8.814854621887207,9.119999885559082,0,9.031260681152343,9.032002538835377,52.24330342127639,-0.014041552318523998,0.03531902192311853,0.023869229818197196,USDMAD
2025-06-18,9.119999885559082,8.847219467163086,8.844680786132812,9.119999885559082,0,9.05311861038208,9.048002056421504,52.24330342127639,-0.005730788123084807,0.0,0.023868490194642076,USDMAD
2025-06-19,9.156000137329102,8.862398147583008,8.855684280395508,9.156000137329102,0,9.078890991210937,9.067638071131976,53.335913391846894,0.003717617448989685,0.003947396076947607,0.02384639973148102,USDMAD
2025-06-20,9.156000137329102,8.837363243103027,8.837363243103027,9.156000137329102,0,9.080191040039063,9.083703901349635,53.335913391846894,0.011077848396352508,0.0,0.02225404293326136,USDMAD
2025-06-23,8.829581260681152,8.858052253723145,8.857263565063477,8.829581260681152,0,9.076246070861817,9.037499784864456,42.9925231661234,-0.00932094484923951,-0.03565081604980935,0.023168908961121445,USDMAD
2025-06-24,9.132499694824219,8.803316116333008,8.759822845458984,9.132499694824219,0,9.073496055603027,9.054772495766231,52.247483411413846,-0.001032250282673175,0.034307225359824,0.023409966416282957,USDMAD
2025-06-25,8.803316116333008,9.086999893188477,8.810871124267578,8.803316116333008,0,9.037827682495116,9.009053154051099,43.90566971154982,-0.020786153960216325,-0.03604528765303694,0.02602924806294144,USDMAD
2025-06-26,9.086999893188477,9.067500114440918,8.755210876464844,9.086999893188477,0,9.033927631378173,9.023225288439713,51.144807748597415,-0.013395934995914516,0.03222464956462745,0.02839432593056573,USDMAD
2025-06-27,9.022000312805176,8.778722763061523,8.735072135925293,9.022000312805176,0,9.0235276222229,9.02300256559707,49.56641127239009,-0.012638368886413787,-0.007153029728989457,0.028482476665520236,USDMAD
2025-06-30,8.732352256774902,8.735593795776367,8.726783752441406,8.732352256774902,0,9.01587495803833,8.97015705490213,43.172501365039736,-0.03500663502085821,-0.032104638216335246,0.028142273810591836,USDMAD
2025-07-01,8.9975004196167,8.9975004196167,8.688584327697754,8.9975004196167,0,9.003625011444091,8.975128575759324,49.5838763069841,-0.03098127344626711,0.030363887649640375,0.027476972150908864,USDMAD
2025-07-02,8.970000267028809,8.699542045593262,8.689908027648926,8.970000267028809,0,8.988625049591064,8.974196155990139,48.96681872976891,-0.029668181553567763,-0.0030564213731998358,0.027481474707627587,USDMAD
2025-07-03,8.676724433898926,8.97249984741211,8.676724433898926,8.676724433898926,0,8.940697479248048,8.920110388337191,42.843387151492756,-0.0516965300747394,-0.03269518666659155,0.029096990390448454,USDMAD
2025-07-04,8.97249984741211,8.703426361083984,8.684341430664062,8.97249984741211,0,8.922347450256348,8.92963574453263,49.67810295867934,-0.04477145356377932,0.03408837237674911,0.03163176115065213,USDMAD
2025-07-07,8.686590194702148,8.712471008300781,8.68588924407959,8.686590194702148,0,8.908048343658447,8.88544564456345,44.178668501057466,-0.06164321544728324,-0.03186510532986242,0.031198271195824592,USDMAD
2025-07-08,9.012999534606934,9.012999534606934,8.698895454406738,9.012999534606934,0,8.896098327636718,8.908637260934992,50.8660100174453,-0.048120993620617725,0.03757623331924398,0.031625783361194766,USDMAD
2025-07-09,9.0,9.0,8.715126991271973,9.0,0,8.915766716003418,8.92524866803772,50.605990974329366,-0.038015272800613786,-0.0014423094727809005,0.029144791732217123,USDMAD
2025-07-10,9.0,8.994999885559082,8.685515403747559,9.0,0,8.90706672668457,8.938839819303588,50.605990974329366,-0.029664462781516576,0.0,0.027222657512996056,USDMAD
2025-07-11,8.994999885559082,8.994999885559082,8.71431827545166,8.994999885559082,0,8.90436668395996,8.949050740440951,50.49085482160892,-0.023182618331281546,-0.0005555682712130583,0.02712675009963633,USDMAD
2025-07-14,8.714205741882324,8.994999885559082,8.707240104675293,8.714205741882324,0,8.902552032470703,8.906351649793926,44.383858984235864,-0.04023959361848917,-0.031216692301192284,0.02701107891053414,USDMAD
2025-07-15,9.02299976348877,8.729900360107422,8.724398612976074,9.02299976348877,0,8.90510196685791,8.927560397738443,51.35239972782288,-0.028511608503183794,0.03543570472777757,0.027681366000237902,USDMAD
2025-07-16,9.057000160217285,8.78104019165039,8.756969451904297,9.057000160217285,0,8.913801956176759,8.951094900007323,52.064591915351414,-0.016285815200845377,0.0037681921334073998,0.027664589281174587,USDMAD
2025-07-17,9.041000366210938,9.041000366210938,8.74958610534668,9.041000366210938,0,8.95022954940796,8.96744134840798,51.68116449805629,-0.007797945722872512,-0.001766566602993569,0.025045424125885854,USDMAD
2025-07-18,8.757919311523438,9.072999954223633,8.739087104797363,8.757919311523438,0,8.928771495819092,8.92934643261079,45.32160449625698,-0.023641004531748777,-0.03131081110730438,0.024970889378261557,USDMAD
2025-07-21,8.758243560791016,8.766838073730469,8.738067626953125,8.758243560791016,0,8.935936832427979,8.898236819552649,45.32990295626456,-0.03575837824919148,3.702355046275585e-05,0.02268416865309434,USDMAD
2025-07-22,9.026000022888184,8.718803405761719,8.716501235961914,9.026000022888184,0,8.937236881256103,8.921466492886381,51.831110333454816,-0.023485054376196857,0.030571936055291182,0.021508788506902212,USDMAD
2025-07-23,9.026000022888184,9.026000022888184,8.685181617736816,9.026000022888184,0,8.939836883544922,8.940472589250344,51.831110333454816,-0.01360156639164245,0.0,0.021500253014112212,USDMAD
2025-07-24,8.984999656677246,8.69277286529541,8.673080444335938,8.984999656677246,0,8.938336849212646,8.948568419691599,50.759157391819514,-0.008973773777933403,-0.004542473532790692,0.021559807342217796,USDMAD
2025-07-25,8.984999656677246,8.709430694580078,8.688002586364746,8.984999656677246,0,8.937336826324463,8.955192280961716,50.759157391819514,-0.005245745105904476,0.0,0.021558811968689622,USDMAD
2025-07-28,8.68774700164795,8.984999656677246,8.675525665283203,8.68774700164795,0,8.934690952301025,8.906565866541031,43.23986591909969,-0.025977606859717284,-0.03308321273094228,0.02186594134883702,USDMAD
2025-07-29,9.055000305175781,9.055000305175781,8.789751052856445,9.055000305175781,0,8.937891006469727,8.933553946292804,52.58531251692962,-0.012627917560800839,0.04227255967032284,0.02316821969982013,USDMAD
2025-07-30,9.085000038146973,8.800731658935547,8.800731658935547,9.085000038146973,0,8.940690994262695,8.961089599357198,53.26226881832948,0.0003682897059729129,0.00331305709112395,0.023161738810668624,USDMAD
2025-07-31,9.100000381469727,8.839686393737793,8.839686393737793,9.100000381469727,0,8.946590995788574,8.986346105195839,53.61884945325117,0.0117429149269892,0.0016511109807120228,0.023148983699176236,USDMAD
2025-08-01,9.100000381469727,8.856799125671387,8.856799125671387,9.100000381469727,0,8.980799102783203,9.007010519063817,53.61884945325117,0.020520835941438165,0.0,0.020244847471856228,USDMAD
2025-08-04,8.723264694213867,9.081999778747559,8.74280071258545,8.723264694213867,0,8.977301216125488,8.955420369091097,43.86982868706493,-0.0028887204914855857,-0.04139952433661476,0.024864568135517115,USDMAD
2025-08-05,9.072500228881836,8.817767143249512,8.776824951171875,9.072500228881836,0,8.981951236724854,8.976707616325776,52.493007479627515,0.006662623763828535,0.040034957886766476,0.0263010833733158,USDMAD
2025-08-06,9.085000038146973,9.085000038146973,8.7786283493042,9.085000038146973,0,8.987851238250732,8.996397147565993,52.77266986689797,0.015067079132998984,0.0013777689666343296,0.026299892172588758,USDMAD
2025-08-07,9.0600004196167,9.0600004196167,8.744877815246582,9.0600004196167,0,8.995351314544678,9.00796137884794,52.11193323288602,0.01948579021887653,-0.002751746662113641,0.026264317682119245,USDMAD
2025-08-08,9.0600004196167,8.7571439743042,8.7571439743042,9.0600004196167,0,9.002851390838623,9.017423022624078,52.11193323288602,0.022725683061441515,0.0,0.026264317682119245,USDMAD
2025-08-11,8.75267219543457,8.749791145324707,8.749791145324707,8.75267219543457,0,9.009343910217286,8.96928650858962,44.2185644977334,0.0004888668858296086,-0.03392143597661457,0.026386734252998013,USDMAD
2025-08-12,9.057000160217285,9.057000160217285,8.766938209533691,9.057000160217285,0,9.009543895721436,8.985234445249196,51.97583794393284,0.007338163461554359,0.03476972037653292,0.02516289976799746,USDMAD
2025-08-13,9.029999732971191,9.029999732971191,8.723114013671875,9.029999732971191,0,9.004043865203858,8.993373588471377,51.29428150776134,0.010466915431887713,-0.0029811666963077688,0.025158083698140526,USDMAD
2025-08-14,8.994000434875488,8.714700698852539,8.714700698852539,8.994000434875488,0,8.993443870544434,8.993487560544851,50.34635120903462,0.009927196866176047,-0.003986633351079627,0.025172119005639447,USDMAD
2025-08-15,8.994000434875488,8.714713096618652,8.714713096618652,8.994000434875488,0,8.98284387588501,8.993580810423149,50.34635120903462,0.009391209991431282,0.0,0.025172119005639447,USDMAD
2025-08-18,8.70466136932373,8.720934867858887,8.705591201782227,8.70466136932373,0,8.980983543395997,8.941050002950528,42.948031060928464,-0.014216924099651251,-0.03217023032707511,0.023644487311353206,USDMAD
2025-08-19,9.005000114440918,9.005000114440918,8.722100257873535,9.005000114440918,0,8.974233531951905,8.95267729594878,50.99758116986333,-0.008592662889872926,0.03450320838161702,0.0226484736970679,USDMAD
2025-08-20,9.015999794006348,9.015999794006348,8.731790542602539,9.015999794006348,0,8.967333507537841,8.96419047741379,51.26876372951935,-0.003210801032093258,0.0012215079873003631,0.022647075755589465,USDMAD
2025-08-21,9.015999794006348,9.015999794006348,8.725571632385254,9.015999794006348,0,8.962933444976807,8.973610353157891,51.26876372951935,0.0010423477286423122,0.0,0.022633817191986975,USDMAD
2025-08-22,9.018500328063965,8.755208969116211,8.753522872924805,9.018500328063965,0,8.958783435821534,8.981772166777176,51.33976082533452,0.00456218098192096,0.0002773440677406036,0.022634336337692844,USDMAD
2025-08-25,8.68052864074707,8.710137367248535,8.68052864074707,8.661093711853027,0,8.949625587463379,8.923466993154603,41.93541489314262,-0.02124317466817338,-0.03963038234846561,0.023628727237370008,USDMAD
2025-08-26,9.039999961853027,8.745096206665039,8.736804962158203,9.039999961853027,0,8.947925567626953,8.944654805645225,51.9784464103988,-0.010992818842256113,0.0437480833952244,0.02524570444431742,USDMAD
2025-08-27,9.039999961853027,8.766446113586426,8.744500160217285,9.039999961853027,0,8.948925590515136,8.961990288592098,51.9784464103988,-0.00283663899183928,0.0,0.025222892830902677,USDMAD
2025-08-28,9.069999694824219,8.72968864440918,8.72968864440918,9.069999694824219,0,8.956525516510009,8.981628362452483,52.72920684091708,0.005978997868632874,0.0033185545462151023,0.025187611469826805,USDMAD
2025-08-29,8.72251033782959,8.725554466247559,8.725554466247559,8.72251033782959,0,8.92937650680542,8.934515994339229,44.124206719692154,-0.014902249569242798,-0.03831194803599858,0.02812098313607872,USDMAD
2025-09-01,8.709389686584473,8.702280044555664,8.695786476135254,8.709389686584473,0,8.929849338531493,8.893583938383818,43.8333341843294,-0.03213903669745477,-0.0015042287984702307,0.026153969908120387,USDMAD
2025-09-02,8.695786476135254,8.752799034118652,8.711685180664062,8.695786476135254,0,8.898927974700928,8.857620763429534,43.5130642415595,-0.04636254155798447,-0.0015619016875743075,0.02324817024860181,USDMAD
2025-09-03,9.039999961853027,8.803194999694824,8.803194999694824,9.039999961853027,0,8.901327991485596,8.89078061768835,52.89243096475379,-0.02951933947911556,0.039583939493274656,0.026939115711198235,USDMAD
2025-09-04,9.039999961853027,9.069999694824219,8.802214622497559,9.039999961853027,0,8.903728008270264,8.917911407536472,52.8924309647538,-0.015986695805024098,0.0,0.026939115711198235,USDMAD
2025-09-05,9.069999694824219,9.072500228881836,8.801831245422363,9.069999694824219,0,8.908877944946289,8.945563823406971,53.67001358973214,-0.002808871540668889,0.0033185545462151023,0.026952332657239824,USDMAD
2025-09-08,8.774237632751465,8.741341590881348,8.741341590881348,8.774237632751465,0,8.920192337036132,8.914413606924152,45.66677197542455,-0.016045910227781235,-0.03260882822758304,0.02584807924226477,USDMAD
2025-09-09,9.020000457763672,8.705363273620605,8.705363273620605,9.020000457763672,0,8.918192386627197,8.9336112161677,52.06351386794168,-0.0066289384263651385,0.028009593003824218,0.023355438376392368,USDMAD
2025-09-10,9.024999618530273,8.746965408325195,8.734809875488281,9.024999618530273,0,8.916692352294922,8.95022728932453,52.18682619355343,0.0012233678430337847,0.0005542306555315069,0.02335603170530928,USDMAD
2025-09-11,9.024999618530273,8.741233825683594,8.735193252563477,9.024999618530273,0,8.912192344665527,8.963822258271028,52.18682619355343,0.007361518135663658,0.0,0.023328460174157812,USDMAD
2025-09-12,9.007499694824219,8.71828842163086,8.700836181640625,9.007499694824219,0,8.940691280364991,8.971763610371609,51.64744284526432,0.010690712990824025,-0.0019390498000824152,0.01920632272019133,USDMAD
2025-09-15,8.718955993652344,8.722562789916992,8.703289031982422,8.718955993652344,0,8.941647911071778,8.925798589149924,43.63863407381108,-0.00984050609637599,-0.03203371756289641,0.022254426822225934,USDMAD
2025-09-16,8.975000381469727,8.690093040466309,8.690093040466309,8.975000381469727,0,8.969569301605224,8.934744369571705,50.91269064210064,-0.00538888320665265,0.029366404418578407,0.02403948589065973,USDMAD
2025-09-17,8.960000038146973,8.960000038146973,8.645849227905273,8.960000038146973,0,8.96156930923462,8.939336309312662,50.50147479121206,-0.0030363412851066585,-0.0016713473743938945,0.020410741218648294,USDMAD
2025-09-18,8.960000038146973,8.697754859924316,8.69582462310791,8.960000038146973,0,8.953569316864014,8.943093350918899,50.50147479121206,-0.0011585794800765825,0.0,0.020410741218648294,USDMAD
2025-09-19,9.0,8.74423599243164,8.734759330749512,9.0,0,8.946569347381592,8.953440014388189,51.70775699175411,0.003516684754078625,0.004464281437804418,0.020439003890414625,USDMAD
2025-09-22,8.74260425567627,9.0,8.732033729553223,8.74260425567627,0,8.943406009674073,8.91510624007693,44.23693840286026,-0.013393428965828846,-0.02859952714708114,0.01976940225631592,USDMAD
2025-09-23,9.02750015258789,9.02750015258789,8.743914604187012,9.02750015258789,0,8.944155979156495,8.935541496897104,52.429500131377694,-0.003762723676899782,0.0325870745809691,0.02053301152281752,USDMAD
2025-09-24,9.02750015258789,9.038000106811523,8.766401290893555,9.02750015258789,0,8.944406032562256,8.952261252477246,52.429500131377694,0.0038255807366702754,0.0,0.02053291557458682,USDMAD
2025-09-25,9.053999900817871,8.769832611083984,8.748418807983398,9.053999900817871,0,8.947306060791016,8.970759188539176,53.171675692683586,0.01184117715041566,0.0029354469988442933,0.02055043757348805,USDMAD
2025-09-26,9.087499618530273,8.810050964355469,8.800623893737793,9.087499618530273,0,8.955306053161621,8.99198472126483,54.14561938477646,0.020658602794647152,0.003699990951996357,0.02055310706800372,USDMAD
2025-09-29,8.782690048217773,9.083999633789062,8.768457412719727,8.782690048217773,0,8.961679458618164,8.953931144347182,44.97903571347964,0.0030161232283649753,-0.03354163225393314,0.020826713989215567,USDMAD
2025-09-30,9.082500457763672,9.082500457763672,8.79060173034668,9.082500457763672,0,8.972429466247558,8.97730738315018,53.34547633183467,0.013075795859830208,0.03413651260603667,0.021591131697393972,USDMAD
2025-10-01,9.086000442504883,9.086000442504883,8.803934097290039,9.086000442504883,0,8.98502950668335,8.997069757578307,53.434494976878064,0.021087494899621362,0.00038535475527767815,0.021568396626357657,USDMAD
2025-10-02,9.086000442504883,9.081999778747559,8.804192543029785,9.086000442504883,0,8.997629547119141,9.013238973019503,53.434494976878064,0.02712415374960564,0.0,0.021568396626357657,USDMAD
2025-10-03,9.081999778747559,9.114999771118164,8.816170692443848,9.081999778747559,0,9.005829524993896,9.02574093769733,53.299677229452605,0.031225481338045924,-0.0004403107596835376,0.021551955488883667,USDMAD
2025-10-06,8.809676170349121,8.838313102722168,8.827495574951172,8.809676170349121,0,9.012536716461181,8.98645643454311,44.980383862021604,0.012359105629533573,-0.029984982936873794,0.021767581685848504,USDMAD
2025-10-07,9.109999656677246,9.109999656677246,8.807591438293457,9.109999656677246,0,9.020786666870118,9.008918838567498,53.58462228953924,0.021394341740156975,0.03409018453356194,0.022013900942152314,USDMAD
2025-10-08,8.842020034790039,9.111000061035156,8.823131561279297,8.842020034790039,0,9.002238655090332,8.97857360151705,46.58410976033164,0.006852128494056586,-0.029415985948011425,0.02405235608784355,USDMAD
2025-10-09,9.11299991607666,8.88585090637207,8.818053245544434,9.11299991607666,0,9.008138656616211,9.003014749618798,53.237021877727706,0.016997198349818277,0.030646829595546876,0.026163955840117742,USDMAD
2025-10-10,8.88585090637207,9.11299991607666,8.87056827545166,8.88585090637207,0,8.98797378540039,8.981712232664847,47.8563181270655,0.00663176571507762,-0.02492582155123979,0.02736879839415426,USDMAD
2025-10-13,8.84138011932373,8.875179290771484,8.834226608276367,8.84138011932373,0,8.993842792510986,8.956197302966462,46.85780017792168,-0.005112402589102061,-0.005004674005553045,0.025097044901067355,USDMAD
2025-10-14,8.872955322265625,9.142999649047852,8.872917175292969,8.872955322265625,0,8.972888278961182,8.94106239738449,47.6923226725527,-0.011736593446425303,0.003571297977889687,0.022312874944746514,USDMAD
2025-10-15,9.163999557495117,9.142999649047852,8.85573959350586,9.163999557495117,0,8.980688190460205,8.981596426495512,54.746526070759046,0.006424467734339245,0.03280127360713192,0.024917928880080306,USDMAD
2025-10-16,9.178000450134277,9.178000450134277,8.92967414855957,9.178000450134277,0,8.989888191223145,9.017306248975288,55.060498992793214,0.021696886388664183,0.0015278146350092836,0.024914888450018175,USDMAD
2025-10-17,9.173999786376953,9.173999786376953,8.856021881103516,9.173999786376953,0,8.999088191986084,9.045795983048317,54.94319435410343,0.03309605732650134,-0.0004358970975280041,0.024914854498546257,USDMAD
2025-10-20,8.87668228149414,9.173999786376953,8.871698379516602,8.87668228149414,0,9.005788803100586,9.015048037311194,46.93956111983017,0.017932232944392723,-0.032408710683023756,0.025262238721454264,USDMAD
2025-10-21,9.196000099182129,9.196000099182129,8.915721893310547,9.196000099182129,0,9.014388847351075,9.047948412196819,54.59038869373833,0.03132003425039542,0.03597265369671887,0.025541317591361558,USDMAD
2025-10-22,9.227499961853027,9.227499961853027,8.92958927154541,9.227499961853027,0,9.052936840057374,9.080594148497948,55.275487767964904,0.043964938458183056,0.0034253873783340882,0.0231632582459302,USDMAD
2025-10-23,9.227499961853027,8.969314575195312,8.944457054138184,9.227499961853027,0,9.06438684463501,9.107304296380688,55.275487767964904,0.05337088974966164,0.0,0.021272157630143344,USDMAD
2025-10-24,9.22599983215332,8.945265769958496,8.936517715454102,9.22599983215332,0,9.098401737213134,9.128885302884802,55.229465718612985,0.06001234107321096,-0.00016257162892530097,0.019200755965615653,USDMAD
2025-10-27,8.923762321472168,9.217499732971191,8.930784225463867,8.923762321472168,0,9.106639957427978,9.091590215355232,46.77886984809774,0.040421741217402385,-0.03275932323647257,0.022378543106144032,USDMAD
2025-10-28,9.222999572753906,8.94193172454834,8.94193172454834,9.222999572753906,0,9.141644382476807,9.115482825791354,54.24369166309925,0.04848311190307797,0.033532633490441555,0.024630616738491498,USDMAD
2025-10-29,9.208000183105469,9.208000183105469,8.939576148986816,9.208000183105469,0,9.146044445037841,9.132304163484829,53.83607553381002,0.05304995401359491,-0.0016263027586760348,0.022494205460797796,USDMAD
2025-10-30,9.21399974822998,9.21399974822998,8.96854305267334,9.21399974822998,0,9.149644374847412,9.147157906165765,53.98502268538446,0.05650200412135753,0.0006515600570382585,0.02249235749737683,USDMAD
2025-10-31,9.255000114440918,9.255000114440918,8.977167129516602,9.255000114440918,0,9.157744407653809,9.16676558039761,55.052329581540164,0.06183338878533284,0.004449790246501051,0.02251994430076188,USDMAD
2025-11-03,8.943229675292969,9.018471717834473,8.999167442321777,8.943229675292969,0,9.164399147033691,9.126122688560402,46.264700106100854,0.04043516921641377,-0.033686702894955345,0.02273389027107355,USDMAD
2025-11-04,9.305999755859375,9.014201164245605,9.014201164245605,9.305999755859375,0,9.175399112701417,9.158827609887487,55.221395432768304,0.05214830653134683,0.04056365471286205,0.023550755403767824,USDMAD
2025-11-05,9.305999755859375,9.01804256439209,9.01804256439209,9.305999755859375,0,9.18324909210205,9.185586181882375,55.221395432768304,0.06073098327060933,0.0,0.023543560324634887,USDMAD
2025-11-06,9.305999755859375,9.289999961853027,9.016018867492676,9.305999755859375,0,9.191099071502686,9.207479558969101,55.221395432768304,0.06676321167577726,0.0,0.023543560324634887,USDMAD
2025-11-07,9.016018867492676,9.267999649047852,8.971904754638672,9.016018867492676,0,9.170100975036622,9.172668524155204,47.34302972943081,0.047596103671363466,-0.031160637865278007,0.025672139550904936,USDMAD
2025-11-10,8.959729194641113,8.959729194641113,8.959729194641113,8.962332725524902,0,9.173958015441894,9.134425651676967,46.03360291722005,0.02775407777108896,-0.005954528573729911,0.023403159245336657,USDMAD
2025-11-11,8.97093391418457,8.98169994354248,8.962285041809082,8.96751880645752,0,9.148409938812256,9.104078952546159,46.188435578347814,0.01230574965842024,0.0005786530238769405,0.020388689087657598,USDMAD
2025-11-12,8.982708930969238,8.999576568603516,8.982708930969238,8.98169994354248,0,9.125779914855958,9.081828223636398,46.6392703057856,0.0011933810224125097,0.0015813891658358337,0.020431221091358646,USDMAD
2025-11-13,9.279999732971191,9.279999732971191,8.969098091125488,9.267999649047852,0,9.131179904937744,9.115677573711206,54.86140056678866,0.015312232461608843,0.031875892905018466,0.023138598026630017,USDMAD
2025-11-14,8.948707580566406,8.948707580566406,8.948707580566406,9.279999732971191,0,9.133679866790771,9.145554329940294,55.173180803157855,0.02715678393108867,0.0012947868340253965,0.023105163174035902,USDMAD
2025-11-17,8.963665962219238,8.963665962219238,8.942435264587402,8.948862075805664,0,9.13424310684204,9.109792101915815,45.77690240115173,0.009711684551451327,-0.0356829382213254,0.02343963852800778,USDMAD
2025-11-18,8.950729370117188,8.955013275146484,8.950729370117188,9.255000114440918,0,9.129143142700196,9.13619355873856,53.638003638367294,0.02035446521863271,0.034209716949704205,0.02228487775852384,USDMAD
2025-11-19,8.963560104370117,9.244999885559082,8.95930290222168,9.244999885559082,0,9.123043155670166,9.155976527251383,53.365833988685466,0.0276631273665231,-0.0010805217458865757,0.022285742251210564,USDMAD
2025-11-20,9.008288383483887,9.008288383483887,8.997454643249512,9.279999732971191,0,9.120443153381348,9.17852620101862,54.24098826550641,0.03586604847405184,0.0037858137204285214,0.022326050131162446,USDMAD
2025-11-21,8.981928825378418,9.279999732971191,8.976714134216309,8.997454643249512,0,9.11858673095703,9.145604099606054,46.63284603001083,0.019344899181934494,-0.030446670027135525,0.0222163975830719,USDMAD
2025-11-24,8.99513053894043,8.99513053894043,8.983875274658203,8.991576194763184,0,9.121511077880859,9.117599025998258,46.486749518632635,0.005711588043254778,-0.0006533457204742632,0.02212114062347442,USDMAD
2025-11-25,8.995253562927246,9.28499984741211,8.978185653686523,9.28499984741211,0,9.153259181976319,9.148035538982594,54.19989439982157,0.018372144621201514,0.032633172014915335,0.024337721711448646,USDMAD
2025-11-26,8.941388130187988,9.260000228881836,8.941388130187988,8.94784164428711,0,9.149873352050781,9.11163664903796,45.9961049010679,0.0011862038603780434,-0.036312138790069226,0.027462567470550522,USDMAD
2025-11-27,8.9666748046875,8.9666748046875,8.9666748046875,9.239999771118164,0,9.147073364257812,9.134975398507088,52.68000138618914,0.011013978864941265,0.03265124020356214,0.027563588447183807,USDMAD
2025-11-28,8.969615936279297,9.239999771118164,8.969249725341797,8.9666748046875,0,9.115740871429443,9.10437529053989,46.8393473660839,-0.0032154138680038358,-0.029580624805317313,0.029094167091316323,USDMAD
2025-12-01,8.95271110534668,8.95271110534668,8.951444625854492,8.957881927490234,0,9.1166428565979,9.07774013362177,46.66012262292151,-0.01502858169595811,-0.0009806173847933808,0.026743678578326352,USDMAD
2025-12-02,9.255000114440918,9.255000114440918,8.96288776397705,9.255000114440918,0,9.1166428565979,9.109969221043432,53.17949959829396,-0.00041091101585521983,0.0331683526703872,0.026599134702745945,USDMAD
2025-12-03,8.940590858459473,9.244999885559082,8.940590858459473,9.244999885559082,0,9.1166428565979,9.134520250955369,52.944944989989146,0.010248623663349221,-0.0010805217458865757,0.026599134702745945,USDMAD
2025-12-04,9.222000122070312,9.222000122070312,8.937433242797852,9.222000122070312,0,9.110842895507812,9.150425682067176,52.37280321795647,0.016648578547799886,-0.002487805708326296,0.026582246651136,USDMAD
2025-12-05,8.95580005645752,8.95580005645752,8.939455032348633,9.222000122070312,0,9.133297443389893,9.1634392166132,52.37280321795646,0.021473060824245493,0.0,0.024400939305112748,USDMAD
2025-12-08,8.940107345581055,8.946372032165527,8.940107345581055,8.942716598510742,0,9.128411483764648,9.123307831503663,45.4552222293247,0.0027291910893652016,-0.03028448491246305,0.026561675195024993,USDMAD
2025-12-09,9.258000373840332,9.258000373840332,8.968690872192383,8.946372032165527,0,9.09454870223999,9.091137686169455,45.5565835072998,-0.011695677284183859,0.0004087609860514707,0.023959348041241293,USDMAD
2025-12-10,8.977989196777344,8.977989196777344,8.950310707092285,9.25,0,9.124764537811279,9.120021743229554,53.31669630263023,0.0013571062080561802,0.03393866997066719,0.02354876202138114,USDMAD
2025-12-11,8.899028778076172,8.906425476074219,8.896673202514648,8.906563758850098,0,9.091420936584473,9.081211200615106,45.42908213871526,-0.01582844284226681,-0.03712824228647593,0.02430214381063328,USDMAD
2025-12-12,8.891815185546875,8.912221908569336,8.891815185546875,9.170000076293945,0,9.111753463745117,9.097354632556714,51.371796551910734,-0.00809766030392467,0.029577772592946472,0.024421753080517875,USDMAD
2025-12-15,8.898786544799805,8.906258583068848,8.886865615844727,8.895832061767578,0,9.105548477172851,9.060714165140507,45.783741156848976,-0.02381945109446093,-0.02989836556655434,0.026504667824659614,USDMAD
2025-12-16,8.887167930603027,8.887167930603027,8.860989570617676,9.180000305175781,0,9.098048496246339,9.082402554237829,51.65379129016865,-0.013196954933748728,0.03194397572201235,0.026334763125124828,USDMAD
2025-12-17,8.8723783493042,9.15250015258789,8.866954803466797,9.15250015258789,0,9.088798522949219,9.095147572119657,51.07744215059616,-0.0069178381489329865,-0.002995659223713254,0.026346406778936654,USDMAD
2025-12-18,8.850676536560059,8.880768775939941,8.850676536560059,9.149999618530273,0,9.081598472595214,9.105120671467041,51.02169525545899,-0.002118939246349427,-0.00027320775918371343,0.026338946148774196,USDMAD
2025-12-19,8.87236213684082,8.876222610473633,8.87236213684082,9.170000076293945,0,9.076398468017578,9.116916926890115,51.47786168367367,0.003260507399174273,0.002185842469672572,0.026352356587495178,USDMAD
2025-12-22,8.871185302734375,9.149999618530273,8.862683296203613,8.876564025878906,0,9.069783210754395,9.07321639943353,44.87433664729558,-0.01596998722675025,-0.03199956902657208,0.026574177991549135,USDMAD
2025-12-23,8.83415412902832,9.132499694824219,8.829630851745605,9.132499694824219,0,9.088395977020264,9.083995180413655,50.80225920441274,-0.010438099314367122,0.028832740709034743,0.028146745761809706,USDMAD
2025-12-24,8.830416679382324,8.836562156677246,8.825181007385254,9.125,0,9.075895977020263,9.091450602156627,50.63044546115576,-0.006583312653155815,-0.0008212094251116575,0.02587640732986789,USDMAD
2025-12-26,8.830416679382324,8.836562156677246,8.825181007385254,9.125,0,9.097739601135254,9.097550492673603,50.63044546115576,-0.00348815714761308,0.0,0.02257942074656395,USDMAD
2025-12-29,8.822394371032715,9.125,8.822394371032715,8.836562156677246,0,9.064395809173584,9.050098067946992,43.99385647148989,-0.024032713331152422,-0.03160962666550726,0.022762883389577666,USDMAD
2025-12-30,8.810855865478516,8.816585540771484,8.810855865478516,9.100000381469727,0,9.084812641143799,9.059171215860216,50.389940446645035,-0.01883998342505322,0.029812298054556985,0.022889301154661774,USDMAD
